ISO-10303-21;
HEADER;
FILE_DESCRIPTION(('FreeCAD Model'),'2;1');
FILE_NAME('Open CASCADE Shape Model','2026-02-21T11:34:25',('Author'),(
    ''),'Open CASCADE STEP processor 7.8','FreeCAD','Unknown');
FILE_SCHEMA(('AUTOMOTIVE_DESIGN { 1 0 10303 214 1 1 1 1 }'));
ENDSEC;
DATA;
#1 = APPLICATION_PROTOCOL_DEFINITION('international standard',
  'automotive_design',2000,#2);
#2 = APPLICATION_CONTEXT(
  'core data for automotive mechanical design processes');
#3 = SHAPE_DEFINITION_REPRESENTATION(#4,#10);
#4 = PRODUCT_DEFINITION_SHAPE('','',#5);
#5 = PRODUCT_DEFINITION('design','',#6,#9);
#6 = PRODUCT_DEFINITION_FORMATION('','',#7);
#7 = PRODUCT('Pocket001','Pocket001','',(#8));
#8 = PRODUCT_CONTEXT('',#2,'mechanical');
#9 = PRODUCT_DEFINITION_CONTEXT('part definition',#2,'design');
#10 = ADVANCED_BREP_SHAPE_REPRESENTATION('',(#11,#15),#13368);
#11 = AXIS2_PLACEMENT_3D('',#12,#13,#14);
#12 = CARTESIAN_POINT('',(0.,0.,0.));
#13 = DIRECTION('',(0.,0.,1.));
#14 = DIRECTION('',(1.,0.,-0.));
#15 = MANIFOLD_SOLID_BREP('',#16);
#16 = CLOSED_SHELL('',(#17,#4240,#4271,#4295,#4319,#4336,#4367,#4391,
    #4415,#4439,#4463,#4487,#4511,#4535,#4559,#4583,#4607,#4624,#4657,
    #4683,#4709,#4735,#4761,#4787,#4813,#4839,#4865,#4891,#4917,#4943,
    #4969,#4995,#5019,#5045,#5071,#5097,#5123,#5149,#5175,#5201,#5227,
    #5253,#5279,#5305,#5331,#5357,#5383,#5409,#5435,#5459,#5485,#5504,
    #5537,#5563,#5589,#5613,#5637,#5661,#5685,#5709,#5728,#5761,#5787,
    #5813,#5837,#5863,#5889,#5915,#5941,#5967,#5993,#6017,#6043,#6069,
    #6095,#6121,#6147,#6173,#6197,#6221,#6245,#6271,#6297,#6323,#6349,
    #6375,#6399,#6425,#6451,#6470,#6501,#6525,#6549,#6575,#6601,#6627,
    #6653,#6679,#6705,#6731,#6757,#6783,#6807,#6833,#6859,#6885,#6911,
    #6937,#6963,#6989,#7015,#7041,#7067,#7084,#7115,#7139,#7163,#7180,
    #7213,#7239,#7265,#7289,#7315,#7341,#7367,#7393,#7419,#7445,#7471,
    #7497,#7523,#7547,#7573,#7599,#7625,#7644,#7677,#7703,#7729,#7753,
    #7779,#7805,#7831,#7857,#7883,#7909,#7933,#7959,#7985,#8011,#8037,
    #8063,#8089,#8113,#8137,#8161,#8187,#8213,#8239,#8265,#8291,#8315,
    #8341,#8367,#8386,#8419,#8445,#8471,#8497,#8523,#8549,#8575,#8601,
    #8627,#8653,#8679,#8705,#8731,#8757,#8781,#8807,#8833,#8859,#8885,
    #8911,#8937,#8963,#8989,#9015,#9041,#9067,#9093,#9119,#9145,#9171,
    #9197,#9221,#9247,#9266,#9299,#9323,#9347,#9373,#9399,#9425,#9451,
    #9477,#9503,#9527,#9553,#9579,#9598,#9629,#9653,#9679,#9705,#9731,
    #9757,#9781,#9807,#9833,#9859,#9883,#9909,#9933,#9957,#9981,#10007,
    #10033,#10059,#10085,#10111,#10128,#10161,#10187,#10213,#10239,
    #10265,#10291,#10317,#10343,#10369,#10395,#10421,#10447,#10471,
    #10497,#10523,#10549,#10575,#10601,#10627,#10653,#10677,#10703,
    #10729,#10755,#10781,#10807,#10833,#10857,#10883,#10909,#10928,
    #10961,#10987,#11013,#11039,#11065,#11091,#11110,#11141,#11165,
    #11191,#11217,#11243,#11267,#11293,#11319,#11345,#11369,#11395,
    #11419,#11445,#11462,#11494,#11518,#11542,#11567,#11591,#11608,
    #11750,#11770,#11812,#11871,#11908,#11940,#11952,#11978,#12015,
    #12057,#12120,#12149,#12188,#12269,#12291,#12435,#12457,#12474,
    #12491,#12503,#12525,#12542,#12559,#12571,#12588,#12610,#12627,
    #12644,#12656,#12673,#12740,#12800,#12824,#12848,#12865,#12907,
    #12931,#12966,#13001,#13029,#13071,#13106,#13146,#13183,#13218,
    #13253,#13293,#13326,#13339,#13352));
#17 = ADVANCED_FACE('',(#18,#52,#150,#652,#785,#1247,#1570,#1604,#1931,
    #2393,#2895,#3151,#3406,#3836,#4019,#4183),#4235,.T.);
#18 = FACE_BOUND('',#19,.T.);
#19 = EDGE_LOOP('',(#20,#30,#38,#46));
#20 = ORIENTED_EDGE('',*,*,#21,.T.);
#21 = EDGE_CURVE('',#22,#24,#26,.T.);
#22 = VERTEX_POINT('',#23);
#23 = CARTESIAN_POINT('',(-35.,108.2,4.6));
#24 = VERTEX_POINT('',#25);
#25 = CARTESIAN_POINT('',(-35.,0.,4.6));
#26 = LINE('',#27,#28);
#27 = CARTESIAN_POINT('',(-35.,108.2,4.6));
#28 = VECTOR('',#29,1.);
#29 = DIRECTION('',(0.,-1.,0.));
#30 = ORIENTED_EDGE('',*,*,#31,.T.);
#31 = EDGE_CURVE('',#24,#32,#34,.T.);
#32 = VERTEX_POINT('',#33);
#33 = CARTESIAN_POINT('',(35.,0.,4.6));
#34 = LINE('',#35,#36);
#35 = CARTESIAN_POINT('',(-35.,0.,4.6));
#36 = VECTOR('',#37,1.);
#37 = DIRECTION('',(1.,0.,0.));
#38 = ORIENTED_EDGE('',*,*,#39,.T.);
#39 = EDGE_CURVE('',#32,#40,#42,.T.);
#40 = VERTEX_POINT('',#41);
#41 = CARTESIAN_POINT('',(35.,108.2,4.6));
#42 = LINE('',#43,#44);
#43 = CARTESIAN_POINT('',(35.,0.,4.6));
#44 = VECTOR('',#45,1.);
#45 = DIRECTION('',(0.,1.,0.));
#46 = ORIENTED_EDGE('',*,*,#47,.T.);
#47 = EDGE_CURVE('',#40,#22,#48,.T.);
#48 = LINE('',#49,#50);
#49 = CARTESIAN_POINT('',(35.,108.2,4.6));
#50 = VECTOR('',#51,1.);
#51 = DIRECTION('',(-1.,0.,0.));
#52 = FACE_BOUND('',#53,.T.);
#53 = EDGE_LOOP('',(#54,#64,#72,#80,#88,#96,#104,#112,#120,#128,#136,
    #144));
#54 = ORIENTED_EDGE('',*,*,#55,.T.);
#55 = EDGE_CURVE('',#56,#58,#60,.T.);
#56 = VERTEX_POINT('',#57);
#57 = CARTESIAN_POINT('',(-26.48823863636,8.89,4.6));
#58 = VERTEX_POINT('',#59);
#59 = CARTESIAN_POINT('',(-30.43,8.89,4.6));
#60 = LINE('',#61,#62);
#61 = CARTESIAN_POINT('',(-13.24411931818,8.89,4.6));
#62 = VECTOR('',#63,1.);
#63 = DIRECTION('',(-1.,0.,0.));
#64 = ORIENTED_EDGE('',*,*,#65,.T.);
#65 = EDGE_CURVE('',#58,#66,#68,.T.);
#66 = VERTEX_POINT('',#67);
#67 = CARTESIAN_POINT('',(-30.43,13.89,4.6));
#68 = LINE('',#69,#70);
#69 = CARTESIAN_POINT('',(-30.43,32.135230247477,4.6));
#70 = VECTOR('',#71,1.);
#71 = DIRECTION('',(0.,1.,0.));
#72 = ORIENTED_EDGE('',*,*,#73,.T.);
#73 = EDGE_CURVE('',#66,#74,#76,.T.);
#74 = VERTEX_POINT('',#75);
#75 = CARTESIAN_POINT('',(-26.63383522727,13.89,4.6));
#76 = LINE('',#77,#78);
#77 = CARTESIAN_POINT('',(-15.215,13.89,4.6));
#78 = VECTOR('',#79,1.);
#79 = DIRECTION('',(1.,0.,0.));
#80 = ORIENTED_EDGE('',*,*,#81,.T.);
#81 = EDGE_CURVE('',#74,#82,#84,.T.);
#82 = VERTEX_POINT('',#83);
#83 = CARTESIAN_POINT('',(-26.63383522727,13.336022727273,4.6));
#84 = LINE('',#85,#86);
#85 = CARTESIAN_POINT('',(-26.63383522727,34.635230247477,4.6));
#86 = VECTOR('',#87,1.);
#87 = DIRECTION('',(0.,-1.,0.));
#88 = ORIENTED_EDGE('',*,*,#89,.T.);
#89 = EDGE_CURVE('',#82,#90,#92,.T.);
#90 = VERTEX_POINT('',#91);
#91 = CARTESIAN_POINT('',(-29.75173295454,13.336022727273,4.6));
#92 = LINE('',#93,#94);
#93 = CARTESIAN_POINT('',(-13.31691761363,13.336022727273,4.6));
#94 = VECTOR('',#95,1.);
#95 = DIRECTION('',(-1.,0.,0.));
#96 = ORIENTED_EDGE('',*,*,#97,.T.);
#97 = EDGE_CURVE('',#90,#98,#100,.T.);
#98 = VERTEX_POINT('',#99);
#99 = CARTESIAN_POINT('',(-29.75173295454,11.738484848485,4.6));
#100 = LINE('',#101,#102);
#101 = CARTESIAN_POINT('',(-29.75173295454,34.358241611113,4.6));
#102 = VECTOR('',#103,1.);
#103 = DIRECTION('',(0.,-1.,0.));
#104 = ORIENTED_EDGE('',*,*,#105,.T.);
#105 = EDGE_CURVE('',#98,#106,#108,.T.);
#106 = VERTEX_POINT('',#107);
#107 = CARTESIAN_POINT('',(-26.84690340909,11.738484848485,4.6));
#108 = LINE('',#109,#110);
#109 = CARTESIAN_POINT('',(-14.87586647727,11.738484848485,4.6));
#110 = VECTOR('',#111,1.);
#111 = DIRECTION('',(1.,0.,0.));
#112 = ORIENTED_EDGE('',*,*,#113,.T.);
#113 = EDGE_CURVE('',#106,#114,#116,.T.);
#114 = VERTEX_POINT('',#115);
#115 = CARTESIAN_POINT('',(-26.84690340909,11.191609848485,4.6));
#116 = LINE('',#117,#118);
#117 = CARTESIAN_POINT('',(-26.84690340909,33.559472671719,4.6));
#118 = VECTOR('',#119,1.);
#119 = DIRECTION('',(0.,-1.,0.));
#120 = ORIENTED_EDGE('',*,*,#121,.T.);
#121 = EDGE_CURVE('',#114,#122,#124,.T.);
#122 = VERTEX_POINT('',#123);
#123 = CARTESIAN_POINT('',(-29.75173295454,11.191609848485,4.6));
#124 = LINE('',#125,#126);
#125 = CARTESIAN_POINT('',(-13.42345170454,11.191609848485,4.6));
#126 = VECTOR('',#127,1.);
#127 = DIRECTION('',(-1.,0.,0.));
#128 = ORIENTED_EDGE('',*,*,#129,.T.);
#129 = EDGE_CURVE('',#122,#130,#132,.T.);
#130 = VERTEX_POINT('',#131);
#131 = CARTESIAN_POINT('',(-29.75173295454,9.443977272727,4.6));
#132 = LINE('',#133,#134);
#133 = CARTESIAN_POINT('',(-29.75173295454,33.286035171719,4.6));
#134 = VECTOR('',#135,1.);
#135 = DIRECTION('',(0.,-1.,0.));
#136 = ORIENTED_EDGE('',*,*,#137,.T.);
#137 = EDGE_CURVE('',#130,#138,#140,.T.);
#138 = VERTEX_POINT('',#139);
#139 = CARTESIAN_POINT('',(-26.48823863636,9.443977272727,4.6));
#140 = LINE('',#141,#142);
#141 = CARTESIAN_POINT('',(-14.87586647727,9.443977272727,4.6));
#142 = VECTOR('',#143,1.);
#143 = DIRECTION('',(1.,0.,0.));
#144 = ORIENTED_EDGE('',*,*,#145,.T.);
#145 = EDGE_CURVE('',#138,#56,#146,.T.);
#146 = LINE('',#147,#148);
#147 = CARTESIAN_POINT('',(-26.48823863636,32.41221888384,4.6));
#148 = VECTOR('',#149,1.);
#149 = DIRECTION('',(0.,-1.,0.));
#150 = FACE_BOUND('',#151,.T.);
#151 = EDGE_LOOP('',(#152,#177,#196,#233,#241,#258,#275,#292,#311,#322,
    #333,#344,#355,#366,#378,#391,#402,#421,#438,#455,#472,#480,#497,
    #512,#529,#544,#559,#570,#589,#599,#609,#619,#632,#643));
#152 = ORIENTED_EDGE('',*,*,#153,.F.);
#153 = EDGE_CURVE('',#154,#156,#158,.T.);
#154 = VERTEX_POINT('',#155);
#155 = CARTESIAN_POINT('',(-22.20272727272,9.194214015152,4.6));
#156 = VERTEX_POINT('',#157);
#157 = CARTESIAN_POINT('',(-21.66106060606,10.267367424242,4.6));
#158 = B_SPLINE_CURVE_WITH_KNOTS('',5,(#159,#160,#161,#162,#163,#164,
    #165,#166,#167,#168,#169,#170,#171,#172,#173,#174,#175,#176),
  .UNSPECIFIED.,.F.,.F.,(6,4,4,4,6),(0.,0.14544179272,0.443351287121,
    0.807809979146,1.),.UNSPECIFIED.);
#159 = CARTESIAN_POINT('',(-22.20272727272,9.194214015152,4.6));
#160 = CARTESIAN_POINT('',(-22.17225121597,9.215605862682,4.6));
#161 = CARTESIAN_POINT('',(-22.14257474851,9.237807179004,4.6));
#162 = CARTESIAN_POINT('',(-22.11375261646,9.260829512923,4.6));
#163 = CARTESIAN_POINT('',(-22.08583892686,9.284677477915,4.6));
#164 = CARTESIAN_POINT('',(-22.00368162017,9.359883104675,4.6));
#165 = CARTESIAN_POINT('',(-21.95250391507,9.413877675946,4.6));
#166 = CARTESIAN_POINT('',(-21.90582717942,9.471292931038,4.6));
#167 = CARTESIAN_POINT('',(-21.86403004527,9.531970263552,4.6));
#168 = CARTESIAN_POINT('',(-21.78237998747,9.673373086287,4.6));
#169 = CARTESIAN_POINT('',(-21.74503223567,9.755575215703,4.6));
#170 = CARTESIAN_POINT('',(-21.7156373706,9.841540376695,4.6));
#171 = CARTESIAN_POINT('',(-21.69398648667,9.930498749426,4.6));
#172 = CARTESIAN_POINT('',(-21.67201227154,10.069764387134,4.6));
#173 = CARTESIAN_POINT('',(-21.66644411049,10.118472950995,4.6));
#174 = CARTESIAN_POINT('',(-21.66282368199,10.167703050233,4.6));
#175 = CARTESIAN_POINT('',(-21.66106060606,10.217361040345,4.6));
#176 = CARTESIAN_POINT('',(-21.66106060606,10.267367424242,4.6));
#177 = ORIENTED_EDGE('',*,*,#178,.F.);
#178 = EDGE_CURVE('',#179,#154,#181,.T.);
#179 = VERTEX_POINT('',#180);
#180 = CARTESIAN_POINT('',(-23.72782196969,8.814242424242,4.6));
#181 = B_SPLINE_CURVE_WITH_KNOTS('',7,(#182,#183,#184,#185,#186,#187,
    #188,#189,#190,#191,#192,#193,#194,#195),.UNSPECIFIED.,.F.,.F.,(8,6,
    8),(0.,0.686742526573,1.),.UNSPECIFIED.);
#182 = CARTESIAN_POINT('',(-23.72782196969,8.814242424242,4.6));
#183 = CARTESIAN_POINT('',(-23.56286247941,8.814242424242,4.6));
#184 = CARTESIAN_POINT('',(-23.39946858473,8.820475948177,4.6));
#185 = CARTESIAN_POINT('',(-23.23797253768,8.833716396831,4.6));
#186 = CARTESIAN_POINT('',(-23.07904212877,8.854908526603,4.6));
#187 = CARTESIAN_POINT('',(-22.9236636188,8.885129560545,4.6));
#188 = CARTESIAN_POINT('',(-22.77312842653,8.925555054843,4.6));
#189 = CARTESIAN_POINT('',(-22.5631843825,9.000844816564,4.6));
#190 = CARTESIAN_POINT('',(-22.49875963119,9.026770223319,4.6));
#191 = CARTESIAN_POINT('',(-22.43583609688,9.055128424118,4.6));
#192 = CARTESIAN_POINT('',(-22.37458823473,9.086002528206,4.6));
#193 = CARTESIAN_POINT('',(-22.31519879544,9.119456907257,4.6));
#194 = CARTESIAN_POINT('',(-22.25785209302,9.155527816386,4.6));
#195 = CARTESIAN_POINT('',(-22.20272727272,9.194214015152,4.6));
#196 = ORIENTED_EDGE('',*,*,#197,.F.);
#197 = EDGE_CURVE('',#198,#179,#200,.T.);
#198 = VERTEX_POINT('',#199);
#199 = CARTESIAN_POINT('',(-25.84785037878,10.085549242424,4.6));
#200 = B_SPLINE_CURVE_WITH_KNOTS('',6,(#201,#202,#203,#204,#205,#206,
    #207,#208,#209,#210,#211,#212,#213,#214,#215,#216,#217,#218,#219,
    #220,#221,#222,#223,#224,#225,#226,#227,#228,#229,#230,#231,#232),
  .UNSPECIFIED.,.F.,.F.,(7,5,5,5,5,5,7),(0.,9.339273084741E-02,
    0.267614468104,0.408982847104,0.479048282676,0.606746150167,1.),
  .UNSPECIFIED.);
#201 = CARTESIAN_POINT('',(-25.84785037878,10.085549242424,4.6));
#202 = CARTESIAN_POINT('',(-25.838498338,10.044719600955,4.6));
#203 = CARTESIAN_POINT('',(-25.82808672885,10.004205466879,4.6));
#204 = CARTESIAN_POINT('',(-25.81657707367,9.9640523535,4.6));
#205 = CARTESIAN_POINT('',(-25.80393307681,9.924311257833,4.6));
#206 = CARTESIAN_POINT('',(-25.79012327689,9.885037667986,4.6));
#207 = CARTESIAN_POINT('',(-25.74714237251,9.774008856889,4.6));
#208 = CARTESIAN_POINT('',(-25.71501360341,9.703541398727,4.6));
#209 = CARTESIAN_POINT('',(-25.67859170633,9.635304947101,4.6));
#210 = CARTESIAN_POINT('',(-25.6378187186,9.569712329632,4.6));
#211 = CARTESIAN_POINT('',(-25.59277355458,9.507141987009,4.6));
#212 = CARTESIAN_POINT('',(-25.50391867836,9.399843001547,4.6));
#213 = CARTESIAN_POINT('',(-25.46146815007,9.353963154088,4.6));
#214 = CARTESIAN_POINT('',(-25.41650541811,9.310433215237,4.6));
#215 = CARTESIAN_POINT('',(-25.36921063106,9.269348741254,4.6));
#216 = CARTESIAN_POINT('',(-25.3197956357,9.230748748598,4.6));
#217 = CARTESIAN_POINT('',(-25.24306378963,9.176727017481,4.6));
#218 = CARTESIAN_POINT('',(-25.21717056051,9.159433478764,4.6));
#219 = CARTESIAN_POINT('',(-25.19083864654,9.142746512952,4.6));
#220 = CARTESIAN_POINT('',(-25.16409449645,9.126661897553,4.6));
#221 = CARTESIAN_POINT('',(-25.13696404337,9.111172924489,4.6));
#222 = CARTESIAN_POINT('',(-25.0593683233,9.069109781313,4.6));
#223 = CARTESIAN_POINT('',(-25.00806551948,9.043898035669,4.6));
#224 = CARTESIAN_POINT('',(-24.95571466174,9.020580003457,4.6));
#225 = CARTESIAN_POINT('',(-24.90245465027,8.999081690917,4.6));
#226 = CARTESIAN_POINT('',(-24.84840843002,8.979318839049,4.6));
#227 = CARTESIAN_POINT('',(-24.62513415283,8.905424268872,4.6));
#228 = CARTESIAN_POINT('',(-24.45032498948,8.865358425121,4.6));
#229 = CARTESIAN_POINT('',(-24.27182446225,8.838255738887,4.6));
#230 = CARTESIAN_POINT('',(-24.09140617121,8.821813305396,4.6));
#231 = CARTESIAN_POINT('',(-23.91002429651,8.814242424242,4.6));
#232 = CARTESIAN_POINT('',(-23.72782196969,8.814242424242,4.6));
#233 = ORIENTED_EDGE('',*,*,#234,.T.);
#234 = EDGE_CURVE('',#198,#235,#237,.T.);
#235 = VERTEX_POINT('',#236);
#236 = CARTESIAN_POINT('',(-25.19089015151,10.216941287879,4.6));
#237 = LINE('',#238,#239);
#238 = CARTESIAN_POINT('',(-9.065719307012,13.441975456779,4.6));
#239 = VECTOR('',#240,1.);
#240 = DIRECTION('',(0.980580675691,0.196116135138,0.));
#241 = ORIENTED_EDGE('',*,*,#242,.F.);
#242 = EDGE_CURVE('',#243,#235,#245,.T.);
#243 = VERTEX_POINT('',#244);
#244 = CARTESIAN_POINT('',(-24.70793560606,9.554535984848,4.6));
#245 = B_SPLINE_CURVE_WITH_KNOTS('',6,(#246,#247,#248,#249,#250,#251,
    #252,#253,#254,#255,#256,#257),.UNSPECIFIED.,.F.,.F.,(7,5,7),(0.,
    0.352897430785,1.),.UNSPECIFIED.);
#246 = CARTESIAN_POINT('',(-24.70793560606,9.554535984848,4.6));
#247 = CARTESIAN_POINT('',(-24.75122836319,9.579318313129,4.6));
#248 = CARTESIAN_POINT('',(-24.7927241737,9.606254035596,4.6));
#249 = CARTESIAN_POINT('',(-24.8322972913,9.635356954092,4.6));
#250 = CARTESIAN_POINT('',(-24.86983785764,9.666617124753,4.6));
#251 = CARTESIAN_POINT('',(-24.90525602194,9.699996478144,4.6));
#252 = CARTESIAN_POINT('',(-24.99941946933,9.800388144843,4.6));
#253 = CARTESIAN_POINT('',(-25.05301620761,9.872262074703,4.6));
#254 = CARTESIAN_POINT('',(-25.09883252836,9.950589983157,4.6));
#255 = CARTESIAN_POINT('',(-25.13686834504,10.034683226108,4.6));
#256 = CARTESIAN_POINT('',(-25.16740650898,10.123740581574,4.6));
#257 = CARTESIAN_POINT('',(-25.19089015151,10.216941287879,4.6));
#258 = ORIENTED_EDGE('',*,*,#259,.F.);
#259 = EDGE_CURVE('',#260,#243,#262,.T.);
#260 = VERTEX_POINT('',#261);
#261 = CARTESIAN_POINT('',(-23.70296401515,9.343361742424,4.6));
#262 = B_SPLINE_CURVE_WITH_KNOTS('',6,(#263,#264,#265,#266,#267,#268,
    #269,#270,#271,#272,#273,#274),.UNSPECIFIED.,.F.,.F.,(7,5,7),(0.,
    0.526657925878,1.),.UNSPECIFIED.);
#263 = CARTESIAN_POINT('',(-23.70296401515,9.343361742424,4.6));
#264 = CARTESIAN_POINT('',(-23.80258584662,9.343361742424,4.6));
#265 = CARTESIAN_POINT('',(-23.90070102277,9.346474207594,4.6));
#266 = CARTESIAN_POINT('',(-23.99706736475,9.352981009581,4.6));
#267 = CARTESIAN_POINT('',(-24.09135667279,9.36320340056,4.6));
#268 = CARTESIAN_POINT('',(-24.18316678185,9.3774817536,4.6));
#269 = CARTESIAN_POINT('',(-24.35190408021,9.412938448568,4.6));
#270 = CARTESIAN_POINT('',(-24.42939333045,9.433270824431,4.6));
#271 = CARTESIAN_POINT('',(-24.5041536212,9.457394397705,4.6));
#272 = CARTESIAN_POINT('',(-24.57578300486,9.485538613185,4.6));
#273 = CARTESIAN_POINT('',(-24.64384843736,9.517891270439,4.6));
#274 = CARTESIAN_POINT('',(-24.70793560606,9.554535984848,4.6));
#275 = ORIENTED_EDGE('',*,*,#276,.F.);
#276 = EDGE_CURVE('',#277,#260,#279,.T.);
#277 = VERTEX_POINT('',#278);
#278 = CARTESIAN_POINT('',(-22.68923295454,9.568977272727,4.6));
#279 = B_SPLINE_CURVE_WITH_KNOTS('',6,(#280,#281,#282,#283,#284,#285,
    #286,#287,#288,#289,#290,#291),.UNSPECIFIED.,.F.,.F.,(7,5,7),(0.,
    0.472149159484,1.),.UNSPECIFIED.);
#280 = CARTESIAN_POINT('',(-22.68923295454,9.568977272727,4.6));
#281 = CARTESIAN_POINT('',(-22.75163877871,9.529512939327,4.6));
#282 = CARTESIAN_POINT('',(-22.81869379613,9.494735371542,4.6));
#283 = CARTESIAN_POINT('',(-22.88988756895,9.464572131602,4.6));
#284 = CARTESIAN_POINT('',(-22.96467302267,9.438801238983,4.6));
#285 = CARTESIAN_POINT('',(-23.04254618061,9.417146007992,4.6));
#286 = CARTESIAN_POINT('',(-23.21311435173,9.379381010995,4.6));
#287 = CARTESIAN_POINT('',(-23.30646755281,9.364228918855,4.6));
#288 = CARTESIAN_POINT('',(-23.40256552809,9.353443116002,4.6));
#289 = CARTESIAN_POINT('',(-23.50092010982,9.346613867927,4.6));
#290 = CARTESIAN_POINT('',(-23.60114368026,9.343361742424,4.6));
#291 = CARTESIAN_POINT('',(-23.70296401515,9.343361742424,4.6));
#292 = ORIENTED_EDGE('',*,*,#293,.F.);
#293 = EDGE_CURVE('',#294,#277,#296,.T.);
#294 = VERTEX_POINT('',#295);
#295 = CARTESIAN_POINT('',(-22.33222537878,10.231856060606,4.6));
#296 = B_SPLINE_CURVE_WITH_KNOTS('',5,(#297,#298,#299,#300,#301,#302,
    #303,#304,#305,#306,#307,#308,#309,#310),.UNSPECIFIED.,.F.,.F.,(6,4,
    4,6),(0.,0.176364866983,0.537276249225,1.),.UNSPECIFIED.);
#297 = CARTESIAN_POINT('',(-22.33222537878,10.231856060606,4.6));
#298 = CARTESIAN_POINT('',(-22.33222537878,10.202277122134,4.6));
#299 = CARTESIAN_POINT('',(-22.33324731656,10.173040763323,4.6));
#300 = CARTESIAN_POINT('',(-22.33532816847,10.144184065482,4.6));
#301 = CARTESIAN_POINT('',(-22.33849942503,10.115745777968,4.6));
#302 = CARTESIAN_POINT('',(-22.35156132948,10.030509418447,4.6));
#303 = CARTESIAN_POINT('',(-22.36501106005,9.975166295091,4.6));
#304 = CARTESIAN_POINT('',(-22.38335181255,9.922099347755,4.6));
#305 = CARTESIAN_POINT('',(-22.40666237087,9.871638080714,4.6));
#306 = CARTESIAN_POINT('',(-22.47085745908,9.762998968394,4.6));
#307 = CARTESIAN_POINT('',(-22.51485783822,9.706637825283,4.6));
#308 = CARTESIAN_POINT('',(-22.56647781881,9.655499965841,4.6));
#309 = CARTESIAN_POINT('',(-22.62491884559,9.609664049873,4.6));
#310 = CARTESIAN_POINT('',(-22.68923295454,9.568977272727,4.6));
#311 = ORIENTED_EDGE('',*,*,#312,.F.);
#312 = EDGE_CURVE('',#313,#294,#315,.T.);
#313 = VERTEX_POINT('',#314);
#314 = CARTESIAN_POINT('',(-22.44420454545,10.629583333333,4.6));
#315 = B_SPLINE_CURVE_WITH_KNOTS('',5,(#316,#317,#318,#319,#320,#321),
  .UNSPECIFIED.,.F.,.F.,(6,6),(0.,1.),.PIECEWISE_BEZIER_KNOTS.);
#316 = CARTESIAN_POINT('',(-22.44420454545,10.629583333333,4.6));
#317 = CARTESIAN_POINT('',(-22.39875001933,10.567599888623,4.6));
#318 = CARTESIAN_POINT('',(-22.36488394553,10.496185098553,4.6));
#319 = CARTESIAN_POINT('',(-22.34285740081,10.415808835824,4.6));
#320 = CARTESIAN_POINT('',(-22.33222537878,10.327357775872,4.6));
#321 = CARTESIAN_POINT('',(-22.33222537878,10.231856060606,4.6));
#322 = ORIENTED_EDGE('',*,*,#323,.F.);
#323 = EDGE_CURVE('',#324,#313,#326,.T.);
#324 = VERTEX_POINT('',#325);
#325 = CARTESIAN_POINT('',(-22.75836174242,10.881950757576,4.6));
#326 = B_SPLINE_CURVE_WITH_KNOTS('',5,(#327,#328,#329,#330,#331,#332),
  .UNSPECIFIED.,.F.,.F.,(6,6),(0.,1.),.PIECEWISE_BEZIER_KNOTS.);
#327 = CARTESIAN_POINT('',(-22.75836174242,10.881950757576,4.6));
#328 = CARTESIAN_POINT('',(-22.67866567792,10.842801813613,4.6));
#329 = CARTESIAN_POINT('',(-22.60690075422,10.798049516734,4.6));
#330 = CARTESIAN_POINT('',(-22.54364319174,10.747569938773,4.6));
#331 = CARTESIAN_POINT('',(-22.48933890554,10.691356207525,4.6));
#332 = CARTESIAN_POINT('',(-22.44420454545,10.629583333333,4.6));
#333 = ORIENTED_EDGE('',*,*,#334,.F.);
#334 = EDGE_CURVE('',#335,#324,#337,.T.);
#335 = VERTEX_POINT('',#336);
#336 = CARTESIAN_POINT('',(-23.24131628787,11.048854166667,4.6));
#337 = B_SPLINE_CURVE_WITH_KNOTS('',5,(#338,#339,#340,#341,#342,#343),
  .UNSPECIFIED.,.F.,.F.,(6,6),(0.,1.),.PIECEWISE_BEZIER_KNOTS.);
#338 = CARTESIAN_POINT('',(-23.24131628787,11.048854166667,4.6));
#339 = CARTESIAN_POINT('',(-23.13207887155,11.022581876665,4.6));
#340 = CARTESIAN_POINT('',(-23.02866801535,10.992901679624,4.6));
#341 = CARTESIAN_POINT('',(-22.93157417156,10.959654383314,4.6));
#342 = CARTESIAN_POINT('',(-22.84131385175,10.922699162157,4.6));
#343 = CARTESIAN_POINT('',(-22.75836174242,10.881950757576,4.6));
#344 = ORIENTED_EDGE('',*,*,#345,.F.);
#345 = EDGE_CURVE('',#346,#335,#348,.T.);
#346 = VERTEX_POINT('',#347);
#347 = CARTESIAN_POINT('',(-23.86276515151,11.1946875,4.6));
#348 = B_SPLINE_CURVE_WITH_KNOTS('',5,(#349,#350,#351,#352,#353,#354),
  .UNSPECIFIED.,.F.,.F.,(6,6),(0.,1.),.PIECEWISE_BEZIER_KNOTS.);
#349 = CARTESIAN_POINT('',(-23.86276515151,11.1946875,4.6));
#350 = CARTESIAN_POINT('',(-23.73015842468,11.164298458434,4.6));
#351 = CARTESIAN_POINT('',(-23.60140861206,11.134470068715,4.6));
#352 = CARTESIAN_POINT('',(-23.47680039235,11.105249522629,4.6));
#353 = CARTESIAN_POINT('',(-23.35665417515,11.076690990094,4.6));
#354 = CARTESIAN_POINT('',(-23.24131628787,11.048854166667,4.6));
#355 = ORIENTED_EDGE('',*,*,#356,.F.);
#356 = EDGE_CURVE('',#357,#346,#359,.T.);
#357 = VERTEX_POINT('',#358);
#358 = CARTESIAN_POINT('',(-24.7630965909,11.457471590909,4.6));
#359 = B_SPLINE_CURVE_WITH_KNOTS('',5,(#360,#361,#362,#363,#364,#365),
  .UNSPECIFIED.,.F.,.F.,(6,6),(0.,1.),.PIECEWISE_BEZIER_KNOTS.);
#360 = CARTESIAN_POINT('',(-24.7630965909,11.457471590909,4.6));
#361 = CARTESIAN_POINT('',(-24.62236266112,11.397296451442,4.6));
#362 = CARTESIAN_POINT('',(-24.45418900893,11.341405290744,4.6));
#363 = CARTESIAN_POINT('',(-24.26825173078,11.289375493402,4.6));
#364 = CARTESIAN_POINT('',(-24.0703868996,11.240687528021,4.6));
#365 = CARTESIAN_POINT('',(-23.86276515151,11.1946875,4.6));
#366 = ORIENTED_EDGE('',*,*,#367,.F.);
#367 = EDGE_CURVE('',#368,#357,#370,.T.);
#368 = VERTEX_POINT('',#369);
#369 = CARTESIAN_POINT('',(-25.24770833333,11.750558712121,4.6));
#370 = B_SPLINE_CURVE_WITH_KNOTS('',6,(#371,#372,#373,#374,#375,#376,
    #377),.UNSPECIFIED.,.F.,.F.,(7,7),(0.,1.),.PIECEWISE_BEZIER_KNOTS.);
#371 = CARTESIAN_POINT('',(-25.24770833333,11.750558712121,4.6));
#372 = CARTESIAN_POINT('',(-25.18626769507,11.694688691733,4.6));
#373 = CARTESIAN_POINT('',(-25.11627810805,11.641647995475,4.6));
#374 = CARTESIAN_POINT('',(-25.03831258029,11.591469101589,4.6));
#375 = CARTESIAN_POINT('',(-24.95303098427,11.544108234207,4.6));
#376 = CARTESIAN_POINT('',(-24.8610897112,11.499479435846,4.6));
#377 = CARTESIAN_POINT('',(-24.7630965909,11.457471590909,4.6));
#378 = ORIENTED_EDGE('',*,*,#379,.F.);
#379 = EDGE_CURVE('',#380,#368,#382,.T.);
#380 = VERTEX_POINT('',#381);
#381 = CARTESIAN_POINT('',(-25.51948863636,12.128873106061,4.6));
#382 = B_SPLINE_CURVE_WITH_KNOTS('',4,(#383,#384,#385,#386,#387,#388,
    #389,#390),.UNSPECIFIED.,.F.,.F.,(5,3,5),(0.,0.40475580756,1.),
  .UNSPECIFIED.);
#383 = CARTESIAN_POINT('',(-25.51948863636,12.128873106061,4.6));
#384 = CARTESIAN_POINT('',(-25.50044254847,12.085086245703,4.6));
#385 = CARTESIAN_POINT('',(-25.47909252233,12.042717357297,4.6));
#386 = CARTESIAN_POINT('',(-25.45543686776,12.0018168459,4.6));
#387 = CARTESIAN_POINT('',(-25.39135377459,11.904483001722,4.6));
#388 = CARTESIAN_POINT('',(-25.34827207335,11.849798107932,4.6));
#389 = CARTESIAN_POINT('',(-25.30032972359,11.798479258182,4.6));
#390 = CARTESIAN_POINT('',(-25.24770833333,11.750558712121,4.6));
#391 = ORIENTED_EDGE('',*,*,#392,.F.);
#392 = EDGE_CURVE('',#393,#380,#395,.T.);
#393 = VERTEX_POINT('',#394);
#394 = CARTESIAN_POINT('',(-25.61347537878,12.626268939394,4.6));
#395 = B_SPLINE_CURVE_WITH_KNOTS('',5,(#396,#397,#398,#399,#400,#401),
  .UNSPECIFIED.,.F.,.F.,(6,6),(0.,1.),.PIECEWISE_BEZIER_KNOTS.);
#396 = CARTESIAN_POINT('',(-25.61347537878,12.626268939394,4.6));
#397 = CARTESIAN_POINT('',(-25.61347537878,12.516401400494,4.6));
#398 = CARTESIAN_POINT('',(-25.60446585052,12.411170690101,4.6));
#399 = CARTESIAN_POINT('',(-25.58596606929,12.311157978968,4.6));
#400 = CARTESIAN_POINT('',(-25.55764657195,12.216915093468,4.6));
#401 = CARTESIAN_POINT('',(-25.51948863636,12.128873106061,4.6));
#402 = ORIENTED_EDGE('',*,*,#403,.F.);
#403 = EDGE_CURVE('',#404,#393,#406,.T.);
#404 = VERTEX_POINT('',#405);
#405 = CARTESIAN_POINT('',(-25.12176136363,13.617509469697,4.6));
#406 = B_SPLINE_CURVE_WITH_KNOTS('',5,(#407,#408,#409,#410,#411,#412,
    #413,#414,#415,#416,#417,#418,#419,#420),.UNSPECIFIED.,.F.,.F.,(6,4,
    4,6),(0.,0.419499746453,0.799217548758,1.),.UNSPECIFIED.);
#407 = CARTESIAN_POINT('',(-25.12176136363,13.617509469697,4.6));
#408 = CARTESIAN_POINT('',(-25.20223727609,13.560552516729,4.6));
#409 = CARTESIAN_POINT('',(-25.27638000676,13.497308903178,4.6));
#410 = CARTESIAN_POINT('',(-25.34297243344,13.427627265373,4.6));
#411 = CARTESIAN_POINT('',(-25.40093131137,13.351669897902,4.6));
#412 = CARTESIAN_POINT('',(-25.49397631667,13.196587176925,4.6));
#413 = CARTESIAN_POINT('',(-25.53073033041,13.118412252682,4.6));
#414 = CARTESIAN_POINT('',(-25.55966327368,13.036346472293,4.6));
#415 = CARTESIAN_POINT('',(-25.58098179303,12.951142119135,4.6));
#416 = CARTESIAN_POINT('',(-25.60265624717,12.817247628629,4.6));
#417 = CARTESIAN_POINT('',(-25.60815754278,12.770264636188,4.6));
#418 = CARTESIAN_POINT('',(-25.6117339764,12.722713347222,4.6));
#419 = CARTESIAN_POINT('',(-25.61347537878,12.674687968715,4.6));
#420 = CARTESIAN_POINT('',(-25.61347537878,12.626268939394,4.6));
#421 = ORIENTED_EDGE('',*,*,#422,.F.);
#422 = EDGE_CURVE('',#423,#404,#425,.T.);
#423 = VERTEX_POINT('',#424);
#424 = CARTESIAN_POINT('',(-23.71361742424,13.965757575758,4.6));
#425 = B_SPLINE_CURVE_WITH_KNOTS('',6,(#426,#427,#428,#429,#430,#431,
    #432,#433,#434,#435,#436,#437),.UNSPECIFIED.,.F.,.F.,(7,5,7),(0.,
    0.628806178624,1.),.UNSPECIFIED.);
#426 = CARTESIAN_POINT('',(-23.71361742424,13.965757575758,4.6));
#427 = CARTESIAN_POINT('',(-23.87769269923,13.965757575758,4.6));
#428 = CARTESIAN_POINT('',(-24.03983019497,13.95905677707,4.6));
#429 = CARTESIAN_POINT('',(-24.19955252886,13.944699057678,4.6));
#430 = CARTESIAN_POINT('',(-24.35590209508,13.921492582208,4.6));
#431 = CARTESIAN_POINT('',(-24.50744217043,13.888019137931,4.6));
#432 = CARTESIAN_POINT('',(-24.7379182038,13.816238623588,4.6));
#433 = CARTESIAN_POINT('',(-24.82114166442,13.785537297509,4.6));
#434 = CARTESIAN_POINT('',(-24.90162797836,13.750509152918,4.6));
#435 = CARTESIAN_POINT('',(-24.97889916461,13.71091358644,4.6));
#436 = CARTESIAN_POINT('',(-25.0524393227,13.666582002038,4.6));
#437 = CARTESIAN_POINT('',(-25.12176136363,13.617509469697,4.6));
#438 = ORIENTED_EDGE('',*,*,#439,.F.);
#439 = EDGE_CURVE('',#440,#423,#442,.T.);
#440 = VERTEX_POINT('',#441);
#441 = CARTESIAN_POINT('',(-22.41035037878,13.704630681818,4.6));
#442 = B_SPLINE_CURVE_WITH_KNOTS('',6,(#443,#444,#445,#446,#447,#448,
    #449,#450,#451,#452,#453,#454),.UNSPECIFIED.,.F.,.F.,(7,5,7),(0.,
    0.4618183514,1.),.UNSPECIFIED.);
#443 = CARTESIAN_POINT('',(-22.41035037878,13.704630681818,4.6));
#444 = CARTESIAN_POINT('',(-22.49105669047,13.751359848111,4.6));
#445 = CARTESIAN_POINT('',(-22.57758213088,13.791976441786,4.6));
#446 = CARTESIAN_POINT('',(-22.66898331504,13.826769074888,4.6));
#447 = CARTESIAN_POINT('',(-22.76435308293,13.856214831174,4.6));
#448 = CARTESIAN_POINT('',(-22.86295866543,13.880803567752,4.6));
#449 = CARTESIAN_POINT('',(-23.08233880202,13.92452962095,4.6));
#450 = CARTESIAN_POINT('',(-23.20404651425,13.942085798593,4.6));
#451 = CARTESIAN_POINT('',(-23.32857327584,13.954404564576,4.6));
#452 = CARTESIAN_POINT('',(-23.45528271801,13.962118190371,4.6));
#453 = CARTESIAN_POINT('',(-23.58372166962,13.965757575758,4.6));
#454 = CARTESIAN_POINT('',(-23.71361742424,13.965757575758,4.6));
#455 = ORIENTED_EDGE('',*,*,#456,.F.);
#456 = EDGE_CURVE('',#457,#440,#459,.T.);
#457 = VERTEX_POINT('',#458);
#458 = CARTESIAN_POINT('',(-21.77824810606,12.815189393939,4.6));
#459 = B_SPLINE_CURVE_WITH_KNOTS('',6,(#460,#461,#462,#463,#464,#465,
    #466,#467,#468,#469,#470,#471),.UNSPECIFIED.,.F.,.F.,(7,5,7),(0.,
    0.881032028516,1.),.UNSPECIFIED.);
#460 = CARTESIAN_POINT('',(-21.77824810606,12.815189393939,4.6));
#461 = CARTESIAN_POINT('',(-21.82672508406,12.983433023481,4.6));
#462 = CARTESIAN_POINT('',(-21.88898606511,13.143446463717,4.6));
#463 = CARTESIAN_POINT('',(-21.9668702341,13.292134322718,4.6));
#464 = CARTESIAN_POINT('',(-22.06193136503,13.425706851586,4.6));
#465 = CARTESIAN_POINT('',(-22.17471712231,13.540367053359,4.6));
#466 = CARTESIAN_POINT('',(-22.31992913975,13.646957634111,4.6));
#467 = CARTESIAN_POINT('',(-22.33748195912,13.659260854935,4.6));
#468 = CARTESIAN_POINT('',(-22.35530662391,13.671182489097,4.6));
#469 = CARTESIAN_POINT('',(-22.37339724841,13.682719409841,4.6));
#470 = CARTESIAN_POINT('',(-22.39174745591,13.693869305963,4.6));
#471 = CARTESIAN_POINT('',(-22.41035037878,13.704630681818,4.6));
#472 = ORIENTED_EDGE('',*,*,#473,.T.);
#473 = EDGE_CURVE('',#457,#474,#476,.T.);
#474 = VERTEX_POINT('',#475);
#475 = CARTESIAN_POINT('',(-22.44586174242,12.698001893939,4.6));
#476 = LINE('',#477,#478);
#477 = CARTESIAN_POINT('',(-7.590487793002,15.305594129742,4.6));
#478 = VECTOR('',#479,1.);
#479 = DIRECTION('',(-0.984941376985,-0.17288864596,0.));
#480 = ORIENTED_EDGE('',*,*,#481,.F.);
#481 = EDGE_CURVE('',#482,#474,#484,.T.);
#482 = VERTEX_POINT('',#483);
#483 = CARTESIAN_POINT('',(-22.86489583333,13.274943181818,4.6));
#484 = B_SPLINE_CURVE_WITH_KNOTS('',6,(#485,#486,#487,#488,#489,#490,
    #491,#492,#493,#494,#495,#496),.UNSPECIFIED.,.F.,.F.,(7,5,7),(0.,
    0.252489109718,1.),.UNSPECIFIED.);
#485 = CARTESIAN_POINT('',(-22.86489583333,13.274943181818,4.6));
#486 = CARTESIAN_POINT('',(-22.83866519554,13.259727401888,4.6));
#487 = CARTESIAN_POINT('',(-22.81321555088,13.243520745508,4.6));
#488 = CARTESIAN_POINT('',(-22.78857571312,13.226323290108,4.6));
#489 = CARTESIAN_POINT('',(-22.7647707336,13.20814032759,4.6));
#490 = CARTESIAN_POINT('',(-22.7418219012,13.188982364339,4.6));
#491 = CARTESIAN_POINT('',(-22.65439175893,13.109306677932,4.6));
#492 = CARTESIAN_POINT('',(-22.59667372958,13.041322460003,4.6));
#493 = CARTESIAN_POINT('',(-22.54709877843,12.96535775336,4.6));
#494 = CARTESIAN_POINT('',(-22.50567163525,12.882187160688,4.6));
#495 = CARTESIAN_POINT('',(-22.47208545492,12.792745629427,4.6));
#496 = CARTESIAN_POINT('',(-22.44586174242,12.698001893939,4.6));
#497 = ORIENTED_EDGE('',*,*,#498,.F.);
#498 = EDGE_CURVE('',#499,#482,#501,.T.);
#499 = VERTEX_POINT('',#500);
#500 = CARTESIAN_POINT('',(-23.72071969697,13.454393939394,4.6));
#501 = B_SPLINE_CURVE_WITH_KNOTS('',5,(#502,#503,#504,#505,#506,#507,
    #508,#509,#510,#511),.UNSPECIFIED.,.F.,.F.,(6,4,6),(0.,
    0.523886112773,1.),.UNSPECIFIED.);
#502 = CARTESIAN_POINT('',(-23.72071969697,13.454393939394,4.6));
#503 = CARTESIAN_POINT('',(-23.61729751872,13.454393939394,4.6));
#504 = CARTESIAN_POINT('',(-23.51630259028,13.450382355702,4.6));
#505 = CARTESIAN_POINT('',(-23.4181899063,13.441912887959,4.6));
#506 = CARTESIAN_POINT('',(-23.32360818343,13.428461739598,4.6));
#507 = CARTESIAN_POINT('',(-23.15127692637,13.392326997454,4.6));
#508 = CARTESIAN_POINT('',(-23.07278195292,13.370597631417,4.6));
#509 = CARTESIAN_POINT('',(-22.99843093196,13.343978536005,4.6));
#510 = CARTESIAN_POINT('',(-22.92892353712,13.312133219727,4.6));
#511 = CARTESIAN_POINT('',(-22.86489583333,13.274943181818,4.6));
#512 = ORIENTED_EDGE('',*,*,#513,.F.);
#513 = EDGE_CURVE('',#514,#499,#516,.T.);
#514 = VERTEX_POINT('',#515);
#515 = CARTESIAN_POINT('',(-24.63691287878,13.255293560606,4.6));
#516 = B_SPLINE_CURVE_WITH_KNOTS('',6,(#517,#518,#519,#520,#521,#522,
    #523,#524,#525,#526,#527,#528),.UNSPECIFIED.,.F.,.F.,(7,5,7),(0.,
    0.473218936024,1.),.UNSPECIFIED.);
#517 = CARTESIAN_POINT('',(-24.63691287878,13.255293560606,4.6));
#518 = CARTESIAN_POINT('',(-24.58170353674,13.290073378329,4.6));
#519 = CARTESIAN_POINT('',(-24.52203926968,13.320737613367,4.6));
#520 = CARTESIAN_POINT('',(-24.45836889539,13.347354748128,4.6));
#521 = CARTESIAN_POINT('',(-24.39117985511,13.370114481097,4.6));
#522 = CARTESIAN_POINT('',(-24.32092772547,13.389252264434,4.6));
#523 = CARTESIAN_POINT('',(-24.16682942657,13.422564508343,4.6));
#524 = CARTESIAN_POINT('',(-24.08234977724,13.435930398376,4.6));
#525 = CARTESIAN_POINT('',(-23.99509062183,13.44546337369,4.6));
#526 = CARTESIAN_POINT('',(-23.90550476616,13.451510133075,4.6));
#527 = CARTESIAN_POINT('',(-23.81395905741,13.454393939394,4.6));
#528 = CARTESIAN_POINT('',(-23.72071969697,13.454393939394,4.6));
#529 = ORIENTED_EDGE('',*,*,#530,.F.);
#530 = EDGE_CURVE('',#531,#514,#533,.T.);
#531 = VERTEX_POINT('',#532);
#532 = CARTESIAN_POINT('',(-24.95296401515,12.66178030303,4.6));
#533 = B_SPLINE_CURVE_WITH_KNOTS('',5,(#534,#535,#536,#537,#538,#539,
    #540,#541,#542,#543),.UNSPECIFIED.,.F.,.F.,(6,4,6),(0.,
    0.559736099298,1.),.UNSPECIFIED.);
#534 = CARTESIAN_POINT('',(-24.95296401515,12.66178030303,4.6));
#535 = CARTESIAN_POINT('',(-24.95296401515,12.746622730421,4.6));
#536 = CARTESIAN_POINT('',(-24.94382298615,12.828023432726,4.6));
#537 = CARTESIAN_POINT('',(-24.9245945022,12.904907299778,4.6));
#538 = CARTESIAN_POINT('',(-24.89468269638,12.976189501265,4.6));
#539 = CARTESIAN_POINT('',(-24.82299600812,13.092212558066,4.6));
#540 = CARTESIAN_POINT('',(-24.78510343194,13.139391943813,4.6));
#541 = CARTESIAN_POINT('',(-24.7410926354,13.182315891606,4.6));
#542 = CARTESIAN_POINT('',(-24.69148034671,13.22091809954,4.6));
#543 = CARTESIAN_POINT('',(-24.63691287878,13.255293560606,4.6));
#544 = ORIENTED_EDGE('',*,*,#545,.F.);
#545 = EDGE_CURVE('',#546,#531,#548,.T.);
#546 = VERTEX_POINT('',#547);
#547 = CARTESIAN_POINT('',(-24.83056818181,12.279914772727,4.6));
#548 = B_SPLINE_CURVE_WITH_KNOTS('',5,(#549,#550,#551,#552,#553,#554,
    #555,#556,#557,#558),.UNSPECIFIED.,.F.,.F.,(6,4,6),(0.,
    0.136950080603,1.),.UNSPECIFIED.);
#549 = CARTESIAN_POINT('',(-24.83056818181,12.279914772727,4.6));
#550 = CARTESIAN_POINT('',(-24.83732127472,12.288248376741,4.6));
#551 = CARTESIAN_POINT('',(-24.84384386659,12.296736702625,4.6));
#552 = CARTESIAN_POINT('',(-24.85013483838,12.305378987511,4.6));
#553 = CARTESIAN_POINT('',(-24.85619328707,12.314174320946,4.6));
#554 = CARTESIAN_POINT('',(-24.89872877498,12.379507060446,4.6));
#555 = CARTESIAN_POINT('',(-24.92618079089,12.44193407438,4.6));
#556 = CARTESIAN_POINT('',(-24.94418802188,12.510123322127,4.6));
#557 = CARTESIAN_POINT('',(-24.95296401515,12.583598525256,4.6));
#558 = CARTESIAN_POINT('',(-24.95296401515,12.66178030303,4.6));
#559 = ORIENTED_EDGE('',*,*,#560,.F.);
#560 = EDGE_CURVE('',#561,#546,#563,.T.);
#561 = VERTEX_POINT('',#562);
#562 = CARTESIAN_POINT('',(-24.47711174242,12.023996212121,4.6));
#563 = B_SPLINE_CURVE_WITH_KNOTS('',5,(#564,#565,#566,#567,#568,#569),
  .UNSPECIFIED.,.F.,.F.,(6,6),(0.,1.),.PIECEWISE_BEZIER_KNOTS.);
#564 = CARTESIAN_POINT('',(-24.47711174242,12.023996212121,4.6));
#565 = CARTESIAN_POINT('',(-24.5671237269,12.064893965068,4.6));
#566 = CARTESIAN_POINT('',(-24.64826395787,12.11082069496,4.6));
#567 = CARTESIAN_POINT('',(-24.71967840946,12.16195510865,4.6));
#568 = CARTESIAN_POINT('',(-24.78059892321,12.218369624095,4.6));
#569 = CARTESIAN_POINT('',(-24.83056818181,12.279914772727,4.6));
#570 = ORIENTED_EDGE('',*,*,#571,.F.);
#571 = EDGE_CURVE('',#572,#561,#574,.T.);
#572 = VERTEX_POINT('',#573);
#573 = CARTESIAN_POINT('',(-23.55736742424,11.766420454545,4.6));
#574 = B_SPLINE_CURVE_WITH_KNOTS('',7,(#575,#576,#577,#578,#579,#580,
    #581,#582,#583,#584,#585,#586,#587,#588),.UNSPECIFIED.,.F.,.F.,(8,6,
    8),(0.,0.858368402769,1.),.UNSPECIFIED.);
#575 = CARTESIAN_POINT('',(-23.55736742424,11.766420454545,4.6));
#576 = CARTESIAN_POINT('',(-23.69394619914,11.796740003888,4.6));
#577 = CARTESIAN_POINT('',(-23.82644825852,11.827378599856,4.6));
#578 = CARTESIAN_POINT('',(-23.954598779,11.858484099757,4.6));
#579 = CARTESIAN_POINT('',(-24.07723428451,11.890096326566,4.6));
#580 = CARTESIAN_POINT('',(-24.19215881966,11.922148760684,4.6));
#581 = CARTESIAN_POINT('',(-24.29624570768,11.954467964704,4.6));
#582 = CARTESIAN_POINT('',(-24.39938215897,11.992131406308,4.6));
#583 = CARTESIAN_POINT('',(-24.41355833572,11.997463178473,4.6));
#584 = CARTESIAN_POINT('',(-24.4272798581,12.002790260598,4.6));
#585 = CARTESIAN_POINT('',(-24.44052217117,12.008110155292,4.6));
#586 = CARTESIAN_POINT('',(-24.4532596158,12.013419996578,4.6));
#587 = CARTESIAN_POINT('',(-24.4654654287,12.0187165499,4.6));
#588 = CARTESIAN_POINT('',(-24.47711174242,12.023996212121,4.6));
#589 = ORIENTED_EDGE('',*,*,#590,.F.);
#590 = EDGE_CURVE('',#591,#572,#593,.T.);
#591 = VERTEX_POINT('',#592);
#592 = CARTESIAN_POINT('',(-23.09761363636,11.657992424242,4.6));
#593 = B_SPLINE_CURVE_WITH_KNOTS('',4,(#594,#595,#596,#597,#598),
  .UNSPECIFIED.,.F.,.F.,(5,5),(0.,1.),.PIECEWISE_BEZIER_KNOTS.);
#594 = CARTESIAN_POINT('',(-23.09761363636,11.657992424242,4.6));
#595 = CARTESIAN_POINT('',(-23.212140689,11.685587877463,4.6));
#596 = CARTESIAN_POINT('',(-23.32694258617,11.712857415319,4.6));
#597 = CARTESIAN_POINT('',(-23.44201845681,11.739801462063,4.6));
#598 = CARTESIAN_POINT('',(-23.55736742424,11.766420454545,4.6));
#599 = ORIENTED_EDGE('',*,*,#600,.F.);
#600 = EDGE_CURVE('',#601,#591,#603,.T.);
#601 = VERTEX_POINT('',#602);
#602 = CARTESIAN_POINT('',(-22.65892992424,11.526600378788,4.6));
#603 = B_SPLINE_CURVE_WITH_KNOTS('',4,(#604,#605,#606,#607,#608),
  .UNSPECIFIED.,.F.,.F.,(5,5),(0.,1.),.PIECEWISE_BEZIER_KNOTS.);
#604 = CARTESIAN_POINT('',(-22.65892992424,11.526600378788,4.6));
#605 = CARTESIAN_POINT('',(-22.76416800936,11.565009307032,4.6));
#606 = CARTESIAN_POINT('',(-22.8724208224,11.599688681612,4.6));
#607 = CARTESIAN_POINT('',(-22.98360152569,11.630667207635,4.6));
#608 = CARTESIAN_POINT('',(-23.09761363636,11.657992424242,4.6));
#609 = ORIENTED_EDGE('',*,*,#610,.F.);
#610 = EDGE_CURVE('',#611,#601,#613,.T.);
#611 = VERTEX_POINT('',#612);
#612 = CARTESIAN_POINT('',(-22.26664772727,11.347149621212,4.6));
#613 = B_SPLINE_CURVE_WITH_KNOTS('',4,(#614,#615,#616,#617,#618),
  .UNSPECIFIED.,.F.,.F.,(5,5),(0.,1.),.PIECEWISE_BEZIER_KNOTS.);
#614 = CARTESIAN_POINT('',(-22.26664772727,11.347149621212,4.6));
#615 = CARTESIAN_POINT('',(-22.35843071101,11.39898560685,4.6));
#616 = CARTESIAN_POINT('',(-22.45449188718,11.446159758307,4.6));
#617 = CARTESIAN_POINT('',(-22.55470907848,11.488680477846,4.6));
#618 = CARTESIAN_POINT('',(-22.65892992424,11.526600378788,4.6));
#619 = ORIENTED_EDGE('',*,*,#620,.F.);
#620 = EDGE_CURVE('',#621,#611,#623,.T.);
#621 = VERTEX_POINT('',#622);
#622 = CARTESIAN_POINT('',(-21.94870265151,11.095018939394,4.6));
#623 = B_SPLINE_CURVE_WITH_KNOTS('',4,(#624,#625,#626,#627,#628,#629,
    #630,#631),.UNSPECIFIED.,.F.,.F.,(5,3,5),(0.,9.182584327051E-02,1.),
  .UNSPECIFIED.);
#624 = CARTESIAN_POINT('',(-21.94870265151,11.095018939394,4.6));
#625 = CARTESIAN_POINT('',(-21.95490977834,11.101879447999,4.6));
#626 = CARTESIAN_POINT('',(-21.96118495658,11.108675128802,4.6));
#627 = CARTESIAN_POINT('',(-21.9675280653,11.115405821513,4.6));
#628 = CARTESIAN_POINT('',(-22.03734392951,11.187994984055,4.6));
#629 = CARTESIAN_POINT('',(-22.10738079983,11.247547894997,4.6));
#630 = CARTESIAN_POINT('',(-22.18391171585,11.300590546223,4.6));
#631 = CARTESIAN_POINT('',(-22.26664772727,11.347149621212,4.6));
#632 = ORIENTED_EDGE('',*,*,#633,.F.);
#633 = EDGE_CURVE('',#634,#621,#636,.T.);
#634 = VERTEX_POINT('',#635);
#635 = CARTESIAN_POINT('',(-21.73752840909,10.74321969697,4.6));
#636 = B_SPLINE_CURVE_WITH_KNOTS('',5,(#637,#638,#639,#640,#641,#642),
  .UNSPECIFIED.,.F.,.F.,(6,6),(0.,1.),.PIECEWISE_BEZIER_KNOTS.);
#637 = CARTESIAN_POINT('',(-21.73752840909,10.74321969697,4.6));
#638 = CARTESIAN_POINT('',(-21.76780078742,10.823695336261,4.6));
#639 = CARTESIAN_POINT('',(-21.80402163537,10.89932740816,4.6));
#640 = CARTESIAN_POINT('',(-21.84626483987,10.969870759044,4.6));
#641 = CARTESIAN_POINT('',(-21.89452549417,11.035138923391,4.6));
#642 = CARTESIAN_POINT('',(-21.94870265151,11.095018939394,4.6));
#643 = ORIENTED_EDGE('',*,*,#644,.F.);
#644 = EDGE_CURVE('',#156,#634,#645,.T.);
#645 = B_SPLINE_CURVE_WITH_KNOTS('',5,(#646,#647,#648,#649,#650,#651),
  .UNSPECIFIED.,.F.,.F.,(6,6),(0.,1.),.PIECEWISE_BEZIER_KNOTS.);
#646 = CARTESIAN_POINT('',(-21.66106060606,10.267367424242,4.6));
#647 = CARTESIAN_POINT('',(-21.66106060606,10.374040310617,4.6));
#648 = CARTESIAN_POINT('',(-21.66833438726,10.475516231286,4.6));
#649 = CARTESIAN_POINT('',(-21.68330610033,10.571230697617,4.6));
#650 = CARTESIAN_POINT('',(-21.70632383251,10.660619347205,4.6));
#651 = CARTESIAN_POINT('',(-21.73752840909,10.74321969697,4.6));
#652 = FACE_BOUND('',#653,.T.);
#653 = EDGE_LOOP('',(#654,#679,#702,#710,#718,#726,#734,#742,#764));
#654 = ORIENTED_EDGE('',*,*,#655,.F.);
#655 = EDGE_CURVE('',#656,#658,#660,.T.);
#656 = VERTEX_POINT('',#657);
#657 = CARTESIAN_POINT('',(-17.32583333333,11.2571875,4.6));
#658 = VERTEX_POINT('',#659);
#659 = CARTESIAN_POINT('',(-16.86229166666,12.385501893939,4.6));
#660 = B_SPLINE_CURVE_WITH_KNOTS('',5,(#661,#662,#663,#664,#665,#666,
    #667,#668,#669,#670,#671,#672,#673,#674,#675,#676,#677,#678),
  .UNSPECIFIED.,.F.,.F.,(6,4,4,4,6),(0.,0.304817666181,0.526500842376,
    0.753653893374,1.),.UNSPECIFIED.);
#661 = CARTESIAN_POINT('',(-17.32583333333,11.2571875,4.6));
#662 = CARTESIAN_POINT('',(-17.26904740852,11.308492045955,4.6));
#663 = CARTESIAN_POINT('',(-17.21597210844,11.36309910947,4.6));
#664 = CARTESIAN_POINT('',(-17.16698515659,11.420966198043,4.6));
#665 = CARTESIAN_POINT('',(-17.12238651618,11.48195644953,4.6));
#666 = CARTESIAN_POINT('',(-17.05322357375,11.5922279761,4.6));
#667 = CARTESIAN_POINT('',(-17.02651043078,11.640169516281,4.6));
#668 = CARTESIAN_POINT('',(-17.00226926253,11.689521223412,4.6));
#669 = CARTESIAN_POINT('',(-16.98051681042,11.740162850197,4.6));
#670 = CARTESIAN_POINT('',(-16.94147105532,11.845036258341,4.6));
#671 = CARTESIAN_POINT('',(-16.92430033335,11.899327723467,4.6));
#672 = CARTESIAN_POINT('',(-16.90969645836,11.954692834294,4.6));
#673 = CARTESIAN_POINT('',(-16.89759047977,12.010989300188,4.6));
#674 = CARTESIAN_POINT('',(-16.87737146272,12.130002601153,4.6));
#675 = CARTESIAN_POINT('',(-16.86968211807,12.19286082403,4.6));
#676 = CARTESIAN_POINT('',(-16.8647050026,12.256491264924,4.6));
#677 = CARTESIAN_POINT('',(-16.86229166666,12.320745485458,4.6));
#678 = CARTESIAN_POINT('',(-16.86229166666,12.385501893939,4.6));
#679 = ORIENTED_EDGE('',*,*,#680,.F.);
#680 = EDGE_CURVE('',#681,#656,#683,.T.);
#681 = VERTEX_POINT('',#682);
#682 = CARTESIAN_POINT('',(-18.58459280303,10.838626893939,4.6));
#683 = B_SPLINE_CURVE_WITH_KNOTS('',5,(#684,#685,#686,#687,#688,#689,
    #690,#691,#692,#693,#694,#695,#696,#697,#698,#699,#700,#701),
  .UNSPECIFIED.,.F.,.F.,(6,4,4,4,6),(0.,0.361190410048,0.685375809386,
    0.928955876387,1.),.UNSPECIFIED.);
#684 = CARTESIAN_POINT('',(-18.58459280303,10.838626893939,4.6));
#685 = CARTESIAN_POINT('',(-18.48138980798,10.838626893939,4.6));
#686 = CARTESIAN_POINT('',(-18.37917868427,10.843030677184,4.6));
#687 = CARTESIAN_POINT('',(-18.27825786748,10.852263227122,4.6));
#688 = CARTESIAN_POINT('',(-18.1790532957,10.866792983292,4.6));
#689 = CARTESIAN_POINT('',(-17.99504229653,10.905160468263,4.6));
#690 = CARTESIAN_POINT('',(-17.90980126838,10.927892140265,4.6));
#691 = CARTESIAN_POINT('',(-17.82674320209,10.955485376696,4.6));
#692 = CARTESIAN_POINT('',(-17.74630917672,10.988161336087,4.6));
#693 = CARTESIAN_POINT('',(-17.61079357056,11.054357436777,4.6));
#694 = CARTESIAN_POINT('',(-17.55437805185,11.085648869729,4.6));
#695 = CARTESIAN_POINT('',(-17.49987105959,11.119847878672,4.6));
#696 = CARTESIAN_POINT('',(-17.44743470843,11.156918283838,4.6));
#697 = CARTESIAN_POINT('',(-17.38254488216,11.208377664788,4.6));
#698 = CARTESIAN_POINT('',(-17.36807928968,11.220233191882,4.6));
#699 = CARTESIAN_POINT('',(-17.35380372302,11.232321948129,4.6));
#700 = CARTESIAN_POINT('',(-17.3397209328,11.244641114781,4.6));
#701 = CARTESIAN_POINT('',(-17.32583333333,11.2571875,4.6));
#702 = ORIENTED_EDGE('',*,*,#703,.T.);
#703 = EDGE_CURVE('',#681,#704,#706,.T.);
#704 = VERTEX_POINT('',#705);
#705 = CARTESIAN_POINT('',(-20.05476325757,10.838626893939,4.6));
#706 = LINE('',#707,#708);
#707 = CARTESIAN_POINT('',(-9.292296401515,10.838626893939,4.6));
#708 = VECTOR('',#709,1.);
#709 = DIRECTION('',(-1.,0.,0.));
#710 = ORIENTED_EDGE('',*,*,#711,.T.);
#711 = EDGE_CURVE('',#704,#712,#714,.T.);
#712 = VERTEX_POINT('',#713);
#713 = CARTESIAN_POINT('',(-20.05476325757,8.89,4.6));
#714 = LINE('',#715,#716);
#715 = CARTESIAN_POINT('',(-20.05476325757,33.109543694446,4.6));
#716 = VECTOR('',#717,1.);
#717 = DIRECTION('',(0.,-1.,0.));
#718 = ORIENTED_EDGE('',*,*,#719,.T.);
#719 = EDGE_CURVE('',#712,#720,#722,.T.);
#720 = VERTEX_POINT('',#721);
#721 = CARTESIAN_POINT('',(-20.73303030303,8.89,4.6));
#722 = LINE('',#723,#724);
#723 = CARTESIAN_POINT('',(-10.02738162878,8.89,4.6));
#724 = VECTOR('',#725,1.);
#725 = DIRECTION('',(-1.,0.,0.));
#726 = ORIENTED_EDGE('',*,*,#727,.T.);
#727 = EDGE_CURVE('',#720,#728,#730,.T.);
#728 = VERTEX_POINT('',#729);
#729 = CARTESIAN_POINT('',(-20.73303030303,13.89,4.6));
#730 = LINE('',#731,#732);
#731 = CARTESIAN_POINT('',(-20.73303030303,32.135230247477,4.6));
#732 = VECTOR('',#733,1.);
#733 = DIRECTION('',(0.,1.,0.));
#734 = ORIENTED_EDGE('',*,*,#735,.T.);
#735 = EDGE_CURVE('',#728,#736,#738,.T.);
#736 = VERTEX_POINT('',#737);
#737 = CARTESIAN_POINT('',(-18.62720643939,13.89,4.6));
#738 = LINE('',#739,#740);
#739 = CARTESIAN_POINT('',(-10.36651515151,13.89,4.6));
#740 = VECTOR('',#741,1.);
#741 = DIRECTION('',(1.,0.,0.));
#742 = ORIENTED_EDGE('',*,*,#743,.F.);
#743 = EDGE_CURVE('',#744,#736,#746,.T.);
#744 = VERTEX_POINT('',#745);
#745 = CARTESIAN_POINT('',(-17.32393939393,13.496060606061,4.6));
#746 = B_SPLINE_CURVE_WITH_KNOTS('',6,(#747,#748,#749,#750,#751,#752,
    #753,#754,#755,#756,#757,#758,#759,#760,#761,#762,#763),
  .UNSPECIFIED.,.F.,.F.,(7,5,5,7),(0.,0.233237983903,0.551884397553,1.),
  .UNSPECIFIED.);
#747 = CARTESIAN_POINT('',(-17.32393939393,13.496060606061,4.6));
#748 = CARTESIAN_POINT('',(-17.36307371437,13.529455226167,4.6));
#749 = CARTESIAN_POINT('',(-17.40378214044,13.561096517758,4.6));
#750 = CARTESIAN_POINT('',(-17.44599164837,13.590941230875,4.6));
#751 = CARTESIAN_POINT('',(-17.48961759735,13.618969326406,4.6));
#752 = CARTESIAN_POINT('',(-17.53456662857,13.645180271226,4.6));
#753 = CARTESIAN_POINT('',(-17.64382037207,13.702936646541,4.6));
#754 = CARTESIAN_POINT('',(-17.70918814658,13.73292195206,4.6));
#755 = CARTESIAN_POINT('',(-17.77659405544,13.759586887071,4.6));
#756 = CARTESIAN_POINT('',(-17.84578942373,13.783033546134,4.6));
#757 = CARTESIAN_POINT('',(-17.91653957018,13.803400631942,4.6));
#758 = CARTESIAN_POINT('',(-18.09002987628,13.845364207809,4.6));
#759 = CARTESIAN_POINT('',(-18.19407967097,13.864096276384,4.6));
#760 = CARTESIAN_POINT('',(-18.30023743179,13.87746868319,4.6));
#761 = CARTESIAN_POINT('',(-18.40803431466,13.885955077289,4.6));
#762 = CARTESIAN_POINT('',(-18.51710745307,13.89,4.6));
#763 = CARTESIAN_POINT('',(-18.62720643939,13.89,4.6));
#764 = ORIENTED_EDGE('',*,*,#765,.F.);
#765 = EDGE_CURVE('',#658,#744,#766,.T.);
#766 = B_SPLINE_CURVE_WITH_KNOTS('',5,(#767,#768,#769,#770,#771,#772,
    #773,#774,#775,#776,#777,#778,#779,#780,#781,#782,#783,#784),
  .UNSPECIFIED.,.F.,.F.,(6,4,4,4,6),(0.,0.270467058492,0.507301011807,
    0.737428740034,1.),.UNSPECIFIED.);
#767 = CARTESIAN_POINT('',(-16.86229166666,12.385501893939,4.6));
#768 = CARTESIAN_POINT('',(-16.86229166666,12.456333190651,4.6));
#769 = CARTESIAN_POINT('',(-16.86510871274,12.526518894006,4.6));
#770 = CARTESIAN_POINT('',(-16.87095312012,12.59589574266,4.6));
#771 = CARTESIAN_POINT('',(-16.88004092938,12.664254355422,4.6));
#772 = CARTESIAN_POINT('',(-16.90349643861,12.790109701587,4.6));
#773 = CARTESIAN_POINT('',(-16.91706711319,12.847900633226,4.6));
#774 = CARTESIAN_POINT('',(-16.93337387905,12.904561940892,4.6));
#775 = CARTESIAN_POINT('',(-16.95250644946,12.959914454629,4.6));
#776 = CARTESIAN_POINT('',(-16.99586029868,13.066119998256,4.6));
#777 = CARTESIAN_POINT('',(-17.01992309676,13.11705851152,4.6));
#778 = CARTESIAN_POINT('',(-17.04670967868,13.1664288856,4.6));
#779 = CARTESIAN_POINT('',(-17.07619812363,13.214083715024,4.6));
#780 = CARTESIAN_POINT('',(-17.14493562468,13.312182535008,4.6));
#781 = CARTESIAN_POINT('',(-17.18497785049,13.362077165994,4.6));
#782 = CARTESIAN_POINT('',(-17.22830474557,13.409406688439,4.6));
#783 = CARTESIAN_POINT('',(-17.27471098874,13.4540776123,4.6));
#784 = CARTESIAN_POINT('',(-17.32393939393,13.496060606061,4.6));
#785 = FACE_BOUND('',#786,.T.);
#786 = EDGE_LOOP('',(#787,#812,#834,#851,#870,#878,#909,#924,#941,#956,
    #973,#981,#989,#997,#1014,#1029,#1046,#1063,#1082,#1099,#1107,#1124,
    #1141,#1158,#1177,#1194,#1209,#1217,#1234));
#787 = ORIENTED_EDGE('',*,*,#788,.F.);
#788 = EDGE_CURVE('',#789,#791,#793,.T.);
#789 = VERTEX_POINT('',#790);
#790 = CARTESIAN_POINT('',(-13.19633522727,9.194214015152,4.6));
#791 = VERTEX_POINT('',#792);
#792 = CARTESIAN_POINT('',(-12.75599431818,10.266420454545,4.6));
#793 = B_SPLINE_CURVE_WITH_KNOTS('',5,(#794,#795,#796,#797,#798,#799,
    #800,#801,#802,#803,#804,#805,#806,#807,#808,#809,#810,#811),
  .UNSPECIFIED.,.F.,.F.,(6,4,4,4,6),(0.,0.250694386534,0.470982124819,
    0.725475265418,1.),.UNSPECIFIED.);
#794 = CARTESIAN_POINT('',(-13.19633522727,9.194214015152,4.6));
#795 = CARTESIAN_POINT('',(-13.1513959993,9.232992219929,4.6));
#796 = CARTESIAN_POINT('',(-13.10895451256,9.274121264076,4.6));
#797 = CARTESIAN_POINT('',(-13.06921508336,9.317572790513,4.6));
#798 = CARTESIAN_POINT('',(-13.0323398915,9.363268534045,4.6));
#799 = CARTESIAN_POINT('',(-12.96863334947,9.453063960255,4.6));
#800 = CARTESIAN_POINT('',(-12.94112445925,9.496687535285,4.6));
#801 = CARTESIAN_POINT('',(-12.91597222137,9.541839399474,4.6));
#802 = CARTESIAN_POINT('',(-12.89319764035,9.58840123287,4.6));
#803 = CARTESIAN_POINT('',(-12.84920004146,9.69150392647,4.6));
#804 = CARTESIAN_POINT('',(-12.82876605492,9.748474144743,4.6));
#805 = CARTESIAN_POINT('',(-12.81145483952,9.806944619457,4.6));
#806 = CARTESIAN_POINT('',(-12.79716452905,9.866706589002,4.6));
#807 = CARTESIAN_POINT('',(-12.7734606354,9.993218523934,4.6));
#808 = CARTESIAN_POINT('',(-12.76451926518,10.060149463189,4.6));
#809 = CARTESIAN_POINT('',(-12.75876742053,10.128123834455,4.6));
#810 = CARTESIAN_POINT('',(-12.75599431818,10.196934952062,4.6));
#811 = CARTESIAN_POINT('',(-12.75599431818,10.266420454545,4.6));
#812 = ORIENTED_EDGE('',*,*,#813,.F.);
#813 = EDGE_CURVE('',#814,#789,#816,.T.);
#814 = VERTEX_POINT('',#815);
#815 = CARTESIAN_POINT('',(-14.4534375,8.814242424242,4.6));
#816 = B_SPLINE_CURVE_WITH_KNOTS('',6,(#817,#818,#819,#820,#821,#822,
    #823,#824,#825,#826,#827,#828,#829,#830,#831,#832,#833),
  .UNSPECIFIED.,.F.,.F.,(7,5,5,7),(0.,0.453500789446,0.78951970959,1.),
  .UNSPECIFIED.);
#817 = CARTESIAN_POINT('',(-14.4534375,8.814242424242,4.6));
#818 = CARTESIAN_POINT('',(-14.34543612717,8.814242424242,4.6));
#819 = CARTESIAN_POINT('',(-14.23851971374,8.818228673989,4.6));
#820 = CARTESIAN_POINT('',(-14.13294407282,8.826597968316,4.6));
#821 = CARTESIAN_POINT('',(-14.02908075403,8.839796718317,4.6));
#822 = CARTESIAN_POINT('',(-13.9274103132,8.858302350337,4.6));
#823 = CARTESIAN_POINT('',(-13.75520463741,8.900519987696,4.6));
#824 = CARTESIAN_POINT('',(-13.68343090639,8.921640599251,4.6));
#825 = CARTESIAN_POINT('',(-13.61341420529,8.946086771705,4.6));
#826 = CARTESIAN_POINT('',(-13.54542821073,8.974016329852,4.6));
#827 = CARTESIAN_POINT('',(-13.47976142942,9.005541697687,4.6));
#828 = CARTESIAN_POINT('',(-13.37719628604,9.062722000477,4.6));
#829 = CARTESIAN_POINT('',(-13.33871489182,9.086170158798,4.6));
#830 = CARTESIAN_POINT('',(-13.30132499636,9.111052233938,4.6));
#831 = CARTESIAN_POINT('',(-13.26509290957,9.137366003554,4.6));
#832 = CARTESIAN_POINT('',(-13.2300788546,9.165096530279,4.6));
#833 = CARTESIAN_POINT('',(-13.19633522727,9.194214015152,4.6));
#834 = ORIENTED_EDGE('',*,*,#835,.F.);
#835 = EDGE_CURVE('',#836,#814,#838,.T.);
#836 = VERTEX_POINT('',#837);
#837 = CARTESIAN_POINT('',(-15.66626893939,9.156808712121,4.6));
#838 = B_SPLINE_CURVE_WITH_KNOTS('',6,(#839,#840,#841,#842,#843,#844,
    #845,#846,#847,#848,#849,#850),.UNSPECIFIED.,.F.,.F.,(7,5,7),(0.,
    0.478030205304,1.),.UNSPECIFIED.);
#839 = CARTESIAN_POINT('',(-15.66626893939,9.156808712121,4.6));
#840 = CARTESIAN_POINT('',(-15.58862508089,9.098078621559,4.6));
#841 = CARTESIAN_POINT('',(-15.50585978388,9.045611829374,4.6));
#842 = CARTESIAN_POINT('',(-15.41845248157,8.999627455984,4.6));
#843 = CARTESIAN_POINT('',(-15.32697726548,8.960065578786,4.6));
#844 = CARTESIAN_POINT('',(-15.23203204021,8.926697477857,4.6));
#845 = CARTESIAN_POINT('',(-15.02735463809,8.86917549776,4.6));
#846 = CARTESIAN_POINT('',(-14.91705392252,8.84614733156,4.6));
#847 = CARTESIAN_POINT('',(-14.80397029707,8.829679785061,4.6));
#848 = CARTESIAN_POINT('',(-14.688709024,8.819224299337,4.6));
#849 = CARTESIAN_POINT('',(-14.57175067983,8.814242424242,4.6));
#850 = CARTESIAN_POINT('',(-14.4534375,8.814242424242,4.6));
#851 = ORIENTED_EDGE('',*,*,#852,.F.);
#852 = EDGE_CURVE('',#853,#836,#855,.T.);
#853 = VERTEX_POINT('',#854);
#854 = CARTESIAN_POINT('',(-16.20414772727,10.170776515152,4.6));
#855 = B_SPLINE_CURVE_WITH_KNOTS('',5,(#856,#857,#858,#859,#860,#861,
    #862,#863,#864,#865,#866,#867,#868,#869),.UNSPECIFIED.,.F.,.F.,(6,4,
    4,6),(0.,0.28397720013,0.784468906728,1.),.UNSPECIFIED.);
#856 = CARTESIAN_POINT('',(-16.20414772727,10.170776515152,4.6));
#857 = CARTESIAN_POINT('',(-16.19524312889,10.100652802928,4.6));
#858 = CARTESIAN_POINT('',(-16.18367631888,10.03154613665,4.6));
#859 = CARTESIAN_POINT('',(-16.16927567934,9.963634805011,4.6));
#860 = CARTESIAN_POINT('',(-16.15187250501,9.897135428674,4.6));
#861 = CARTESIAN_POINT('',(-16.0951521414,9.717990555672,4.6));
#862 = CARTESIAN_POINT('',(-16.04922816905,9.608771092776,4.6));
#863 = CARTESIAN_POINT('',(-15.99290055264,9.506047564149,4.6));
#864 = CARTESIAN_POINT('',(-15.92592629794,9.411216843286,4.6));
#865 = CARTESIAN_POINT('',(-15.81607009629,9.288152436716,4.6));
#866 = CARTESIAN_POINT('',(-15.78117730904,9.252737407364,4.6));
#867 = CARTESIAN_POINT('',(-15.74452123587,9.219018624346,4.6));
#868 = CARTESIAN_POINT('',(-15.70618412267,9.187037365565,4.6));
#869 = CARTESIAN_POINT('',(-15.66626893939,9.156808712121,4.6));
#870 = ORIENTED_EDGE('',*,*,#871,.T.);
#871 = EDGE_CURVE('',#853,#872,#874,.T.);
#872 = VERTEX_POINT('',#873);
#873 = CARTESIAN_POINT('',(-15.54363636363,10.231145833333,4.6));
#874 = LINE('',#875,#876);
#875 = CARTESIAN_POINT('',(-6.120276213487,11.092420685766,4.6));
#876 = VECTOR('',#877,1.);
#877 = DIRECTION('',(0.995849203993,9.101847563376E-02,0.));
#878 = ORIENTED_EDGE('',*,*,#879,.F.);
#879 = EDGE_CURVE('',#880,#872,#882,.T.);
#880 = VERTEX_POINT('',#881);
#881 = CARTESIAN_POINT('',(-14.4534375,9.343361742424,4.6));
#882 = B_SPLINE_CURVE_WITH_KNOTS('',5,(#883,#884,#885,#886,#887,#888,
    #889,#890,#891,#892,#893,#894,#895,#896,#897,#898,#899,#900,#901,
    #902,#903,#904,#905,#906,#907,#908),.UNSPECIFIED.,.F.,.F.,(6,4,4,4,4
    ,4,6),(0.,0.236184850063,0.344338413509,0.546536371283,
    0.727525913057,0.819549080193,1.),.UNSPECIFIED.);
#883 = CARTESIAN_POINT('',(-14.4534375,9.343361742424,4.6));
#884 = CARTESIAN_POINT('',(-14.53136654086,9.343361742424,4.6));
#885 = CARTESIAN_POINT('',(-14.60855899968,9.347000910503,4.6));
#886 = CARTESIAN_POINT('',(-14.6847347707,9.354775834928,4.6));
#887 = CARTESIAN_POINT('',(-14.75937973439,9.36730777904,4.6));
#888 = CARTESIAN_POINT('',(-14.86496886436,9.393344506844,4.6));
#889 = CARTESIAN_POINT('',(-14.89766517282,9.402638565909,4.6));
#890 = CARTESIAN_POINT('',(-14.92982403231,9.413101659583,4.6));
#891 = CARTESIAN_POINT('',(-14.96136580478,9.424781920135,4.6));
#892 = CARTESIAN_POINT('',(-15.04986242467,9.461885035119,4.6));
#893 = CARTESIAN_POINT('',(-15.10508339119,9.490433489312,4.6));
#894 = CARTESIAN_POINT('',(-15.15727093534,9.52355594483,4.6));
#895 = CARTESIAN_POINT('',(-15.20585904025,9.561267704237,4.6));
#896 = CARTESIAN_POINT('',(-15.29038568034,9.640732675369,4.6));
#897 = CARTESIAN_POINT('',(-15.3271307684,9.681660448163,4.6));
#898 = CARTESIAN_POINT('',(-15.3604193297,9.725725584726,4.6));
#899 = CARTESIAN_POINT('',(-15.39020670513,9.77253764947,4.6));
#900 = CARTESIAN_POINT('',(-15.42998621136,9.84663712559,4.6));
#901 = CARTESIAN_POINT('',(-15.44251249978,9.87221365061,4.6));
#902 = CARTESIAN_POINT('',(-15.45417039241,9.89833581621,4.6));
#903 = CARTESIAN_POINT('',(-15.46498056198,9.924951769289,4.6));
#904 = CARTESIAN_POINT('',(-15.49456076821,10.005076117505,4.6));
#905 = CARTESIAN_POINT('',(-15.51099552453,10.059847487887,4.6));
#906 = CARTESIAN_POINT('',(-15.52448251964,10.11596799038,4.6));
#907 = CARTESIAN_POINT('',(-15.53528307733,10.173136900659,4.6));
#908 = CARTESIAN_POINT('',(-15.54363636363,10.231145833333,4.6));
#909 = ORIENTED_EDGE('',*,*,#910,.F.);
#910 = EDGE_CURVE('',#911,#880,#913,.T.);
#911 = VERTEX_POINT('',#912);
#912 = CARTESIAN_POINT('',(-13.69538825757,9.581287878788,4.6));
#913 = B_SPLINE_CURVE_WITH_KNOTS('',5,(#914,#915,#916,#917,#918,#919,
    #920,#921,#922,#923),.UNSPECIFIED.,.F.,.F.,(6,4,6),(0.,
    0.486855618262,1.),.UNSPECIFIED.);
#914 = CARTESIAN_POINT('',(-13.69538825757,9.581287878788,4.6));
#915 = CARTESIAN_POINT('',(-13.7512463065,9.53297691564,4.6));
#916 = CARTESIAN_POINT('',(-13.81245707635,9.490799957925,4.6));
#917 = CARTESIAN_POINT('',(-13.87868237602,9.455046767196,4.6));
#918 = CARTESIAN_POINT('',(-13.94938932804,9.425655951397,4.6));
#919 = CARTESIAN_POINT('',(-14.10256722257,9.377823340298,4.6));
#920 = CARTESIAN_POINT('',(-14.18547889258,9.360055537529,4.6));
#921 = CARTESIAN_POINT('',(-14.27201690753,9.348749966038,4.6));
#922 = CARTESIAN_POINT('',(-14.3615105637,9.343361742424,4.6));
#923 = CARTESIAN_POINT('',(-14.4534375,9.343361742424,4.6));
#924 = ORIENTED_EDGE('',*,*,#925,.F.);
#925 = EDGE_CURVE('',#926,#911,#928,.T.);
#926 = VERTEX_POINT('',#927);
#927 = CARTESIAN_POINT('',(-13.42005681818,10.287727272727,4.6));
#928 = B_SPLINE_CURVE_WITH_KNOTS('',6,(#929,#930,#931,#932,#933,#934,
    #935,#936,#937,#938,#939,#940),.UNSPECIFIED.,.F.,.F.,(7,5,7),(0.,
    0.842862111984,1.),.UNSPECIFIED.);
#929 = CARTESIAN_POINT('',(-13.42005681818,10.287727272727,4.6));
#930 = CARTESIAN_POINT('',(-13.42005681818,10.165680512837,4.6));
#931 = CARTESIAN_POINT('',(-13.43126714604,10.048478014714,4.6));
#932 = CARTESIAN_POINT('',(-13.45525276851,9.937858556162,4.6));
#933 = CARTESIAN_POINT('',(-13.4934138763,9.835817558945,4.6));
#934 = CARTESIAN_POINT('',(-13.54647700258,9.74428125402,4.6));
#935 = CARTESIAN_POINT('',(-13.62588461383,9.649540041305,4.6));
#936 = CARTESIAN_POINT('',(-13.63884570854,9.635057289139,4.6));
#937 = CARTESIAN_POINT('',(-13.65228426101,9.620985934224,4.6));
#938 = CARTESIAN_POINT('',(-13.66619327985,9.607331390058,4.6));
#939 = CARTESIAN_POINT('',(-13.68056447498,9.594097768305,4.6));
#940 = CARTESIAN_POINT('',(-13.69538825757,9.581287878788,4.6));
#941 = ORIENTED_EDGE('',*,*,#942,.F.);
#942 = EDGE_CURVE('',#943,#926,#945,.T.);
#943 = VERTEX_POINT('',#944);
#944 = CARTESIAN_POINT('',(-13.73445075757,10.925037878788,4.6));
#945 = B_SPLINE_CURVE_WITH_KNOTS('',5,(#946,#947,#948,#949,#950,#951,
    #952,#953,#954,#955),.UNSPECIFIED.,.F.,.F.,(6,4,6),(0.,0.43838646407
    ,1.),.UNSPECIFIED.);
#946 = CARTESIAN_POINT('',(-13.73445075757,10.925037878788,4.6));
#947 = CARTESIAN_POINT('',(-13.68030427035,10.88561042913,4.6));
#948 = CARTESIAN_POINT('',(-13.63113803391,10.842238646002,4.6));
#949 = CARTESIAN_POINT('',(-13.58754331771,10.794879029239,4.6));
#950 = CARTESIAN_POINT('',(-13.54998367435,10.74363172147,4.6));
#951 = CARTESIAN_POINT('',(-13.47851039827,10.618641907292,4.6));
#952 = CARTESIAN_POINT('',(-13.44857138418,10.542593152889,4.6));
#953 = CARTESIAN_POINT('',(-13.42926566312,10.461421470962,4.6));
#954 = CARTESIAN_POINT('',(-13.42005681818,10.376132580017,4.6));
#955 = CARTESIAN_POINT('',(-13.42005681818,10.287727272727,4.6));
#956 = ORIENTED_EDGE('',*,*,#957,.F.);
#957 = EDGE_CURVE('',#958,#943,#960,.T.);
#958 = VERTEX_POINT('',#959);
#959 = CARTESIAN_POINT('',(-14.64164772727,11.154204545455,4.6));
#960 = B_SPLINE_CURVE_WITH_KNOTS('',6,(#961,#962,#963,#964,#965,#966,
    #967,#968,#969,#970,#971,#972),.UNSPECIFIED.,.F.,.F.,(7,5,7),(0.,
    0.526110810799,1.),.UNSPECIFIED.);
#961 = CARTESIAN_POINT('',(-14.64164772727,11.154204545455,4.6));
#962 = CARTESIAN_POINT('',(-14.54895490559,11.154204545455,4.6));
#963 = CARTESIAN_POINT('',(-14.45796674402,11.15084545384,4.6));
#964 = CARTESIAN_POINT('',(-14.36897516768,11.143803118553,4.6));
#965 = CARTESIAN_POINT('',(-14.28237299108,11.132716004433,4.6));
#966 = CARTESIAN_POINT('',(-14.19864422098,11.117201376331,4.6));
#967 = CARTESIAN_POINT('',(-14.04598508368,11.078638212209,4.6));
#968 = CARTESIAN_POINT('',(-13.97641056595,11.056490350467,4.6));
#969 = CARTESIAN_POINT('',(-13.91002120943,11.030221817658,4.6));
#970 = CARTESIAN_POINT('',(-13.84727164748,10.999620217304,4.6));
#971 = CARTESIAN_POINT('',(-13.78861821729,10.96455114255,4.6));
#972 = CARTESIAN_POINT('',(-13.73445075757,10.925037878788,4.6));
#973 = ORIENTED_EDGE('',*,*,#974,.T.);
#974 = EDGE_CURVE('',#958,#975,#977,.T.);
#975 = VERTEX_POINT('',#976);
#976 = CARTESIAN_POINT('',(-15.00386363636,11.154204545455,4.6));
#977 = LINE('',#978,#979);
#978 = CARTESIAN_POINT('',(-7.320823863636,11.154204545455,4.6));
#979 = VECTOR('',#980,1.);
#980 = DIRECTION('',(-1.,0.,0.));
#981 = ORIENTED_EDGE('',*,*,#982,.T.);
#982 = EDGE_CURVE('',#975,#983,#985,.T.);
#983 = VERTEX_POINT('',#984);
#984 = CARTESIAN_POINT('',(-15.00386363636,11.708181818182,4.6));
#985 = LINE('',#986,#987);
#986 = CARTESIAN_POINT('',(-15.00386363636,33.267332520204,4.6));
#987 = VECTOR('',#988,1.);
#988 = DIRECTION('',(0.,1.,0.));
#989 = ORIENTED_EDGE('',*,*,#990,.T.);
#990 = EDGE_CURVE('',#983,#991,#993,.T.);
#991 = VERTEX_POINT('',#992);
#992 = CARTESIAN_POINT('',(-14.65585227272,11.708181818182,4.6));
#993 = LINE('',#994,#995);
#994 = CARTESIAN_POINT('',(-7.501931818182,11.708181818182,4.6));
#995 = VECTOR('',#996,1.);
#996 = DIRECTION('',(1.,0.,0.));
#997 = ORIENTED_EDGE('',*,*,#998,.F.);
#998 = EDGE_CURVE('',#999,#991,#1001,.T.);
#999 = VERTEX_POINT('',#1000);
#1000 = CARTESIAN_POINT('',(-13.84098484848,11.937585227273,4.6));
#1001 = B_SPLINE_CURVE_WITH_KNOTS('',6,(#1002,#1003,#1004,#1005,#1006,
    #1007,#1008,#1009,#1010,#1011,#1012,#1013),.UNSPECIFIED.,.F.,.F.,(7,
    5,7),(0.,0.482060059241,1.),.UNSPECIFIED.);
#1002 = CARTESIAN_POINT('',(-13.84098484848,11.937585227273,4.6));
#1003 = CARTESIAN_POINT('',(-13.8904415605,11.898367916347,4.6));
#1004 = CARTESIAN_POINT('',(-13.94383856413,11.863334240708,4.6));
#1005 = CARTESIAN_POINT('',(-14.00092237078,11.832571382912,4.6));
#1006 = CARTESIAN_POINT('',(-14.06137448399,11.806036661797,4.6));
#1007 = CARTESIAN_POINT('',(-14.12484429955,11.783598064962,4.6));
#1008 = CARTESIAN_POINT('',(-14.26204236203,11.745172803717,4.6));
#1009 = CARTESIAN_POINT('',(-14.3361874949,11.729789025968,4.6));
#1010 = CARTESIAN_POINT('',(-14.41300520893,11.718692883376,4.6));
#1011 = CARTESIAN_POINT('',(-14.4921033498,11.711590574444,4.6));
#1012 = CARTESIAN_POINT('',(-14.57314320343,11.708181818182,4.6));
#1013 = CARTESIAN_POINT('',(-14.65585227272,11.708181818182,4.6));
#1014 = ORIENTED_EDGE('',*,*,#1015,.F.);
#1015 = EDGE_CURVE('',#1016,#999,#1018,.T.);
#1016 = VERTEX_POINT('',#1017);
#1017 = CARTESIAN_POINT('',(-13.55144886363,12.572291666667,4.6));
#1018 = B_SPLINE_CURVE_WITH_KNOTS('',5,(#1019,#1020,#1021,#1022,#1023,
    #1024,#1025,#1026,#1027,#1028),.UNSPECIFIED.,.F.,.F.,(6,4,6),(0.,
    0.624816267177,1.),.UNSPECIFIED.);
#1019 = CARTESIAN_POINT('',(-13.55144886363,12.572291666667,4.6));
#1020 = CARTESIAN_POINT('',(-13.55144886363,12.475141481355,4.6));
#1021 = CARTESIAN_POINT('',(-13.5618467493,12.381755962699,4.6));
#1022 = CARTESIAN_POINT('',(-13.58372952842,12.29336106731,4.6));
#1023 = CARTESIAN_POINT('',(-13.61778383859,12.211203593469,4.6));
#1024 = CARTESIAN_POINT('',(-13.69089631565,12.091078444063,4.6));
#1025 = CARTESIAN_POINT('',(-13.72252626501,12.048558142332,4.6));
#1026 = CARTESIAN_POINT('',(-13.75824788291,12.008765187356,4.6));
#1027 = CARTESIAN_POINT('',(-13.79783445644,11.971773886217,4.6));
#1028 = CARTESIAN_POINT('',(-13.84098484848,11.937585227273,4.6));
#1029 = ORIENTED_EDGE('',*,*,#1030,.F.);
#1030 = EDGE_CURVE('',#1031,#1016,#1033,.T.);
#1031 = VERTEX_POINT('',#1032);
#1032 = CARTESIAN_POINT('',(-13.78771780303,13.207234848485,4.6));
#1033 = B_SPLINE_CURVE_WITH_KNOTS('',6,(#1034,#1035,#1036,#1037,#1038,
    #1039,#1040,#1041,#1042,#1043,#1044,#1045),.UNSPECIFIED.,.F.,.F.,(7,
    5,7),(0.,0.190412169231,1.),.UNSPECIFIED.);
#1034 = CARTESIAN_POINT('',(-13.78771780303,13.207234848485,4.6));
#1035 = CARTESIAN_POINT('',(-13.77248439483,13.192215135391,4.6));
#1036 = CARTESIAN_POINT('',(-13.75781332131,13.176747251514,4.6));
#1037 = CARTESIAN_POINT('',(-13.7437150609,13.160834799562,4.6));
#1038 = CARTESIAN_POINT('',(-13.73019847403,13.144482759274,4.6));
#1039 = CARTESIAN_POINT('',(-13.71727080305,13.12769748742,4.6));
#1040 = CARTESIAN_POINT('',(-13.65250009665,13.037310566844,4.6));
#1041 = CARTESIAN_POINT('',(-13.61079077866,12.956415993562,4.6));
#1042 = CARTESIAN_POINT('',(-13.58030797193,12.868463328403,4.6));
#1043 = CARTESIAN_POINT('',(-13.56076592594,12.774417246683,4.6));
#1044 = CARTESIAN_POINT('',(-13.55144886363,12.675347396555,4.6));
#1045 = CARTESIAN_POINT('',(-13.55144886363,12.572291666667,4.6));
#1046 = ORIENTED_EDGE('',*,*,#1047,.F.);
#1047 = EDGE_CURVE('',#1048,#1031,#1050,.T.);
#1048 = VERTEX_POINT('',#1049);
#1049 = CARTESIAN_POINT('',(-14.48894886363,13.440189393939,4.6));
#1050 = B_SPLINE_CURVE_WITH_KNOTS('',6,(#1051,#1052,#1053,#1054,#1055,
    #1056,#1057,#1058,#1059,#1060,#1061,#1062),.UNSPECIFIED.,.F.,.F.,(7,
    5,7),(0.,0.516780464194,1.),.UNSPECIFIED.);
#1051 = CARTESIAN_POINT('',(-14.48894886363,13.440189393939,4.6));
#1052 = CARTESIAN_POINT('',(-14.41522734727,13.440189393939,4.6));
#1053 = CARTESIAN_POINT('',(-14.34335554967,13.436679202656,4.6));
#1054 = CARTESIAN_POINT('',(-14.27363069303,13.429372365485,4.6));
#1055 = CARTESIAN_POINT('',(-14.20640771892,13.41797767392,4.6));
#1056 = CARTESIAN_POINT('',(-14.14208099098,13.40222850745,4.6));
#1057 = CARTESIAN_POINT('',(-14.0239663784,13.362989892063,4.6));
#1058 = CARTESIAN_POINT('',(-13.96975800557,13.340067068205,4.6));
#1059 = CARTESIAN_POINT('',(-13.91875555506,13.313044344555,4.6));
#1060 = CARTESIAN_POINT('',(-13.8712646182,13.281854101535,4.6));
#1061 = CARTESIAN_POINT('',(-13.82753157578,13.246529484783,4.6));
#1062 = CARTESIAN_POINT('',(-13.78771780303,13.207234848485,4.6));
#1063 = ORIENTED_EDGE('',*,*,#1064,.F.);
#1064 = EDGE_CURVE('',#1065,#1048,#1067,.T.);
#1065 = VERTEX_POINT('',#1066);
#1066 = CARTESIAN_POINT('',(-15.17266098484,13.223570075758,4.6));
#1067 = B_SPLINE_CURVE_WITH_KNOTS('',5,(#1068,#1069,#1070,#1071,#1072,
    #1073,#1074,#1075,#1076,#1077,#1078,#1079,#1080,#1081),
  .UNSPECIFIED.,.F.,.F.,(6,4,4,6),(0.,6.430079171202E-02,0.523506184715,
    1.),.UNSPECIFIED.);
#1068 = CARTESIAN_POINT('',(-15.17266098484,13.223570075758,4.6));
#1069 = CARTESIAN_POINT('',(-15.16576920228,13.22928719366,4.6));
#1070 = CARTESIAN_POINT('',(-15.15880564544,13.234911236439,4.6));
#1071 = CARTESIAN_POINT('',(-15.15177075253,13.240441709067,4.6));
#1072 = CARTESIAN_POINT('',(-15.14466500395,13.245878170166,4.6));
#1073 = CARTESIAN_POINT('',(-15.08624079172,13.28937067374,4.6));
#1074 = CARTESIAN_POINT('',(-15.03140232569,13.322709082975,4.6));
#1075 = CARTESIAN_POINT('',(-14.97317296739,13.351085438266,4.6));
#1076 = CARTESIAN_POINT('',(-14.91183874078,13.374520042022,4.6));
#1077 = CARTESIAN_POINT('',(-14.78122120696,13.41247973788,4.6));
#1078 = CARTESIAN_POINT('',(-14.71171982308,13.426637620384,4.6));
#1079 = CARTESIAN_POINT('',(-14.63959826612,13.435777551378,4.6));
#1080 = CARTESIAN_POINT('',(-14.56523164967,13.440189393939,4.6));
#1081 = CARTESIAN_POINT('',(-14.48894886363,13.440189393939,4.6));
#1082 = ORIENTED_EDGE('',*,*,#1083,.F.);
#1083 = EDGE_CURVE('',#1084,#1065,#1086,.T.);
#1084 = VERTEX_POINT('',#1085);
#1085 = CARTESIAN_POINT('',(-15.47616477272,12.612774621212,4.6));
#1086 = B_SPLINE_CURVE_WITH_KNOTS('',6,(#1087,#1088,#1089,#1090,#1091,
    #1092,#1093,#1094,#1095,#1096,#1097,#1098),.UNSPECIFIED.,.F.,.F.,(7,
    5,7),(0.,0.769363792609,1.),.UNSPECIFIED.);
#1087 = CARTESIAN_POINT('',(-15.47616477272,12.612774621212,4.6));
#1088 = CARTESIAN_POINT('',(-15.46570985814,12.709482581069,4.6));
#1089 = CARTESIAN_POINT('',(-15.44713765688,12.801942737289,4.6));
#1090 = CARTESIAN_POINT('',(-15.41982421676,12.88927125037,4.6));
#1091 = CARTESIAN_POINT('',(-15.38332004666,12.970596327179,4.6));
#1092 = CARTESIAN_POINT('',(-15.33750638748,13.045162689916,4.6));
#1093 = CARTESIAN_POINT('',(-15.26640769384,13.132646978159,4.6));
#1094 = CARTESIAN_POINT('',(-15.2492096053,13.152173461071,4.6));
#1095 = CARTESIAN_POINT('',(-15.23122148212,13.171037075778,4.6));
#1096 = CARTESIAN_POINT('',(-15.21245630325,13.189228344396,4.6));
#1097 = CARTESIAN_POINT('',(-15.19292990576,13.206740617826,4.6));
#1098 = CARTESIAN_POINT('',(-15.17266098484,13.223570075758,4.6));
#1099 = ORIENTED_EDGE('',*,*,#1100,.T.);
#1100 = EDGE_CURVE('',#1084,#1101,#1103,.T.);
#1101 = VERTEX_POINT('',#1102);
#1102 = CARTESIAN_POINT('',(-16.11892045454,12.662490530303,4.6));
#1103 = LINE('',#1104,#1105);
#1104 = CARTESIAN_POINT('',(-9.428264203573,12.144981207023,4.6));
#1105 = VECTOR('',#1106,1.);
#1106 = DIRECTION('',(-0.997021994117,7.711772330186E-02,0.));
#1107 = ORIENTED_EDGE('',*,*,#1108,.F.);
#1108 = EDGE_CURVE('',#1109,#1101,#1111,.T.);
#1109 = VERTEX_POINT('',#1110);
#1110 = CARTESIAN_POINT('',(-15.60945075757,13.621297348485,4.6));
#1111 = B_SPLINE_CURVE_WITH_KNOTS('',6,(#1112,#1113,#1114,#1115,#1116,
    #1117,#1118,#1119,#1120,#1121,#1122,#1123),.UNSPECIFIED.,.F.,.F.,(7,
    5,7),(0.,0.323369330723,1.),.UNSPECIFIED.);
#1112 = CARTESIAN_POINT('',(-15.60945075757,13.621297348485,4.6));
#1113 = CARTESIAN_POINT('',(-15.65674526474,13.584141026712,4.6));
#1114 = CARTESIAN_POINT('',(-15.70184898727,13.544806462134,4.6));
#1115 = CARTESIAN_POINT('',(-15.74460369684,13.503302186743,4.6));
#1116 = CARTESIAN_POINT('',(-15.78487215315,13.459663933579,4.6));
#1117 = CARTESIAN_POINT('',(-15.82254422311,13.413959895648,4.6));
#1118 = CARTESIAN_POINT('',(-15.93077581331,13.266562148642,4.6));
#1119 = CARTESIAN_POINT('',(-15.99234085974,13.158197636876,4.6));
#1120 = CARTESIAN_POINT('',(-16.04144540765,13.042243531667,4.6));
#1121 = CARTESIAN_POINT('',(-16.07834331159,12.92005600354,4.6));
#1122 = CARTESIAN_POINT('',(-16.10382783067,12.793041726807,4.6));
#1123 = CARTESIAN_POINT('',(-16.11892045454,12.662490530303,4.6));
#1124 = ORIENTED_EDGE('',*,*,#1125,.F.);
#1125 = EDGE_CURVE('',#1126,#1109,#1128,.T.);
#1126 = VERTEX_POINT('',#1127);
#1127 = CARTESIAN_POINT('',(-14.4818465909,13.965757575758,4.6));
#1128 = B_SPLINE_CURVE_WITH_KNOTS('',6,(#1129,#1130,#1131,#1132,#1133,
    #1134,#1135,#1136,#1137,#1138,#1139,#1140),.UNSPECIFIED.,.F.,.F.,(7,
    5,7),(0.,0.492875531963,1.),.UNSPECIFIED.);
#1129 = CARTESIAN_POINT('',(-14.4818465909,13.965757575758,4.6));
#1130 = CARTESIAN_POINT('',(-14.58583137434,13.965757575758,4.6));
#1131 = CARTESIAN_POINT('',(-14.68863773903,13.961049006135,4.6));
#1132 = CARTESIAN_POINT('',(-14.78996508775,13.951250925673,4.6));
#1133 = CARTESIAN_POINT('',(-14.88943509068,13.935976847833,4.6));
#1134 = CARTESIAN_POINT('',(-14.98660537121,13.9148737082,4.6));
#1135 = CARTESIAN_POINT('',(-15.17812604154,13.859763338268,4.6));
#1136 = CARTESIAN_POINT('',(-15.27233368179,13.825394957887,4.6));
#1137 = CARTESIAN_POINT('',(-15.36305988491,13.784363461003,4.6));
#1138 = CARTESIAN_POINT('',(-15.44977612972,13.736565238586,4.6));
#1139 = CARTESIAN_POINT('',(-15.53202420105,13.682093700202,4.6));
#1140 = CARTESIAN_POINT('',(-15.60945075757,13.621297348485,4.6));
#1141 = ORIENTED_EDGE('',*,*,#1142,.F.);
#1142 = EDGE_CURVE('',#1143,#1126,#1145,.T.);
#1143 = VERTEX_POINT('',#1144);
#1144 = CARTESIAN_POINT('',(-13.3118655303,13.615615530303,4.6));
#1145 = B_SPLINE_CURVE_WITH_KNOTS('',6,(#1146,#1147,#1148,#1149,#1150,
    #1151,#1152,#1153,#1154,#1155,#1156,#1157),.UNSPECIFIED.,.F.,.F.,(7,
    5,7),(0.,0.475726210714,1.),.UNSPECIFIED.);
#1146 = CARTESIAN_POINT('',(-13.3118655303,13.615615530303,4.6));
#1147 = CARTESIAN_POINT('',(-13.38344934822,13.675702060787,4.6));
#1148 = CARTESIAN_POINT('',(-13.46074117479,13.729414255069,4.6));
#1149 = CARTESIAN_POINT('',(-13.54323060458,13.776454104329,4.6));
#1150 = CARTESIAN_POINT('',(-13.63026950171,13.816867624674,4.6));
#1151 = CARTESIAN_POINT('',(-13.72117034472,13.850903750692,4.6));
#1152 = CARTESIAN_POINT('',(-13.91897704381,13.909797283556,4.6));
#1153 = CARTESIAN_POINT('',(-14.02658429699,13.933367824282,4.6));
#1154 = CARTESIAN_POINT('',(-14.137297744,13.950135439968,4.6));
#1155 = CARTESIAN_POINT('',(-14.25041430593,13.96073045058,4.6));
#1156 = CARTESIAN_POINT('',(-14.36538827695,13.965757575758,4.6));
#1157 = CARTESIAN_POINT('',(-14.4818465909,13.965757575758,4.6));
#1158 = ORIENTED_EDGE('',*,*,#1159,.F.);
#1159 = EDGE_CURVE('',#1160,#1143,#1162,.T.);
#1160 = VERTEX_POINT('',#1161);
#1161 = CARTESIAN_POINT('',(-12.89448863636,12.639763257576,4.6));
#1162 = B_SPLINE_CURVE_WITH_KNOTS('',5,(#1163,#1164,#1165,#1166,#1167,
    #1168,#1169,#1170,#1171,#1172,#1173,#1174,#1175,#1176),
  .UNSPECIFIED.,.F.,.F.,(6,4,4,6),(0.,0.24715081665,0.695065043356,1.),
  .UNSPECIFIED.);
#1163 = CARTESIAN_POINT('',(-12.89448863636,12.639763257576,4.6));
#1164 = CARTESIAN_POINT('',(-12.89448863636,12.697139247242,4.6));
#1165 = CARTESIAN_POINT('',(-12.89668210283,12.753950964125,4.6));
#1166 = CARTESIAN_POINT('',(-12.90120392328,12.810084000709,4.6));
#1167 = CARTESIAN_POINT('',(-12.90818663751,12.865401110036,4.6));
#1168 = CARTESIAN_POINT('',(-12.93503921142,13.018248345091,4.6));
#1169 = CARTESIAN_POINT('',(-12.96077582859,13.11360038369,4.6));
#1170 = CARTESIAN_POINT('',(-12.99556081427,13.204819740905,4.6));
#1171 = CARTESIAN_POINT('',(-13.03967754293,13.290925202276,4.6));
#1172 = CARTESIAN_POINT('',(-13.12867307045,13.425806389383,4.6));
#1173 = CARTESIAN_POINT('',(-13.16882150565,13.477737068885,4.6));
#1174 = CARTESIAN_POINT('',(-13.21292385913,13.5267391163,4.6));
#1175 = CARTESIAN_POINT('',(-13.26071639025,13.572705956771,4.6));
#1176 = CARTESIAN_POINT('',(-13.3118655303,13.615615530303,4.6));
#1177 = ORIENTED_EDGE('',*,*,#1178,.F.);
#1178 = EDGE_CURVE('',#1179,#1160,#1181,.T.);
#1179 = VERTEX_POINT('',#1180);
#1180 = CARTESIAN_POINT('',(-13.16271780303,11.859460227273,4.6));
#1181 = B_SPLINE_CURVE_WITH_KNOTS('',6,(#1182,#1183,#1184,#1185,#1186,
    #1187,#1188,#1189,#1190,#1191,#1192,#1193),.UNSPECIFIED.,.F.,.F.,(7,
    5,7),(0.,0.170206839827,1.),.UNSPECIFIED.);
#1182 = CARTESIAN_POINT('',(-13.16271780303,11.859460227273,4.6));
#1183 = CARTESIAN_POINT('',(-13.14719996458,11.876840754186,4.6));
#1184 = CARTESIAN_POINT('',(-13.13219716951,11.894608073641,4.6));
#1185 = CARTESIAN_POINT('',(-13.11771830943,11.912757776186,4.6));
#1186 = CARTESIAN_POINT('',(-13.10377098955,11.931284418105,4.6));
#1187 = CARTESIAN_POINT('',(-13.09036152869,11.950181521414,4.6));
#1188 = CARTESIAN_POINT('',(-13.01476780149,12.063338269222,4.6));
#1189 = CARTESIAN_POINT('',(-12.96491779739,12.165899582782,4.6));
#1190 = CARTESIAN_POINT('',(-12.92862464008,12.276149013819,4.6));
#1191 = CARTESIAN_POINT('',(-12.90547143732,12.39277587487,4.6));
#1192 = CARTESIAN_POINT('',(-12.89448863636,12.514404304634,4.6));
#1193 = CARTESIAN_POINT('',(-12.89448863636,12.639763257576,4.6));
#1194 = ORIENTED_EDGE('',*,*,#1195,.F.);
#1195 = EDGE_CURVE('',#1196,#1179,#1198,.T.);
#1196 = VERTEX_POINT('',#1197);
#1197 = CARTESIAN_POINT('',(-13.94207386363,11.4525,4.6));
#1198 = B_SPLINE_CURVE_WITH_KNOTS('',5,(#1199,#1200,#1201,#1202,#1203,
    #1204,#1205,#1206,#1207,#1208),.UNSPECIFIED.,.F.,.F.,(6,4,6),(0.,
    0.5153063622,1.),.UNSPECIFIED.);
#1199 = CARTESIAN_POINT('',(-13.94207386363,11.4525,4.6));
#1200 = CARTESIAN_POINT('',(-13.84421052519,11.472888195509,4.6));
#1201 = CARTESIAN_POINT('',(-13.74959350125,11.498199576943,4.6));
#1202 = CARTESIAN_POINT('',(-13.65880004379,11.528842510839,4.6));
#1203 = CARTESIAN_POINT('',(-13.57254890991,11.565213081299,4.6));
#1204 = CARTESIAN_POINT('',(-13.41536886023,11.647288568963,4.6));
#1205 = CARTESIAN_POINT('',(-13.34382640438,11.69231410554,4.6));
#1206 = CARTESIAN_POINT('',(-13.27754161143,11.742733315609,4.6));
#1207 = CARTESIAN_POINT('',(-13.21705847634,11.798542988373,4.6));
#1208 = CARTESIAN_POINT('',(-13.16271780303,11.859460227273,4.6));
#1209 = ORIENTED_EDGE('',*,*,#1210,.T.);
#1210 = EDGE_CURVE('',#1196,#1211,#1213,.T.);
#1211 = VERTEX_POINT('',#1212);
#1212 = CARTESIAN_POINT('',(-13.94207386363,11.438295454545,4.6));
#1213 = LINE('',#1214,#1215);
#1214 = CARTESIAN_POINT('',(-13.94207386363,33.416480247477,4.6));
#1215 = VECTOR('',#1216,1.);
#1216 = DIRECTION('',(0.,-1.,0.));
#1217 = ORIENTED_EDGE('',*,*,#1218,.F.);
#1218 = EDGE_CURVE('',#1219,#1211,#1221,.T.);
#1219 = VERTEX_POINT('',#1220);
#1220 = CARTESIAN_POINT('',(-13.06849431818,11.061875,4.6));
#1221 = B_SPLINE_CURVE_WITH_KNOTS('',6,(#1222,#1223,#1224,#1225,#1226,
    #1227,#1228,#1229,#1230,#1231,#1232,#1233),.UNSPECIFIED.,.F.,.F.,(7,
    5,7),(0.,0.496403203765,1.),.UNSPECIFIED.);
#1222 = CARTESIAN_POINT('',(-13.06849431818,11.061875,4.6));
#1223 = CARTESIAN_POINT('',(-13.12238706115,11.116380160508,4.6));
#1224 = CARTESIAN_POINT('',(-13.18076182789,11.166369444226,4.6));
#1225 = CARTESIAN_POINT('',(-13.24341023706,11.211602878633,4.6));
#1226 = CARTESIAN_POINT('',(-13.31002937033,11.251994820792,4.6));
#1227 = CARTESIAN_POINT('',(-13.3802488563,11.287581058108,4.6));
#1228 = CARTESIAN_POINT('',(-13.52813085561,11.34983861557,4.6));
#1229 = CARTESIAN_POINT('',(-13.60589753774,11.376377922069,4.6));
#1230 = CARTESIAN_POINT('',(-13.68655486507,11.39824127782,4.6));
#1231 = CARTESIAN_POINT('',(-13.76970192196,11.415665777802,4.6));
#1232 = CARTESIAN_POINT('',(-13.85497683454,11.428924255213,4.6));
#1233 = CARTESIAN_POINT('',(-13.94207386363,11.438295454545,4.6));
#1234 = ORIENTED_EDGE('',*,*,#1235,.F.);
#1235 = EDGE_CURVE('',#791,#1219,#1236,.T.);
#1236 = B_SPLINE_CURVE_WITH_KNOTS('',5,(#1237,#1238,#1239,#1240,#1241,
    #1242,#1243,#1244,#1245,#1246),.UNSPECIFIED.,.F.,.F.,(6,4,6),(0.,
    0.632798724688,1.),.UNSPECIFIED.);
#1237 = CARTESIAN_POINT('',(-12.75599431818,10.266420454545,4.6));
#1238 = CARTESIAN_POINT('',(-12.75599431818,10.382986814903,4.6));
#1239 = CARTESIAN_POINT('',(-12.76754224423,10.496460442758,4.6));
#1240 = CARTESIAN_POINT('',(-12.79179922284,10.605570016293,4.6));
#1241 = CARTESIAN_POINT('',(-12.82948394166,10.708981577045,4.6));
#1242 = CARTESIAN_POINT('',(-12.90935392961,10.861719963105,4.6));
#1243 = CARTESIAN_POINT('',(-12.94301803932,10.915542707398,4.6));
#1244 = CARTESIAN_POINT('',(-12.98091606988,10.966905468123,4.6));
#1245 = CARTESIAN_POINT('',(-13.02283632336,11.015698164329,4.6));
#1246 = CARTESIAN_POINT('',(-13.06849431818,11.061875,4.6));
#1247 = FACE_BOUND('',#1248,.T.);
#1248 = EDGE_LOOP('',(#1249,#1259,#1267,#1278,#1289,#1299,#1310,#1321,
    #1336,#1353,#1372,#1389,#1406,#1414,#1431,#1453,#1470,#1489,#1500,
    #1511,#1532,#1544,#1556,#1564));
#1249 = ORIENTED_EDGE('',*,*,#1250,.T.);
#1250 = EDGE_CURVE('',#1251,#1253,#1255,.T.);
#1251 = VERTEX_POINT('',#1252);
#1252 = CARTESIAN_POINT('',(-8.756704545455,8.89,4.6));
#1253 = VERTEX_POINT('',#1254);
#1254 = CARTESIAN_POINT('',(-12.06991477272,8.89,4.6));
#1255 = LINE('',#1256,#1257);
#1256 = CARTESIAN_POINT('',(-4.378352272727,8.89,4.6));
#1257 = VECTOR('',#1258,1.);
#1258 = DIRECTION('',(-1.,0.,0.));
#1259 = ORIENTED_EDGE('',*,*,#1260,.T.);
#1260 = EDGE_CURVE('',#1253,#1261,#1263,.T.);
#1261 = VERTEX_POINT('',#1262);
#1262 = CARTESIAN_POINT('',(-12.06991477272,9.340994318182,4.6));
#1263 = LINE('',#1264,#1265);
#1264 = CARTESIAN_POINT('',(-12.06991477272,32.135230247477,4.6));
#1265 = VECTOR('',#1266,1.);
#1266 = DIRECTION('',(0.,1.,0.));
#1267 = ORIENTED_EDGE('',*,*,#1268,.F.);
#1268 = EDGE_CURVE('',#1269,#1261,#1271,.T.);
#1269 = VERTEX_POINT('',#1270);
#1270 = CARTESIAN_POINT('',(-11.62791666666,10.073948863636,4.6));
#1271 = B_SPLINE_CURVE_WITH_KNOTS('',5,(#1272,#1273,#1274,#1275,#1276,
    #1277),.UNSPECIFIED.,.F.,.F.,(6,6),(0.,1.),
  .PIECEWISE_BEZIER_KNOTS.);
#1272 = CARTESIAN_POINT('',(-11.62791666666,10.073948863636,4.6));
#1273 = CARTESIAN_POINT('',(-11.73417318683,9.944551177555,4.6));
#1274 = CARTESIAN_POINT('',(-11.83150412869,9.80583748495,4.6));
#1275 = CARTESIAN_POINT('',(-11.91977737627,9.658467578163,4.6));
#1276 = CARTESIAN_POINT('',(-11.99914860995,9.503247716225,4.6));
#1277 = CARTESIAN_POINT('',(-12.06991477272,9.340994318182,4.6));
#1278 = ORIENTED_EDGE('',*,*,#1279,.F.);
#1279 = EDGE_CURVE('',#1280,#1269,#1282,.T.);
#1280 = VERTEX_POINT('',#1281);
#1281 = CARTESIAN_POINT('',(-11.07914772727,10.648996212121,4.6));
#1282 = B_SPLINE_CURVE_WITH_KNOTS('',5,(#1283,#1284,#1285,#1286,#1287,
    #1288),.UNSPECIFIED.,.F.,.F.,(6,6),(0.,1.),
  .PIECEWISE_BEZIER_KNOTS.);
#1283 = CARTESIAN_POINT('',(-11.07914772727,10.648996212121,4.6));
#1284 = CARTESIAN_POINT('',(-11.19554305179,10.544863111088,4.6));
#1285 = CARTESIAN_POINT('',(-11.30864151999,10.435073625865,4.6));
#1286 = CARTESIAN_POINT('',(-11.41840415986,10.319835224534,4.6));
#1287 = CARTESIAN_POINT('',(-11.52482399193,10.199379842317,4.6));
#1288 = CARTESIAN_POINT('',(-11.62791666666,10.073948863636,4.6));
#1289 = ORIENTED_EDGE('',*,*,#1290,.F.);
#1290 = EDGE_CURVE('',#1291,#1280,#1293,.T.);
#1291 = VERTEX_POINT('',#1292);
#1292 = CARTESIAN_POINT('',(-10.50930871212,11.126268939394,4.6));
#1293 = B_SPLINE_CURVE_WITH_KNOTS('',4,(#1294,#1295,#1296,#1297,#1298),
  .UNSPECIFIED.,.F.,.F.,(5,5),(0.,1.),.PIECEWISE_BEZIER_KNOTS.);
#1294 = CARTESIAN_POINT('',(-10.50930871212,11.126268939394,4.6));
#1295 = CARTESIAN_POINT('',(-10.65230115813,11.014826001183,4.6));
#1296 = CARTESIAN_POINT('',(-10.79497796251,10.897952574604,4.6));
#1297 = CARTESIAN_POINT('',(-10.93727561708,10.775922124695,4.6));
#1298 = CARTESIAN_POINT('',(-11.07914772727,10.648996212121,4.6));
#1299 = ORIENTED_EDGE('',*,*,#1300,.F.);
#1300 = EDGE_CURVE('',#1301,#1291,#1303,.T.);
#1301 = VERTEX_POINT('',#1302);
#1302 = CARTESIAN_POINT('',(-9.999602272727,11.566373106061,4.6));
#1303 = B_SPLINE_CURVE_WITH_KNOTS('',5,(#1304,#1305,#1306,#1307,#1308,
    #1309),.UNSPECIFIED.,.F.,.F.,(6,6),(0.,1.),
  .PIECEWISE_BEZIER_KNOTS.);
#1304 = CARTESIAN_POINT('',(-9.999602272727,11.566373106061,4.6));
#1305 = CARTESIAN_POINT('',(-10.09225523216,11.476712065101,4.6));
#1306 = CARTESIAN_POINT('',(-10.18978880662,11.387848167244,4.6));
#1307 = CARTESIAN_POINT('',(-10.29196488601,11.299809368059,4.6));
#1308 = CARTESIAN_POINT('',(-10.39854659608,11.212613254495,4.6));
#1309 = CARTESIAN_POINT('',(-10.50930871212,11.126268939394,4.6));
#1310 = ORIENTED_EDGE('',*,*,#1311,.F.);
#1311 = EDGE_CURVE('',#1312,#1301,#1314,.T.);
#1312 = VERTEX_POINT('',#1313);
#1313 = CARTESIAN_POINT('',(-9.632178030303,12.027784090909,4.6));
#1314 = B_SPLINE_CURVE_WITH_KNOTS('',5,(#1315,#1316,#1317,#1318,#1319,
    #1320),.UNSPECIFIED.,.F.,.F.,(6,6),(0.,1.),
  .PIECEWISE_BEZIER_KNOTS.);
#1315 = CARTESIAN_POINT('',(-9.632178030303,12.027784090909,4.6));
#1316 = CARTESIAN_POINT('',(-9.689068096615,11.929860142308,4.6));
#1317 = CARTESIAN_POINT('',(-9.754616941272,11.834644975571,4.6));
#1318 = CARTESIAN_POINT('',(-9.828513939629,11.742284829516,4.6));
#1319 = CARTESIAN_POINT('',(-9.910332967093,11.652852745893,4.6));
#1320 = CARTESIAN_POINT('',(-9.999602272727,11.566373106061,4.6));
#1321 = ORIENTED_EDGE('',*,*,#1322,.F.);
#1322 = EDGE_CURVE('',#1323,#1312,#1325,.T.);
#1323 = VERTEX_POINT('',#1324);
#1324 = CARTESIAN_POINT('',(-9.491789772727,12.574422348485,4.6));
#1325 = B_SPLINE_CURVE_WITH_KNOTS('',5,(#1326,#1327,#1328,#1329,#1330,
    #1331,#1332,#1333,#1334,#1335),.UNSPECIFIED.,.F.,.F.,(6,4,6),(0.,
    0.820119857332,1.),.UNSPECIFIED.);
#1326 = CARTESIAN_POINT('',(-9.491789772727,12.574422348485,4.6));
#1327 = CARTESIAN_POINT('',(-9.491789772727,12.476012990047,4.6));
#1328 = CARTESIAN_POINT('',(-9.500914603648,12.380610603799,4.6));
#1329 = CARTESIAN_POINT('',(-9.519584304419,12.288729385749,4.6));
#1330 = CARTESIAN_POINT('',(-9.547988281874,12.200833139531,4.6));
#1331 = CARTESIAN_POINT('',(-9.594284513521,12.098960305878,4.6));
#1332 = CARTESIAN_POINT('',(-9.603072553236,12.080844279631,4.6));
#1333 = CARTESIAN_POINT('',(-9.612319191799,12.062940770461,4.6));
#1334 = CARTESIAN_POINT('',(-9.622022048555,12.045253064574,4.6));
#1335 = CARTESIAN_POINT('',(-9.632178030303,12.027784090909,4.6));
#1336 = ORIENTED_EDGE('',*,*,#1337,.F.);
#1337 = EDGE_CURVE('',#1338,#1323,#1340,.T.);
#1338 = VERTEX_POINT('',#1339);
#1339 = CARTESIAN_POINT('',(-9.733267045455,13.213153409091,4.6));
#1340 = B_SPLINE_CURVE_WITH_KNOTS('',6,(#1341,#1342,#1343,#1344,#1345,
    #1346,#1347,#1348,#1349,#1350,#1351,#1352),.UNSPECIFIED.,.F.,.F.,(7,
    5,7),(0.,0.174125245484,1.),.UNSPECIFIED.);
#1341 = CARTESIAN_POINT('',(-9.733267045455,13.213153409091,4.6));
#1342 = CARTESIAN_POINT('',(-9.718978104416,13.199719002761,4.6));
#1343 = CARTESIAN_POINT('',(-9.705173331355,13.185874910265,4.6));
#1344 = CARTESIAN_POINT('',(-9.69186149933,13.171624074057,4.6));
#1345 = CARTESIAN_POINT('',(-9.679050096214,13.15697059207,4.6));
#1346 = CARTESIAN_POINT('',(-9.666745324694,13.141919717707,4.6));
#1347 = CARTESIAN_POINT('',(-9.599016935347,13.053237241966,4.6));
#1348 = CARTESIAN_POINT('',(-9.554566068759,12.971171096595,4.6));
#1349 = CARTESIAN_POINT('',(-9.5222106757,12.881043840274,4.6));
#1350 = CARTESIAN_POINT('',(-9.501575347677,12.784028769774,4.6));
#1351 = CARTESIAN_POINT('',(-9.491789772727,12.681414683034,4.6));
#1352 = CARTESIAN_POINT('',(-9.491789772727,12.574422348485,4.6));
#1353 = ORIENTED_EDGE('',*,*,#1354,.F.);
#1354 = EDGE_CURVE('',#1355,#1338,#1357,.T.);
#1355 = VERTEX_POINT('',#1356);
#1356 = CARTESIAN_POINT('',(-10.40443181818,13.440189393939,4.6));
#1357 = B_SPLINE_CURVE_WITH_KNOTS('',5,(#1358,#1359,#1360,#1361,#1362,
    #1363,#1364,#1365,#1366,#1367,#1368,#1369,#1370,#1371),
  .UNSPECIFIED.,.F.,.F.,(6,4,4,6),(0.,0.478423470544,0.932123543218,1.),
  .UNSPECIFIED.);
#1358 = CARTESIAN_POINT('',(-10.40443181818,13.440189393939,4.6));
#1359 = CARTESIAN_POINT('',(-10.32730123795,13.440189393939,4.6));
#1360 = CARTESIAN_POINT('',(-10.25234874317,13.435616909207,4.6));
#1361 = CARTESIAN_POINT('',(-10.17997301436,13.426091609167,4.6));
#1362 = CARTESIAN_POINT('',(-10.11064741782,13.411247838533,4.6));
#1363 = CARTESIAN_POINT('',(-9.982421703631,13.371578671178,4.6));
#1364 = CARTESIAN_POINT('',(-9.923161363917,13.347307038737,4.6));
#1365 = CARTESIAN_POINT('',(-9.867461453865,13.317907098103,4.6));
#1366 = CARTESIAN_POINT('',(-9.815665633631,13.283350939299,4.6));
#1367 = CARTESIAN_POINT('',(-9.760864423163,13.237912780437,4.6));
#1368 = CARTESIAN_POINT('',(-9.753825014974,13.231888300667,4.6));
#1369 = CARTESIAN_POINT('',(-9.746878574951,13.225753117128,4.6));
#1370 = CARTESIAN_POINT('',(-9.740025733458,13.219507901047,4.6));
#1371 = CARTESIAN_POINT('',(-9.733267045455,13.213153409091,4.6));
#1372 = ORIENTED_EDGE('',*,*,#1373,.F.);
#1373 = EDGE_CURVE('',#1374,#1355,#1376,.T.);
#1374 = VERTEX_POINT('',#1375);
#1375 = CARTESIAN_POINT('',(-11.0774905303,13.218125,4.6));
#1376 = B_SPLINE_CURVE_WITH_KNOTS('',6,(#1377,#1378,#1379,#1380,#1381,
    #1382,#1383,#1384,#1385,#1386,#1387,#1388),.UNSPECIFIED.,.F.,.F.,(7,
    5,7),(0.,0.159194883603,1.),.UNSPECIFIED.);
#1377 = CARTESIAN_POINT('',(-11.0774905303,13.218125,4.6));
#1378 = CARTESIAN_POINT('',(-11.06322144928,13.230096733453,4.6));
#1379 = CARTESIAN_POINT('',(-11.04868767121,13.24169305771,4.6));
#1380 = CARTESIAN_POINT('',(-11.03389175129,13.252909600138,4.6));
#1381 = CARTESIAN_POINT('',(-11.01883669962,13.263742601141,4.6));
#1382 = CARTESIAN_POINT('',(-11.00352598125,13.274188914161,4.6));
#1383 = CARTESIAN_POINT('',(-10.90576866141,13.337363629914,4.6));
#1384 = CARTESIAN_POINT('',(-10.81652638993,13.379640071511,4.6));
#1385 = CARTESIAN_POINT('',(-10.72087566128,13.410645658916,4.6));
#1386 = CARTESIAN_POINT('',(-10.61967956523,13.430617924743,4.6));
#1387 = CARTESIAN_POINT('',(-10.51388732479,13.440189393939,4.6));
#1388 = CARTESIAN_POINT('',(-10.40443181818,13.440189393939,4.6));
#1389 = ORIENTED_EDGE('',*,*,#1390,.F.);
#1390 = EDGE_CURVE('',#1391,#1374,#1393,.T.);
#1391 = VERTEX_POINT('',#1392);
#1392 = CARTESIAN_POINT('',(-11.3880965909,12.595018939394,4.6));
#1393 = B_SPLINE_CURVE_WITH_KNOTS('',6,(#1394,#1395,#1396,#1397,#1398,
    #1399,#1400,#1401,#1402,#1403,#1404,#1405),.UNSPECIFIED.,.F.,.F.,(7,
    5,7),(0.,0.779353269625,1.),.UNSPECIFIED.);
#1394 = CARTESIAN_POINT('',(-11.3880965909,12.595018939394,4.6));
#1395 = CARTESIAN_POINT('',(-11.37663140155,12.694677893028,4.6));
#1396 = CARTESIAN_POINT('',(-11.35682680471,12.789968129639,4.6));
#1397 = CARTESIAN_POINT('',(-11.32803392299,12.879962231513,4.6));
#1398 = CARTESIAN_POINT('',(-11.28978495671,12.963742170886,4.6));
#1399 = CARTESIAN_POINT('',(-11.24195905577,13.040510978159,4.6));
#1400 = CARTESIAN_POINT('',(-11.16888427294,13.129342468894,4.6));
#1401 = CARTESIAN_POINT('',(-11.15202770463,13.148340348056,4.6));
#1402 = CARTESIAN_POINT('',(-11.13444736416,13.166724843602,4.6));
#1403 = CARTESIAN_POINT('',(-11.11615473432,13.184487458699,4.6));
#1404 = CARTESIAN_POINT('',(-11.09716369641,13.201622084471,4.6));
#1405 = CARTESIAN_POINT('',(-11.0774905303,13.218125,4.6));
#1406 = ORIENTED_EDGE('',*,*,#1407,.T.);
#1407 = EDGE_CURVE('',#1391,#1408,#1410,.T.);
#1408 = VERTEX_POINT('',#1409);
#1409 = CARTESIAN_POINT('',(-12.04150568181,12.655388257576,4.6));
#1410 = LINE('',#1411,#1412);
#1411 = CARTESIAN_POINT('',(-7.702014631676,12.254457019247,4.6));
#1412 = VECTOR('',#1413,1.);
#1413 = DIRECTION('',(-0.995759055224,9.199947792832E-02,0.));
#1414 = ORIENTED_EDGE('',*,*,#1415,.F.);
#1415 = EDGE_CURVE('',#1416,#1408,#1418,.T.);
#1416 = VERTEX_POINT('',#1417);
#1417 = CARTESIAN_POINT('',(-11.53203598484,13.610643939394,4.6));
#1418 = B_SPLINE_CURVE_WITH_KNOTS('',6,(#1419,#1420,#1421,#1422,#1423,
    #1424,#1425,#1426,#1427,#1428,#1429,#1430),.UNSPECIFIED.,.F.,.F.,(7,
    5,7),(0.,0.37674751226,1.),.UNSPECIFIED.);
#1419 = CARTESIAN_POINT('',(-11.53203598484,13.610643939394,4.6));
#1420 = CARTESIAN_POINT('',(-11.58664517388,13.566414034665,4.6));
#1421 = CARTESIAN_POINT('',(-11.63837089716,13.519468955732,4.6));
#1422 = CARTESIAN_POINT('',(-11.6869736374,13.469816627244,4.6));
#1423 = CARTESIAN_POINT('',(-11.73224553394,13.417506275048,4.6));
#1424 = CARTESIAN_POINT('',(-11.77402304687,13.362638520282,4.6));
#1425 = CARTESIAN_POINT('',(-11.87535503472,13.210645355274,4.6));
#1426 = CARTESIAN_POINT('',(-11.92868291933,13.109319439978,4.6));
#1427 = CARTESIAN_POINT('',(-11.97165324724,13.002166737042,4.6));
#1428 = CARTESIAN_POINT('',(-12.00439840308,12.890136332857,4.6));
#1429 = CARTESIAN_POINT('',(-12.02744199777,12.774226387754,4.6));
#1430 = CARTESIAN_POINT('',(-12.04150568181,12.655388257576,4.6));
#1431 = ORIENTED_EDGE('',*,*,#1432,.F.);
#1432 = EDGE_CURVE('',#1433,#1416,#1435,.T.);
#1433 = VERTEX_POINT('',#1434);
#1434 = CARTESIAN_POINT('',(-10.40443181818,13.965757575758,4.6));
#1435 = B_SPLINE_CURVE_WITH_KNOTS('',6,(#1436,#1437,#1438,#1439,#1440,
    #1441,#1442,#1443,#1444,#1445,#1446,#1447,#1448,#1449,#1450,#1451,
    #1452),.UNSPECIFIED.,.F.,.F.,(7,5,5,7),(0.,0.474192757616,
    0.917329371913,1.),.UNSPECIFIED.);
#1436 = CARTESIAN_POINT('',(-10.40443181818,13.965757575758,4.6));
#1437 = CARTESIAN_POINT('',(-10.50468605945,13.965757575758,4.6));
#1438 = CARTESIAN_POINT('',(-10.60384527715,13.961245424386,4.6));
#1439 = CARTESIAN_POINT('',(-10.70162929598,13.951869133823,4.6));
#1440 = CARTESIAN_POINT('',(-10.79768961108,13.937274912965,4.6));
#1441 = CARTESIAN_POINT('',(-10.89162170121,13.91714317451,4.6));
#1442 = CARTESIAN_POINT('',(-11.06837878493,13.867086528787,4.6));
#1443 = CARTESIAN_POINT('',(-11.15153841833,13.83788647821,4.6));
#1444 = CARTESIAN_POINT('',(-11.23209380081,13.803503487379,4.6));
#1445 = CARTESIAN_POINT('',(-11.30968457969,13.76385870293,4.6));
#1446 = CARTESIAN_POINT('',(-11.38398669577,13.71899223002,4.6));
#1447 = CARTESIAN_POINT('',(-11.4679296615,13.659788727985,4.6));
#1448 = CARTESIAN_POINT('',(-11.48100416312,13.65030517691,4.6));
#1449 = CARTESIAN_POINT('',(-11.49395351128,13.640647564342,4.6));
#1450 = CARTESIAN_POINT('',(-11.50677618629,13.63081718012,4.6));
#1451 = CARTESIAN_POINT('',(-11.51947077782,13.620815450748,4.6));
#1452 = CARTESIAN_POINT('',(-11.53203598484,13.610643939394,4.6));
#1453 = ORIENTED_EDGE('',*,*,#1454,.F.);
#1454 = EDGE_CURVE('',#1455,#1433,#1457,.T.);
#1455 = VERTEX_POINT('',#1456);
#1456 = CARTESIAN_POINT('',(-9.241553030303,13.608986742424,4.6));
#1457 = B_SPLINE_CURVE_WITH_KNOTS('',6,(#1458,#1459,#1460,#1461,#1462,
    #1463,#1464,#1465,#1466,#1467,#1468,#1469),.UNSPECIFIED.,.F.,.F.,(7,
    5,7),(0.,0.560379236464,1.),.UNSPECIFIED.);
#1458 = CARTESIAN_POINT('',(-9.241553030303,13.608986742424,4.6));
#1459 = CARTESIAN_POINT('',(-9.32390750794,13.681268744637,4.6));
#1460 = CARTESIAN_POINT('',(-9.414624076033,13.744540012512,4.6));
#1461 = CARTESIAN_POINT('',(-9.512828098009,13.798222233838,4.6));
#1462 = CARTESIAN_POINT('',(-9.617340707459,13.842498807357,4.6));
#1463 = CARTESIAN_POINT('',(-9.726949742521,13.877921577522,4.6));
#1464 = CARTESIAN_POINT('',(-9.929686297646,13.926596275168,4.6));
#1465 = CARTESIAN_POINT('',(-10.02130605759,13.942988247863,4.6));
#1466 = CARTESIAN_POINT('',(-10.11495295785,13.954723812062,4.6));
#1467 = CARTESIAN_POINT('',(-10.21022217864,13.962190655916,4.6));
#1468 = CARTESIAN_POINT('',(-10.30679228881,13.965757575758,4.6));
#1469 = CARTESIAN_POINT('',(-10.40443181818,13.965757575758,4.6));
#1470 = ORIENTED_EDGE('',*,*,#1471,.F.);
#1471 = EDGE_CURVE('',#1472,#1455,#1474,.T.);
#1472 = VERTEX_POINT('',#1473);
#1473 = CARTESIAN_POINT('',(-8.834829545455,12.595729166667,4.6));
#1474 = B_SPLINE_CURVE_WITH_KNOTS('',5,(#1475,#1476,#1477,#1478,#1479,
    #1480,#1481,#1482,#1483,#1484,#1485,#1486,#1487,#1488),
  .UNSPECIFIED.,.F.,.F.,(6,4,4,6),(0.,0.287207312985,0.778135836071,1.),
  .UNSPECIFIED.);
#1475 = CARTESIAN_POINT('',(-8.834829545455,12.595729166667,4.6));
#1476 = CARTESIAN_POINT('',(-8.834829545455,12.664640612092,4.6));
#1477 = CARTESIAN_POINT('',(-8.837628612288,12.732793757313,4.6));
#1478 = CARTESIAN_POINT('',(-8.843438516639,12.800017587663,4.6));
#1479 = CARTESIAN_POINT('',(-8.852477268971,12.866094574982,4.6));
#1480 = CARTESIAN_POINT('',(-8.886190139404,13.041341246089,4.6));
#1481 = CARTESIAN_POINT('',(-8.91741810399,13.14788687144,4.6));
#1482 = CARTESIAN_POINT('',(-8.959467044586,13.249039877526,4.6));
#1483 = CARTESIAN_POINT('',(-9.012777910381,13.343393767292,4.6));
#1484 = CARTESIAN_POINT('',(-9.105446828572,13.469069907096,4.6));
#1485 = CARTESIAN_POINT('',(-9.136442741965,13.506601898067,4.6));
#1486 = CARTESIAN_POINT('',(-9.169527405844,13.542461739656,4.6));
#1487 = CARTESIAN_POINT('',(-9.204604710921,13.576597819846,4.6));
#1488 = CARTESIAN_POINT('',(-9.241553030303,13.608986742424,4.6));
#1489 = ORIENTED_EDGE('',*,*,#1490,.F.);
#1490 = EDGE_CURVE('',#1491,#1472,#1493,.T.);
#1491 = VERTEX_POINT('',#1492);
#1492 = CARTESIAN_POINT('',(-8.968115530303,12.017130681818,4.6));
#1493 = B_SPLINE_CURVE_WITH_KNOTS('',5,(#1494,#1495,#1496,#1497,#1498,
    #1499),.UNSPECIFIED.,.F.,.F.,(6,6),(0.,1.),
  .PIECEWISE_BEZIER_KNOTS.);
#1494 = CARTESIAN_POINT('',(-8.968115530303,12.017130681818,4.6));
#1495 = CARTESIAN_POINT('',(-8.915638302801,12.130380826428,4.6));
#1496 = CARTESIAN_POINT('',(-8.875449225418,12.245301102584,4.6));
#1497 = CARTESIAN_POINT('',(-8.84835449506,12.361495430842,4.6));
#1498 = CARTESIAN_POINT('',(-8.834829545455,12.478492150916,4.6));
#1499 = CARTESIAN_POINT('',(-8.834829545455,12.595729166667,4.6));
#1500 = ORIENTED_EDGE('',*,*,#1501,.F.);
#1501 = EDGE_CURVE('',#1502,#1491,#1504,.T.);
#1502 = VERTEX_POINT('',#1503);
#1503 = CARTESIAN_POINT('',(-9.363948863636,11.442083333333,4.6));
#1504 = B_SPLINE_CURVE_WITH_KNOTS('',5,(#1505,#1506,#1507,#1508,#1509,
    #1510),.UNSPECIFIED.,.F.,.F.,(6,6),(0.,1.),
  .PIECEWISE_BEZIER_KNOTS.);
#1505 = CARTESIAN_POINT('',(-9.363948863636,11.442083333333,4.6));
#1506 = CARTESIAN_POINT('',(-9.262659618876,11.552953993139,4.6));
#1507 = CARTESIAN_POINT('',(-9.171340412804,11.666076526725,4.6));
#1508 = CARTESIAN_POINT('',(-9.091080611839,11.781333081284,4.6));
#1509 = CARTESIAN_POINT('',(-9.023039403269,11.898487297867,4.6));
#1510 = CARTESIAN_POINT('',(-8.968115530303,12.017130681818,4.6));
#1511 = ORIENTED_EDGE('',*,*,#1512,.F.);
#1512 = EDGE_CURVE('',#1513,#1502,#1515,.T.);
#1513 = VERTEX_POINT('',#1514);
#1514 = CARTESIAN_POINT('',(-10.36892045454,10.551458333333,4.6));
#1515 = B_SPLINE_CURVE_WITH_KNOTS('',8,(#1516,#1517,#1518,#1519,#1520,
    #1521,#1522,#1523,#1524,#1525,#1526,#1527,#1528,#1529,#1530,#1531),
  .UNSPECIFIED.,.F.,.F.,(9,7,9),(0.,0.760993948427,1.),.UNSPECIFIED.);
#1516 = CARTESIAN_POINT('',(-10.36892045454,10.551458333333,4.6));
#1517 = CARTESIAN_POINT('',(-10.25850240219,10.641201617987,4.6));
#1518 = CARTESIAN_POINT('',(-10.14989733614,10.730405219148,4.6));
#1519 = CARTESIAN_POINT('',(-10.04321538062,10.819104590333,4.6));
#1520 = CARTESIAN_POINT('',(-9.938784008413,10.907202604751,4.6));
#1521 = CARTESIAN_POINT('',(-9.837134751559,10.994475697162,4.6));
#1522 = CARTESIAN_POINT('',(-9.739110337398,11.080534647168,4.6));
#1523 = CARTESIAN_POINT('',(-9.645819846064,11.164841425669,4.6));
#1524 = CARTESIAN_POINT('',(-9.531859410417,11.272214224562,4.6));
#1525 = CARTESIAN_POINT('',(-9.50528347045,11.297608118463,4.6));
#1526 = CARTESIAN_POINT('',(-9.479427840419,11.322704393812,4.6));
#1527 = CARTESIAN_POINT('',(-9.454364461029,11.347465422036,4.6));
#1528 = CARTESIAN_POINT('',(-9.43017863041,11.371844515271,4.6));
#1529 = CARTESIAN_POINT('',(-9.406969436958,11.395785731902,4.6));
#1530 = CARTESIAN_POINT('',(-9.3848501922,11.419223682094,4.6));
#1531 = CARTESIAN_POINT('',(-9.363948863636,11.442083333333,4.6));
#1532 = ORIENTED_EDGE('',*,*,#1533,.F.);
#1533 = EDGE_CURVE('',#1534,#1513,#1536,.T.);
#1534 = VERTEX_POINT('',#1535);
#1535 = CARTESIAN_POINT('',(-11.01877840909,9.949659090909,4.6));
#1536 = B_SPLINE_CURVE_WITH_KNOTS('',6,(#1537,#1538,#1539,#1540,#1541,
    #1542,#1543),.UNSPECIFIED.,.F.,.F.,(7,7),(0.,1.),
  .PIECEWISE_BEZIER_KNOTS.);
#1537 = CARTESIAN_POINT('',(-11.01877840909,9.949659090909,4.6));
#1538 = CARTESIAN_POINT('',(-10.93141114444,10.046619623832,4.6));
#1539 = CARTESIAN_POINT('',(-10.83384512194,10.145519689437,4.6));
#1540 = CARTESIAN_POINT('',(-10.72763087326,10.245810490142,4.6));
#1541 = CARTESIAN_POINT('',(-10.61408871725,10.347068864841,4.6));
#1542 = CARTESIAN_POINT('',(-10.49426339482,10.449004103886,4.6));
#1543 = CARTESIAN_POINT('',(-10.36892045454,10.551458333333,4.6));
#1544 = ORIENTED_EDGE('',*,*,#1545,.F.);
#1545 = EDGE_CURVE('',#1546,#1534,#1548,.T.);
#1546 = VERTEX_POINT('',#1547);
#1547 = CARTESIAN_POINT('',(-11.36678977272,9.433323863636,4.6));
#1548 = B_SPLINE_CURVE_WITH_KNOTS('',6,(#1549,#1550,#1551,#1552,#1553,
    #1554,#1555),.UNSPECIFIED.,.F.,.F.,(7,7),(0.,1.),
  .PIECEWISE_BEZIER_KNOTS.);
#1549 = CARTESIAN_POINT('',(-11.36678977272,9.433323863636,4.6));
#1550 = CARTESIAN_POINT('',(-11.32991579329,9.519281206797,4.6));
#1551 = CARTESIAN_POINT('',(-11.28379892005,9.605585713345,4.6));
#1552 = CARTESIAN_POINT('',(-11.22897662856,9.691970050979,4.6));
#1553 = CARTESIAN_POINT('',(-11.16609812731,9.778215966824,4.6));
#1554 = CARTESIAN_POINT('',(-11.09582432005,9.864153236776,4.6));
#1555 = CARTESIAN_POINT('',(-11.01877840909,9.949659090909,4.6));
#1556 = ORIENTED_EDGE('',*,*,#1557,.T.);
#1557 = EDGE_CURVE('',#1546,#1558,#1560,.T.);
#1558 = VERTEX_POINT('',#1559);
#1559 = CARTESIAN_POINT('',(-8.756704545455,9.433323863636,4.6));
#1560 = LINE('',#1561,#1562);
#1561 = CARTESIAN_POINT('',(-5.683394886364,9.433323863636,4.6));
#1562 = VECTOR('',#1563,1.);
#1563 = DIRECTION('',(1.,0.,0.));
#1564 = ORIENTED_EDGE('',*,*,#1565,.T.);
#1565 = EDGE_CURVE('',#1558,#1251,#1566,.T.);
#1566 = LINE('',#1567,#1568);
#1567 = CARTESIAN_POINT('',(-8.756704545455,32.406892179295,4.6));
#1568 = VECTOR('',#1569,1.);
#1569 = DIRECTION('',(0.,-1.,0.));
#1570 = FACE_BOUND('',#1571,.T.);
#1571 = EDGE_LOOP('',(#1572,#1582,#1590,#1598));
#1572 = ORIENTED_EDGE('',*,*,#1573,.T.);
#1573 = EDGE_CURVE('',#1574,#1576,#1578,.T.);
#1574 = VERTEX_POINT('',#1575);
#1575 = CARTESIAN_POINT('',(-6.291505681818,10.533939393939,4.6));
#1576 = VERTEX_POINT('',#1577);
#1577 = CARTESIAN_POINT('',(-8.067073863636,10.533939393939,4.6));
#1578 = LINE('',#1579,#1580);
#1579 = CARTESIAN_POINT('',(-3.145752840909,10.533939393939,4.6));
#1580 = VECTOR('',#1581,1.);
#1581 = DIRECTION('',(-1.,0.,0.));
#1582 = ORIENTED_EDGE('',*,*,#1583,.T.);
#1583 = EDGE_CURVE('',#1576,#1584,#1586,.T.);
#1584 = VERTEX_POINT('',#1585);
#1585 = CARTESIAN_POINT('',(-8.067073863636,11.102121212121,4.6));
#1586 = LINE('',#1587,#1588);
#1587 = CARTESIAN_POINT('',(-8.067073863636,32.957199944446,4.6));
#1588 = VECTOR('',#1589,1.);
#1589 = DIRECTION('',(0.,1.,0.));
#1590 = ORIENTED_EDGE('',*,*,#1591,.T.);
#1591 = EDGE_CURVE('',#1584,#1592,#1594,.T.);
#1592 = VERTEX_POINT('',#1593);
#1593 = CARTESIAN_POINT('',(-6.291505681818,11.102121212121,4.6));
#1594 = LINE('',#1595,#1596);
#1595 = CARTESIAN_POINT('',(-4.033536931818,11.102121212121,4.6));
#1596 = VECTOR('',#1597,1.);
#1597 = DIRECTION('',(1.,0.,0.));
#1598 = ORIENTED_EDGE('',*,*,#1599,.T.);
#1599 = EDGE_CURVE('',#1592,#1574,#1600,.T.);
#1600 = LINE('',#1601,#1602);
#1601 = CARTESIAN_POINT('',(-6.291505681818,33.241290853537,4.6));
#1602 = VECTOR('',#1603,1.);
#1603 = DIRECTION('',(0.,-1.,0.));
#1604 = FACE_BOUND('',#1605,.T.);
#1605 = EDGE_LOOP('',(#1606,#1631,#1653,#1676,#1695,#1722,#1730,#1747,
    #1766,#1781,#1796,#1811,#1838,#1861,#1878,#1895,#1903,#1918));
#1606 = ORIENTED_EDGE('',*,*,#1607,.F.);
#1607 = EDGE_CURVE('',#1608,#1610,#1612,.T.);
#1608 = VERTEX_POINT('',#1609);
#1609 = CARTESIAN_POINT('',(-4.446098484848,12.876979166667,4.6));
#1610 = VERTEX_POINT('',#1611);
#1611 = CARTESIAN_POINT('',(-3.153484848485,13.41178030303,4.6));
#1612 = B_SPLINE_CURVE_WITH_KNOTS('',5,(#1613,#1614,#1615,#1616,#1617,
    #1618,#1619,#1620,#1621,#1622,#1623,#1624,#1625,#1626,#1627,#1628,
    #1629,#1630),.UNSPECIFIED.,.F.,.F.,(6,4,4,4,6),(0.,0.264914420468,
    0.492515627996,0.726269648187,1.),.UNSPECIFIED.);
#1613 = CARTESIAN_POINT('',(-4.446098484848,12.876979166667,4.6));
#1614 = CARTESIAN_POINT('',(-4.396401531208,12.934551176038,4.6));
#1615 = CARTESIAN_POINT('',(-4.343510342911,12.988851188315,4.6));
#1616 = CARTESIAN_POINT('',(-4.287463220311,13.039543332312,4.6));
#1617 = CARTESIAN_POINT('',(-4.228383565436,13.086355881277,4.6));
#1618 = CARTESIAN_POINT('',(-4.113358601291,13.165865239258,4.6));
#1619 = CARTESIAN_POINT('',(-4.058139004821,13.199624921124,4.6));
#1620 = CARTESIAN_POINT('',(-4.001006255261,13.23029593756,4.6));
#1621 = CARTESIAN_POINT('',(-3.942143882892,13.257851445093,4.6));
#1622 = CARTESIAN_POINT('',(-3.81973698446,13.307458535869,4.6));
#1623 = CARTESIAN_POINT('',(-3.756105515017,13.329342491645,4.6));
#1624 = CARTESIAN_POINT('',(-3.691079595243,13.348012870692,4.6));
#1625 = CARTESIAN_POINT('',(-3.624873436319,13.363579520874,4.6));
#1626 = CARTESIAN_POINT('',(-3.478995140716,13.390939306169,4.6));
#1627 = CARTESIAN_POINT('',(-3.39895593601,13.401631819563,4.6));
#1628 = CARTESIAN_POINT('',(-3.317864910739,13.4084860566,4.6));
#1629 = CARTESIAN_POINT('',(-3.235977486052,13.41178030303,4.6));
#1630 = CARTESIAN_POINT('',(-3.153484848485,13.41178030303,4.6));
#1631 = ORIENTED_EDGE('',*,*,#1632,.F.);
#1632 = EDGE_CURVE('',#1633,#1608,#1635,.T.);
#1633 = VERTEX_POINT('',#1634);
#1634 = CARTESIAN_POINT('',(-4.907746212121,11.411306818182,4.6));
#1635 = B_SPLINE_CURVE_WITH_KNOTS('',6,(#1636,#1637,#1638,#1639,#1640,
    #1641,#1642,#1643,#1644,#1645,#1646,#1647,#1648,#1649,#1650,#1651,
    #1652),.UNSPECIFIED.,.F.,.F.,(7,5,5,7),(0.,0.411583421881,
    0.71075153307,1.),.UNSPECIFIED.);
#1636 = CARTESIAN_POINT('',(-4.907746212121,11.411306818182,4.6));
#1637 = CARTESIAN_POINT('',(-4.907746212121,11.523897546154,4.6));
#1638 = CARTESIAN_POINT('',(-4.903694080783,11.635703924808,4.6));
#1639 = CARTESIAN_POINT('',(-4.895226194372,11.746506052782,4.6));
#1640 = CARTESIAN_POINT('',(-4.881943567744,11.855993165305,4.6));
#1641 = CARTESIAN_POINT('',(-4.86343117381,11.963769081854,4.6));
#1642 = CARTESIAN_POINT('',(-4.821791654863,12.146128543921,4.6));
#1643 = CARTESIAN_POINT('',(-4.801306373727,12.221735444016,4.6));
#1644 = CARTESIAN_POINT('',(-4.777723266583,12.296005390834,4.6));
#1645 = CARTESIAN_POINT('',(-4.750916739636,12.368730066929,4.6));
#1646 = CARTESIAN_POINT('',(-4.720794685167,12.439688107668,4.6));
#1647 = CARTESIAN_POINT('',(-4.654951696406,12.575334926141,4.6));
#1648 = CARTESIAN_POINT('',(-4.619447292162,12.640158529636,4.6));
#1649 = CARTESIAN_POINT('',(-4.58077292816,12.702915548069,4.6));
#1650 = CARTESIAN_POINT('',(-4.538938588084,12.763412617631,4.6));
#1651 = CARTESIAN_POINT('',(-4.494006023426,12.821480125822,4.6));
#1652 = CARTESIAN_POINT('',(-4.446098484848,12.876979166667,4.6));
#1653 = ORIENTED_EDGE('',*,*,#1654,.F.);
#1654 = EDGE_CURVE('',#1655,#1633,#1657,.T.);
#1655 = VERTEX_POINT('',#1656);
#1656 = CARTESIAN_POINT('',(-4.426685606061,9.931429924242,4.6));
#1657 = B_SPLINE_CURVE_WITH_KNOTS('',5,(#1658,#1659,#1660,#1661,#1662,
    #1663,#1664,#1665,#1666,#1667,#1668,#1669,#1670,#1671,#1672,#1673,
    #1674,#1675),.UNSPECIFIED.,.F.,.F.,(6,4,4,4,6),(0.,
    7.770021712608E-02,0.354097344841,0.639732676449,1.),.UNSPECIFIED.);
#1658 = CARTESIAN_POINT('',(-4.426685606061,9.931429924242,4.6));
#1659 = CARTESIAN_POINT('',(-4.442448303468,9.949768022998,4.6));
#1660 = CARTESIAN_POINT('',(-4.457900238443,9.968362076445,4.6));
#1661 = CARTESIAN_POINT('',(-4.4730364434,9.987208199818,4.6));
#1662 = CARTESIAN_POINT('',(-4.487852570958,10.006301967282,4.6));
#1663 = CARTESIAN_POINT('',(-4.553897342492,10.094422489495,4.6));
#1664 = CARTESIAN_POINT('',(-4.601355094383,10.166280885827,4.6));
#1665 = CARTESIAN_POINT('',(-4.6445422577,10.240980798903,4.6));
#1666 = CARTESIAN_POINT('',(-4.683414694554,10.318232437765,4.6));
#1667 = CARTESIAN_POINT('',(-4.753789274092,10.479847744381,4.6));
#1668 = CARTESIAN_POINT('',(-4.785004014984,10.564368616129,4.6));
#1669 = CARTESIAN_POINT('',(-4.811727640569,10.650926203614,4.6));
#1670 = CARTESIAN_POINT('',(-4.834140187973,10.739180569861,4.6));
#1671 = CARTESIAN_POINT('',(-4.875571568321,10.941914522827,4.6));
#1672 = CARTESIAN_POINT('',(-4.892173111448,11.057220026266,4.6));
#1673 = CARTESIAN_POINT('',(-4.902718049196,11.174174236459,4.6));
#1674 = CARTESIAN_POINT('',(-4.907746212121,11.29230969412,4.6));
#1675 = CARTESIAN_POINT('',(-4.907746212121,11.411306818182,4.6));
#1676 = ORIENTED_EDGE('',*,*,#1677,.F.);
#1677 = EDGE_CURVE('',#1678,#1655,#1680,.T.);
#1678 = VERTEX_POINT('',#1679);
#1679 = CARTESIAN_POINT('',(-3.125075757576,9.371770833333,4.6));
#1680 = B_SPLINE_CURVE_WITH_KNOTS('',5,(#1681,#1682,#1683,#1684,#1685,
    #1686,#1687,#1688,#1689,#1690,#1691,#1692,#1693,#1694),
  .UNSPECIFIED.,.F.,.F.,(6,4,4,6),(0.,0.234207259345,0.656073710179,1.),
  .UNSPECIFIED.);
#1681 = CARTESIAN_POINT('',(-3.125075757576,9.371770833333,4.6));
#1682 = CARTESIAN_POINT('',(-3.196026731764,9.371770833333,4.6));
#1683 = CARTESIAN_POINT('',(-3.266548376651,9.374387641707,4.6));
#1684 = CARTESIAN_POINT('',(-3.33651005542,9.379791373938,4.6));
#1685 = CARTESIAN_POINT('',(-3.405748602526,9.388151303657,4.6));
#1686 = CARTESIAN_POINT('',(-3.597151602027,9.420227934235,4.6));
#1687 = CARTESIAN_POINT('',(-3.717317620368,9.450890187926,4.6));
#1688 = CARTESIAN_POINT('',(-3.83336047249,9.492366350103,4.6));
#1689 = CARTESIAN_POINT('',(-3.944017512673,9.545027079489,4.6));
#1690 = CARTESIAN_POINT('',(-4.133222014744,9.659750320702,4.6));
#1691 = CARTESIAN_POINT('',(-4.213955743237,9.718296928869,4.6));
#1692 = CARTESIAN_POINT('',(-4.289893933,9.783534449702,4.6));
#1693 = CARTESIAN_POINT('',(-4.360812251253,9.854831492976,4.6));
#1694 = CARTESIAN_POINT('',(-4.426685606061,9.931429924242,4.6));
#1695 = ORIENTED_EDGE('',*,*,#1696,.F.);
#1696 = EDGE_CURVE('',#1697,#1678,#1699,.T.);
#1697 = VERTEX_POINT('',#1698);
#1698 = CARTESIAN_POINT('',(-1.544820075758,10.405151515152,4.6));
#1699 = B_SPLINE_CURVE_WITH_KNOTS('',5,(#1700,#1701,#1702,#1703,#1704,
    #1705,#1706,#1707,#1708,#1709,#1710,#1711,#1712,#1713,#1714,#1715,
    #1716,#1717,#1718,#1719,#1720,#1721),.UNSPECIFIED.,.F.,.F.,(6,4,4,4,
    4,6),(0.,0.237490096024,0.358960717896,0.598572931335,0.860943570954
    ,1.),.UNSPECIFIED.);
#1700 = CARTESIAN_POINT('',(-1.544820075758,10.405151515152,4.6));
#1701 = CARTESIAN_POINT('',(-1.589278584998,10.318323151467,4.6));
#1702 = CARTESIAN_POINT('',(-1.637196221381,10.233798241399,4.6));
#1703 = CARTESIAN_POINT('',(-1.688838769582,10.151993972254,4.6));
#1704 = CARTESIAN_POINT('',(-1.744457146943,10.073474610411,4.6));
#1705 = CARTESIAN_POINT('',(-1.834736890246,9.960709372518,4.6));
#1706 = CARTESIAN_POINT('',(-1.866361760098,9.923574837796,4.6));
#1707 = CARTESIAN_POINT('',(-1.8990776916,9.887550196657,4.6));
#1708 = CARTESIAN_POINT('',(-1.932891662849,9.852725210559,4.6));
#1709 = CARTESIAN_POINT('',(-2.036644787873,9.753031116632,4.6));
#1710 = CARTESIAN_POINT('',(-2.109746911275,9.691870361898,4.6));
#1711 = CARTESIAN_POINT('',(-2.187004066304,9.636412025802,4.6));
#1712 = CARTESIAN_POINT('',(-2.26813713356,9.587238860129,4.6));
#1713 = CARTESIAN_POINT('',(-2.445021787416,9.497986264,4.6));
#1714 = CARTESIAN_POINT('',(-2.5414645644,9.459196780718,4.6));
#1715 = CARTESIAN_POINT('',(-2.641138934456,9.428656535981,4.6));
#1716 = CARTESIAN_POINT('',(-2.743205911119,9.406146590152,4.6));
#1717 = CARTESIAN_POINT('',(-2.901799924929,9.383226831474,4.6));
#1718 = CARTESIAN_POINT('',(-2.95719210163,9.377401226875,4.6));
#1719 = CARTESIAN_POINT('',(-3.012929404505,9.373614435253,4.6));
#1720 = CARTESIAN_POINT('',(-3.068916732484,9.371770833333,4.6));
#1721 = CARTESIAN_POINT('',(-3.125075757576,9.371770833333,4.6));
#1722 = ORIENTED_EDGE('',*,*,#1723,.T.);
#1723 = EDGE_CURVE('',#1697,#1724,#1726,.T.);
#1724 = VERTEX_POINT('',#1725);
#1725 = CARTESIAN_POINT('',(-0.99084280303,10.129346590909,4.6));
#1726 = LINE('',#1727,#1728);
#1727 = CARTESIAN_POINT('',(-9.897761428933,14.563774026455,4.6));
#1728 = VECTOR('',#1729,1.);
#1729 = DIRECTION('',(0.895191002499,-0.445682699962,0.));
#1730 = ORIENTED_EDGE('',*,*,#1731,.F.);
#1731 = EDGE_CURVE('',#1732,#1724,#1734,.T.);
#1732 = VERTEX_POINT('',#1733);
#1733 = CARTESIAN_POINT('',(-1.859214015152,9.149943181818,4.6));
#1734 = B_SPLINE_CURVE_WITH_KNOTS('',6,(#1735,#1736,#1737,#1738,#1739,
    #1740,#1741,#1742,#1743,#1744,#1745,#1746),.UNSPECIFIED.,.F.,.F.,(7,
    5,7),(0.,0.230406588604,1.),.UNSPECIFIED.);
#1735 = CARTESIAN_POINT('',(-1.859214015152,9.149943181818,4.6));
#1736 = CARTESIAN_POINT('',(-1.815765001073,9.176034654936,4.6));
#1737 = CARTESIAN_POINT('',(-1.773111969512,9.203305496048,4.6));
#1738 = CARTESIAN_POINT('',(-1.73129025448,9.231750557221,4.6));
#1739 = CARTESIAN_POINT('',(-1.690332052224,9.261359448895,4.6));
#1740 = CARTESIAN_POINT('',(-1.650266421225,9.292116539887,4.6));
#1741 = CARTESIAN_POINT('',(-1.480361822295,9.430499811357,4.6));
#1742 = CARTESIAN_POINT('',(-1.359807960076,9.549610173714,4.6));
#1743 = CARTESIAN_POINT('',(-1.250539159066,9.680477209298,4.6));
#1744 = CARTESIAN_POINT('',(-1.152826968913,9.821758955556,4.6));
#1745 = CARTESIAN_POINT('',(-1.066436656739,9.971902840427,4.6));
#1746 = CARTESIAN_POINT('',(-0.99084280303,10.129346590909,4.6));
#1747 = ORIENTED_EDGE('',*,*,#1748,.F.);
#1748 = EDGE_CURVE('',#1749,#1732,#1751,.T.);
#1749 = VERTEX_POINT('',#1750);
#1750 = CARTESIAN_POINT('',(-3.157035984848,8.814242424242,4.6));
#1751 = B_SPLINE_CURVE_WITH_KNOTS('',5,(#1752,#1753,#1754,#1755,#1756,
    #1757,#1758,#1759,#1760,#1761,#1762,#1763,#1764,#1765),
  .UNSPECIFIED.,.F.,.F.,(6,4,4,6),(0.,0.468796748972,0.91621801465,1.),
  .UNSPECIFIED.);
#1752 = CARTESIAN_POINT('',(-3.157035984848,8.814242424242,4.6));
#1753 = CARTESIAN_POINT('',(-3.02611116606,8.814242424242,4.6));
#1754 = CARTESIAN_POINT('',(-2.896290074418,8.820834694234,4.6));
#1755 = CARTESIAN_POINT('',(-2.767991413754,8.834504709106,4.6));
#1756 = CARTESIAN_POINT('',(-2.641733021494,8.855700507069,4.6));
#1757 = CARTESIAN_POINT('',(-2.400079553711,8.912299741473,4.6));
#1758 = CARTESIAN_POINT('',(-2.284441680031,8.947013310465,4.6));
#1759 = CARTESIAN_POINT('',(-2.171689695179,8.989004740994,4.6));
#1760 = CARTESIAN_POINT('',(-2.062309455475,9.038304231244,4.6));
#1761 = CARTESIAN_POINT('',(-1.93694919297,9.105243182384,4.6));
#1762 = CARTESIAN_POINT('',(-1.917309946093,9.116049321796,4.6));
#1763 = CARTESIAN_POINT('',(-1.897806043788,9.127102513448,4.6));
#1764 = CARTESIAN_POINT('',(-1.878439959952,9.138401103187,4.6));
#1765 = CARTESIAN_POINT('',(-1.859214015152,9.149943181818,4.6));
#1766 = ORIENTED_EDGE('',*,*,#1767,.F.);
#1767 = EDGE_CURVE('',#1768,#1749,#1770,.T.);
#1768 = VERTEX_POINT('',#1769);
#1769 = CARTESIAN_POINT('',(-4.465748106061,9.128636363636,4.6));
#1770 = B_SPLINE_CURVE_WITH_KNOTS('',5,(#1771,#1772,#1773,#1774,#1775,
    #1776,#1777,#1778,#1779,#1780),.UNSPECIFIED.,.F.,.F.,(6,4,6),(0.,
    0.487300995485,1.),.UNSPECIFIED.);
#1771 = CARTESIAN_POINT('',(-4.465748106061,9.128636363636,4.6));
#1772 = CARTESIAN_POINT('',(-4.353270249948,9.064611248798,4.6));
#1773 = CARTESIAN_POINT('',(-4.235797953821,9.008903252359,4.6));
#1774 = CARTESIAN_POINT('',(-4.113933970093,8.961737667497,4.6));
#1775 = CARTESIAN_POINT('',(-3.988368762335,8.922958892199,4.6));
#1776 = CARTESIAN_POINT('',(-3.724513432307,8.859865416717,4.6));
#1777 = CARTESIAN_POINT('',(-3.585889230906,8.836407578046,4.6));
#1778 = CARTESIAN_POINT('',(-3.444684765738,8.821417416141,4.6));
#1779 = CARTESIAN_POINT('',(-3.301567700526,8.814242424242,4.6));
#1780 = CARTESIAN_POINT('',(-3.157035984848,8.814242424242,4.6));
#1781 = ORIENTED_EDGE('',*,*,#1782,.F.);
#1782 = EDGE_CURVE('',#1783,#1768,#1785,.T.);
#1783 = VERTEX_POINT('',#1784);
#1784 = CARTESIAN_POINT('',(-5.307367424242,10.027310606061,4.6));
#1785 = B_SPLINE_CURVE_WITH_KNOTS('',5,(#1786,#1787,#1788,#1789,#1790,
    #1791,#1792,#1793,#1794,#1795),.UNSPECIFIED.,.F.,.F.,(6,4,6),(0.,
    0.577357547483,1.),.UNSPECIFIED.);
#1786 = CARTESIAN_POINT('',(-5.307367424242,10.027310606061,4.6));
#1787 = CARTESIAN_POINT('',(-5.242233375693,9.895870841694,4.6));
#1788 = CARTESIAN_POINT('',(-5.16767394846,9.770705194943,4.6));
#1789 = CARTESIAN_POINT('',(-5.083410400103,9.652990743852,4.6));
#1790 = CARTESIAN_POINT('',(-4.989518031369,9.543780201057,4.6));
#1791 = CARTESIAN_POINT('',(-4.811460307501,9.370544939231,4.6));
#1792 = CARTESIAN_POINT('',(-4.731417742113,9.302241326208,4.6));
#1793 = CARTESIAN_POINT('',(-4.646857096903,9.239115534687,4.6));
#1794 = CARTESIAN_POINT('',(-4.558153787138,9.181258466754,4.6));
#1795 = CARTESIAN_POINT('',(-4.465748106061,9.128636363636,4.6));
#1796 = ORIENTED_EDGE('',*,*,#1797,.F.);
#1797 = EDGE_CURVE('',#1798,#1783,#1800,.T.);
#1798 = VERTEX_POINT('',#1799);
#1799 = CARTESIAN_POINT('',(-5.596666666667,11.411306818182,4.6));
#1800 = B_SPLINE_CURVE_WITH_KNOTS('',5,(#1801,#1802,#1803,#1804,#1805,
    #1806,#1807,#1808,#1809,#1810),.UNSPECIFIED.,.F.,.F.,(6,4,6),(0.,
    0.517549876076,1.),.UNSPECIFIED.);
#1801 = CARTESIAN_POINT('',(-5.596666666667,11.411306818182,4.6));
#1802 = CARTESIAN_POINT('',(-5.596666666667,11.258359421097,4.6));
#1803 = CARTESIAN_POINT('',(-5.590048645616,11.106796580181,4.6));
#1804 = CARTESIAN_POINT('',(-5.576204162077,10.957053174442,4.6));
#1805 = CARTESIAN_POINT('',(-5.554477424534,10.809735557674,4.6));
#1806 = CARTESIAN_POINT('',(-5.496250053866,10.531178103562,4.6));
#1807 = CARTESIAN_POINT('',(-5.46085078327,10.399522171063,4.6));
#1808 = CARTESIAN_POINT('',(-5.417726194739,10.271209723468,4.6));
#1809 = CARTESIAN_POINT('',(-5.366566829608,10.146920533923,4.6));
#1810 = CARTESIAN_POINT('',(-5.307367424242,10.027310606061,4.6));
#1811 = ORIENTED_EDGE('',*,*,#1812,.F.);
#1812 = EDGE_CURVE('',#1813,#1798,#1815,.T.);
#1813 = VERTEX_POINT('',#1814);
#1814 = CARTESIAN_POINT('',(-4.950359848485,13.287017045455,4.6));
#1815 = B_SPLINE_CURVE_WITH_KNOTS('',6,(#1816,#1817,#1818,#1819,#1820,
    #1821,#1822,#1823,#1824,#1825,#1826,#1827,#1828,#1829,#1830,#1831,
    #1832,#1833,#1834,#1835,#1836,#1837),.UNSPECIFIED.,.F.,.F.,(7,5,5,5,
    7),(0.,8.974463901481E-02,0.350466776422,0.622956361965,1.),
  .UNSPECIFIED.);
#1816 = CARTESIAN_POINT('',(-4.950359848485,13.287017045455,4.6));
#1817 = CARTESIAN_POINT('',(-4.971003077678,13.265345435613,4.6));
#1818 = CARTESIAN_POINT('',(-4.99127378725,13.243332089155,4.6));
#1819 = CARTESIAN_POINT('',(-5.011164619979,13.220981634233,4.6));
#1820 = CARTESIAN_POINT('',(-5.030668892578,13.19829936929,4.6));
#1821 = CARTESIAN_POINT('',(-5.049780595702,13.175291263054,4.6));
#1822 = CARTESIAN_POINT('',(-5.12286088902,13.084194494429,4.6));
#1823 = CARTESIAN_POINT('',(-5.173872426587,13.013726925301,4.6));
#1824 = CARTESIAN_POINT('',(-5.221391170586,12.940731661248,4.6));
#1825 = CARTESIAN_POINT('',(-5.265348565548,12.865408878879,4.6));
#1826 = CARTESIAN_POINT('',(-5.305734207278,12.78798124403,4.6));
#1827 = CARTESIAN_POINT('',(-5.381098432701,12.625813145613,4.6));
#1828 = CARTESIAN_POINT('',(-5.415753417063,12.540894042671,4.6));
#1829 = CARTESIAN_POINT('',(-5.446595549173,12.454191308576,4.6));
#1830 = CARTESIAN_POINT('',(-5.473732687567,12.365958201911,4.6));
#1831 = CARTESIAN_POINT('',(-5.497311464127,12.276429252165,4.6));
#1832 = CARTESIAN_POINT('',(-5.545420754092,12.060420805966,4.6));
#1833 = CARTESIAN_POINT('',(-5.566843829312,11.932951229575,4.6));
#1834 = CARTESIAN_POINT('',(-5.582202798763,11.803921439222,4.6));
#1835 = CARTESIAN_POINT('',(-5.591987403495,11.673766091166,4.6));
#1836 = CARTESIAN_POINT('',(-5.596666666667,11.542818675251,4.6));
#1837 = CARTESIAN_POINT('',(-5.596666666667,11.411306818182,4.6));
#1838 = ORIENTED_EDGE('',*,*,#1839,.F.);
#1839 = EDGE_CURVE('',#1840,#1813,#1842,.T.);
#1840 = VERTEX_POINT('',#1841);
#1841 = CARTESIAN_POINT('',(-3.160587121212,13.965757575758,4.6));
#1842 = B_SPLINE_CURVE_WITH_KNOTS('',5,(#1843,#1844,#1845,#1846,#1847,
    #1848,#1849,#1850,#1851,#1852,#1853,#1854,#1855,#1856,#1857,#1858,
    #1859,#1860),.UNSPECIFIED.,.F.,.F.,(6,4,4,4,6),(0.,0.321996524619,
    0.57229999415,0.812196521558,1.),.UNSPECIFIED.);
#1843 = CARTESIAN_POINT('',(-3.160587121212,13.965757575758,4.6));
#1844 = CARTESIAN_POINT('',(-3.2910080993,13.965757575758,4.6));
#1845 = CARTESIAN_POINT('',(-3.420776189928,13.96023840842,4.6));
#1846 = CARTESIAN_POINT('',(-3.549555576995,13.948629658004,4.6));
#1847 = CARTESIAN_POINT('',(-3.676826382473,13.930288794784,4.6));
#1848 = CARTESIAN_POINT('',(-3.899165492194,13.884756921387,4.6));
#1849 = CARTESIAN_POINT('',(-3.995092729761,13.860446184003,4.6));
#1850 = CARTESIAN_POINT('',(-4.089379262313,13.831488417101,4.6));
#1851 = CARTESIAN_POINT('',(-4.181643843313,13.797676557714,4.6));
#1852 = CARTESIAN_POINT('',(-4.357594958308,13.721819137159,4.6));
#1853 = CARTESIAN_POINT('',(-4.441485006232,13.680171800308,4.6));
#1854 = CARTESIAN_POINT('',(-4.522795278365,13.633944584505,4.6));
#1855 = CARTESIAN_POINT('',(-4.601197062638,13.583187516533,4.6));
#1856 = CARTESIAN_POINT('',(-4.735309702311,13.484973866005,4.6));
#1857 = CARTESIAN_POINT('',(-4.792254823905,13.439191107481,4.6));
#1858 = CARTESIAN_POINT('',(-4.8471283511,13.39084435183,4.6));
#1859 = CARTESIAN_POINT('',(-4.899846144864,13.34006568585,4.6));
#1860 = CARTESIAN_POINT('',(-4.950359848485,13.287017045455,4.6));
#1861 = ORIENTED_EDGE('',*,*,#1862,.F.);
#1862 = EDGE_CURVE('',#1863,#1840,#1865,.T.);
#1863 = VERTEX_POINT('',#1864);
#1864 = CARTESIAN_POINT('',(-1.825359848485,13.652784090909,4.6));
#1865 = B_SPLINE_CURVE_WITH_KNOTS('',6,(#1866,#1867,#1868,#1869,#1870,
    #1871,#1872,#1873,#1874,#1875,#1876,#1877),.UNSPECIFIED.,.F.,.F.,(7,
    5,7),(0.,0.480472125957,1.),.UNSPECIFIED.);
#1866 = CARTESIAN_POINT('',(-1.825359848485,13.652784090909,4.6));
#1867 = CARTESIAN_POINT('',(-1.917550251163,13.706592352428,4.6));
#1868 = CARTESIAN_POINT('',(-2.01376207717,13.754476470221,4.6));
#1869 = CARTESIAN_POINT('',(-2.11356050419,13.796400183579,4.6));
#1870 = CARTESIAN_POINT('',(-2.21648588482,13.832490019136,4.6));
#1871 = CARTESIAN_POINT('',(-2.322086109228,13.86297709079,4.6));
#1872 = CARTESIAN_POINT('',(-2.546579587097,13.915346016003,4.6));
#1873 = CARTESIAN_POINT('',(-2.665858733849,13.936328145998,4.6));
#1874 = CARTESIAN_POINT('',(-2.78729270543,13.951444719981,4.6));
#1875 = CARTESIAN_POINT('',(-2.910446753999,13.961115888375,4.6));
#1876 = CARTESIAN_POINT('',(-3.034966779745,13.965757575758,4.6));
#1877 = CARTESIAN_POINT('',(-3.160587121212,13.965757575758,4.6));
#1878 = ORIENTED_EDGE('',*,*,#1879,.F.);
#1879 = EDGE_CURVE('',#1880,#1863,#1882,.T.);
#1880 = VERTEX_POINT('',#1881);
#1881 = CARTESIAN_POINT('',(-1.037007575758,12.724517045455,4.6));
#1882 = B_SPLINE_CURVE_WITH_KNOTS('',6,(#1883,#1884,#1885,#1886,#1887,
    #1888,#1889,#1890,#1891,#1892,#1893,#1894),.UNSPECIFIED.,.F.,.F.,(7,
    5,7),(0.,0.667291572304,1.),.UNSPECIFIED.);
#1883 = CARTESIAN_POINT('',(-1.037007575758,12.724517045455,4.6));
#1884 = CARTESIAN_POINT('',(-1.090715616372,12.855584836588,4.6));
#1885 = CARTESIAN_POINT('',(-1.153314801967,12.981244062189,4.6));
#1886 = CARTESIAN_POINT('',(-1.225240504061,13.100369640268,4.6));
#1887 = CARTESIAN_POINT('',(-1.306709223669,13.21185367353,4.6));
#1888 = CARTESIAN_POINT('',(-1.397567390664,13.314729975551,4.6));
#1889 = CARTESIAN_POINT('',(-1.546714000831,13.455006295757,4.6));
#1890 = CARTESIAN_POINT('',(-1.598498767774,13.499380203301,4.6));
#1891 = CARTESIAN_POINT('',(-1.652364062058,13.54137915662,4.6));
#1892 = CARTESIAN_POINT('',(-1.708209220852,13.580955830277,4.6));
#1893 = CARTESIAN_POINT('',(-1.765917683065,13.618089811578,4.6));
#1894 = CARTESIAN_POINT('',(-1.825359848485,13.652784090909,4.6));
#1895 = ORIENTED_EDGE('',*,*,#1896,.T.);
#1896 = EDGE_CURVE('',#1880,#1897,#1899,.T.);
#1897 = VERTEX_POINT('',#1898);
#1898 = CARTESIAN_POINT('',(-1.679763257576,12.511212121212,4.6));
#1899 = LINE('',#1900,#1901);
#1900 = CARTESIAN_POINT('',(5.805792683763,14.995368991616,4.6));
#1901 = VECTOR('',#1902,1.);
#1902 = DIRECTION('',(-0.949101955909,-0.314969010046,0.));
#1903 = ORIENTED_EDGE('',*,*,#1904,.F.);
#1904 = EDGE_CURVE('',#1905,#1897,#1907,.T.);
#1905 = VERTEX_POINT('',#1906);
#1906 = CARTESIAN_POINT('',(-2.239185606061,13.180246212121,4.6));
#1907 = B_SPLINE_CURVE_WITH_KNOTS('',5,(#1908,#1909,#1910,#1911,#1912,
    #1913,#1914,#1915,#1916,#1917),.UNSPECIFIED.,.F.,.F.,(6,4,6),(0.,
    0.384265906332,1.),.UNSPECIFIED.);
#1908 = CARTESIAN_POINT('',(-2.239185606061,13.180246212121,4.6));
#1909 = CARTESIAN_POINT('',(-2.180252702425,13.144879230026,4.6));
#1910 = CARTESIAN_POINT('',(-2.123986810565,13.106242159154,4.6));
#1911 = CARTESIAN_POINT('',(-2.070604592038,13.064325344231,4.6));
#1912 = CARTESIAN_POINT('',(-2.020282871154,13.019178198579,4.6));
#1913 = CARTESIAN_POINT('',(-1.897608598248,12.893608423503,4.6));
#1914 = CARTESIAN_POINT('',(-1.830228552843,12.808302143593,4.6));
#1915 = CARTESIAN_POINT('',(-1.771533099499,12.715538764647,4.6));
#1916 = CARTESIAN_POINT('',(-1.721489766953,12.616181258407,4.6));
#1917 = CARTESIAN_POINT('',(-1.679763257576,12.511212121212,4.6));
#1918 = ORIENTED_EDGE('',*,*,#1919,.F.);
#1919 = EDGE_CURVE('',#1610,#1905,#1920,.T.);
#1920 = B_SPLINE_CURVE_WITH_KNOTS('',5,(#1921,#1922,#1923,#1924,#1925,
    #1926,#1927,#1928,#1929,#1930),.UNSPECIFIED.,.F.,.F.,(6,4,6),(0.,
    0.510164513853,1.),.UNSPECIFIED.);
#1921 = CARTESIAN_POINT('',(-3.153484848485,13.41178030303,4.6));
#1922 = CARTESIAN_POINT('',(-3.050909026952,13.41178030303,4.6));
#1923 = CARTESIAN_POINT('',(-2.949925749621,13.406341614576,4.6));
#1924 = CARTESIAN_POINT('',(-2.850890453333,13.395086243761,4.6));
#1925 = CARTESIAN_POINT('',(-2.754220711492,13.377668190294,4.6));
#1926 = CARTESIAN_POINT('',(-2.570220589658,13.331072613092,4.6));
#1927 = CARTESIAN_POINT('',(-2.482665048518,13.302389908869,4.6));
#1928 = CARTESIAN_POINT('',(-2.398079272763,13.267682214716,4.6));
#1929 = CARTESIAN_POINT('',(-2.31682272532,13.226914376003,4.6));
#1930 = CARTESIAN_POINT('',(-2.239185606061,13.180246212121,4.6));
#1931 = FACE_BOUND('',#1932,.T.);
#1932 = EDGE_LOOP('',(#1933,#1958,#1980,#1997,#2016,#2024,#2055,#2070,
    #2087,#2102,#2119,#2127,#2135,#2143,#2160,#2175,#2192,#2209,#2228,
    #2245,#2253,#2270,#2287,#2304,#2323,#2340,#2355,#2363,#2380));
#1933 = ORIENTED_EDGE('',*,*,#1934,.F.);
#1934 = EDGE_CURVE('',#1935,#1937,#1939,.T.);
#1935 = VERTEX_POINT('',#1936);
#1936 = CARTESIAN_POINT('',(2.576392045455,9.194214015152,4.6));
#1937 = VERTEX_POINT('',#1938);
#1938 = CARTESIAN_POINT('',(3.016732954545,10.266420454545,4.6));
#1939 = B_SPLINE_CURVE_WITH_KNOTS('',5,(#1940,#1941,#1942,#1943,#1944,
    #1945,#1946,#1947,#1948,#1949,#1950,#1951,#1952,#1953,#1954,#1955,
    #1956,#1957),.UNSPECIFIED.,.F.,.F.,(6,4,4,4,6),(0.,0.250694386534,
    0.470982124819,0.725475265418,1.),.UNSPECIFIED.);
#1940 = CARTESIAN_POINT('',(2.576392045455,9.194214015152,4.6));
#1941 = CARTESIAN_POINT('',(2.621331273421,9.232992219929,4.6));
#1942 = CARTESIAN_POINT('',(2.663772760162,9.274121264076,4.6));
#1943 = CARTESIAN_POINT('',(2.703512189367,9.317572790513,4.6));
#1944 = CARTESIAN_POINT('',(2.740387381223,9.363268534045,4.6));
#1945 = CARTESIAN_POINT('',(2.804093923251,9.453063960255,4.6));
#1946 = CARTESIAN_POINT('',(2.831602813476,9.496687535285,4.6));
#1947 = CARTESIAN_POINT('',(2.856755051356,9.541839399474,4.6));
#1948 = CARTESIAN_POINT('',(2.879529632368,9.58840123287,4.6));
#1949 = CARTESIAN_POINT('',(2.923527231261,9.69150392647,4.6));
#1950 = CARTESIAN_POINT('',(2.9439612178,9.748474144743,4.6));
#1951 = CARTESIAN_POINT('',(2.961272433204,9.806944619457,4.6));
#1952 = CARTESIAN_POINT('',(2.975562743676,9.866706589002,4.6));
#1953 = CARTESIAN_POINT('',(2.999266637321,9.993218523934,4.6));
#1954 = CARTESIAN_POINT('',(3.00820800754,10.060149463189,4.6));
#1955 = CARTESIAN_POINT('',(3.01395985219,10.128123834455,4.6));
#1956 = CARTESIAN_POINT('',(3.016732954545,10.196934952062,4.6));
#1957 = CARTESIAN_POINT('',(3.016732954545,10.266420454545,4.6));
#1958 = ORIENTED_EDGE('',*,*,#1959,.F.);
#1959 = EDGE_CURVE('',#1960,#1935,#1962,.T.);
#1960 = VERTEX_POINT('',#1961);
#1961 = CARTESIAN_POINT('',(1.319289772727,8.814242424242,4.6));
#1962 = B_SPLINE_CURVE_WITH_KNOTS('',6,(#1963,#1964,#1965,#1966,#1967,
    #1968,#1969,#1970,#1971,#1972,#1973,#1974,#1975,#1976,#1977,#1978,
    #1979),.UNSPECIFIED.,.F.,.F.,(7,5,5,7),(0.,0.453500789446,
    0.78951970959,1.),.UNSPECIFIED.);
#1963 = CARTESIAN_POINT('',(1.319289772727,8.814242424242,4.6));
#1964 = CARTESIAN_POINT('',(1.42729114555,8.814242424242,4.6));
#1965 = CARTESIAN_POINT('',(1.534207558987,8.818228673989,4.6));
#1966 = CARTESIAN_POINT('',(1.639783199899,8.826597968316,4.6));
#1967 = CARTESIAN_POINT('',(1.743646518691,8.839796718317,4.6));
#1968 = CARTESIAN_POINT('',(1.845316959527,8.858302350337,4.6));
#1969 = CARTESIAN_POINT('',(2.017522635312,8.900519987696,4.6));
#1970 = CARTESIAN_POINT('',(2.089296366336,8.921640599251,4.6));
#1971 = CARTESIAN_POINT('',(2.159313067435,8.946086771705,4.6));
#1972 = CARTESIAN_POINT('',(2.227299061994,8.974016329852,4.6));
#1973 = CARTESIAN_POINT('',(2.292965843307,9.005541697687,4.6));
#1974 = CARTESIAN_POINT('',(2.395530986687,9.062722000477,4.6));
#1975 = CARTESIAN_POINT('',(2.434012380901,9.086170158798,4.6));
#1976 = CARTESIAN_POINT('',(2.471402276367,9.111052233938,4.6));
#1977 = CARTESIAN_POINT('',(2.50763436315,9.137366003554,4.6));
#1978 = CARTESIAN_POINT('',(2.542648418126,9.165096530279,4.6));
#1979 = CARTESIAN_POINT('',(2.576392045455,9.194214015152,4.6));
#1980 = ORIENTED_EDGE('',*,*,#1981,.F.);
#1981 = EDGE_CURVE('',#1982,#1960,#1984,.T.);
#1982 = VERTEX_POINT('',#1983);
#1983 = CARTESIAN_POINT('',(0.106458333333,9.156808712121,4.6));
#1984 = B_SPLINE_CURVE_WITH_KNOTS('',6,(#1985,#1986,#1987,#1988,#1989,
    #1990,#1991,#1992,#1993,#1994,#1995,#1996),.UNSPECIFIED.,.F.,.F.,(7,
    5,7),(0.,0.478030205304,1.),.UNSPECIFIED.);
#1985 = CARTESIAN_POINT('',(0.106458333333,9.156808712121,4.6));
#1986 = CARTESIAN_POINT('',(0.18410219183,9.098078621559,4.6));
#1987 = CARTESIAN_POINT('',(0.266867488841,9.045611829374,4.6));
#1988 = CARTESIAN_POINT('',(0.35427479115,8.999627455984,4.6));
#1989 = CARTESIAN_POINT('',(0.445750007247,8.960065578786,4.6));
#1990 = CARTESIAN_POINT('',(0.54069523251,8.926697477857,4.6));
#1991 = CARTESIAN_POINT('',(0.745372634633,8.86917549776,4.6));
#1992 = CARTESIAN_POINT('',(0.855673350198,8.84614733156,4.6));
#1993 = CARTESIAN_POINT('',(0.968756975655,8.829679785061,4.6));
#1994 = CARTESIAN_POINT('',(1.084018248721,8.819224299337,4.6));
#1995 = CARTESIAN_POINT('',(1.20097659289,8.814242424242,4.6));
#1996 = CARTESIAN_POINT('',(1.319289772727,8.814242424242,4.6));
#1997 = ORIENTED_EDGE('',*,*,#1998,.F.);
#1998 = EDGE_CURVE('',#1999,#1982,#2001,.T.);
#1999 = VERTEX_POINT('',#2000);
#2000 = CARTESIAN_POINT('',(-0.431420454545,10.170776515152,4.6));
#2001 = B_SPLINE_CURVE_WITH_KNOTS('',5,(#2002,#2003,#2004,#2005,#2006,
    #2007,#2008,#2009,#2010,#2011,#2012,#2013,#2014,#2015),
  .UNSPECIFIED.,.F.,.F.,(6,4,4,6),(0.,0.28397720013,0.784468906728,1.),
  .UNSPECIFIED.);
#2002 = CARTESIAN_POINT('',(-0.431420454545,10.170776515152,4.6));
#2003 = CARTESIAN_POINT('',(-0.422515856168,10.100652802928,4.6));
#2004 = CARTESIAN_POINT('',(-0.410949046162,10.03154613665,4.6));
#2005 = CARTESIAN_POINT('',(-0.396548406614,9.963634805011,4.6));
#2006 = CARTESIAN_POINT('',(-0.379145232285,9.897135428674,4.6));
#2007 = CARTESIAN_POINT('',(-0.322424868676,9.717990555672,4.6));
#2008 = CARTESIAN_POINT('',(-0.276500896323,9.608771092776,4.6));
#2009 = CARTESIAN_POINT('',(-0.22017327992,9.506047564149,4.6));
#2010 = CARTESIAN_POINT('',(-0.153199025213,9.411216843286,4.6));
#2011 = CARTESIAN_POINT('',(-4.334282356286E-02,9.288152436716,4.6));
#2012 = CARTESIAN_POINT('',(-8.450036316066E-03,9.252737407364,4.6));
#2013 = CARTESIAN_POINT('',(2.820603685754E-02,9.219018624346,4.6));
#2014 = CARTESIAN_POINT('',(6.654315005707E-02,9.187037365565,4.6));
#2015 = CARTESIAN_POINT('',(0.106458333333,9.156808712121,4.6));
#2016 = ORIENTED_EDGE('',*,*,#2017,.T.);
#2017 = EDGE_CURVE('',#1999,#2018,#2020,.T.);
#2018 = VERTEX_POINT('',#2019);
#2019 = CARTESIAN_POINT('',(0.229090909091,10.231145833333,4.6));
#2020 = LINE('',#2021,#2022);
#2021 = CARTESIAN_POINT('',(1.831420921255,10.377595350574,4.6));
#2022 = VECTOR('',#2023,1.);
#2023 = DIRECTION('',(0.995849203993,9.101847563376E-02,0.));
#2024 = ORIENTED_EDGE('',*,*,#2025,.F.);
#2025 = EDGE_CURVE('',#2026,#2018,#2028,.T.);
#2026 = VERTEX_POINT('',#2027);
#2027 = CARTESIAN_POINT('',(1.319289772727,9.343361742424,4.6));
#2028 = B_SPLINE_CURVE_WITH_KNOTS('',5,(#2029,#2030,#2031,#2032,#2033,
    #2034,#2035,#2036,#2037,#2038,#2039,#2040,#2041,#2042,#2043,#2044,
    #2045,#2046,#2047,#2048,#2049,#2050,#2051,#2052,#2053,#2054),
  .UNSPECIFIED.,.F.,.F.,(6,4,4,4,4,4,6),(0.,0.236184850063,
    0.344338413509,0.546536371283,0.727525913057,0.819549080193,1.),
  .UNSPECIFIED.);
#2029 = CARTESIAN_POINT('',(1.319289772727,9.343361742424,4.6));
#2030 = CARTESIAN_POINT('',(1.241360731867,9.343361742424,4.6));
#2031 = CARTESIAN_POINT('',(1.164168273039,9.347000910503,4.6));
#2032 = CARTESIAN_POINT('',(1.087992502023,9.354775834928,4.6));
#2033 = CARTESIAN_POINT('',(1.013347538332,9.36730777904,4.6));
#2034 = CARTESIAN_POINT('',(0.907758408366,9.393344506844,4.6));
#2035 = CARTESIAN_POINT('',(0.875062099905,9.402638565909,4.6));
#2036 = CARTESIAN_POINT('',(0.842903240415,9.413101659583,4.6));
#2037 = CARTESIAN_POINT('',(0.811361467947,9.424781920135,4.6));
#2038 = CARTESIAN_POINT('',(0.722864848048,9.461885035119,4.6));
#2039 = CARTESIAN_POINT('',(0.667643881534,9.490433489312,4.6));
#2040 = CARTESIAN_POINT('',(0.615456337383,9.52355594483,4.6));
#2041 = CARTESIAN_POINT('',(0.56686823247,9.561267704237,4.6));
#2042 = CARTESIAN_POINT('',(0.482341592382,9.640732675369,4.6));
#2043 = CARTESIAN_POINT('',(0.445596504319,9.681660448163,4.6));
#2044 = CARTESIAN_POINT('',(0.41230794302,9.725725584726,4.6));
#2045 = CARTESIAN_POINT('',(0.382520567589,9.77253764947,4.6));
#2046 = CARTESIAN_POINT('',(0.342741061362,9.84663712559,4.6));
#2047 = CARTESIAN_POINT('',(0.330214772946,9.87221365061,4.6));
#2048 = CARTESIAN_POINT('',(0.318556880308,9.89833581621,4.6));
#2049 = CARTESIAN_POINT('',(0.307746710745,9.924951769289,4.6));
#2050 = CARTESIAN_POINT('',(0.27816650451,10.005076117504,4.6));
#2051 = CARTESIAN_POINT('',(0.261731748198,10.059847487887,4.6));
#2052 = CARTESIAN_POINT('',(0.24824475308,10.11596799038,4.6));
#2053 = CARTESIAN_POINT('',(0.237444195396,10.173136900659,4.6));
#2054 = CARTESIAN_POINT('',(0.229090909091,10.231145833333,4.6));
#2055 = ORIENTED_EDGE('',*,*,#2056,.F.);
#2056 = EDGE_CURVE('',#2057,#2026,#2059,.T.);
#2057 = VERTEX_POINT('',#2058);
#2058 = CARTESIAN_POINT('',(2.077339015152,9.581287878788,4.6));
#2059 = B_SPLINE_CURVE_WITH_KNOTS('',5,(#2060,#2061,#2062,#2063,#2064,
    #2065,#2066,#2067,#2068,#2069),.UNSPECIFIED.,.F.,.F.,(6,4,6),(0.,
    0.486855618262,1.),.UNSPECIFIED.);
#2060 = CARTESIAN_POINT('',(2.077339015152,9.581287878788,4.6));
#2061 = CARTESIAN_POINT('',(2.021480966218,9.53297691564,4.6));
#2062 = CARTESIAN_POINT('',(1.960270196368,9.490799957925,4.6));
#2063 = CARTESIAN_POINT('',(1.894044896702,9.455046767196,4.6));
#2064 = CARTESIAN_POINT('',(1.823337944683,9.425655951397,4.6));
#2065 = CARTESIAN_POINT('',(1.670160050151,9.377823340298,4.6));
#2066 = CARTESIAN_POINT('',(1.587248380142,9.360055537529,4.6));
#2067 = CARTESIAN_POINT('',(1.500710365192,9.348749966038,4.6));
#2068 = CARTESIAN_POINT('',(1.411216709022,9.343361742424,4.6));
#2069 = CARTESIAN_POINT('',(1.319289772727,9.343361742424,4.6));
#2070 = ORIENTED_EDGE('',*,*,#2071,.F.);
#2071 = EDGE_CURVE('',#2072,#2057,#2074,.T.);
#2072 = VERTEX_POINT('',#2073);
#2073 = CARTESIAN_POINT('',(2.352670454545,10.287727272727,4.6));
#2074 = B_SPLINE_CURVE_WITH_KNOTS('',6,(#2075,#2076,#2077,#2078,#2079,
    #2080,#2081,#2082,#2083,#2084,#2085,#2086),.UNSPECIFIED.,.F.,.F.,(7,
    5,7),(0.,0.842862111984,1.),.UNSPECIFIED.);
#2075 = CARTESIAN_POINT('',(2.352670454545,10.287727272727,4.6));
#2076 = CARTESIAN_POINT('',(2.352670454545,10.165680512837,4.6));
#2077 = CARTESIAN_POINT('',(2.341460126678,10.048478014714,4.6));
#2078 = CARTESIAN_POINT('',(2.317474504212,9.937858556162,4.6));
#2079 = CARTESIAN_POINT('',(2.279313396425,9.835817558945,4.6));
#2080 = CARTESIAN_POINT('',(2.226250270142,9.74428125402,4.6));
#2081 = CARTESIAN_POINT('',(2.146842658896,9.649540041305,4.6));
#2082 = CARTESIAN_POINT('',(2.133881564179,9.635057289139,4.6));
#2083 = CARTESIAN_POINT('',(2.120443011715,9.620985934224,4.6));
#2084 = CARTESIAN_POINT('',(2.106533992874,9.607331390058,4.6));
#2085 = CARTESIAN_POINT('',(2.092162797747,9.594097768305,4.6));
#2086 = CARTESIAN_POINT('',(2.077339015152,9.581287878788,4.6));
#2087 = ORIENTED_EDGE('',*,*,#2088,.F.);
#2088 = EDGE_CURVE('',#2089,#2072,#2091,.T.);
#2089 = VERTEX_POINT('',#2090);
#2090 = CARTESIAN_POINT('',(2.038276515152,10.925037878788,4.6));
#2091 = B_SPLINE_CURVE_WITH_KNOTS('',5,(#2092,#2093,#2094,#2095,#2096,
    #2097,#2098,#2099,#2100,#2101),.UNSPECIFIED.,.F.,.F.,(6,4,6),(0.,
    0.43838646407,1.),.UNSPECIFIED.);
#2092 = CARTESIAN_POINT('',(2.038276515152,10.925037878788,4.6));
#2093 = CARTESIAN_POINT('',(2.092423002376,10.88561042913,4.6));
#2094 = CARTESIAN_POINT('',(2.141589238816,10.842238646002,4.6));
#2095 = CARTESIAN_POINT('',(2.18518395501,10.794879029239,4.6));
#2096 = CARTESIAN_POINT('',(2.222743598375,10.74363172147,4.6));
#2097 = CARTESIAN_POINT('',(2.294216874455,10.618641907292,4.6));
#2098 = CARTESIAN_POINT('',(2.324155888545,10.542593152889,4.6));
#2099 = CARTESIAN_POINT('',(2.343461609598,10.461421470962,4.6));
#2100 = CARTESIAN_POINT('',(2.352670454545,10.376132580017,4.6));
#2101 = CARTESIAN_POINT('',(2.352670454545,10.287727272727,4.6));
#2102 = ORIENTED_EDGE('',*,*,#2103,.F.);
#2103 = EDGE_CURVE('',#2104,#2089,#2106,.T.);
#2104 = VERTEX_POINT('',#2105);
#2105 = CARTESIAN_POINT('',(1.131079545455,11.154204545455,4.6));
#2106 = B_SPLINE_CURVE_WITH_KNOTS('',6,(#2107,#2108,#2109,#2110,#2111,
    #2112,#2113,#2114,#2115,#2116,#2117,#2118),.UNSPECIFIED.,.F.,.F.,(7,
    5,7),(0.,0.526110810799,1.),.UNSPECIFIED.);
#2107 = CARTESIAN_POINT('',(1.131079545455,11.154204545455,4.6));
#2108 = CARTESIAN_POINT('',(1.22377236713,11.154204545455,4.6));
#2109 = CARTESIAN_POINT('',(1.314760528704,11.15084545384,4.6));
#2110 = CARTESIAN_POINT('',(1.403752105044,11.143803118553,4.6));
#2111 = CARTESIAN_POINT('',(1.490354281646,11.132716004433,4.6));
#2112 = CARTESIAN_POINT('',(1.574083051738,11.117201376331,4.6));
#2113 = CARTESIAN_POINT('',(1.726742189045,11.078638212209,4.6));
#2114 = CARTESIAN_POINT('',(1.796316706776,11.056490350467,4.6));
#2115 = CARTESIAN_POINT('',(1.862706063295,11.030221817658,4.6));
#2116 = CARTESIAN_POINT('',(1.925455625244,10.999620217304,4.6));
#2117 = CARTESIAN_POINT('',(1.984109055428,10.96455114255,4.6));
#2118 = CARTESIAN_POINT('',(2.038276515152,10.925037878788,4.6));
#2119 = ORIENTED_EDGE('',*,*,#2120,.T.);
#2120 = EDGE_CURVE('',#2104,#2121,#2123,.T.);
#2121 = VERTEX_POINT('',#2122);
#2122 = CARTESIAN_POINT('',(0.768863636364,11.154204545455,4.6));
#2123 = LINE('',#2124,#2125);
#2124 = CARTESIAN_POINT('',(0.565539772727,11.154204545455,4.6));
#2125 = VECTOR('',#2126,1.);
#2126 = DIRECTION('',(-1.,0.,0.));
#2127 = ORIENTED_EDGE('',*,*,#2128,.T.);
#2128 = EDGE_CURVE('',#2121,#2129,#2131,.T.);
#2129 = VERTEX_POINT('',#2130);
#2130 = CARTESIAN_POINT('',(0.768863636364,11.708181818182,4.6));
#2131 = LINE('',#2132,#2133);
#2132 = CARTESIAN_POINT('',(0.768863636364,33.267332520204,4.6));
#2133 = VECTOR('',#2134,1.);
#2134 = DIRECTION('',(0.,1.,0.));
#2135 = ORIENTED_EDGE('',*,*,#2136,.T.);
#2136 = EDGE_CURVE('',#2129,#2137,#2139,.T.);
#2137 = VERTEX_POINT('',#2138);
#2138 = CARTESIAN_POINT('',(1.116875,11.708181818182,4.6));
#2139 = LINE('',#2140,#2141);
#2140 = CARTESIAN_POINT('',(0.384431818182,11.708181818182,4.6));
#2141 = VECTOR('',#2142,1.);
#2142 = DIRECTION('',(1.,0.,0.));
#2143 = ORIENTED_EDGE('',*,*,#2144,.F.);
#2144 = EDGE_CURVE('',#2145,#2137,#2147,.T.);
#2145 = VERTEX_POINT('',#2146);
#2146 = CARTESIAN_POINT('',(1.931742424242,11.937585227273,4.6));
#2147 = B_SPLINE_CURVE_WITH_KNOTS('',6,(#2148,#2149,#2150,#2151,#2152,
    #2153,#2154,#2155,#2156,#2157,#2158,#2159),.UNSPECIFIED.,.F.,.F.,(7,
    5,7),(0.,0.48206005924,1.),.UNSPECIFIED.);
#2148 = CARTESIAN_POINT('',(1.931742424242,11.937585227273,4.6));
#2149 = CARTESIAN_POINT('',(1.882285712219,11.898367916347,4.6));
#2150 = CARTESIAN_POINT('',(1.828888708594,11.863334240708,4.6));
#2151 = CARTESIAN_POINT('',(1.771804901946,11.832571382912,4.6));
#2152 = CARTESIAN_POINT('',(1.711352788737,11.806036661797,4.6));
#2153 = CARTESIAN_POINT('',(1.647882973171,11.783598064962,4.6));
#2154 = CARTESIAN_POINT('',(1.510684910694,11.745172803717,4.6));
#2155 = CARTESIAN_POINT('',(1.436539777824,11.729789025968,4.6));
#2156 = CARTESIAN_POINT('',(1.359722063794,11.718692883376,4.6));
#2157 = CARTESIAN_POINT('',(1.28062392292,11.711590574444,4.6));
#2158 = CARTESIAN_POINT('',(1.199584069297,11.708181818182,4.6));
#2159 = CARTESIAN_POINT('',(1.116875,11.708181818182,4.6));
#2160 = ORIENTED_EDGE('',*,*,#2161,.F.);
#2161 = EDGE_CURVE('',#2162,#2145,#2164,.T.);
#2162 = VERTEX_POINT('',#2163);
#2163 = CARTESIAN_POINT('',(2.221278409091,12.572291666667,4.6));
#2164 = B_SPLINE_CURVE_WITH_KNOTS('',5,(#2165,#2166,#2167,#2168,#2169,
    #2170,#2171,#2172,#2173,#2174),.UNSPECIFIED.,.F.,.F.,(6,4,6),(0.,
    0.624816267177,1.),.UNSPECIFIED.);
#2165 = CARTESIAN_POINT('',(2.221278409091,12.572291666667,4.6));
#2166 = CARTESIAN_POINT('',(2.221278409091,12.475141481355,4.6));
#2167 = CARTESIAN_POINT('',(2.210880523418,12.381755962699,4.6));
#2168 = CARTESIAN_POINT('',(2.188997744306,12.29336106731,4.6));
#2169 = CARTESIAN_POINT('',(2.15494343413,12.211203593469,4.6));
#2170 = CARTESIAN_POINT('',(2.081830957069,12.091078444063,4.6));
#2171 = CARTESIAN_POINT('',(2.050201007716,12.048558142332,4.6));
#2172 = CARTESIAN_POINT('',(2.014479389813,12.008765187356,4.6));
#2173 = CARTESIAN_POINT('',(1.974892816284,11.971773886217,4.6));
#2174 = CARTESIAN_POINT('',(1.931742424242,11.937585227273,4.6));
#2175 = ORIENTED_EDGE('',*,*,#2176,.F.);
#2176 = EDGE_CURVE('',#2177,#2162,#2179,.T.);
#2177 = VERTEX_POINT('',#2178);
#2178 = CARTESIAN_POINT('',(1.985009469697,13.207234848485,4.6));
#2179 = B_SPLINE_CURVE_WITH_KNOTS('',6,(#2180,#2181,#2182,#2183,#2184,
    #2185,#2186,#2187,#2188,#2189,#2190,#2191),.UNSPECIFIED.,.F.,.F.,(7,
    5,7),(0.,0.190412169231,1.),.UNSPECIFIED.);
#2180 = CARTESIAN_POINT('',(1.985009469697,13.207234848485,4.6));
#2181 = CARTESIAN_POINT('',(2.000242877896,13.192215135391,4.6));
#2182 = CARTESIAN_POINT('',(2.014913951414,13.176747251514,4.6));
#2183 = CARTESIAN_POINT('',(2.029012211818,13.160834799562,4.6));
#2184 = CARTESIAN_POINT('',(2.042528798697,13.144482759274,4.6));
#2185 = CARTESIAN_POINT('',(2.05545646967,13.12769748742,4.6));
#2186 = CARTESIAN_POINT('',(2.120227176073,13.037310566844,4.6));
#2187 = CARTESIAN_POINT('',(2.161936494066,12.956415993562,4.6));
#2188 = CARTESIAN_POINT('',(2.192419300792,12.868463328403,4.6));
#2189 = CARTESIAN_POINT('',(2.211961346781,12.774417246683,4.6));
#2190 = CARTESIAN_POINT('',(2.221278409091,12.675347396555,4.6));
#2191 = CARTESIAN_POINT('',(2.221278409091,12.572291666667,4.6));
#2192 = ORIENTED_EDGE('',*,*,#2193,.F.);
#2193 = EDGE_CURVE('',#2194,#2177,#2196,.T.);
#2194 = VERTEX_POINT('',#2195);
#2195 = CARTESIAN_POINT('',(1.283778409091,13.440189393939,4.6));
#2196 = B_SPLINE_CURVE_WITH_KNOTS('',6,(#2197,#2198,#2199,#2200,#2201,
    #2202,#2203,#2204,#2205,#2206,#2207,#2208),.UNSPECIFIED.,.F.,.F.,(7,
    5,7),(0.,0.516780464194,1.),.UNSPECIFIED.);
#2197 = CARTESIAN_POINT('',(1.283778409091,13.440189393939,4.6));
#2198 = CARTESIAN_POINT('',(1.357499925457,13.440189393939,4.6));
#2199 = CARTESIAN_POINT('',(1.429371723048,13.436679202656,4.6));
#2200 = CARTESIAN_POINT('',(1.499096579695,13.429372365485,4.6));
#2201 = CARTESIAN_POINT('',(1.566319553799,13.41797767392,4.6));
#2202 = CARTESIAN_POINT('',(1.630646281744,13.40222850745,4.6));
#2203 = CARTESIAN_POINT('',(1.748760894323,13.362989892063,4.6));
#2204 = CARTESIAN_POINT('',(1.80296926715,13.340067068205,4.6));
#2205 = CARTESIAN_POINT('',(1.853971717665,13.313044344555,4.6));
#2206 = CARTESIAN_POINT('',(1.901462654525,13.281854101535,4.6));
#2207 = CARTESIAN_POINT('',(1.945195696943,13.246529484783,4.6));
#2208 = CARTESIAN_POINT('',(1.985009469697,13.207234848485,4.6));
#2209 = ORIENTED_EDGE('',*,*,#2210,.F.);
#2210 = EDGE_CURVE('',#2211,#2194,#2213,.T.);
#2211 = VERTEX_POINT('',#2212);
#2212 = CARTESIAN_POINT('',(0.600066287879,13.223570075758,4.6));
#2213 = B_SPLINE_CURVE_WITH_KNOTS('',5,(#2214,#2215,#2216,#2217,#2218,
    #2219,#2220,#2221,#2222,#2223,#2224,#2225,#2226,#2227),
  .UNSPECIFIED.,.F.,.F.,(6,4,4,6),(0.,6.430079171199E-02,0.523506184715,
    1.),.UNSPECIFIED.);
#2214 = CARTESIAN_POINT('',(0.600066287879,13.223570075758,4.6));
#2215 = CARTESIAN_POINT('',(0.606958070444,13.22928719366,4.6));
#2216 = CARTESIAN_POINT('',(0.613921627279,13.234911236439,4.6));
#2217 = CARTESIAN_POINT('',(0.620956520195,13.240441709067,4.6));
#2218 = CARTESIAN_POINT('',(0.628062268775,13.245878170166,4.6));
#2219 = CARTESIAN_POINT('',(0.686486481005,13.28937067374,4.6));
#2220 = CARTESIAN_POINT('',(0.741324947033,13.322709082975,4.6));
#2221 = CARTESIAN_POINT('',(0.799554305334,13.351085438266,4.6));
#2222 = CARTESIAN_POINT('',(0.860888531942,13.374520042022,4.6));
#2223 = CARTESIAN_POINT('',(0.991506065764,13.41247973788,4.6));
#2224 = CARTESIAN_POINT('',(1.061007449641,13.426637620384,4.6));
#2225 = CARTESIAN_POINT('',(1.133129006607,13.435777551378,4.6));
#2226 = CARTESIAN_POINT('',(1.207495623052,13.440189393939,4.6));
#2227 = CARTESIAN_POINT('',(1.283778409091,13.440189393939,4.6));
#2228 = ORIENTED_EDGE('',*,*,#2229,.F.);
#2229 = EDGE_CURVE('',#2230,#2211,#2232,.T.);
#2230 = VERTEX_POINT('',#2231);
#2231 = CARTESIAN_POINT('',(0.2965625,12.612774621212,4.6));
#2232 = B_SPLINE_CURVE_WITH_KNOTS('',6,(#2233,#2234,#2235,#2236,#2237,
    #2238,#2239,#2240,#2241,#2242,#2243,#2244),.UNSPECIFIED.,.F.,.F.,(7,
    5,7),(0.,0.769363792609,1.),.UNSPECIFIED.);
#2233 = CARTESIAN_POINT('',(0.2965625,12.612774621212,4.6));
#2234 = CARTESIAN_POINT('',(0.307017414579,12.709482581069,4.6));
#2235 = CARTESIAN_POINT('',(0.325589615843,12.801942737289,4.6));
#2236 = CARTESIAN_POINT('',(0.352903055967,12.88927125037,4.6));
#2237 = CARTESIAN_POINT('',(0.389407226062,12.970596327179,4.6));
#2238 = CARTESIAN_POINT('',(0.435220885238,13.045162689916,4.6));
#2239 = CARTESIAN_POINT('',(0.506319578887,13.132646978159,4.6));
#2240 = CARTESIAN_POINT('',(0.523517667423,13.152173461071,4.6));
#2241 = CARTESIAN_POINT('',(0.541505790602,13.171037075778,4.6));
#2242 = CARTESIAN_POINT('',(0.560270969472,13.189228344396,4.6));
#2243 = CARTESIAN_POINT('',(0.57979736696,13.206740617826,4.6));
#2244 = CARTESIAN_POINT('',(0.600066287879,13.223570075758,4.6));
#2245 = ORIENTED_EDGE('',*,*,#2246,.T.);
#2246 = EDGE_CURVE('',#2230,#2247,#2249,.T.);
#2247 = VERTEX_POINT('',#2248);
#2248 = CARTESIAN_POINT('',(-0.346193181818,12.662490530303,4.6));
#2249 = LINE('',#2250,#2251);
#2250 = CARTESIAN_POINT('',(-1.494999232964,12.751348456911,4.6));
#2251 = VECTOR('',#2252,1.);
#2252 = DIRECTION('',(-0.997021994117,7.711772330186E-02,0.));
#2253 = ORIENTED_EDGE('',*,*,#2254,.F.);
#2254 = EDGE_CURVE('',#2255,#2247,#2257,.T.);
#2255 = VERTEX_POINT('',#2256);
#2256 = CARTESIAN_POINT('',(0.163276515152,13.621297348485,4.6));
#2257 = B_SPLINE_CURVE_WITH_KNOTS('',6,(#2258,#2259,#2260,#2261,#2262,
    #2263,#2264,#2265,#2266,#2267,#2268,#2269),.UNSPECIFIED.,.F.,.F.,(7,
    5,7),(0.,0.323369330723,1.),.UNSPECIFIED.);
#2258 = CARTESIAN_POINT('',(0.163276515152,13.621297348485,4.6));
#2259 = CARTESIAN_POINT('',(0.115982007988,13.584141026712,4.6));
#2260 = CARTESIAN_POINT('',(7.087828545002E-02,13.544806462134,4.6));
#2261 = CARTESIAN_POINT('',(2.812357587995E-02,13.503302186743,4.6));
#2262 = CARTESIAN_POINT('',(-1.214488042788E-02,13.459663933579,4.6));
#2263 = CARTESIAN_POINT('',(-4.98169503856E-02,13.413959895648,4.6));
#2264 = CARTESIAN_POINT('',(-0.158048540589,13.266562148642,4.6));
#2265 = CARTESIAN_POINT('',(-0.219613587014,13.158197636876,4.6));
#2266 = CARTESIAN_POINT('',(-0.268718134923,13.042243531667,4.6));
#2267 = CARTESIAN_POINT('',(-0.305616038865,12.92005600354,4.6));
#2268 = CARTESIAN_POINT('',(-0.331100557945,12.793041726807,4.6));
#2269 = CARTESIAN_POINT('',(-0.346193181818,12.662490530303,4.6));
#2270 = ORIENTED_EDGE('',*,*,#2271,.F.);
#2271 = EDGE_CURVE('',#2272,#2255,#2274,.T.);
#2272 = VERTEX_POINT('',#2273);
#2273 = CARTESIAN_POINT('',(1.290880681818,13.965757575758,4.6));
#2274 = B_SPLINE_CURVE_WITH_KNOTS('',6,(#2275,#2276,#2277,#2278,#2279,
    #2280,#2281,#2282,#2283,#2284,#2285,#2286),.UNSPECIFIED.,.F.,.F.,(7,
    5,7),(0.,0.492875531963,1.),.UNSPECIFIED.);
#2275 = CARTESIAN_POINT('',(1.290880681818,13.965757575758,4.6));
#2276 = CARTESIAN_POINT('',(1.186895898379,13.965757575758,4.6));
#2277 = CARTESIAN_POINT('',(1.084089533691,13.961049006135,4.6));
#2278 = CARTESIAN_POINT('',(0.982762184969,13.951250925673,4.6));
#2279 = CARTESIAN_POINT('',(0.883292182042,13.935976847833,4.6));
#2280 = CARTESIAN_POINT('',(0.786121901515,13.9148737082,4.6));
#2281 = CARTESIAN_POINT('',(0.594601231182,13.859763338268,4.6));
#2282 = CARTESIAN_POINT('',(0.500393590934,13.825394957887,4.6));
#2283 = CARTESIAN_POINT('',(0.409667387817,13.784363461003,4.6));
#2284 = CARTESIAN_POINT('',(0.322951143002,13.736565238586,4.6));
#2285 = CARTESIAN_POINT('',(0.240703071668,13.682093700202,4.6));
#2286 = CARTESIAN_POINT('',(0.163276515152,13.621297348485,4.6));
#2287 = ORIENTED_EDGE('',*,*,#2288,.F.);
#2288 = EDGE_CURVE('',#2289,#2272,#2291,.T.);
#2289 = VERTEX_POINT('',#2290);
#2290 = CARTESIAN_POINT('',(2.460861742424,13.615615530303,4.6));
#2291 = B_SPLINE_CURVE_WITH_KNOTS('',6,(#2292,#2293,#2294,#2295,#2296,
    #2297,#2298,#2299,#2300,#2301,#2302,#2303),.UNSPECIFIED.,.F.,.F.,(7,
    5,7),(0.,0.475726210714,1.),.UNSPECIFIED.);
#2292 = CARTESIAN_POINT('',(2.460861742424,13.615615530303,4.6));
#2293 = CARTESIAN_POINT('',(2.389277924498,13.675702060787,4.6));
#2294 = CARTESIAN_POINT('',(2.311986097932,13.729414255069,4.6));
#2295 = CARTESIAN_POINT('',(2.229496668146,13.776454104329,4.6));
#2296 = CARTESIAN_POINT('',(2.14245777101,13.816867624674,4.6));
#2297 = CARTESIAN_POINT('',(2.051556928005,13.850903750692,4.6));
#2298 = CARTESIAN_POINT('',(1.85375022891,13.909797283556,4.6));
#2299 = CARTESIAN_POINT('',(1.746142975732,13.933367824282,4.6));
#2300 = CARTESIAN_POINT('',(1.635429528723,13.950135439968,4.6));
#2301 = CARTESIAN_POINT('',(1.52231296679,13.96073045058,4.6));
#2302 = CARTESIAN_POINT('',(1.407338995773,13.965757575758,4.6));
#2303 = CARTESIAN_POINT('',(1.290880681818,13.965757575758,4.6));
#2304 = ORIENTED_EDGE('',*,*,#2305,.F.);
#2305 = EDGE_CURVE('',#2306,#2289,#2308,.T.);
#2306 = VERTEX_POINT('',#2307);
#2307 = CARTESIAN_POINT('',(2.878238636364,12.639763257576,4.6));
#2308 = B_SPLINE_CURVE_WITH_KNOTS('',5,(#2309,#2310,#2311,#2312,#2313,
    #2314,#2315,#2316,#2317,#2318,#2319,#2320,#2321,#2322),
  .UNSPECIFIED.,.F.,.F.,(6,4,4,6),(0.,0.24715081665,0.695065043356,1.),
  .UNSPECIFIED.);
#2309 = CARTESIAN_POINT('',(2.878238636364,12.639763257576,4.6));
#2310 = CARTESIAN_POINT('',(2.878238636364,12.697139247242,4.6));
#2311 = CARTESIAN_POINT('',(2.876045169897,12.753950964125,4.6));
#2312 = CARTESIAN_POINT('',(2.871523349445,12.810084000709,4.6));
#2313 = CARTESIAN_POINT('',(2.864540635216,12.865401110036,4.6));
#2314 = CARTESIAN_POINT('',(2.8376880613,13.018248345091,4.6));
#2315 = CARTESIAN_POINT('',(2.811951444131,13.11360038369,4.6));
#2316 = CARTESIAN_POINT('',(2.77716645845,13.204819740905,4.6));
#2317 = CARTESIAN_POINT('',(2.73304972979,13.290925202276,4.6));
#2318 = CARTESIAN_POINT('',(2.64405420227,13.425806389383,4.6));
#2319 = CARTESIAN_POINT('',(2.603905767076,13.477737068885,4.6));
#2320 = CARTESIAN_POINT('',(2.55980341359,13.5267391163,4.6));
#2321 = CARTESIAN_POINT('',(2.512010882476,13.572705956771,4.6));
#2322 = CARTESIAN_POINT('',(2.460861742424,13.615615530303,4.6));
#2323 = ORIENTED_EDGE('',*,*,#2324,.F.);
#2324 = EDGE_CURVE('',#2325,#2306,#2327,.T.);
#2325 = VERTEX_POINT('',#2326);
#2326 = CARTESIAN_POINT('',(2.610009469697,11.859460227273,4.6));
#2327 = B_SPLINE_CURVE_WITH_KNOTS('',6,(#2328,#2329,#2330,#2331,#2332,
    #2333,#2334,#2335,#2336,#2337,#2338,#2339),.UNSPECIFIED.,.F.,.F.,(7,
    5,7),(0.,0.170206839827,1.),.UNSPECIFIED.);
#2328 = CARTESIAN_POINT('',(2.610009469697,11.859460227273,4.6));
#2329 = CARTESIAN_POINT('',(2.625527308147,11.876840754186,4.6));
#2330 = CARTESIAN_POINT('',(2.640530103217,11.894608073641,4.6));
#2331 = CARTESIAN_POINT('',(2.655008963297,11.912757776186,4.6));
#2332 = CARTESIAN_POINT('',(2.668956283173,11.931284418105,4.6));
#2333 = CARTESIAN_POINT('',(2.682365744029,11.950181521414,4.6));
#2334 = CARTESIAN_POINT('',(2.757959471233,12.063338269222,4.6));
#2335 = CARTESIAN_POINT('',(2.807809475336,12.165899582782,4.6));
#2336 = CARTESIAN_POINT('',(2.844102632647,12.276149013819,4.6));
#2337 = CARTESIAN_POINT('',(2.867255835398,12.39277587487,4.6));
#2338 = CARTESIAN_POINT('',(2.878238636364,12.514404304634,4.6));
#2339 = CARTESIAN_POINT('',(2.878238636364,12.639763257576,4.6));
#2340 = ORIENTED_EDGE('',*,*,#2341,.F.);
#2341 = EDGE_CURVE('',#2342,#2325,#2344,.T.);
#2342 = VERTEX_POINT('',#2343);
#2343 = CARTESIAN_POINT('',(1.830653409091,11.4525,4.6));
#2344 = B_SPLINE_CURVE_WITH_KNOTS('',5,(#2345,#2346,#2347,#2348,#2349,
    #2350,#2351,#2352,#2353,#2354),.UNSPECIFIED.,.F.,.F.,(6,4,6),(0.,
    0.5153063622,1.),.UNSPECIFIED.);
#2345 = CARTESIAN_POINT('',(1.830653409091,11.4525,4.6));
#2346 = CARTESIAN_POINT('',(1.928516747532,11.472888195509,4.6));
#2347 = CARTESIAN_POINT('',(2.02313377147,11.498199576943,4.6));
#2348 = CARTESIAN_POINT('',(2.11392722893,11.528842510839,4.6));
#2349 = CARTESIAN_POINT('',(2.200178362816,11.565213081299,4.6));
#2350 = CARTESIAN_POINT('',(2.35735841249,11.647288568963,4.6));
#2351 = CARTESIAN_POINT('',(2.428900868343,11.69231410554,4.6));
#2352 = CARTESIAN_POINT('',(2.495185661294,11.742733315609,4.6));
#2353 = CARTESIAN_POINT('',(2.555668796384,11.798542988373,4.6));
#2354 = CARTESIAN_POINT('',(2.610009469697,11.859460227273,4.6));
#2355 = ORIENTED_EDGE('',*,*,#2356,.T.);
#2356 = EDGE_CURVE('',#2342,#2357,#2359,.T.);
#2357 = VERTEX_POINT('',#2358);
#2358 = CARTESIAN_POINT('',(1.830653409091,11.438295454545,4.6));
#2359 = LINE('',#2360,#2361);
#2360 = CARTESIAN_POINT('',(1.830653409091,33.416480247477,4.6));
#2361 = VECTOR('',#2362,1.);
#2362 = DIRECTION('',(0.,-1.,0.));
#2363 = ORIENTED_EDGE('',*,*,#2364,.F.);
#2364 = EDGE_CURVE('',#2365,#2357,#2367,.T.);
#2365 = VERTEX_POINT('',#2366);
#2366 = CARTESIAN_POINT('',(2.704232954545,11.061875,4.6));
#2367 = B_SPLINE_CURVE_WITH_KNOTS('',6,(#2368,#2369,#2370,#2371,#2372,
    #2373,#2374,#2375,#2376,#2377,#2378,#2379),.UNSPECIFIED.,.F.,.F.,(7,
    5,7),(0.,0.496403203765,1.),.UNSPECIFIED.);
#2368 = CARTESIAN_POINT('',(2.704232954545,11.061875,4.6));
#2369 = CARTESIAN_POINT('',(2.650340211572,11.116380160508,4.6));
#2370 = CARTESIAN_POINT('',(2.59196544483,11.166369444226,4.6));
#2371 = CARTESIAN_POINT('',(2.529317035658,11.211602878633,4.6));
#2372 = CARTESIAN_POINT('',(2.462697902395,11.251994820792,4.6));
#2373 = CARTESIAN_POINT('',(2.392478416419,11.287581058108,4.6));
#2374 = CARTESIAN_POINT('',(2.244596417108,11.34983861557,4.6));
#2375 = CARTESIAN_POINT('',(2.166829734982,11.376377922069,4.6));
#2376 = CARTESIAN_POINT('',(2.086172407652,11.39824127782,4.6));
#2377 = CARTESIAN_POINT('',(2.003025350764,11.415665777802,4.6));
#2378 = CARTESIAN_POINT('',(1.917750438182,11.428924255213,4.6));
#2379 = CARTESIAN_POINT('',(1.830653409091,11.438295454545,4.6));
#2380 = ORIENTED_EDGE('',*,*,#2381,.F.);
#2381 = EDGE_CURVE('',#1937,#2365,#2382,.T.);
#2382 = B_SPLINE_CURVE_WITH_KNOTS('',5,(#2383,#2384,#2385,#2386,#2387,
    #2388,#2389,#2390,#2391,#2392),.UNSPECIFIED.,.F.,.F.,(6,4,6),(0.,
    0.632798724688,1.),.UNSPECIFIED.);
#2383 = CARTESIAN_POINT('',(3.016732954545,10.266420454545,4.6));
#2384 = CARTESIAN_POINT('',(3.016732954545,10.382986814903,4.6));
#2385 = CARTESIAN_POINT('',(3.00518502849,10.496460442758,4.6));
#2386 = CARTESIAN_POINT('',(2.980928049882,10.605570016293,4.6));
#2387 = CARTESIAN_POINT('',(2.943243331065,10.708981577045,4.6));
#2388 = CARTESIAN_POINT('',(2.863373343109,10.861719963105,4.6));
#2389 = CARTESIAN_POINT('',(2.829709233402,10.915542707398,4.6));
#2390 = CARTESIAN_POINT('',(2.791811202843,10.966905468123,4.6));
#2391 = CARTESIAN_POINT('',(2.749890949366,11.015698164329,4.6));
#2392 = CARTESIAN_POINT('',(2.704232954545,11.061875,4.6));
#2393 = FACE_BOUND('',#2394,.T.);
#2394 = EDGE_LOOP('',(#2395,#2420,#2439,#2476,#2484,#2501,#2518,#2535,
    #2554,#2565,#2576,#2587,#2598,#2609,#2621,#2634,#2645,#2664,#2681,
    #2698,#2715,#2723,#2740,#2755,#2772,#2787,#2802,#2813,#2832,#2842,
    #2852,#2862,#2875,#2886));
#2395 = ORIENTED_EDGE('',*,*,#2396,.F.);
#2396 = EDGE_CURVE('',#2397,#2399,#2401,.T.);
#2397 = VERTEX_POINT('',#2398);
#2398 = CARTESIAN_POINT('',(9.327575757576,9.194214015152,4.6));
#2399 = VERTEX_POINT('',#2400);
#2400 = CARTESIAN_POINT('',(9.869242424242,10.267367424242,4.6));
#2401 = B_SPLINE_CURVE_WITH_KNOTS('',5,(#2402,#2403,#2404,#2405,#2406,
    #2407,#2408,#2409,#2410,#2411,#2412,#2413,#2414,#2415,#2416,#2417,
    #2418,#2419),.UNSPECIFIED.,.F.,.F.,(6,4,4,4,6),(0.,0.14544179272,
    0.443351287121,0.807809979146,1.),.UNSPECIFIED.);
#2402 = CARTESIAN_POINT('',(9.327575757576,9.194214015152,4.6));
#2403 = CARTESIAN_POINT('',(9.358051814331,9.215605862682,4.6));
#2404 = CARTESIAN_POINT('',(9.387728281784,9.237807179004,4.6));
#2405 = CARTESIAN_POINT('',(9.416550413839,9.260829512923,4.6));
#2406 = CARTESIAN_POINT('',(9.444464103442,9.284677477915,4.6));
#2407 = CARTESIAN_POINT('',(9.526621410127,9.359883104675,4.6));
#2408 = CARTESIAN_POINT('',(9.577799115224,9.413877675946,4.6));
#2409 = CARTESIAN_POINT('',(9.624475850881,9.471292931038,4.6));
#2410 = CARTESIAN_POINT('',(9.666272985032,9.531970263552,4.6));
#2411 = CARTESIAN_POINT('',(9.747923042824,9.673373086287,4.6));
#2412 = CARTESIAN_POINT('',(9.785270794628,9.755575215703,4.6));
#2413 = CARTESIAN_POINT('',(9.814665659695,9.841540376695,4.6));
#2414 = CARTESIAN_POINT('',(9.83631654363,9.930498749426,4.6));
#2415 = CARTESIAN_POINT('',(9.858290758763,10.069764387134,4.6));
#2416 = CARTESIAN_POINT('',(9.863858919806,10.118472950995,4.6));
#2417 = CARTESIAN_POINT('',(9.867479348313,10.167703050233,4.6));
#2418 = CARTESIAN_POINT('',(9.869242424242,10.217361040345,4.6));
#2419 = CARTESIAN_POINT('',(9.869242424242,10.267367424242,4.6));
#2420 = ORIENTED_EDGE('',*,*,#2421,.F.);
#2421 = EDGE_CURVE('',#2422,#2397,#2424,.T.);
#2422 = VERTEX_POINT('',#2423);
#2423 = CARTESIAN_POINT('',(7.802481060606,8.814242424242,4.6));
#2424 = B_SPLINE_CURVE_WITH_KNOTS('',7,(#2425,#2426,#2427,#2428,#2429,
    #2430,#2431,#2432,#2433,#2434,#2435,#2436,#2437,#2438),
  .UNSPECIFIED.,.F.,.F.,(8,6,8),(0.,0.686742526573,1.),.UNSPECIFIED.);
#2425 = CARTESIAN_POINT('',(7.802481060606,8.814242424242,4.6));
#2426 = CARTESIAN_POINT('',(7.967440550886,8.814242424242,4.6));
#2427 = CARTESIAN_POINT('',(8.13083444557,8.820475948177,4.6));
#2428 = CARTESIAN_POINT('',(8.292330492615,8.833716396831,4.6));
#2429 = CARTESIAN_POINT('',(8.451260901528,8.854908526603,4.6));
#2430 = CARTESIAN_POINT('',(8.606639411503,8.885129560544,4.6));
#2431 = CARTESIAN_POINT('',(8.757174603768,8.925555054843,4.6));
#2432 = CARTESIAN_POINT('',(8.967118647803,9.000844816564,4.6));
#2433 = CARTESIAN_POINT('',(9.031543399111,9.026770223319,4.6));
#2434 = CARTESIAN_POINT('',(9.094466933422,9.055128424118,4.6));
#2435 = CARTESIAN_POINT('',(9.155714795566,9.086002528206,4.6));
#2436 = CARTESIAN_POINT('',(9.215104234863,9.119456907257,4.6));
#2437 = CARTESIAN_POINT('',(9.272450937279,9.155527816386,4.6));
#2438 = CARTESIAN_POINT('',(9.327575757576,9.194214015152,4.6));
#2439 = ORIENTED_EDGE('',*,*,#2440,.F.);
#2440 = EDGE_CURVE('',#2441,#2422,#2443,.T.);
#2441 = VERTEX_POINT('',#2442);
#2442 = CARTESIAN_POINT('',(5.682452651515,10.085549242424,4.6));
#2443 = B_SPLINE_CURVE_WITH_KNOTS('',6,(#2444,#2445,#2446,#2447,#2448,
    #2449,#2450,#2451,#2452,#2453,#2454,#2455,#2456,#2457,#2458,#2459,
    #2460,#2461,#2462,#2463,#2464,#2465,#2466,#2467,#2468,#2469,#2470,
    #2471,#2472,#2473,#2474,#2475),.UNSPECIFIED.,.F.,.F.,(7,5,5,5,5,5,7)
  ,(0.,9.33927308473E-02,0.267614468103,0.408982847104,0.479048282676,
    0.606746150167,1.),.UNSPECIFIED.);
#2444 = CARTESIAN_POINT('',(5.682452651515,10.085549242424,4.6));
#2445 = CARTESIAN_POINT('',(5.691804692299,10.044719600955,4.6));
#2446 = CARTESIAN_POINT('',(5.702216301449,10.004205466878,4.6));
#2447 = CARTESIAN_POINT('',(5.713725956631,9.9640523535,4.6));
#2448 = CARTESIAN_POINT('',(5.726369953492,9.924311257833,4.6));
#2449 = CARTESIAN_POINT('',(5.740179753404,9.885037667986,4.6));
#2450 = CARTESIAN_POINT('',(5.783160657785,9.774008856889,4.6));
#2451 = CARTESIAN_POINT('',(5.815289426884,9.703541398727,4.6));
#2452 = CARTESIAN_POINT('',(5.851711323964,9.635304947101,4.6));
#2453 = CARTESIAN_POINT('',(5.892484311702,9.569712329632,4.6));
#2454 = CARTESIAN_POINT('',(5.937529475714,9.507141987009,4.6));
#2455 = CARTESIAN_POINT('',(6.026384351936,9.399843001547,4.6));
#2456 = CARTESIAN_POINT('',(6.068834880229,9.353963154088,4.6));
#2457 = CARTESIAN_POINT('',(6.113797612191,9.310433215237,4.6));
#2458 = CARTESIAN_POINT('',(6.161092399237,9.269348741254,4.6));
#2459 = CARTESIAN_POINT('',(6.210507394594,9.230748748598,4.6));
#2460 = CARTESIAN_POINT('',(6.287239240665,9.176727017481,4.6));
#2461 = CARTESIAN_POINT('',(6.313132469787,9.159433478764,4.6));
#2462 = CARTESIAN_POINT('',(6.339464383759,9.142746512952,4.6));
#2463 = CARTESIAN_POINT('',(6.366208533845,9.126661897553,4.6));
#2464 = CARTESIAN_POINT('',(6.39333898693,9.111172924489,4.6));
#2465 = CARTESIAN_POINT('',(6.470934707001,9.069109781313,4.6));
#2466 = CARTESIAN_POINT('',(6.522237510821,9.043898035669,4.6));
#2467 = CARTESIAN_POINT('',(6.574588368556,9.020580003457,4.6));
#2468 = CARTESIAN_POINT('',(6.627848380029,8.999081690917,4.6));
#2469 = CARTESIAN_POINT('',(6.681894600277,8.979318839049,4.6));
#2470 = CARTESIAN_POINT('',(6.905168877469,8.905424268872,4.6));
#2471 = CARTESIAN_POINT('',(7.079978040814,8.865358425121,4.6));
#2472 = CARTESIAN_POINT('',(7.258478568053,8.838255738887,4.6));
#2473 = CARTESIAN_POINT('',(7.438896859092,8.821813305396,4.6));
#2474 = CARTESIAN_POINT('',(7.620278733792,8.814242424242,4.6));
#2475 = CARTESIAN_POINT('',(7.802481060606,8.814242424242,4.6));
#2476 = ORIENTED_EDGE('',*,*,#2477,.T.);
#2477 = EDGE_CURVE('',#2441,#2478,#2480,.T.);
#2478 = VERTEX_POINT('',#2479);
#2479 = CARTESIAN_POINT('',(6.339412878788,10.216941287879,4.6));
#2480 = LINE('',#2481,#2482);
#2481 = CARTESIAN_POINT('',(7.305784189491,10.410215550019,4.6));
#2482 = VECTOR('',#2483,1.);
#2483 = DIRECTION('',(0.980580675691,0.196116135138,0.));
#2484 = ORIENTED_EDGE('',*,*,#2485,.F.);
#2485 = EDGE_CURVE('',#2486,#2478,#2488,.T.);
#2486 = VERTEX_POINT('',#2487);
#2487 = CARTESIAN_POINT('',(6.822367424242,9.554535984848,4.6));
#2488 = B_SPLINE_CURVE_WITH_KNOTS('',6,(#2489,#2490,#2491,#2492,#2493,
    #2494,#2495,#2496,#2497,#2498,#2499,#2500),.UNSPECIFIED.,.F.,.F.,(7,
    5,7),(0.,0.352897430785,1.),.UNSPECIFIED.);
#2489 = CARTESIAN_POINT('',(6.822367424242,9.554535984848,4.6));
#2490 = CARTESIAN_POINT('',(6.779074667113,9.579318313129,4.6));
#2491 = CARTESIAN_POINT('',(6.737578856599,9.606254035596,4.6));
#2492 = CARTESIAN_POINT('',(6.698005738999,9.635356954092,4.6));
#2493 = CARTESIAN_POINT('',(6.660465172658,9.666617124753,4.6));
#2494 = CARTESIAN_POINT('',(6.625047008355,9.699996478144,4.6));
#2495 = CARTESIAN_POINT('',(6.530883560964,9.800388144843,4.6));
#2496 = CARTESIAN_POINT('',(6.477286822692,9.872262074703,4.6));
#2497 = CARTESIAN_POINT('',(6.431470501942,9.950589983157,4.6));
#2498 = CARTESIAN_POINT('',(6.393434685256,10.034683226108,4.6));
#2499 = CARTESIAN_POINT('',(6.362896521321,10.123740581574,4.6));
#2500 = CARTESIAN_POINT('',(6.339412878788,10.216941287879,4.6));
#2501 = ORIENTED_EDGE('',*,*,#2502,.F.);
#2502 = EDGE_CURVE('',#2503,#2486,#2505,.T.);
#2503 = VERTEX_POINT('',#2504);
#2504 = CARTESIAN_POINT('',(7.827339015152,9.343361742424,4.6));
#2505 = B_SPLINE_CURVE_WITH_KNOTS('',6,(#2506,#2507,#2508,#2509,#2510,
    #2511,#2512,#2513,#2514,#2515,#2516,#2517),.UNSPECIFIED.,.F.,.F.,(7,
    5,7),(0.,0.526657925878,1.),.UNSPECIFIED.);
#2506 = CARTESIAN_POINT('',(7.827339015152,9.343361742424,4.6));
#2507 = CARTESIAN_POINT('',(7.727717183678,9.343361742424,4.6));
#2508 = CARTESIAN_POINT('',(7.629602007532,9.346474207594,4.6));
#2509 = CARTESIAN_POINT('',(7.533235665545,9.352981009581,4.6));
#2510 = CARTESIAN_POINT('',(7.438946357511,9.36320340056,4.6));
#2511 = CARTESIAN_POINT('',(7.347136248452,9.3774817536,4.6));
#2512 = CARTESIAN_POINT('',(7.178398950091,9.412938448568,4.6));
#2513 = CARTESIAN_POINT('',(7.100909699846,9.433270824431,4.6));
#2514 = CARTESIAN_POINT('',(7.026149409098,9.457394397706,4.6));
#2515 = CARTESIAN_POINT('',(6.954520025437,9.485538613185,4.6));
#2516 = CARTESIAN_POINT('',(6.88645459294,9.517891270439,4.6));
#2517 = CARTESIAN_POINT('',(6.822367424242,9.554535984848,4.6));
#2518 = ORIENTED_EDGE('',*,*,#2519,.F.);
#2519 = EDGE_CURVE('',#2520,#2503,#2522,.T.);
#2520 = VERTEX_POINT('',#2521);
#2521 = CARTESIAN_POINT('',(8.841070075758,9.568977272727,4.6));
#2522 = B_SPLINE_CURVE_WITH_KNOTS('',6,(#2523,#2524,#2525,#2526,#2527,
    #2528,#2529,#2530,#2531,#2532,#2533,#2534),.UNSPECIFIED.,.F.,.F.,(7,
    5,7),(0.,0.472149159484,1.),.UNSPECIFIED.);
#2523 = CARTESIAN_POINT('',(8.841070075758,9.568977272727,4.6));
#2524 = CARTESIAN_POINT('',(8.778664251587,9.529512939327,4.6));
#2525 = CARTESIAN_POINT('',(8.711609234171,9.494735371542,4.6));
#2526 = CARTESIAN_POINT('',(8.640415461353,9.464572131602,4.6));
#2527 = CARTESIAN_POINT('',(8.565630007629,9.438801238983,4.6));
#2528 = CARTESIAN_POINT('',(8.487756849688,9.417146007992,4.6));
#2529 = CARTESIAN_POINT('',(8.317188678571,9.379381010995,4.6));
#2530 = CARTESIAN_POINT('',(8.223835477489,9.364228918855,4.6));
#2531 = CARTESIAN_POINT('',(8.127737502204,9.353443116002,4.6));
#2532 = CARTESIAN_POINT('',(8.02938292048,9.346613867927,4.6));
#2533 = CARTESIAN_POINT('',(7.929159350041,9.343361742424,4.6));
#2534 = CARTESIAN_POINT('',(7.827339015152,9.343361742424,4.6));
#2535 = ORIENTED_EDGE('',*,*,#2536,.F.);
#2536 = EDGE_CURVE('',#2537,#2520,#2539,.T.);
#2537 = VERTEX_POINT('',#2538);
#2538 = CARTESIAN_POINT('',(9.198077651515,10.231856060606,4.6));
#2539 = B_SPLINE_CURVE_WITH_KNOTS('',5,(#2540,#2541,#2542,#2543,#2544,
    #2545,#2546,#2547,#2548,#2549,#2550,#2551,#2552,#2553),
  .UNSPECIFIED.,.F.,.F.,(6,4,4,6),(0.,0.176364866983,0.537276249225,1.),
  .UNSPECIFIED.);
#2540 = CARTESIAN_POINT('',(9.198077651515,10.231856060606,4.6));
#2541 = CARTESIAN_POINT('',(9.198077651515,10.202277122134,4.6));
#2542 = CARTESIAN_POINT('',(9.197055713735,10.173040763323,4.6));
#2543 = CARTESIAN_POINT('',(9.194974861826,10.144184065482,4.6));
#2544 = CARTESIAN_POINT('',(9.191803605272,10.115745777968,4.6));
#2545 = CARTESIAN_POINT('',(9.178741700822,10.030509418447,4.6));
#2546 = CARTESIAN_POINT('',(9.165291970248,9.975166295091,4.6));
#2547 = CARTESIAN_POINT('',(9.146951217753,9.922099347755,4.6));
#2548 = CARTESIAN_POINT('',(9.123640659431,9.871638080714,4.6));
#2549 = CARTESIAN_POINT('',(9.059445571223,9.762998968394,4.6));
#2550 = CARTESIAN_POINT('',(9.015445192077,9.706637825283,4.6));
#2551 = CARTESIAN_POINT('',(8.96382521149,9.655499965841,4.6));
#2552 = CARTESIAN_POINT('',(8.905384184705,9.609664049873,4.6));
#2553 = CARTESIAN_POINT('',(8.841070075758,9.568977272727,4.6));
#2554 = ORIENTED_EDGE('',*,*,#2555,.F.);
#2555 = EDGE_CURVE('',#2556,#2537,#2558,.T.);
#2556 = VERTEX_POINT('',#2557);
#2557 = CARTESIAN_POINT('',(9.086098484848,10.629583333333,4.6));
#2558 = B_SPLINE_CURVE_WITH_KNOTS('',5,(#2559,#2560,#2561,#2562,#2563,
    #2564),.UNSPECIFIED.,.F.,.F.,(6,6),(0.,1.),
  .PIECEWISE_BEZIER_KNOTS.);
#2559 = CARTESIAN_POINT('',(9.086098484848,10.629583333333,4.6));
#2560 = CARTESIAN_POINT('',(9.131553010969,10.567599888623,4.6));
#2561 = CARTESIAN_POINT('',(9.165419084764,10.496185098553,4.6));
#2562 = CARTESIAN_POINT('',(9.187445629488,10.415808835824,4.6));
#2563 = CARTESIAN_POINT('',(9.198077651515,10.327357775872,4.6));
#2564 = CARTESIAN_POINT('',(9.198077651515,10.231856060606,4.6));
#2565 = ORIENTED_EDGE('',*,*,#2566,.F.);
#2566 = EDGE_CURVE('',#2567,#2556,#2569,.T.);
#2567 = VERTEX_POINT('',#2568);
#2568 = CARTESIAN_POINT('',(8.771941287879,10.881950757576,4.6));
#2569 = B_SPLINE_CURVE_WITH_KNOTS('',5,(#2570,#2571,#2572,#2573,#2574,
    #2575),.UNSPECIFIED.,.F.,.F.,(6,6),(0.,1.),
  .PIECEWISE_BEZIER_KNOTS.);
#2570 = CARTESIAN_POINT('',(8.771941287879,10.881950757576,4.6));
#2571 = CARTESIAN_POINT('',(8.851637352374,10.842801813613,4.6));
#2572 = CARTESIAN_POINT('',(8.923402276081,10.798049516734,4.6));
#2573 = CARTESIAN_POINT('',(8.986659838563,10.747569938773,4.6));
#2574 = CARTESIAN_POINT('',(9.040964124758,10.691356207525,4.6));
#2575 = CARTESIAN_POINT('',(9.086098484848,10.629583333333,4.6));
#2576 = ORIENTED_EDGE('',*,*,#2577,.F.);
#2577 = EDGE_CURVE('',#2578,#2567,#2580,.T.);
#2578 = VERTEX_POINT('',#2579);
#2579 = CARTESIAN_POINT('',(8.288986742424,11.048854166667,4.6));
#2580 = B_SPLINE_CURVE_WITH_KNOTS('',5,(#2581,#2582,#2583,#2584,#2585,
    #2586),.UNSPECIFIED.,.F.,.F.,(6,6),(0.,1.),
  .PIECEWISE_BEZIER_KNOTS.);
#2581 = CARTESIAN_POINT('',(8.288986742424,11.048854166667,4.6));
#2582 = CARTESIAN_POINT('',(8.398224158745,11.022581876665,4.6));
#2583 = CARTESIAN_POINT('',(8.501635014951,10.992901679624,4.6));
#2584 = CARTESIAN_POINT('',(8.598728858736,10.959654383314,4.6));
#2585 = CARTESIAN_POINT('',(8.688989178554,10.922699162157,4.6));
#2586 = CARTESIAN_POINT('',(8.771941287879,10.881950757576,4.6));
#2587 = ORIENTED_EDGE('',*,*,#2588,.F.);
#2588 = EDGE_CURVE('',#2589,#2578,#2591,.T.);
#2589 = VERTEX_POINT('',#2590);
#2590 = CARTESIAN_POINT('',(7.667537878788,11.1946875,4.6));
#2591 = B_SPLINE_CURVE_WITH_KNOTS('',5,(#2592,#2593,#2594,#2595,#2596,
    #2597),.UNSPECIFIED.,.F.,.F.,(6,6),(0.,1.),
  .PIECEWISE_BEZIER_KNOTS.);
#2592 = CARTESIAN_POINT('',(7.667537878788,11.1946875,4.6));
#2593 = CARTESIAN_POINT('',(7.800144605622,11.164298458434,4.6));
#2594 = CARTESIAN_POINT('',(7.928894418234,11.134470068715,4.6));
#2595 = CARTESIAN_POINT('',(8.053502637945,11.105249522629,4.6));
#2596 = CARTESIAN_POINT('',(8.173648855148,11.076690990094,4.6));
#2597 = CARTESIAN_POINT('',(8.288986742424,11.048854166667,4.6));
#2598 = ORIENTED_EDGE('',*,*,#2599,.F.);
#2599 = EDGE_CURVE('',#2600,#2589,#2602,.T.);
#2600 = VERTEX_POINT('',#2601);
#2601 = CARTESIAN_POINT('',(6.767206439394,11.457471590909,4.6));
#2602 = B_SPLINE_CURVE_WITH_KNOTS('',5,(#2603,#2604,#2605,#2606,#2607,
    #2608),.UNSPECIFIED.,.F.,.F.,(6,6),(0.,1.),
  .PIECEWISE_BEZIER_KNOTS.);
#2603 = CARTESIAN_POINT('',(6.767206439394,11.457471590909,4.6));
#2604 = CARTESIAN_POINT('',(6.907940369174,11.397296451442,4.6));
#2605 = CARTESIAN_POINT('',(7.076114021366,11.341405290744,4.6));
#2606 = CARTESIAN_POINT('',(7.262051299515,11.289375493402,4.6));
#2607 = CARTESIAN_POINT('',(7.459916130694,11.240687528021,4.6));
#2608 = CARTESIAN_POINT('',(7.667537878788,11.1946875,4.6));
#2609 = ORIENTED_EDGE('',*,*,#2610,.F.);
#2610 = EDGE_CURVE('',#2611,#2600,#2613,.T.);
#2611 = VERTEX_POINT('',#2612);
#2612 = CARTESIAN_POINT('',(6.28259469697,11.750558712121,4.6));
#2613 = B_SPLINE_CURVE_WITH_KNOTS('',6,(#2614,#2615,#2616,#2617,#2618,
    #2619,#2620),.UNSPECIFIED.,.F.,.F.,(7,7),(0.,1.),
  .PIECEWISE_BEZIER_KNOTS.);
#2614 = CARTESIAN_POINT('',(6.28259469697,11.750558712121,4.6));
#2615 = CARTESIAN_POINT('',(6.344035335226,11.694688691733,4.6));
#2616 = CARTESIAN_POINT('',(6.414024922252,11.641647995475,4.6));
#2617 = CARTESIAN_POINT('',(6.491990450009,11.591469101589,4.6));
#2618 = CARTESIAN_POINT('',(6.577272046026,11.544108234207,4.6));
#2619 = CARTESIAN_POINT('',(6.669213319102,11.499479435846,4.6));
#2620 = CARTESIAN_POINT('',(6.767206439394,11.457471590909,4.6));
#2621 = ORIENTED_EDGE('',*,*,#2622,.F.);
#2622 = EDGE_CURVE('',#2623,#2611,#2625,.T.);
#2623 = VERTEX_POINT('',#2624);
#2624 = CARTESIAN_POINT('',(6.010814393939,12.128873106061,4.6));
#2625 = B_SPLINE_CURVE_WITH_KNOTS('',4,(#2626,#2627,#2628,#2629,#2630,
    #2631,#2632,#2633),.UNSPECIFIED.,.F.,.F.,(5,3,5),(0.,0.40475580756,
    1.),.UNSPECIFIED.);
#2626 = CARTESIAN_POINT('',(6.010814393939,12.128873106061,4.6));
#2627 = CARTESIAN_POINT('',(6.029860481833,12.085086245703,4.6));
#2628 = CARTESIAN_POINT('',(6.051210507967,12.042717357297,4.6));
#2629 = CARTESIAN_POINT('',(6.074866162543,12.0018168459,4.6));
#2630 = CARTESIAN_POINT('',(6.138949255704,11.904483001722,4.6));
#2631 = CARTESIAN_POINT('',(6.182030956949,11.849798107932,4.6));
#2632 = CARTESIAN_POINT('',(6.229973306712,11.798479258182,4.6));
#2633 = CARTESIAN_POINT('',(6.28259469697,11.750558712121,4.6));
#2634 = ORIENTED_EDGE('',*,*,#2635,.F.);
#2635 = EDGE_CURVE('',#2636,#2623,#2638,.T.);
#2636 = VERTEX_POINT('',#2637);
#2637 = CARTESIAN_POINT('',(5.916827651515,12.626268939394,4.6));
#2638 = B_SPLINE_CURVE_WITH_KNOTS('',5,(#2639,#2640,#2641,#2642,#2643,
    #2644),.UNSPECIFIED.,.F.,.F.,(6,6),(0.,1.),
  .PIECEWISE_BEZIER_KNOTS.);
#2639 = CARTESIAN_POINT('',(5.916827651515,12.626268939394,4.6));
#2640 = CARTESIAN_POINT('',(5.916827651515,12.516401400494,4.6));
#2641 = CARTESIAN_POINT('',(5.925837179775,12.411170690101,4.6));
#2642 = CARTESIAN_POINT('',(5.944336961005,12.311157978968,4.6));
#2643 = CARTESIAN_POINT('',(5.972656458349,12.216915093468,4.6));
#2644 = CARTESIAN_POINT('',(6.010814393939,12.128873106061,4.6));
#2645 = ORIENTED_EDGE('',*,*,#2646,.F.);
#2646 = EDGE_CURVE('',#2647,#2636,#2649,.T.);
#2647 = VERTEX_POINT('',#2648);
#2648 = CARTESIAN_POINT('',(6.408541666667,13.617509469697,4.6));
#2649 = B_SPLINE_CURVE_WITH_KNOTS('',5,(#2650,#2651,#2652,#2653,#2654,
    #2655,#2656,#2657,#2658,#2659,#2660,#2661,#2662,#2663),
  .UNSPECIFIED.,.F.,.F.,(6,4,4,6),(0.,0.419499746453,0.799217548758,1.),
  .UNSPECIFIED.);
#2650 = CARTESIAN_POINT('',(6.408541666667,13.617509469697,4.6));
#2651 = CARTESIAN_POINT('',(6.328065754208,13.560552516729,4.6));
#2652 = CARTESIAN_POINT('',(6.253923023535,13.497308903178,4.6));
#2653 = CARTESIAN_POINT('',(6.187330596854,13.427627265373,4.6));
#2654 = CARTESIAN_POINT('',(6.129371718927,13.351669897902,4.6));
#2655 = CARTESIAN_POINT('',(6.036326713633,13.196587176925,4.6));
#2656 = CARTESIAN_POINT('',(5.999572699892,13.118412252682,4.6));
#2657 = CARTESIAN_POINT('',(5.970639756623,13.036346472293,4.6));
#2658 = CARTESIAN_POINT('',(5.949321237269,12.951142119135,4.6));
#2659 = CARTESIAN_POINT('',(5.927646783124,12.817247628629,4.6));
#2660 = CARTESIAN_POINT('',(5.922145487518,12.770264636188,4.6));
#2661 = CARTESIAN_POINT('',(5.918569053895,12.722713347222,4.6));
#2662 = CARTESIAN_POINT('',(5.916827651515,12.674687968715,4.6));
#2663 = CARTESIAN_POINT('',(5.916827651515,12.626268939394,4.6));
#2664 = ORIENTED_EDGE('',*,*,#2665,.F.);
#2665 = EDGE_CURVE('',#2666,#2647,#2668,.T.);
#2666 = VERTEX_POINT('',#2667);
#2667 = CARTESIAN_POINT('',(7.816685606061,13.965757575758,4.6));
#2668 = B_SPLINE_CURVE_WITH_KNOTS('',6,(#2669,#2670,#2671,#2672,#2673,
    #2674,#2675,#2676,#2677,#2678,#2679,#2680),.UNSPECIFIED.,.F.,.F.,(7,
    5,7),(0.,0.628806178624,1.),.UNSPECIFIED.);
#2669 = CARTESIAN_POINT('',(7.816685606061,13.965757575758,4.6));
#2670 = CARTESIAN_POINT('',(7.652610331069,13.965757575758,4.6));
#2671 = CARTESIAN_POINT('',(7.490472835324,13.95905677707,4.6));
#2672 = CARTESIAN_POINT('',(7.330750501442,13.944699057678,4.6));
#2673 = CARTESIAN_POINT('',(7.17440093522,13.921492582208,4.6));
#2674 = CARTESIAN_POINT('',(7.022860859865,13.888019137931,4.6));
#2675 = CARTESIAN_POINT('',(6.792384826501,13.816238623588,4.6));
#2676 = CARTESIAN_POINT('',(6.709161365877,13.785537297509,4.6));
#2677 = CARTESIAN_POINT('',(6.628675051942,13.750509152918,4.6));
#2678 = CARTESIAN_POINT('',(6.551403865686,13.71091358644,4.6));
#2679 = CARTESIAN_POINT('',(6.477863707594,13.666582002038,4.6));
#2680 = CARTESIAN_POINT('',(6.408541666667,13.617509469697,4.6));
#2681 = ORIENTED_EDGE('',*,*,#2682,.F.);
#2682 = EDGE_CURVE('',#2683,#2666,#2685,.T.);
#2683 = VERTEX_POINT('',#2684);
#2684 = CARTESIAN_POINT('',(9.119952651515,13.704630681818,4.6));
#2685 = B_SPLINE_CURVE_WITH_KNOTS('',6,(#2686,#2687,#2688,#2689,#2690,
    #2691,#2692,#2693,#2694,#2695,#2696,#2697),.UNSPECIFIED.,.F.,.F.,(7,
    5,7),(0.,0.4618183514,1.),.UNSPECIFIED.);
#2686 = CARTESIAN_POINT('',(9.119952651515,13.704630681818,4.6));
#2687 = CARTESIAN_POINT('',(9.039246339831,13.751359848111,4.6));
#2688 = CARTESIAN_POINT('',(8.952720899417,13.791976441786,4.6));
#2689 = CARTESIAN_POINT('',(8.861319715257,13.826769074888,4.6));
#2690 = CARTESIAN_POINT('',(8.765949947373,13.856214831174,4.6));
#2691 = CARTESIAN_POINT('',(8.667344364866,13.880803567752,4.6));
#2692 = CARTESIAN_POINT('',(8.447964228276,13.92452962095,4.6));
#2693 = CARTESIAN_POINT('',(8.326256516046,13.942085798593,4.6));
#2694 = CARTESIAN_POINT('',(8.201729754461,13.954404564576,4.6));
#2695 = CARTESIAN_POINT('',(8.075020312288,13.962118190371,4.6));
#2696 = CARTESIAN_POINT('',(7.946581360677,13.965757575758,4.6));
#2697 = CARTESIAN_POINT('',(7.816685606061,13.965757575758,4.6));
#2698 = ORIENTED_EDGE('',*,*,#2699,.F.);
#2699 = EDGE_CURVE('',#2700,#2683,#2702,.T.);
#2700 = VERTEX_POINT('',#2701);
#2701 = CARTESIAN_POINT('',(9.752054924242,12.815189393939,4.6));
#2702 = B_SPLINE_CURVE_WITH_KNOTS('',6,(#2703,#2704,#2705,#2706,#2707,
    #2708,#2709,#2710,#2711,#2712,#2713,#2714),.UNSPECIFIED.,.F.,.F.,(7,
    5,7),(0.,0.881032028516,1.),.UNSPECIFIED.);
#2703 = CARTESIAN_POINT('',(9.752054924242,12.815189393939,4.6));
#2704 = CARTESIAN_POINT('',(9.703577946239,12.983433023481,4.6));
#2705 = CARTESIAN_POINT('',(9.641316965192,13.143446463717,4.6));
#2706 = CARTESIAN_POINT('',(9.563432796198,13.292134322718,4.6));
#2707 = CARTESIAN_POINT('',(9.46837166527,13.425706851586,4.6));
#2708 = CARTESIAN_POINT('',(9.355585907984,13.540367053359,4.6));
#2709 = CARTESIAN_POINT('',(9.210373890547,13.646957634111,4.6));
#2710 = CARTESIAN_POINT('',(9.192821071182,13.659260854935,4.6));
#2711 = CARTESIAN_POINT('',(9.174996406385,13.671182489097,4.6));
#2712 = CARTESIAN_POINT('',(9.15690578189,13.682719409841,4.6));
#2713 = CARTESIAN_POINT('',(9.138555574387,13.693869305963,4.6));
#2714 = CARTESIAN_POINT('',(9.119952651515,13.704630681818,4.6));
#2715 = ORIENTED_EDGE('',*,*,#2716,.T.);
#2716 = EDGE_CURVE('',#2700,#2717,#2719,.T.);
#2717 = VERTEX_POINT('',#2718);
#2718 = CARTESIAN_POINT('',(9.084441287879,12.698001893939,4.6));
#2719 = LINE('',#2720,#2721);
#2720 = CARTESIAN_POINT('',(8.645891729725,12.621022450221,4.6));
#2721 = VECTOR('',#2722,1.);
#2722 = DIRECTION('',(-0.984941376985,-0.17288864596,0.));
#2723 = ORIENTED_EDGE('',*,*,#2724,.F.);
#2724 = EDGE_CURVE('',#2725,#2717,#2727,.T.);
#2725 = VERTEX_POINT('',#2726);
#2726 = CARTESIAN_POINT('',(8.66540719697,13.274943181818,4.6));
#2727 = B_SPLINE_CURVE_WITH_KNOTS('',6,(#2728,#2729,#2730,#2731,#2732,
    #2733,#2734,#2735,#2736,#2737,#2738,#2739),.UNSPECIFIED.,.F.,.F.,(7,
    5,7),(0.,0.252489109718,1.),.UNSPECIFIED.);
#2728 = CARTESIAN_POINT('',(8.66540719697,13.274943181818,4.6));
#2729 = CARTESIAN_POINT('',(8.691637834762,13.259727401888,4.6));
#2730 = CARTESIAN_POINT('',(8.717087479417,13.243520745508,4.6));
#2731 = CARTESIAN_POINT('',(8.741727317175,13.226323290108,4.6));
#2732 = CARTESIAN_POINT('',(8.765532296702,13.20814032759,4.6));
#2733 = CARTESIAN_POINT('',(8.788481129094,13.188982364339,4.6));
#2734 = CARTESIAN_POINT('',(8.875911271365,13.109306677932,4.6));
#2735 = CARTESIAN_POINT('',(8.93362930072,13.041322460003,4.6));
#2736 = CARTESIAN_POINT('',(8.983204251869,12.96535775336,4.6));
#2737 = CARTESIAN_POINT('',(9.024631395052,12.882187160688,4.6));
#2738 = CARTESIAN_POINT('',(9.058217575378,12.792745629427,4.6));
#2739 = CARTESIAN_POINT('',(9.084441287879,12.698001893939,4.6));
#2740 = ORIENTED_EDGE('',*,*,#2741,.F.);
#2741 = EDGE_CURVE('',#2742,#2725,#2744,.T.);
#2742 = VERTEX_POINT('',#2743);
#2743 = CARTESIAN_POINT('',(7.809583333333,13.454393939394,4.6));
#2744 = B_SPLINE_CURVE_WITH_KNOTS('',5,(#2745,#2746,#2747,#2748,#2749,
    #2750,#2751,#2752,#2753,#2754),.UNSPECIFIED.,.F.,.F.,(6,4,6),(0.,
    0.523886112773,1.),.UNSPECIFIED.);
#2745 = CARTESIAN_POINT('',(7.809583333333,13.454393939394,4.6));
#2746 = CARTESIAN_POINT('',(7.913005511575,13.454393939394,4.6));
#2747 = CARTESIAN_POINT('',(8.01400044002,13.450382355702,4.6));
#2748 = CARTESIAN_POINT('',(8.112113123997,13.441912887959,4.6));
#2749 = CARTESIAN_POINT('',(8.206694846873,13.428461739598,4.6));
#2750 = CARTESIAN_POINT('',(8.379026103931,13.392326997454,4.6));
#2751 = CARTESIAN_POINT('',(8.457521077383,13.370597631417,4.6));
#2752 = CARTESIAN_POINT('',(8.531872098337,13.343978536005,4.6));
#2753 = CARTESIAN_POINT('',(8.601379493182,13.312133219727,4.6));
#2754 = CARTESIAN_POINT('',(8.66540719697,13.274943181818,4.6));
#2755 = ORIENTED_EDGE('',*,*,#2756,.F.);
#2756 = EDGE_CURVE('',#2757,#2742,#2759,.T.);
#2757 = VERTEX_POINT('',#2758);
#2758 = CARTESIAN_POINT('',(6.893390151515,13.255293560606,4.6));
#2759 = B_SPLINE_CURVE_WITH_KNOTS('',6,(#2760,#2761,#2762,#2763,#2764,
    #2765,#2766,#2767,#2768,#2769,#2770,#2771),.UNSPECIFIED.,.F.,.F.,(7,
    5,7),(0.,0.473218936024,1.),.UNSPECIFIED.);
#2760 = CARTESIAN_POINT('',(6.893390151515,13.255293560606,4.6));
#2761 = CARTESIAN_POINT('',(6.948599493561,13.290073378329,4.6));
#2762 = CARTESIAN_POINT('',(7.008263760618,13.320737613367,4.6));
#2763 = CARTESIAN_POINT('',(7.071934134907,13.347354748128,4.6));
#2764 = CARTESIAN_POINT('',(7.139123175189,13.370114481097,4.6));
#2765 = CARTESIAN_POINT('',(7.20937530483,13.389252264434,4.6));
#2766 = CARTESIAN_POINT('',(7.36347360373,13.422564508343,4.6));
#2767 = CARTESIAN_POINT('',(7.447953253054,13.435930398376,4.6));
#2768 = CARTESIAN_POINT('',(7.53521240847,13.44546337369,4.6));
#2769 = CARTESIAN_POINT('',(7.624798264141,13.451510133075,4.6));
#2770 = CARTESIAN_POINT('',(7.716343972892,13.454393939394,4.6));
#2771 = CARTESIAN_POINT('',(7.809583333333,13.454393939394,4.6));
#2772 = ORIENTED_EDGE('',*,*,#2773,.F.);
#2773 = EDGE_CURVE('',#2774,#2757,#2776,.T.);
#2774 = VERTEX_POINT('',#2775);
#2775 = CARTESIAN_POINT('',(6.577339015152,12.66178030303,4.6));
#2776 = B_SPLINE_CURVE_WITH_KNOTS('',5,(#2777,#2778,#2779,#2780,#2781,
    #2782,#2783,#2784,#2785,#2786),.UNSPECIFIED.,.F.,.F.,(6,4,6),(0.,
    0.559736099298,1.),.UNSPECIFIED.);
#2777 = CARTESIAN_POINT('',(6.577339015152,12.66178030303,4.6));
#2778 = CARTESIAN_POINT('',(6.577339015152,12.746622730421,4.6));
#2779 = CARTESIAN_POINT('',(6.586480044147,12.828023432726,4.6));
#2780 = CARTESIAN_POINT('',(6.605708528095,12.904907299778,4.6));
#2781 = CARTESIAN_POINT('',(6.635620333915,12.976189501265,4.6));
#2782 = CARTESIAN_POINT('',(6.707307022177,13.092212558066,4.6));
#2783 = CARTESIAN_POINT('',(6.745199598356,13.139391943813,4.6));
#2784 = CARTESIAN_POINT('',(6.789210394899,13.182315891606,4.6));
#2785 = CARTESIAN_POINT('',(6.838822683593,13.22091809954,4.6));
#2786 = CARTESIAN_POINT('',(6.893390151515,13.255293560606,4.6));
#2787 = ORIENTED_EDGE('',*,*,#2788,.F.);
#2788 = EDGE_CURVE('',#2789,#2774,#2791,.T.);
#2789 = VERTEX_POINT('',#2790);
#2790 = CARTESIAN_POINT('',(6.699734848485,12.279914772727,4.6));
#2791 = B_SPLINE_CURVE_WITH_KNOTS('',5,(#2792,#2793,#2794,#2795,#2796,
    #2797,#2798,#2799,#2800,#2801),.UNSPECIFIED.,.F.,.F.,(6,4,6),(0.,
    0.136950080603,1.),.UNSPECIFIED.);
#2792 = CARTESIAN_POINT('',(6.699734848485,12.279914772727,4.6));
#2793 = CARTESIAN_POINT('',(6.692981755578,12.288248376741,4.6));
#2794 = CARTESIAN_POINT('',(6.686459163713,12.296736702625,4.6));
#2795 = CARTESIAN_POINT('',(6.680168191916,12.305378987511,4.6));
#2796 = CARTESIAN_POINT('',(6.674109743233,12.314174320946,4.6));
#2797 = CARTESIAN_POINT('',(6.63157425532,12.379507060446,4.6));
#2798 = CARTESIAN_POINT('',(6.604122239413,12.44193407438,4.6));
#2799 = CARTESIAN_POINT('',(6.586115008421,12.510123322127,4.6));
#2800 = CARTESIAN_POINT('',(6.577339015152,12.583598525256,4.6));
#2801 = CARTESIAN_POINT('',(6.577339015152,12.66178030303,4.6));
#2802 = ORIENTED_EDGE('',*,*,#2803,.F.);
#2803 = EDGE_CURVE('',#2804,#2789,#2806,.T.);
#2804 = VERTEX_POINT('',#2805);
#2805 = CARTESIAN_POINT('',(7.053191287879,12.023996212121,4.6));
#2806 = B_SPLINE_CURVE_WITH_KNOTS('',5,(#2807,#2808,#2809,#2810,#2811,
    #2812),.UNSPECIFIED.,.F.,.F.,(6,6),(0.,1.),
  .PIECEWISE_BEZIER_KNOTS.);
#2807 = CARTESIAN_POINT('',(7.053191287879,12.023996212121,4.6));
#2808 = CARTESIAN_POINT('',(6.963179303402,12.064893965068,4.6));
#2809 = CARTESIAN_POINT('',(6.882039072428,12.11082069496,4.6));
#2810 = CARTESIAN_POINT('',(6.810624620839,12.16195510865,4.6));
#2811 = CARTESIAN_POINT('',(6.749704107092,12.218369624095,4.6));
#2812 = CARTESIAN_POINT('',(6.699734848485,12.279914772727,4.6));
#2813 = ORIENTED_EDGE('',*,*,#2814,.F.);
#2814 = EDGE_CURVE('',#2815,#2804,#2817,.T.);
#2815 = VERTEX_POINT('',#2816);
#2816 = CARTESIAN_POINT('',(7.972935606061,11.766420454545,4.6));
#2817 = B_SPLINE_CURVE_WITH_KNOTS('',7,(#2818,#2819,#2820,#2821,#2822,
    #2823,#2824,#2825,#2826,#2827,#2828,#2829,#2830,#2831),
  .UNSPECIFIED.,.F.,.F.,(8,6,8),(0.,0.858368402769,1.),.UNSPECIFIED.);
#2818 = CARTESIAN_POINT('',(7.972935606061,11.766420454545,4.6));
#2819 = CARTESIAN_POINT('',(7.836356831159,11.796740003888,4.6));
#2820 = CARTESIAN_POINT('',(7.703854771776,11.827378599856,4.6));
#2821 = CARTESIAN_POINT('',(7.575704251299,11.858484099758,4.6));
#2822 = CARTESIAN_POINT('',(7.453068745792,11.890096326566,4.6));
#2823 = CARTESIAN_POINT('',(7.338144210634,11.922148760684,4.6));
#2824 = CARTESIAN_POINT('',(7.234057322622,11.954467964704,4.6));
#2825 = CARTESIAN_POINT('',(7.130920871328,11.992131406308,4.6));
#2826 = CARTESIAN_POINT('',(7.116744694578,11.997463178473,4.6));
#2827 = CARTESIAN_POINT('',(7.103023172195,12.002790260598,4.6));
#2828 = CARTESIAN_POINT('',(7.08978085913,12.008110155292,4.6));
#2829 = CARTESIAN_POINT('',(7.077043414503,12.013419996578,4.6));
#2830 = CARTESIAN_POINT('',(7.064837601601,12.0187165499,4.6));
#2831 = CARTESIAN_POINT('',(7.053191287879,12.023996212121,4.6));
#2832 = ORIENTED_EDGE('',*,*,#2833,.F.);
#2833 = EDGE_CURVE('',#2834,#2815,#2836,.T.);
#2834 = VERTEX_POINT('',#2835);
#2835 = CARTESIAN_POINT('',(8.432689393939,11.657992424242,4.6));
#2836 = B_SPLINE_CURVE_WITH_KNOTS('',4,(#2837,#2838,#2839,#2840,#2841),
  .UNSPECIFIED.,.F.,.F.,(5,5),(0.,1.),.PIECEWISE_BEZIER_KNOTS.);
#2837 = CARTESIAN_POINT('',(8.432689393939,11.657992424242,4.6));
#2838 = CARTESIAN_POINT('',(8.318162341302,11.685587877463,4.6));
#2839 = CARTESIAN_POINT('',(8.203360444126,11.712857415319,4.6));
#2840 = CARTESIAN_POINT('',(8.088284573485,11.739801462063,4.6));
#2841 = CARTESIAN_POINT('',(7.972935606061,11.766420454545,4.6));
#2842 = ORIENTED_EDGE('',*,*,#2843,.F.);
#2843 = EDGE_CURVE('',#2844,#2834,#2846,.T.);
#2844 = VERTEX_POINT('',#2845);
#2845 = CARTESIAN_POINT('',(8.871373106061,11.526600378788,4.6));
#2846 = B_SPLINE_CURVE_WITH_KNOTS('',4,(#2847,#2848,#2849,#2850,#2851),
  .UNSPECIFIED.,.F.,.F.,(5,5),(0.,1.),.PIECEWISE_BEZIER_KNOTS.);
#2847 = CARTESIAN_POINT('',(8.871373106061,11.526600378788,4.6));
#2848 = CARTESIAN_POINT('',(8.766135020934,11.565009307032,4.6));
#2849 = CARTESIAN_POINT('',(8.657882207902,11.599688681612,4.6));
#2850 = CARTESIAN_POINT('',(8.546701504611,11.630667207635,4.6));
#2851 = CARTESIAN_POINT('',(8.432689393939,11.657992424242,4.6));
#2852 = ORIENTED_EDGE('',*,*,#2853,.F.);
#2853 = EDGE_CURVE('',#2854,#2844,#2856,.T.);
#2854 = VERTEX_POINT('',#2855);
#2855 = CARTESIAN_POINT('',(9.26365530303,11.347149621212,4.6));
#2856 = B_SPLINE_CURVE_WITH_KNOTS('',4,(#2857,#2858,#2859,#2860,#2861),
  .UNSPECIFIED.,.F.,.F.,(5,5),(0.,1.),.PIECEWISE_BEZIER_KNOTS.);
#2857 = CARTESIAN_POINT('',(9.26365530303,11.347149621212,4.6));
#2858 = CARTESIAN_POINT('',(9.171872319286,11.39898560685,4.6));
#2859 = CARTESIAN_POINT('',(9.075811143114,11.446159758307,4.6));
#2860 = CARTESIAN_POINT('',(8.975593951817,11.488680477846,4.6));
#2861 = CARTESIAN_POINT('',(8.871373106061,11.526600378788,4.6));
#2862 = ORIENTED_EDGE('',*,*,#2863,.F.);
#2863 = EDGE_CURVE('',#2864,#2854,#2866,.T.);
#2864 = VERTEX_POINT('',#2865);
#2865 = CARTESIAN_POINT('',(9.581600378788,11.095018939394,4.6));
#2866 = B_SPLINE_CURVE_WITH_KNOTS('',4,(#2867,#2868,#2869,#2870,#2871,
    #2872,#2873,#2874),.UNSPECIFIED.,.F.,.F.,(5,3,5),(0.,
    9.182584327051E-02,1.),.UNSPECIFIED.);
#2867 = CARTESIAN_POINT('',(9.581600378788,11.095018939394,4.6));
#2868 = CARTESIAN_POINT('',(9.575393251955,11.101879447999,4.6));
#2869 = CARTESIAN_POINT('',(9.569118073714,11.108675128802,4.6));
#2870 = CARTESIAN_POINT('',(9.562774964999,11.115405821513,4.6));
#2871 = CARTESIAN_POINT('',(9.492959100788,11.187994984055,4.6));
#2872 = CARTESIAN_POINT('',(9.422922230474,11.247547894997,4.6));
#2873 = CARTESIAN_POINT('',(9.346391314448,11.300590546223,4.6));
#2874 = CARTESIAN_POINT('',(9.26365530303,11.347149621212,4.6));
#2875 = ORIENTED_EDGE('',*,*,#2876,.F.);
#2876 = EDGE_CURVE('',#2877,#2864,#2879,.T.);
#2877 = VERTEX_POINT('',#2878);
#2878 = CARTESIAN_POINT('',(9.792774621212,10.74321969697,4.6));
#2879 = B_SPLINE_CURVE_WITH_KNOTS('',5,(#2880,#2881,#2882,#2883,#2884,
    #2885),.UNSPECIFIED.,.F.,.F.,(6,6),(0.,1.),
  .PIECEWISE_BEZIER_KNOTS.);
#2880 = CARTESIAN_POINT('',(9.792774621212,10.74321969697,4.6));
#2881 = CARTESIAN_POINT('',(9.76250224288,10.823695336261,4.6));
#2882 = CARTESIAN_POINT('',(9.726281394928,10.89932740816,4.6));
#2883 = CARTESIAN_POINT('',(9.684038190433,10.969870759044,4.6));
#2884 = CARTESIAN_POINT('',(9.635777536124,11.035138923391,4.6));
#2885 = CARTESIAN_POINT('',(9.581600378788,11.095018939394,4.6));
#2886 = ORIENTED_EDGE('',*,*,#2887,.F.);
#2887 = EDGE_CURVE('',#2399,#2877,#2888,.T.);
#2888 = B_SPLINE_CURVE_WITH_KNOTS('',5,(#2889,#2890,#2891,#2892,#2893,
    #2894),.UNSPECIFIED.,.F.,.F.,(6,6),(0.,1.),
  .PIECEWISE_BEZIER_KNOTS.);
#2889 = CARTESIAN_POINT('',(9.869242424242,10.267367424242,4.6));
#2890 = CARTESIAN_POINT('',(9.869242424242,10.374040310617,4.6));
#2891 = CARTESIAN_POINT('',(9.861968643035,10.475516231286,4.6));
#2892 = CARTESIAN_POINT('',(9.846996929966,10.571230697617,4.6));
#2893 = CARTESIAN_POINT('',(9.82397919779,10.660619347205,4.6));
#2894 = CARTESIAN_POINT('',(9.792774621212,10.74321969697,4.6));
#2895 = FACE_BOUND('',#2896,.T.);
#2896 = EDGE_LOOP('',(#2897,#2916,#2935,#2950,#2965,#2973,#3005,#3028,
    #3050,#3072,#3095,#3137,#3145));
#2897 = ORIENTED_EDGE('',*,*,#2898,.F.);
#2898 = EDGE_CURVE('',#2899,#2901,#2903,.T.);
#2899 = VERTEX_POINT('',#2900);
#2900 = CARTESIAN_POINT('',(11.454232954545,9.652547348485,4.6));
#2901 = VERTEX_POINT('',#2902);
#2902 = CARTESIAN_POINT('',(11.180795454545,10.672670454545,4.6));
#2903 = B_SPLINE_CURVE_WITH_KNOTS('',6,(#2904,#2905,#2906,#2907,#2908,
    #2909,#2910,#2911,#2912,#2913,#2914,#2915),.UNSPECIFIED.,.F.,.F.,(7,
    5,7),(0.,0.475140105739,1.),.UNSPECIFIED.);
#2904 = CARTESIAN_POINT('',(11.454232954545,9.652547348485,4.6));
#2905 = CARTESIAN_POINT('',(11.406961474895,9.714634651194,4.6));
#2906 = CARTESIAN_POINT('',(11.364954088538,9.781660903481,4.6));
#2907 = CARTESIAN_POINT('',(11.328300602967,9.853168922891,4.6));
#2908 = CARTESIAN_POINT('',(11.296866754919,9.928615408147,4.6));
#2909 = CARTESIAN_POINT('',(11.270403744098,10.007455282639,4.6));
#2910 = CARTESIAN_POINT('',(11.224533703789,10.179474911713,4.6));
#2911 = CARTESIAN_POINT('',(11.206154065139,10.27329501598,4.6));
#2912 = CARTESIAN_POINT('',(11.193050383621,10.370021509713,4.6));
#2913 = CARTESIAN_POINT('',(11.18474707006,10.469098980731,4.6));
#2914 = CARTESIAN_POINT('',(11.180795454545,10.570086909968,4.6));
#2915 = CARTESIAN_POINT('',(11.180795454545,10.672670454545,4.6));
#2916 = ORIENTED_EDGE('',*,*,#2917,.F.);
#2917 = EDGE_CURVE('',#2918,#2899,#2920,.T.);
#2918 = VERTEX_POINT('',#2919);
#2919 = CARTESIAN_POINT('',(12.253238636364,9.293645833333,4.6));
#2920 = B_SPLINE_CURVE_WITH_KNOTS('',5,(#2921,#2922,#2923,#2924,#2925,
    #2926,#2927,#2928,#2929,#2930,#2931,#2932,#2933,#2934),
  .UNSPECIFIED.,.F.,.F.,(6,4,4,6),(0.,0.242264910857,0.693633651618,1.),
  .UNSPECIFIED.);
#2921 = CARTESIAN_POINT('',(12.253238636364,9.293645833333,4.6));
#2922 = CARTESIAN_POINT('',(12.205752734588,9.293645833333,4.6));
#2923 = CARTESIAN_POINT('',(12.158877883595,9.295477023001,4.6));
#2924 = CARTESIAN_POINT('',(12.112709847171,9.299243395504,4.6));
#2925 = CARTESIAN_POINT('',(12.067359492915,9.305045708475,4.6));
#2926 = CARTESIAN_POINT('',(11.940197396412,9.327714866517,4.6));
#2927 = CARTESIAN_POINT('',(11.860675518591,9.349813640846,4.6));
#2928 = CARTESIAN_POINT('',(11.785210894203,9.379768568654,4.6));
#2929 = CARTESIAN_POINT('',(11.714598801796,9.41780768965,4.6));
#2930 = CARTESIAN_POINT('',(11.605148629122,9.494563516193,4.6));
#2931 = CARTESIAN_POINT('',(11.563381051278,9.529143309005,4.6));
#2932 = CARTESIAN_POINT('',(11.524269224068,9.567151480443,4.6));
#2933 = CARTESIAN_POINT('',(11.48788562502,9.608376397455,4.6));
#2934 = CARTESIAN_POINT('',(11.454232954545,9.652547348485,4.6));
#2935 = ORIENTED_EDGE('',*,*,#2936,.F.);
#2936 = EDGE_CURVE('',#2937,#2918,#2939,.T.);
#2937 = VERTEX_POINT('',#2938);
#2938 = CARTESIAN_POINT('',(12.918958333333,9.462443181818,4.6));
#2939 = B_SPLINE_CURVE_WITH_KNOTS('',5,(#2940,#2941,#2942,#2943,#2944,
    #2945,#2946,#2947,#2948,#2949),.UNSPECIFIED.,.F.,.F.,(6,4,6),(0.,
    0.488334793767,1.),.UNSPECIFIED.);
#2940 = CARTESIAN_POINT('',(12.918958333333,9.462443181818,4.6));
#2941 = CARTESIAN_POINT('',(12.867900237144,9.428001911635,4.6));
#2942 = CARTESIAN_POINT('',(12.812785912021,9.398117073514,4.6));
#2943 = CARTESIAN_POINT('',(12.753879297832,9.372827013316,4.6));
#2944 = CARTESIAN_POINT('',(12.691523216918,9.35201953643,4.6));
#2945 = CARTESIAN_POINT('',(12.557505980683,9.318208131439,4.6));
#2946 = CARTESIAN_POINT('',(12.485539507826,9.305623876504,4.6));
#2947 = CARTESIAN_POINT('',(12.410583641163,9.297537690311,4.6));
#2948 = CARTESIAN_POINT('',(12.333037831358,9.293645833333,4.6));
#2949 = CARTESIAN_POINT('',(12.253238636364,9.293645833333,4.6));
#2950 = ORIENTED_EDGE('',*,*,#2951,.F.);
#2951 = EDGE_CURVE('',#2952,#2937,#2954,.T.);
#2952 = VERTEX_POINT('',#2953);
#2953 = CARTESIAN_POINT('',(13.258210227273,9.89,4.6));
#2954 = B_SPLINE_CURVE_WITH_KNOTS('',5,(#2955,#2956,#2957,#2958,#2959,
    #2960,#2961,#2962,#2963,#2964),.UNSPECIFIED.,.F.,.F.,(6,4,6),(0.,
    0.258403541665,1.),.UNSPECIFIED.);
#2955 = CARTESIAN_POINT('',(13.258210227273,9.89,4.6));
#2956 = CARTESIAN_POINT('',(13.248999317032,9.863153266952,4.6));
#2957 = CARTESIAN_POINT('',(13.238684151922,9.836863887958,4.6));
#2958 = CARTESIAN_POINT('',(13.227262241574,9.811151789307,4.6));
#2959 = CARTESIAN_POINT('',(13.214736424367,9.78603437268,4.6));
#2960 = CARTESIAN_POINT('',(13.162022143226,9.691191022739,4.6));
#2961 = CARTESIAN_POINT('',(13.113900321682,9.625868315418,4.6));
#2962 = CARTESIAN_POINT('',(13.056951330229,9.565931963983,4.6));
#2963 = CARTESIAN_POINT('',(12.991724768836,9.511481431831,4.6));
#2964 = CARTESIAN_POINT('',(12.918958333333,9.462443181818,4.6));
#2965 = ORIENTED_EDGE('',*,*,#2966,.T.);
#2966 = EDGE_CURVE('',#2952,#2967,#2969,.T.);
#2967 = VERTEX_POINT('',#2968);
#2968 = CARTESIAN_POINT('',(13.819289772727,9.729251893939,4.6));
#2969 = LINE('',#2970,#2971);
#2970 = CARTESIAN_POINT('',(1.109798884693,13.370494220089,4.6));
#2971 = VECTOR('',#2972,1.);
#2972 = DIRECTION('',(0.961324710922,-0.275417501568,0.));
#2973 = ORIENTED_EDGE('',*,*,#2974,.F.);
#2974 = EDGE_CURVE('',#2975,#2967,#2977,.T.);
#2975 = VERTEX_POINT('',#2976);
#2976 = CARTESIAN_POINT('',(12.253238636364,8.814242424242,4.6));
#2977 = B_SPLINE_CURVE_WITH_KNOTS('',6,(#2978,#2979,#2980,#2981,#2982,
    #2983,#2984,#2985,#2986,#2987,#2988,#2989,#2990,#2991,#2992,#2993,
    #2994,#2995,#2996,#2997,#2998,#2999,#3000,#3001,#3002,#3003,#3004),
  .UNSPECIFIED.,.F.,.F.,(7,5,5,5,5,7),(0.,0.309175634059,0.442054057191,
    0.683026355712,0.89211489582,1.),.UNSPECIFIED.);
#2978 = CARTESIAN_POINT('',(12.253238636364,8.814242424242,4.6));
#2979 = CARTESIAN_POINT('',(12.357670047815,8.814242424242,4.6));
#2980 = CARTESIAN_POINT('',(12.461531932106,8.818254562269,4.6));
#2981 = CARTESIAN_POINT('',(12.564613445667,8.826751635311,4.6));
#2982 = CARTESIAN_POINT('',(12.666540047639,8.840289966527,4.6));
#2983 = CARTESIAN_POINT('',(12.766776902066,8.859493890067,4.6));
#2984 = CARTESIAN_POINT('',(12.906721360214,8.895902063885,4.6));
#2985 = CARTESIAN_POINT('',(12.948347566641,8.908001301305,4.6));
#2986 = CARTESIAN_POINT('',(12.989477001874,8.921301307846,4.6));
#2987 = CARTESIAN_POINT('',(13.030045870799,8.935845384916,4.6));
#2988 = CARTESIAN_POINT('',(13.069984824793,8.951671084676,4.6));
#2989 = CARTESIAN_POINT('',(13.180373795119,8.99988189676,4.6));
#2990 = CARTESIAN_POINT('',(13.24923472919,9.03527413598,4.6));
#2991 = CARTESIAN_POINT('',(13.315327121993,9.075138980856,4.6));
#2992 = CARTESIAN_POINT('',(13.378182909538,9.119535577691,4.6));
#2993 = CARTESIAN_POINT('',(13.437385843213,9.168366919741,4.6));
#2994 = CARTESIAN_POINT('',(13.540536842371,9.267266836258,4.6));
#2995 = CARTESIAN_POINT('',(13.5854820256,9.316331226674,4.6));
#2996 = CARTESIAN_POINT('',(13.627241615163,9.368315601665,4.6));
#2997 = CARTESIAN_POINT('',(13.665722317867,9.422960992059,4.6));
#2998 = CARTESIAN_POINT('',(13.700920358862,9.479968621257,4.6));
#2999 = CARTESIAN_POINT('',(13.749393580125,9.56949137778,4.6));
#3000 = CARTESIAN_POINT('',(13.765035315418,9.600508601169,4.6));
#3001 = CARTESIAN_POINT('',(13.779829773895,9.632032240147,4.6));
#3002 = CARTESIAN_POINT('',(13.79379129646,9.664022381641,4.6));
#3003 = CARTESIAN_POINT('',(13.806937872286,9.696440831943,4.6));
#3004 = CARTESIAN_POINT('',(13.819289772727,9.729251893939,4.6));
#3005 = ORIENTED_EDGE('',*,*,#3006,.F.);
#3006 = EDGE_CURVE('',#3007,#2975,#3009,.T.);
#3007 = VERTEX_POINT('',#3008);
#3008 = CARTESIAN_POINT('',(10.955179924242,9.322054924242,4.6));
#3009 = B_SPLINE_CURVE_WITH_KNOTS('',5,(#3010,#3011,#3012,#3013,#3014,
    #3015,#3016,#3017,#3018,#3019,#3020,#3021,#3022,#3023,#3024,#3025,
    #3026,#3027),.UNSPECIFIED.,.F.,.F.,(6,4,4,4,6),(0.,0.172383999694,
    0.417960980678,0.673095089779,1.),.UNSPECIFIED.);
#3010 = CARTESIAN_POINT('',(10.955179924242,9.322054924242,4.6));
#3011 = CARTESIAN_POINT('',(10.987242462505,9.285531214963,4.6));
#3012 = CARTESIAN_POINT('',(11.020775978432,9.250470379271,4.6));
#3013 = CARTESIAN_POINT('',(11.055757777617,9.21696127265,4.6));
#3014 = CARTESIAN_POINT('',(11.092144348612,9.185074665784,4.6));
#3015 = CARTESIAN_POINT('',(11.183616990671,9.111824275568,4.6));
#3016 = CARTESIAN_POINT('',(11.240086657045,9.072181442502,4.6));
#3017 = CARTESIAN_POINT('',(11.299088767603,9.036089705909,4.6));
#3018 = CARTESIAN_POINT('',(11.360376552403,9.003587885799,4.6));
#3019 = CARTESIAN_POINT('',(11.489427639171,8.944549146214,4.6));
#3020 = CARTESIAN_POINT('',(11.557355158545,8.918291440674,4.6));
#3021 = CARTESIAN_POINT('',(11.627148156293,8.895806177046,4.6));
#3022 = CARTESIAN_POINT('',(11.698505679609,8.876933936818,4.6));
#3023 = CARTESIAN_POINT('',(11.864265437452,8.841682612563,4.6));
#3024 = CARTESIAN_POINT('',(11.959501643334,8.82749894102,4.6));
#3025 = CARTESIAN_POINT('',(12.056340739661,8.818515651565,4.6));
#3026 = CARTESIAN_POINT('',(12.154350338938,8.814242424242,4.6));
#3027 = CARTESIAN_POINT('',(12.253238636364,8.814242424242,4.6));
#3028 = ORIENTED_EDGE('',*,*,#3029,.F.);
#3029 = EDGE_CURVE('',#3030,#3007,#3032,.T.);
#3030 = VERTEX_POINT('',#3031);
#3031 = CARTESIAN_POINT('',(10.509630681818,10.831524621212,4.6));
#3032 = B_SPLINE_CURVE_WITH_KNOTS('',6,(#3033,#3034,#3035,#3036,#3037,
    #3038,#3039,#3040,#3041,#3042,#3043,#3044,#3045,#3046,#3047,#3048,
    #3049),.UNSPECIFIED.,.F.,.F.,(7,5,5,7),(0.,0.508046885303,
    0.761124460788,1.),.UNSPECIFIED.);
#3033 = CARTESIAN_POINT('',(10.509630681818,10.831524621212,4.6));
#3034 = CARTESIAN_POINT('',(10.509630681818,10.687851681523,4.6));
#3035 = CARTESIAN_POINT('',(10.515133028764,10.545432311154,4.6));
#3036 = CARTESIAN_POINT('',(10.526834097782,10.404601734197,4.6));
#3037 = CARTESIAN_POINT('',(10.545574831393,10.265978417162,4.6));
#3038 = CARTESIAN_POINT('',(10.57232678826,10.130460476146,4.6));
#3039 = CARTESIAN_POINT('',(10.625848856948,9.933776827343,4.6));
#3040 = CARTESIAN_POINT('',(10.645869388698,9.869438652842,4.6));
#3041 = CARTESIAN_POINT('',(10.668228329567,9.8063090464,4.6));
#3042 = CARTESIAN_POINT('',(10.693035316339,9.744560442681,4.6));
#3043 = CARTESIAN_POINT('',(10.720381812218,9.684381275264,4.6));
#3044 = CARTESIAN_POINT('',(10.77859275734,9.570832752717,4.6));
#3045 = CARTESIAN_POINT('',(10.809174599537,9.517268767228,4.6));
#3046 = CARTESIAN_POINT('',(10.842120249615,9.465446084483,4.6));
#3047 = CARTESIAN_POINT('',(10.877452541774,9.415533591931,4.6));
#3048 = CARTESIAN_POINT('',(10.915158838145,9.367690020292,4.6));
#3049 = CARTESIAN_POINT('',(10.955179924242,9.322054924242,4.6));
#3050 = ORIENTED_EDGE('',*,*,#3051,.F.);
#3051 = EDGE_CURVE('',#3052,#3030,#3054,.T.);
#3052 = VERTEX_POINT('',#3053);
#3053 = CARTESIAN_POINT('',(10.955179924242,12.291041666667,4.6));
#3054 = B_SPLINE_CURVE_WITH_KNOTS('',6,(#3055,#3056,#3057,#3058,#3059,
    #3060,#3061,#3062,#3063,#3064,#3065,#3066,#3067,#3068,#3069,#3070,
    #3071),.UNSPECIFIED.,.F.,.F.,(7,5,5,7),(0.,0.260646271736,
    0.534108603751,1.),.UNSPECIFIED.);
#3055 = CARTESIAN_POINT('',(10.955179924242,12.291041666667,4.6));
#3056 = CARTESIAN_POINT('',(10.912461531356,12.242353594009,4.6));
#3057 = CARTESIAN_POINT('',(10.872292314353,12.191321715087,4.6));
#3058 = CARTESIAN_POINT('',(10.834755085811,12.138082820979,4.6));
#3059 = CARTESIAN_POINT('',(10.799880389959,12.08279769379,4.6));
#3060 = CARTESIAN_POINT('',(10.767657293135,12.025642737672,4.6));
#3061 = CARTESIAN_POINT('',(10.706974968852,11.90506724501,4.6));
#3062 = CARTESIAN_POINT('',(10.678777153368,11.841473418771,4.6));
#3063 = CARTESIAN_POINT('',(10.653399095479,11.776225640457,4.6));
#3064 = CARTESIAN_POINT('',(10.630749386022,11.709523762695,4.6));
#3065 = CARTESIAN_POINT('',(10.610712801023,11.641553155749,4.6));
#3066 = CARTESIAN_POINT('',(10.563272637438,11.454790541653,4.6));
#3067 = CARTESIAN_POINT('',(10.540610727436,11.33391137459,4.6));
#3068 = CARTESIAN_POINT('',(10.524552831534,11.210599847783,4.6));
#3069 = CARTESIAN_POINT('',(10.514429052488,11.08548543611,4.6));
#3070 = CARTESIAN_POINT('',(10.509630681818,10.95903058897,4.6));
#3071 = CARTESIAN_POINT('',(10.509630681818,10.831524621212,4.6));
#3072 = ORIENTED_EDGE('',*,*,#3073,.F.);
#3073 = EDGE_CURVE('',#3074,#3052,#3076,.T.);
#3074 = VERTEX_POINT('',#3075);
#3075 = CARTESIAN_POINT('',(12.228380681818,12.799090909091,4.6));
#3076 = B_SPLINE_CURVE_WITH_KNOTS('',5,(#3077,#3078,#3079,#3080,#3081,
    #3082,#3083,#3084,#3085,#3086,#3087,#3088,#3089,#3090,#3091,#3092,
    #3093,#3094),.UNSPECIFIED.,.F.,.F.,(6,4,4,4,6),(0.,0.303947703236,
    0.551930001438,0.790538935641,1.),.UNSPECIFIED.);
#3077 = CARTESIAN_POINT('',(12.228380681818,12.799090909091,4.6));
#3078 = CARTESIAN_POINT('',(12.13816086206,12.799090909091,4.6));
#3079 = CARTESIAN_POINT('',(12.048701017928,12.79531542877,4.6));
#3080 = CARTESIAN_POINT('',(11.960242398812,12.787418583449,4.6));
#3081 = CARTESIAN_POINT('',(11.873123374133,12.775025259546,4.6));
#3082 = CARTESIAN_POINT('',(11.718100028936,12.743791087442,4.6));
#3083 = CARTESIAN_POINT('',(11.649611565436,12.726557730619,4.6));
#3084 = CARTESIAN_POINT('',(11.582514563234,12.705958612091,4.6));
#3085 = CARTESIAN_POINT('',(11.517065942967,12.681859919233,4.6));
#3086 = CARTESIAN_POINT('',(11.392386680285,12.627620157446,4.6));
#3087 = CARTESIAN_POINT('',(11.333010695503,12.597740351037,4.6));
#3088 = CARTESIAN_POINT('',(11.275634394197,12.564540867344,4.6));
#3089 = CARTESIAN_POINT('',(11.220467988286,12.528053996081,4.6));
#3090 = CARTESIAN_POINT('',(11.121338845504,12.453602438358,4.6));
#3091 = CARTESIAN_POINT('',(11.076827600422,12.41636041021,4.6));
#3092 = CARTESIAN_POINT('',(11.034258347255,12.376764821281,4.6));
#3093 = CARTESIAN_POINT('',(10.993698682286,12.33494036808,4.6));
#3094 = CARTESIAN_POINT('',(10.955179924242,12.291041666667,4.6));
#3095 = ORIENTED_EDGE('',*,*,#3096,.F.);
#3096 = EDGE_CURVE('',#3097,#3074,#3099,.T.);
#3097 = VERTEX_POINT('',#3098);
#3098 = CARTESIAN_POINT('',(13.922272727273,10.757897727273,4.6));
#3099 = B_SPLINE_CURVE_WITH_KNOTS('',6,(#3100,#3101,#3102,#3103,#3104,
    #3105,#3106,#3107,#3108,#3109,#3110,#3111,#3112,#3113,#3114,#3115,
    #3116,#3117,#3118,#3119,#3120,#3121,#3122,#3123,#3124,#3125,#3126,
    #3127,#3128,#3129,#3130,#3131,#3132,#3133,#3134,#3135,#3136),
  .UNSPECIFIED.,.F.,.F.,(7,5,5,5,5,5,5,7),(0.,0.330602733237,
    0.437017244987,0.494620508283,0.611008483417,0.754565379957,
    0.831313175935,1.),.UNSPECIFIED.);
#3100 = CARTESIAN_POINT('',(13.922272727273,10.757897727273,4.6));
#3101 = CARTESIAN_POINT('',(13.922272727273,10.92913094769,4.6));
#3102 = CARTESIAN_POINT('',(13.915120615669,11.099690917102,4.6));
#3103 = CARTESIAN_POINT('',(13.899570713189,11.269482371833,4.6));
#3104 = CARTESIAN_POINT('',(13.873894821961,11.437619610038,4.6));
#3105 = CARTESIAN_POINT('',(13.835857701934,11.602419483312,4.6));
#3106 = CARTESIAN_POINT('',(13.765653737504,11.812587996097,4.6));
#3107 = CARTESIAN_POINT('',(13.747004950199,11.863139780474,4.6));
#3108 = CARTESIAN_POINT('',(13.726720001338,11.912970301568,4.6));
#3109 = CARTESIAN_POINT('',(13.70471827291,11.961962991582,4.6));
#3110 = CARTESIAN_POINT('',(13.680929087351,12.009985640464,4.6));
#3111 = CARTESIAN_POINT('',(13.641426860742,12.08228704963,4.6));
#3112 = CARTESIAN_POINT('',(13.627014783563,12.107352993265,4.6));
#3113 = CARTESIAN_POINT('',(13.612055496867,12.132069218174,4.6));
#3114 = CARTESIAN_POINT('',(13.596542930881,12.156411914081,4.6));
#3115 = CARTESIAN_POINT('',(13.580473313534,12.180356770607,4.6));
#3116 = CARTESIAN_POINT('',(13.530247839462,12.251405833354,4.6));
#3117 = CARTESIAN_POINT('',(13.494366859906,12.297213188629,4.6));
#3118 = CARTESIAN_POINT('',(13.456199333794,12.341087498321,4.6));
#3119 = CARTESIAN_POINT('',(13.415782561411,12.382832516113,4.6));
#3120 = CARTESIAN_POINT('',(13.373206220501,12.422280884855,4.6));
#3121 = CARTESIAN_POINT('',(13.273635987531,12.504973430197,4.6));
#3122 = CARTESIAN_POINT('',(13.215579916798,12.546967806597,4.6));
#3123 = CARTESIAN_POINT('',(13.15474977729,12.585040838727,4.6));
#3124 = CARTESIAN_POINT('',(13.09149823895,12.619117102607,4.6));
#3125 = CARTESIAN_POINT('',(13.026208901309,12.64924801202,4.6));
#3126 = CARTESIAN_POINT('',(12.923480327057,12.689636110108,4.6));
#3127 = CARTESIAN_POINT('',(12.887215819443,12.702618296825,4.6));
#3128 = CARTESIAN_POINT('',(12.850528658386,12.714534324935,4.6));
#3129 = CARTESIAN_POINT('',(12.813469736769,12.72541276643,4.6));
#3130 = CARTESIAN_POINT('',(12.776085760424,12.735286638208,4.6));
#3131 = CARTESIAN_POINT('',(12.655627760429,12.763762153984,4.6));
#3132 = CARTESIAN_POINT('',(12.571480457903,12.778646644924,4.6));
#3133 = CARTESIAN_POINT('',(12.48639462073,12.789226243238,4.6));
#3134 = CARTESIAN_POINT('',(12.400705370964,12.795914039735,4.6));
#3135 = CARTESIAN_POINT('',(12.314653009463,12.799090909091,4.6));
#3136 = CARTESIAN_POINT('',(12.228380681818,12.799090909091,4.6));
#3137 = ORIENTED_EDGE('',*,*,#3138,.T.);
#3138 = EDGE_CURVE('',#3097,#3139,#3141,.T.);
#3139 = VERTEX_POINT('',#3140);
#3140 = CARTESIAN_POINT('',(13.922272727273,10.672670454545,4.6));
#3141 = LINE('',#3142,#3143);
#3142 = CARTESIAN_POINT('',(13.922272727273,33.069179111113,4.6));
#3143 = VECTOR('',#3144,1.);
#3144 = DIRECTION('',(0.,-1.,0.));
#3145 = ORIENTED_EDGE('',*,*,#3146,.T.);
#3146 = EDGE_CURVE('',#3139,#2901,#3147,.T.);
#3147 = LINE('',#3148,#3149);
#3148 = CARTESIAN_POINT('',(6.961136363636,10.672670454545,4.6));
#3149 = VECTOR('',#3150,1.);
#3150 = DIRECTION('',(-1.,0.,0.));
#3151 = FACE_BOUND('',#3152,.T.);
#3152 = EDGE_LOOP('',(#3153,#3163,#3171,#3183,#3198,#3210,#3227,#3244,
    #3252,#3260,#3268,#3287,#3295,#3306,#3316,#3328,#3336,#3351,#3366,
    #3383,#3400));
#3153 = ORIENTED_EDGE('',*,*,#3154,.T.);
#3154 = EDGE_CURVE('',#3155,#3157,#3159,.T.);
#3155 = VERTEX_POINT('',#3156);
#3156 = CARTESIAN_POINT('',(17.818579545455,8.89,4.6));
#3157 = VERTEX_POINT('',#3158);
#3158 = CARTESIAN_POINT('',(17.175823863636,8.89,4.6));
#3159 = LINE('',#3160,#3161);
#3160 = CARTESIAN_POINT('',(8.909289772727,8.89,4.6));
#3161 = VECTOR('',#3162,1.);
#3162 = DIRECTION('',(-1.,0.,0.));
#3163 = ORIENTED_EDGE('',*,*,#3164,.T.);
#3164 = EDGE_CURVE('',#3157,#3165,#3167,.T.);
#3165 = VERTEX_POINT('',#3166);
#3166 = CARTESIAN_POINT('',(17.175823863636,11.323001893939,4.6));
#3167 = LINE('',#3168,#3169);
#3168 = CARTESIAN_POINT('',(17.175823863636,32.135230247477,4.6));
#3169 = VECTOR('',#3170,1.);
#3170 = DIRECTION('',(0.,1.,0.));
#3171 = ORIENTED_EDGE('',*,*,#3172,.F.);
#3172 = EDGE_CURVE('',#3173,#3165,#3175,.T.);
#3173 = VERTEX_POINT('',#3174);
#3174 = CARTESIAN_POINT('',(17.10125,11.91178030303,4.6));
#3175 = B_SPLINE_CURVE_WITH_KNOTS('',6,(#3176,#3177,#3178,#3179,#3180,
    #3181,#3182),.UNSPECIFIED.,.F.,.F.,(7,7),(0.,1.),
  .PIECEWISE_BEZIER_KNOTS.);
#3176 = CARTESIAN_POINT('',(17.10125,11.91178030303,4.6));
#3177 = CARTESIAN_POINT('',(17.127758660431,11.837387744867,4.6));
#3178 = CARTESIAN_POINT('',(17.148040277888,11.751698240925,4.6));
#3179 = CARTESIAN_POINT('',(17.162448855415,11.656055589584,4.6));
#3180 = CARTESIAN_POINT('',(17.171529253808,11.551924978385,4.6));
#3181 = CARTESIAN_POINT('',(17.175823863636,11.440575598633,4.6));
#3182 = CARTESIAN_POINT('',(17.175823863636,11.323001893939,4.6));
#3183 = ORIENTED_EDGE('',*,*,#3184,.F.);
#3184 = EDGE_CURVE('',#3185,#3173,#3187,.T.);
#3185 = VERTEX_POINT('',#3186);
#3186 = CARTESIAN_POINT('',(16.863323863636,12.213153409091,4.6));
#3187 = B_SPLINE_CURVE_WITH_KNOTS('',5,(#3188,#3189,#3190,#3191,#3192,
    #3193,#3194,#3195,#3196,#3197),.UNSPECIFIED.,.F.,.F.,(6,4,6),(0.,
    0.169842646321,1.),.UNSPECIFIED.);
#3188 = CARTESIAN_POINT('',(16.863323863636,12.213153409091,4.6));
#3189 = CARTESIAN_POINT('',(16.874488853452,12.206858943818,4.6));
#3190 = CARTESIAN_POINT('',(16.885400839927,12.200218820836,4.6));
#3191 = CARTESIAN_POINT('',(16.896057197848,12.193233431133,4.6));
#3192 = CARTESIAN_POINT('',(16.906455670857,12.185903680748,4.6));
#3193 = CARTESIAN_POINT('',(16.966150340078,12.140728395582,4.6));
#3194 = CARTESIAN_POINT('',(17.009504564931,12.095029504921,4.6));
#3195 = CARTESIAN_POINT('',(17.046421356632,12.041307399756,4.6));
#3196 = CARTESIAN_POINT('',(17.076934602018,11.980017800858,4.6));
#3197 = CARTESIAN_POINT('',(17.10125,11.91178030303,4.6));
#3198 = ORIENTED_EDGE('',*,*,#3199,.F.);
#3199 = EDGE_CURVE('',#3200,#3185,#3202,.T.);
#3200 = VERTEX_POINT('',#3201);
#3201 = CARTESIAN_POINT('',(16.383920454545,12.305482954545,4.6));
#3202 = B_SPLINE_CURVE_WITH_KNOTS('',6,(#3203,#3204,#3205,#3206,#3207,
    #3208,#3209),.UNSPECIFIED.,.F.,.F.,(7,7),(0.,1.),
  .PIECEWISE_BEZIER_KNOTS.);
#3203 = CARTESIAN_POINT('',(16.383920454545,12.305482954545,4.6));
#3204 = CARTESIAN_POINT('',(16.483390799775,12.305482954545,4.6));
#3205 = CARTESIAN_POINT('',(16.576390556205,12.299995644467,4.6));
#3206 = CARTESIAN_POINT('',(16.661950002851,12.288481768493,4.6));
#3207 = CARTESIAN_POINT('',(16.738977122791,12.270409227868,4.6));
#3208 = CARTESIAN_POINT('',(16.806374915552,12.245341944965,4.6));
#3209 = CARTESIAN_POINT('',(16.863323863636,12.213153409091,4.6));
#3210 = ORIENTED_EDGE('',*,*,#3211,.F.);
#3211 = EDGE_CURVE('',#3212,#3200,#3214,.T.);
#3212 = VERTEX_POINT('',#3213);
#3213 = CARTESIAN_POINT('',(15.6559375,11.989668560606,4.6));
#3214 = B_SPLINE_CURVE_WITH_KNOTS('',6,(#3215,#3216,#3217,#3218,#3219,
    #3220,#3221,#3222,#3223,#3224,#3225,#3226),.UNSPECIFIED.,.F.,.F.,(7,
    5,7),(0.,0.342222122753,1.),.UNSPECIFIED.);
#3215 = CARTESIAN_POINT('',(15.6559375,11.989668560606,4.6));
#3216 = CARTESIAN_POINT('',(15.686249221934,12.025611526882,4.6));
#3217 = CARTESIAN_POINT('',(15.718315205945,12.059380357854,4.6));
#3218 = CARTESIAN_POINT('',(15.752127978761,12.090841743933,4.6));
#3219 = CARTESIAN_POINT('',(15.787658458004,12.11988379348,4.6));
#3220 = CARTESIAN_POINT('',(15.824851843488,12.14642181265,4.6));
#3221 = CARTESIAN_POINT('',(15.938145702818,12.216499902238,4.6));
#3222 = CARTESIAN_POINT('',(16.018529971734,12.253173252975,4.6));
#3223 = CARTESIAN_POINT('',(16.1041377877,12.280011658188,4.6));
#3224 = CARTESIAN_POINT('',(16.194147811736,12.297248722052,4.6));
#3225 = CARTESIAN_POINT('',(16.28768643303,12.305482954545,4.6));
#3226 = CARTESIAN_POINT('',(16.383920454545,12.305482954545,4.6));
#3227 = ORIENTED_EDGE('',*,*,#3228,.F.);
#3228 = EDGE_CURVE('',#3229,#3212,#3231,.T.);
#3229 = VERTEX_POINT('',#3230);
#3230 = CARTESIAN_POINT('',(15.389602272727,11.113721590909,4.6));
#3231 = B_SPLINE_CURVE_WITH_KNOTS('',6,(#3232,#3233,#3234,#3235,#3236,
    #3237,#3238,#3239,#3240,#3241,#3242,#3243),.UNSPECIFIED.,.F.,.F.,(7,
    5,7),(0.,0.519020593846,1.),.UNSPECIFIED.);
#3232 = CARTESIAN_POINT('',(15.389602272727,11.113721590909,4.6));
#3233 = CARTESIAN_POINT('',(15.389602272727,11.202172016199,4.6));
#3234 = CARTESIAN_POINT('',(15.393583592958,11.289000221109,4.6));
#3235 = CARTESIAN_POINT('',(15.401890326847,11.373899352645,4.6));
#3236 = CARTESIAN_POINT('',(15.41488148162,11.456483654458,4.6));
#3237 = CARTESIAN_POINT('',(15.432899071963,11.536304611929,4.6));
#3238 = CARTESIAN_POINT('',(15.477766285054,11.683867890541,4.6));
#3239 = CARTESIAN_POINT('',(15.503874324125,11.75207465068,4.6));
#3240 = CARTESIAN_POINT('',(15.534697067399,11.817114417451,4.6));
#3241 = CARTESIAN_POINT('',(15.570346927003,11.878603372956,4.6));
#3242 = CARTESIAN_POINT('',(15.610817214695,11.936206035885,4.6));
#3243 = CARTESIAN_POINT('',(15.6559375,11.989668560606,4.6));
#3244 = ORIENTED_EDGE('',*,*,#3245,.T.);
#3245 = EDGE_CURVE('',#3229,#3246,#3248,.T.);
#3246 = VERTEX_POINT('',#3247);
#3247 = CARTESIAN_POINT('',(15.389602272727,8.89,4.6));
#3248 = LINE('',#3249,#3250);
#3249 = CARTESIAN_POINT('',(15.389602272727,33.247091042931,4.6));
#3250 = VECTOR('',#3251,1.);
#3251 = DIRECTION('',(0.,-1.,0.));
#3252 = ORIENTED_EDGE('',*,*,#3253,.T.);
#3253 = EDGE_CURVE('',#3246,#3254,#3256,.T.);
#3254 = VERTEX_POINT('',#3255);
#3255 = CARTESIAN_POINT('',(14.750397727273,8.89,4.6));
#3256 = LINE('',#3257,#3258);
#3257 = CARTESIAN_POINT('',(7.694801136364,8.89,4.6));
#3258 = VECTOR('',#3259,1.);
#3259 = DIRECTION('',(-1.,0.,0.));
#3260 = ORIENTED_EDGE('',*,*,#3261,.T.);
#3261 = EDGE_CURVE('',#3254,#3262,#3264,.T.);
#3262 = VERTEX_POINT('',#3263);
#3263 = CARTESIAN_POINT('',(14.750397727273,11.916751893939,4.6));
#3264 = LINE('',#3265,#3266);
#3265 = CARTESIAN_POINT('',(14.750397727273,32.135230247477,4.6));
#3266 = VECTOR('',#3267,1.);
#3267 = DIRECTION('',(0.,1.,0.));
#3268 = ORIENTED_EDGE('',*,*,#3269,.F.);
#3269 = EDGE_CURVE('',#3270,#3262,#3272,.T.);
#3270 = VERTEX_POINT('',#3271);
#3271 = CARTESIAN_POINT('',(14.729090909091,12.738484848485,4.6));
#3272 = B_SPLINE_CURVE_WITH_KNOTS('',7,(#3273,#3274,#3275,#3276,#3277,
    #3278,#3279,#3280,#3281,#3282,#3283,#3284,#3285,#3286),
  .UNSPECIFIED.,.F.,.F.,(8,6,8),(0.,0.330411094328,1.),.UNSPECIFIED.);
#3273 = CARTESIAN_POINT('',(14.729090909091,12.738484848485,4.6));
#3274 = CARTESIAN_POINT('',(14.731626308053,12.720708884652,4.6));
#3275 = CARTESIAN_POINT('',(14.733934866313,12.698969594074,4.6));
#3276 = CARTESIAN_POINT('',(14.736020226503,12.673643654827,4.6));
#3277 = CARTESIAN_POINT('',(14.737893696223,12.645157168282,4.6));
#3278 = CARTESIAN_POINT('',(14.739569869456,12.613919539896,4.6));
#3279 = CARTESIAN_POINT('',(14.741064022652,12.580284386684,4.6));
#3280 = CARTESIAN_POINT('',(14.745081027171,12.472095176504,4.6));
#3281 = CARTESIAN_POINT('',(14.747080653627,12.391106631453,4.6));
#3282 = CARTESIAN_POINT('',(14.748525926907,12.303828129385,4.6));
#3283 = CARTESIAN_POINT('',(14.749512298875,12.211837368106,4.6));
#3284 = CARTESIAN_POINT('',(14.750116919072,12.116271920799,4.6));
#3285 = CARTESIAN_POINT('',(14.750397727273,12.017816405145,4.6));
#3286 = CARTESIAN_POINT('',(14.750397727273,11.916751893939,4.6));
#3287 = ORIENTED_EDGE('',*,*,#3288,.T.);
#3288 = EDGE_CURVE('',#3270,#3289,#3291,.T.);
#3289 = VERTEX_POINT('',#3290);
#3290 = CARTESIAN_POINT('',(15.332784090909,12.738484848485,4.6));
#3291 = LINE('',#3292,#3293);
#3292 = CARTESIAN_POINT('',(7.364545454545,12.738484848485,4.6));
#3293 = VECTOR('',#3294,1.);
#3294 = DIRECTION('',(1.,0.,0.));
#3295 = ORIENTED_EDGE('',*,*,#3296,.F.);
#3296 = EDGE_CURVE('',#3297,#3289,#3299,.T.);
#3297 = VERTEX_POINT('',#3298);
#3298 = CARTESIAN_POINT('',(15.339886363636,12.641183712121,4.6));
#3299 = B_SPLINE_CURVE_WITH_KNOTS('',5,(#3300,#3301,#3302,#3303,#3304,
    #3305),.UNSPECIFIED.,.F.,.F.,(6,6),(0.,1.),
  .PIECEWISE_BEZIER_KNOTS.);
#3300 = CARTESIAN_POINT('',(15.339886363636,12.641183712121,4.6));
#3301 = CARTESIAN_POINT('',(15.338475958642,12.672682756995,4.6));
#3302 = CARTESIAN_POINT('',(15.337058898018,12.698285272688,4.6));
#3303 = CARTESIAN_POINT('',(15.335636749127,12.717842129125,4.6));
#3304 = CARTESIAN_POINT('',(15.334211204598,12.731254139129,4.6));
#3305 = CARTESIAN_POINT('',(15.332784090909,12.738484848485,4.6));
#3306 = ORIENTED_EDGE('',*,*,#3307,.F.);
#3307 = EDGE_CURVE('',#3308,#3297,#3310,.T.);
#3308 = VERTEX_POINT('',#3309);
#3309 = CARTESIAN_POINT('',(15.348645833333,12.459128787879,4.6));
#3310 = B_SPLINE_CURVE_WITH_KNOTS('',4,(#3311,#3312,#3313,#3314,#3315),
  .UNSPECIFIED.,.F.,.F.,(5,5),(0.,1.),.PIECEWISE_BEZIER_KNOTS.);
#3311 = CARTESIAN_POINT('',(15.348645833333,12.459128787879,4.6));
#3312 = CARTESIAN_POINT('',(15.346052854643,12.510281185672,4.6));
#3313 = CARTESIAN_POINT('',(15.343725722459,12.557718329482,4.6));
#3314 = CARTESIAN_POINT('',(15.341669008873,12.601371301829,4.6));
#3315 = CARTESIAN_POINT('',(15.339886363636,12.641183712121,4.6));
#3316 = ORIENTED_EDGE('',*,*,#3317,.F.);
#3317 = EDGE_CURVE('',#3318,#3308,#3320,.T.);
#3318 = VERTEX_POINT('',#3319);
#3319 = CARTESIAN_POINT('',(15.361193181818,12.071818181818,4.6));
#3320 = B_SPLINE_CURVE_WITH_KNOTS('',6,(#3321,#3322,#3323,#3324,#3325,
    #3326,#3327),.UNSPECIFIED.,.F.,.F.,(7,7),(0.,1.),
  .PIECEWISE_BEZIER_KNOTS.);
#3321 = CARTESIAN_POINT('',(15.361193181818,12.071818181818,4.6));
#3322 = CARTESIAN_POINT('',(15.358978095523,12.160643142251,4.6));
#3323 = CARTESIAN_POINT('',(15.356794483842,12.241445476243,4.6));
#3324 = CARTESIAN_POINT('',(15.354653266811,12.313039420963,4.6));
#3325 = CARTESIAN_POINT('',(15.352569333723,12.374053086198,4.6));
#3326 = CARTESIAN_POINT('',(15.350560685082,12.423079622358,4.6));
#3327 = CARTESIAN_POINT('',(15.348645833333,12.459128787879,4.6));
#3328 = ORIENTED_EDGE('',*,*,#3329,.T.);
#3329 = EDGE_CURVE('',#3318,#3330,#3332,.T.);
#3330 = VERTEX_POINT('',#3331);
#3331 = CARTESIAN_POINT('',(15.371846590909,12.071818181818,4.6));
#3332 = LINE('',#3333,#3334);
#3333 = CARTESIAN_POINT('',(7.680596590909,12.071818181818,4.6));
#3334 = VECTOR('',#3335,1.);
#3335 = DIRECTION('',(1.,0.,0.));
#3336 = ORIENTED_EDGE('',*,*,#3337,.F.);
#3337 = EDGE_CURVE('',#3338,#3330,#3340,.T.);
#3338 = VERTEX_POINT('',#3339);
#3339 = CARTESIAN_POINT('',(15.881316287879,12.634081439394,4.6));
#3340 = B_SPLINE_CURVE_WITH_KNOTS('',5,(#3341,#3342,#3343,#3344,#3345,
    #3346,#3347,#3348,#3349,#3350),.UNSPECIFIED.,.F.,.F.,(6,4,6),(0.,
    0.487063101979,1.),.UNSPECIFIED.);
#3341 = CARTESIAN_POINT('',(15.881316287879,12.634081439394,4.6));
#3342 = CARTESIAN_POINT('',(15.822103865679,12.600308069285,4.6));
#3343 = CARTESIAN_POINT('',(15.765084277177,12.560672208767,4.6));
#3344 = CARTESIAN_POINT('',(15.710413872254,12.515447837046,4.6));
#3345 = CARTESIAN_POINT('',(15.658147160899,12.465040280402,4.6));
#3346 = CARTESIAN_POINT('',(15.555764982592,12.35180064981,4.6));
#3347 = CARTESIAN_POINT('',(15.505909719169,12.288448909797,4.6));
#3348 = CARTESIAN_POINT('',(15.458702440914,12.220332729406,4.6));
#3349 = CARTESIAN_POINT('',(15.414053689475,12.147972495145,4.6));
#3350 = CARTESIAN_POINT('',(15.371846590909,12.071818181818,4.6));
#3351 = ORIENTED_EDGE('',*,*,#3352,.F.);
#3352 = EDGE_CURVE('',#3353,#3338,#3355,.T.);
#3353 = VERTEX_POINT('',#3354);
#3354 = CARTESIAN_POINT('',(16.600539772727,12.799090909091,4.6));
#3355 = B_SPLINE_CURVE_WITH_KNOTS('',5,(#3356,#3357,#3358,#3359,#3360,
    #3361,#3362,#3363,#3364,#3365),.UNSPECIFIED.,.F.,.F.,(6,4,6),(0.,
    0.516749214416,1.),.UNSPECIFIED.);
#3356 = CARTESIAN_POINT('',(16.600539772727,12.799090909091,4.6));
#3357 = CARTESIAN_POINT('',(16.516435879999,12.799090909091,4.6));
#3358 = CARTESIAN_POINT('',(16.434261819634,12.795139711155,4.6));
#3359 = CARTESIAN_POINT('',(16.35429727733,12.786970087206,4.6));
#3360 = CARTESIAN_POINT('',(16.276865706125,12.774322155486,4.6));
#3361 = CARTESIAN_POINT('',(16.132563274373,12.74081888945,4.6));
#3362 = CARTESIAN_POINT('',(16.065331232661,12.720548377238,4.6));
#3363 = CARTESIAN_POINT('',(16.000876432852,12.696046854478,4.6));
#3364 = CARTESIAN_POINT('',(15.939464127023,12.667220477729,4.6));
#3365 = CARTESIAN_POINT('',(15.881316287879,12.634081439394,4.6));
#3366 = ORIENTED_EDGE('',*,*,#3367,.F.);
#3367 = EDGE_CURVE('',#3368,#3353,#3370,.T.);
#3368 = VERTEX_POINT('',#3369);
#3369 = CARTESIAN_POINT('',(17.525492424242,12.485170454545,4.6));
#3370 = B_SPLINE_CURVE_WITH_KNOTS('',6,(#3371,#3372,#3373,#3374,#3375,
    #3376,#3377,#3378,#3379,#3380,#3381,#3382),.UNSPECIFIED.,.F.,.F.,(7,
    5,7),(0.,0.585125532963,1.),.UNSPECIFIED.);
#3371 = CARTESIAN_POINT('',(17.525492424242,12.485170454545,4.6));
#3372 = CARTESIAN_POINT('',(17.463933919185,12.551157987049,4.6));
#3373 = CARTESIAN_POINT('',(17.393370360486,12.60883497026,4.6));
#3374 = CARTESIAN_POINT('',(17.314486914635,12.657452983462,4.6));
#3375 = CARTESIAN_POINT('',(17.228443432794,12.697110511307,4.6));
#3376 = CARTESIAN_POINT('',(17.136532904426,12.728333476667,4.6));
#3377 = CARTESIAN_POINT('',(16.971518561786,12.768493391405,4.6));
#3378 = CARTESIAN_POINT('',(16.900689459978,12.781279349776,4.6));
#3379 = CARTESIAN_POINT('',(16.827870727473,12.790451310738,4.6));
#3380 = CARTESIAN_POINT('',(16.753398830085,12.796294586255,4.6));
#3381 = CARTESIAN_POINT('',(16.677552833791,12.799090909091,4.6));
#3382 = CARTESIAN_POINT('',(16.600539772727,12.799090909091,4.6));
#3383 = ORIENTED_EDGE('',*,*,#3384,.F.);
#3384 = EDGE_CURVE('',#3385,#3368,#3387,.T.);
#3385 = VERTEX_POINT('',#3386);
#3386 = CARTESIAN_POINT('',(17.818579545455,11.447528409091,4.6));
#3387 = B_SPLINE_CURVE_WITH_KNOTS('',6,(#3388,#3389,#3390,#3391,#3392,
    #3393,#3394,#3395,#3396,#3397,#3398,#3399),.UNSPECIFIED.,.F.,.F.,(7,
    5,7),(0.,0.524002775885,1.),.UNSPECIFIED.);
#3388 = CARTESIAN_POINT('',(17.818579545455,11.447528409091,4.6));
#3389 = CARTESIAN_POINT('',(17.818579545455,11.554822865053,4.6));
#3390 = CARTESIAN_POINT('',(17.814714575239,11.660344985705,4.6));
#3391 = CARTESIAN_POINT('',(17.80649322751,11.763738747223,4.6));
#3392 = CARTESIAN_POINT('',(17.793320452968,11.864416707034,4.6));
#3393 = CARTESIAN_POINT('',(17.774506108774,11.961564242008,4.6));
#3394 = CARTESIAN_POINT('',(17.726505277178,12.138334611374,4.6));
#3395 = CARTESIAN_POINT('',(17.698426788826,12.218749009822,4.6));
#3396 = CARTESIAN_POINT('',(17.664616646929,12.294616553093,4.6));
#3397 = CARTESIAN_POINT('',(17.624626461102,12.364956383622,4.6));
#3398 = CARTESIAN_POINT('',(17.57818064618,12.428737027817,4.6));
#3399 = CARTESIAN_POINT('',(17.525492424242,12.485170454545,4.6));
#3400 = ORIENTED_EDGE('',*,*,#3401,.T.);
#3401 = EDGE_CURVE('',#3385,#3155,#3402,.T.);
#3402 = LINE('',#3403,#3404);
#3403 = CARTESIAN_POINT('',(17.818579545455,33.413994452022,4.6));
#3404 = VECTOR('',#3405,1.);
#3405 = DIRECTION('',(0.,-1.,0.));
#3406 = FACE_BOUND('',#3407,.T.);
#3407 = EDGE_LOOP('',(#3408,#3429,#3446,#3463,#3480,#3488,#3503,#3515,
    #3532,#3547,#3562,#3574,#3582,#3595,#3606,#3617,#3636,#3653,#3670,
    #3687,#3695,#3710,#3722,#3735,#3750,#3765,#3776,#3790,#3803,#3814,
    #3827));
#3408 = ORIENTED_EDGE('',*,*,#3409,.F.);
#3409 = EDGE_CURVE('',#3410,#3412,#3414,.T.);
#3410 = VERTEX_POINT('',#3411);
#3411 = CARTESIAN_POINT('',(21.254895833333,9.109696969697,4.6));
#3412 = VERTEX_POINT('',#3413);
#3413 = CARTESIAN_POINT('',(21.665170454545,9.950132575758,4.6));
#3414 = B_SPLINE_CURVE_WITH_KNOTS('',5,(#3415,#3416,#3417,#3418,#3419,
    #3420,#3421,#3422,#3423,#3424,#3425,#3426,#3427,#3428),
  .UNSPECIFIED.,.F.,.F.,(6,4,4,6),(0.,0.408631347412,0.799034775571,1.),
  .UNSPECIFIED.);
#3415 = CARTESIAN_POINT('',(21.254895833333,9.109696969697,4.6));
#3416 = CARTESIAN_POINT('',(21.320740812825,9.157152468476,4.6));
#3417 = CARTESIAN_POINT('',(21.381234155853,9.209520495614,4.6));
#3418 = CARTESIAN_POINT('',(21.435555711795,9.266876446442,4.6));
#3419 = CARTESIAN_POINT('',(21.483020836344,9.329085246105,4.6));
#3420 = CARTESIAN_POINT('',(21.561822439963,9.459190436239,4.6));
#3421 = CARTESIAN_POINT('',(21.593797336112,9.526731417217,4.6));
#3422 = CARTESIAN_POINT('',(21.61896865095,9.597794780701,4.6));
#3423 = CARTESIAN_POINT('',(21.63748901063,9.671801355238,4.6));
#3424 = CARTESIAN_POINT('',(21.656030236814,9.787444092882,4.6));
#3425 = CARTESIAN_POINT('',(21.660667735678,9.827366705107,4.6));
#3426 = CARTESIAN_POINT('',(21.663692723542,9.867835837593,4.6));
#3427 = CARTESIAN_POINT('',(21.665170454545,9.908779179602,4.6));
#3428 = CARTESIAN_POINT('',(21.665170454545,9.950132575758,4.6));
#3429 = ORIENTED_EDGE('',*,*,#3430,.F.);
#3430 = EDGE_CURVE('',#3431,#3410,#3433,.T.);
#3431 = VERTEX_POINT('',#3432);
#3432 = CARTESIAN_POINT('',(20.106221590909,8.814242424242,4.6));
#3433 = B_SPLINE_CURVE_WITH_KNOTS('',6,(#3434,#3435,#3436,#3437,#3438,
    #3439,#3440,#3441,#3442,#3443,#3444,#3445),.UNSPECIFIED.,.F.,.F.,(7,
    5,7),(0.,0.529351329244,1.),.UNSPECIFIED.);
#3434 = CARTESIAN_POINT('',(20.106221590909,8.814242424242,4.6));
#3435 = CARTESIAN_POINT('',(20.220818130906,8.814242424242,4.6));
#3436 = CARTESIAN_POINT('',(20.333911322621,8.818509356379,4.6));
#3437 = CARTESIAN_POINT('',(20.445182798803,8.827496464379,4.6));
#3438 = CARTESIAN_POINT('',(20.554163687038,8.841722119475,4.6));
#3439 = CARTESIAN_POINT('',(20.660243084203,8.861750613179,4.6));
#3440 = CARTESIAN_POINT('',(20.853810651657,8.9115388086,4.6));
#3441 = CARTESIAN_POINT('',(20.942055178882,8.939972753563,4.6));
#3442 = CARTESIAN_POINT('',(21.026903146763,8.973766037355,4.6));
#3443 = CARTESIAN_POINT('',(21.107740217621,9.013229728849,4.6));
#3444 = CARTESIAN_POINT('',(21.183926198757,9.058559496284,4.6));
#3445 = CARTESIAN_POINT('',(21.254895833333,9.109696969697,4.6));
#3446 = ORIENTED_EDGE('',*,*,#3447,.F.);
#3447 = EDGE_CURVE('',#3448,#3431,#3450,.T.);
#3448 = VERTEX_POINT('',#3449);
#3449 = CARTESIAN_POINT('',(18.999924242424,9.050274621212,4.6));
#3450 = B_SPLINE_CURVE_WITH_KNOTS('',6,(#3451,#3452,#3453,#3454,#3455,
    #3456,#3457,#3458,#3459,#3460,#3461,#3462),.UNSPECIFIED.,.F.,.F.,(7,
    5,7),(0.,0.468978632942,1.),.UNSPECIFIED.);
#3451 = CARTESIAN_POINT('',(18.999924242424,9.050274621212,4.6));
#3452 = CARTESIAN_POINT('',(19.068438538883,9.008698995181,4.6));
#3453 = CARTESIAN_POINT('',(19.141919327125,8.972213017783,4.6));
#3454 = CARTESIAN_POINT('',(19.219740171398,8.940687803556,4.6));
#3455 = CARTESIAN_POINT('',(19.301254876026,8.913832064444,4.6));
#3456 = CARTESIAN_POINT('',(19.385893504567,8.891309207371,4.6));
#3457 = CARTESIAN_POINT('',(19.572048861134,8.85179812339,4.6));
#3458 = CARTESIAN_POINT('',(19.674304056935,8.835939599096,4.6));
#3459 = CARTESIAN_POINT('',(19.779317565858,8.824700881562,4.6));
#3460 = CARTESIAN_POINT('',(19.886557896493,8.817609676875,4.6));
#3461 = CARTESIAN_POINT('',(19.995617132928,8.814242424242,4.6));
#3462 = CARTESIAN_POINT('',(20.106221590909,8.814242424242,4.6));
#3463 = ORIENTED_EDGE('',*,*,#3464,.F.);
#3464 = EDGE_CURVE('',#3465,#3448,#3467,.T.);
#3465 = VERTEX_POINT('',#3466);
#3466 = CARTESIAN_POINT('',(18.494005681818,9.787253787879,4.6));
#3467 = B_SPLINE_CURVE_WITH_KNOTS('',6,(#3468,#3469,#3470,#3471,#3472,
    #3473,#3474,#3475,#3476,#3477,#3478,#3479),.UNSPECIFIED.,.F.,.F.,(7,
    5,7),(0.,0.704320640927,1.),.UNSPECIFIED.);
#3468 = CARTESIAN_POINT('',(18.494005681818,9.787253787879,4.6));
#3469 = CARTESIAN_POINT('',(18.520059476891,9.675933027114,4.6));
#3470 = CARTESIAN_POINT('',(18.554862886125,9.569479848125,4.6));
#3471 = CARTESIAN_POINT('',(18.599124052756,9.469100195605,4.6));
#3472 = CARTESIAN_POINT('',(18.653341442974,9.376032242954,4.6));
#3473 = CARTESIAN_POINT('',(18.717579292536,9.291375535428,4.6));
#3474 = CARTESIAN_POINT('',(18.82199939569,9.184123482484,4.6));
#3475 = CARTESIAN_POINT('',(18.854520096754,9.154012379122,4.6));
#3476 = CARTESIAN_POINT('',(18.888639720587,9.125550949567,4.6));
#3477 = CARTESIAN_POINT('',(18.924297341458,9.098768538427,4.6));
#3478 = CARTESIAN_POINT('',(18.961419926037,9.073677366495,4.6));
#3479 = CARTESIAN_POINT('',(18.999924242424,9.050274621212,4.6));
#3480 = ORIENTED_EDGE('',*,*,#3481,.T.);
#3481 = EDGE_CURVE('',#3465,#3482,#3484,.T.);
#3482 = VERTEX_POINT('',#3483);
#3483 = CARTESIAN_POINT('',(19.058636363636,9.897339015152,4.6));
#3484 = LINE('',#3485,#3486);
#3485 = CARTESIAN_POINT('',(13.86749013836,8.885228744815,4.6));
#3486 = VECTOR('',#3487,1.);
#3487 = DIRECTION('',(0.981518881938,0.191365316604,0.));
#3488 = ORIENTED_EDGE('',*,*,#3489,.F.);
#3489 = EDGE_CURVE('',#3490,#3482,#3492,.T.);
#3490 = VERTEX_POINT('',#3491);
#3491 = CARTESIAN_POINT('',(19.395994318182,9.444450757576,4.6));
#3492 = B_SPLINE_CURVE_WITH_KNOTS('',5,(#3493,#3494,#3495,#3496,#3497,
    #3498,#3499,#3500,#3501,#3502),.UNSPECIFIED.,.F.,.F.,(6,4,6),(0.,
    0.358178581643,1.),.UNSPECIFIED.);
#3493 = CARTESIAN_POINT('',(19.395994318182,9.444450757576,4.6));
#3494 = CARTESIAN_POINT('',(19.359450401132,9.465023629396,4.6));
#3495 = CARTESIAN_POINT('',(19.324925944846,9.487817096256,4.6));
#3496 = CARTESIAN_POINT('',(19.292532771567,9.512842544677,4.6));
#3497 = CARTESIAN_POINT('',(19.262357433814,9.540080211044,4.6));
#3498 = CARTESIAN_POINT('',(19.184455264926,9.622140219507,4.6));
#3499 = CARTESIAN_POINT('',(19.141743543116,9.681735561366,4.6));
#3500 = CARTESIAN_POINT('',(19.106654841349,9.747914604214,4.6));
#3501 = CARTESIAN_POINT('',(19.079072537867,9.8200369648,4.6));
#3502 = CARTESIAN_POINT('',(19.058636363636,9.897339015152,4.6));
#3503 = ORIENTED_EDGE('',*,*,#3504,.F.);
#3504 = EDGE_CURVE('',#3505,#3490,#3507,.T.);
#3505 = VERTEX_POINT('',#3506);
#3506 = CARTESIAN_POINT('',(20.106221590909,9.300748106061,4.6));
#3507 = B_SPLINE_CURVE_WITH_KNOTS('',6,(#3508,#3509,#3510,#3511,#3512,
    #3513,#3514),.UNSPECIFIED.,.F.,.F.,(7,7),(0.,1.),
  .PIECEWISE_BEZIER_KNOTS.);
#3508 = CARTESIAN_POINT('',(20.106221590909,9.300748106061,4.6));
#3509 = CARTESIAN_POINT('',(19.967018672541,9.300748106061,4.6));
#3510 = CARTESIAN_POINT('',(19.833926923952,9.308833927259,4.6));
#3511 = CARTESIAN_POINT('',(19.708306452096,9.326116112928,4.6));
#3512 = CARTESIAN_POINT('',(19.592021854515,9.35382211145,4.6));
#3513 = CARTESIAN_POINT('',(19.487294821382,9.393136493277,4.6));
#3514 = CARTESIAN_POINT('',(19.395994318182,9.444450757576,4.6));
#3515 = ORIENTED_EDGE('',*,*,#3516,.F.);
#3516 = EDGE_CURVE('',#3517,#3505,#3519,.T.);
#3517 = VERTEX_POINT('',#3518);
#3518 = CARTESIAN_POINT('',(20.818106060606,9.450606060606,4.6));
#3519 = B_SPLINE_CURVE_WITH_KNOTS('',6,(#3520,#3521,#3522,#3523,#3524,
    #3525,#3526,#3527,#3528,#3529,#3530,#3531),.UNSPECIFIED.,.F.,.F.,(7,
    5,7),(0.,0.444124713026,1.),.UNSPECIFIED.);
#3520 = CARTESIAN_POINT('',(20.818106060606,9.450606060606,4.6));
#3521 = CARTESIAN_POINT('',(20.781530079212,9.426286106591,4.6));
#3522 = CARTESIAN_POINT('',(20.741228493946,9.404601155682,4.6));
#3523 = CARTESIAN_POINT('',(20.697473565656,9.385519899739,4.6));
#3524 = CARTESIAN_POINT('',(20.65057420779,9.368951471617,4.6));
#3525 = CARTESIAN_POINT('',(20.600843644564,9.354770673541,4.6));
#3526 = CARTESIAN_POINT('',(20.483136671946,9.327914550253,4.6));
#3527 = CARTESIAN_POINT('',(20.413722229958,9.316516433427,4.6));
#3528 = CARTESIAN_POINT('',(20.340869220052,9.308378361118,4.6));
#3529 = CARTESIAN_POINT('',(20.265075819984,9.303211852488,4.6));
#3530 = CARTESIAN_POINT('',(20.186754446088,9.300748106061,4.6));
#3531 = CARTESIAN_POINT('',(20.106221590909,9.300748106061,4.6));
#3532 = ORIENTED_EDGE('',*,*,#3533,.F.);
#3533 = EDGE_CURVE('',#3534,#3517,#3536,.T.);
#3534 = VERTEX_POINT('',#3535);
#3535 = CARTESIAN_POINT('',(21.043721590909,9.900416666667,4.6));
#3536 = B_SPLINE_CURVE_WITH_KNOTS('',5,(#3537,#3538,#3539,#3540,#3541,
    #3542,#3543,#3544,#3545,#3546),.UNSPECIFIED.,.F.,.F.,(6,4,6),(0.,
    0.616025806334,1.),.UNSPECIFIED.);
#3537 = CARTESIAN_POINT('',(21.043721590909,9.900416666667,4.6));
#3538 = CARTESIAN_POINT('',(21.043721590909,9.828782362625,4.6));
#3539 = CARTESIAN_POINT('',(21.035678999091,9.761062427232,4.6));
#3540 = CARTESIAN_POINT('',(21.018950198626,9.698042805307,4.6));
#3541 = CARTESIAN_POINT('',(20.993180591266,9.640433289059,4.6));
#3542 = CARTESIAN_POINT('',(20.937151846262,9.556389118276,4.6));
#3543 = CARTESIAN_POINT('',(20.912236839726,9.526380145932,4.6));
#3544 = CARTESIAN_POINT('',(20.883986400395,9.498732774359,4.6));
#3545 = CARTESIAN_POINT('',(20.852543752227,9.473480204148,4.6));
#3546 = CARTESIAN_POINT('',(20.818106060606,9.450606060606,4.6));
#3547 = ORIENTED_EDGE('',*,*,#3548,.F.);
#3548 = EDGE_CURVE('',#3549,#3534,#3551,.T.);
#3549 = VERTEX_POINT('',#3550);
#3550 = CARTESIAN_POINT('',(20.887471590909,10.270681818182,4.6));
#3551 = B_SPLINE_CURVE_WITH_KNOTS('',5,(#3552,#3553,#3554,#3555,#3556,
    #3557,#3558,#3559,#3560,#3561),.UNSPECIFIED.,.F.,.F.,(6,4,6),(0.,
    0.383024178621,1.),.UNSPECIFIED.);
#3552 = CARTESIAN_POINT('',(20.887471590909,10.270681818182,4.6));
#3553 = CARTESIAN_POINT('',(20.911343583766,10.248943836808,4.6));
#3554 = CARTESIAN_POINT('',(20.933031067197,10.225869371,4.6));
#3555 = CARTESIAN_POINT('',(20.952467112974,10.201465451886,4.6));
#3556 = CARTESIAN_POINT('',(20.969607675321,10.175754034943,4.6));
#3557 = CARTESIAN_POINT('',(21.008309972501,10.105309304691,4.6));
#3558 = CARTESIAN_POINT('',(21.026179559131,10.058546962226,4.6));
#3559 = CARTESIAN_POINT('',(21.037950460778,10.00864429826,4.6));
#3560 = CARTESIAN_POINT('',(21.043721590909,9.955838825163,4.6));
#3561 = CARTESIAN_POINT('',(21.043721590909,9.900416666667,4.6));
#3562 = ORIENTED_EDGE('',*,*,#3563,.F.);
#3563 = EDGE_CURVE('',#3564,#3549,#3566,.T.);
#3564 = VERTEX_POINT('',#3565);
#3565 = CARTESIAN_POINT('',(20.383210227273,10.505767045455,4.6));
#3566 = B_SPLINE_CURVE_WITH_KNOTS('',6,(#3567,#3568,#3569,#3570,#3571,
    #3572,#3573),.UNSPECIFIED.,.F.,.F.,(7,7),(0.,1.),
  .PIECEWISE_BEZIER_KNOTS.);
#3567 = CARTESIAN_POINT('',(20.383210227273,10.505767045455,4.6));
#3568 = CARTESIAN_POINT('',(20.491385036239,10.476994018036,4.6));
#3569 = CARTESIAN_POINT('',(20.591753974222,10.444444678357,4.6));
#3570 = CARTESIAN_POINT('',(20.683059661405,10.407780543763,4.6));
#3571 = CARTESIAN_POINT('',(20.763792328826,10.366694148011,4.6));
#3572 = CARTESIAN_POINT('',(20.832338509568,10.320969871162,4.6));
#3573 = CARTESIAN_POINT('',(20.887471590909,10.270681818182,4.6));
#3574 = ORIENTED_EDGE('',*,*,#3575,.T.);
#3575 = EDGE_CURVE('',#3564,#3576,#3578,.T.);
#3576 = VERTEX_POINT('',#3577);
#3577 = CARTESIAN_POINT('',(19.925113636364,10.626979166667,4.6));
#3578 = LINE('',#3579,#3580);
#3579 = CARTESIAN_POINT('',(5.310012824899,14.494127288356,4.6));
#3580 = VECTOR('',#3581,1.);
#3581 = DIRECTION('',(-0.966730667668,0.255796435062,0.));
#3582 = ORIENTED_EDGE('',*,*,#3583,.F.);
#3583 = EDGE_CURVE('',#3584,#3576,#3586,.T.);
#3584 = VERTEX_POINT('',#3585);
#3585 = CARTESIAN_POINT('',(19.14196969697,10.906335227273,4.6));
#3586 = B_SPLINE_CURVE_WITH_KNOTS('',7,(#3587,#3588,#3589,#3590,#3591,
    #3592,#3593,#3594),.UNSPECIFIED.,.F.,.F.,(8,8),(0.,1.),
  .PIECEWISE_BEZIER_KNOTS.);
#3587 = CARTESIAN_POINT('',(19.14196969697,10.906335227273,4.6));
#3588 = CARTESIAN_POINT('',(19.218587096485,10.861206565707,4.6));
#3589 = CARTESIAN_POINT('',(19.311738020552,10.817842587332,4.6));
#3590 = CARTESIAN_POINT('',(19.418020084794,10.776323957988,4.6));
#3591 = CARTESIAN_POINT('',(19.534411316116,10.736611120232,4.6));
#3592 = CARTESIAN_POINT('',(19.6586310523,10.698602450243,4.6));
#3593 = CARTESIAN_POINT('',(19.789122107293,10.662132245794,4.6));
#3594 = CARTESIAN_POINT('',(19.925113636364,10.626979166667,4.6));
#3595 = ORIENTED_EDGE('',*,*,#3596,.F.);
#3596 = EDGE_CURVE('',#3597,#3584,#3599,.T.);
#3597 = VERTEX_POINT('',#3598);
#3598 = CARTESIAN_POINT('',(18.778096590909,11.239195075758,4.6));
#3599 = B_SPLINE_CURVE_WITH_KNOTS('',5,(#3600,#3601,#3602,#3603,#3604,
    #3605),.UNSPECIFIED.,.F.,.F.,(6,6),(0.,1.),
  .PIECEWISE_BEZIER_KNOTS.);
#3600 = CARTESIAN_POINT('',(18.778096590909,11.239195075758,4.6));
#3601 = CARTESIAN_POINT('',(18.831193658701,11.160075661229,4.6));
#3602 = CARTESIAN_POINT('',(18.894533276757,11.087060935808,4.6));
#3603 = CARTESIAN_POINT('',(18.967845176673,11.020432335306,4.6));
#3604 = CARTESIAN_POINT('',(19.050564990358,10.960228633717,4.6));
#3605 = CARTESIAN_POINT('',(19.14196969697,10.906335227273,4.6));
#3606 = ORIENTED_EDGE('',*,*,#3607,.F.);
#3607 = EDGE_CURVE('',#3608,#3597,#3610,.T.);
#3608 = VERTEX_POINT('',#3609);
#3609 = CARTESIAN_POINT('',(18.646704545455,11.720018939394,4.6));
#3610 = B_SPLINE_CURVE_WITH_KNOTS('',5,(#3611,#3612,#3613,#3614,#3615,
    #3616),.UNSPECIFIED.,.F.,.F.,(6,6),(0.,1.),
  .PIECEWISE_BEZIER_KNOTS.);
#3611 = CARTESIAN_POINT('',(18.646704545455,11.720018939394,4.6));
#3612 = CARTESIAN_POINT('',(18.646704545455,11.609059241094,4.6));
#3613 = CARTESIAN_POINT('',(18.659169883821,11.504431798324,4.6));
#3614 = CARTESIAN_POINT('',(18.68503827783,11.407296159303,4.6));
#3615 = CARTESIAN_POINT('',(18.724817889675,11.318681138139,4.6));
#3616 = CARTESIAN_POINT('',(18.778096590909,11.239195075758,4.6));
#3617 = ORIENTED_EDGE('',*,*,#3618,.F.);
#3618 = EDGE_CURVE('',#3619,#3608,#3621,.T.);
#3619 = VERTEX_POINT('',#3620);
#3620 = CARTESIAN_POINT('',(19.021231060606,12.523049242424,4.6));
#3621 = B_SPLINE_CURVE_WITH_KNOTS('',5,(#3622,#3623,#3624,#3625,#3626,
    #3627,#3628,#3629,#3630,#3631,#3632,#3633,#3634,#3635),
  .UNSPECIFIED.,.F.,.F.,(6,4,4,6),(0.,0.343034546644,0.772936706118,1.),
  .UNSPECIFIED.);
#3622 = CARTESIAN_POINT('',(19.021231060606,12.523049242424,4.6));
#3623 = CARTESIAN_POINT('',(18.970028981422,12.485343539359,4.6));
#3624 = CARTESIAN_POINT('',(18.922530445346,12.444206497954,4.6));
#3625 = CARTESIAN_POINT('',(18.879151446814,12.399621457069,4.6));
#3626 = CARTESIAN_POINT('',(18.840223104443,12.351680018155,4.6));
#3627 = CARTESIAN_POINT('',(18.762924060712,12.236677209203,4.6));
#3628 = CARTESIAN_POINT('',(18.727177108936,12.167827600761,4.6));
#3629 = CARTESIAN_POINT('',(18.699032630037,12.094608716197,4.6));
#3630 = CARTESIAN_POINT('',(18.678293597708,12.017731210264,4.6));
#3631 = CARTESIAN_POINT('',(18.657219990667,11.895797397324,4.6));
#3632 = CARTESIAN_POINT('',(18.651873926078,11.852835477336,4.6));
#3633 = CARTESIAN_POINT('',(18.648397587569,11.809156863426,4.6));
#3634 = CARTESIAN_POINT('',(18.646704545455,11.764856926591,4.6));
#3635 = CARTESIAN_POINT('',(18.646704545455,11.720018939394,4.6));
#3636 = ORIENTED_EDGE('',*,*,#3637,.F.);
#3637 = EDGE_CURVE('',#3638,#3619,#3640,.T.);
#3638 = VERTEX_POINT('',#3639);
#3639 = CARTESIAN_POINT('',(20.113323863636,12.799090909091,4.6));
#3640 = B_SPLINE_CURVE_WITH_KNOTS('',6,(#3641,#3642,#3643,#3644,#3645,
    #3646,#3647,#3648,#3649,#3650,#3651,#3652),.UNSPECIFIED.,.F.,.F.,(7,
    5,7),(0.,0.531946487653,1.),.UNSPECIFIED.);
#3641 = CARTESIAN_POINT('',(20.113323863636,12.799090909091,4.6));
#3642 = CARTESIAN_POINT('',(20.002528049501,12.799090909091,4.6));
#3643 = CARTESIAN_POINT('',(19.893350696386,12.795139729447,4.6));
#3644 = CARTESIAN_POINT('',(19.78611379078,12.78679754313,4.6));
#3645 = CARTESIAN_POINT('',(19.681302220863,12.773551890846,4.6));
#3646 = CARTESIAN_POINT('',(19.579557019615,12.754831421744,4.6));
#3647 = CARTESIAN_POINT('',(19.395476230031,12.708302438295,4.6));
#3648 = CARTESIAN_POINT('',(19.312281183006,12.681856717044,4.6));
#3649 = CARTESIAN_POINT('',(19.232603387681,12.650375130243,4.6));
#3650 = CARTESIAN_POINT('',(19.157090392435,12.613524456224,4.6));
#3651 = CARTESIAN_POINT('',(19.086430864241,12.571073860894,4.6));
#3652 = CARTESIAN_POINT('',(19.021231060606,12.523049242424,4.6));
#3653 = ORIENTED_EDGE('',*,*,#3654,.F.);
#3654 = EDGE_CURVE('',#3655,#3638,#3657,.T.);
#3655 = VERTEX_POINT('',#3656);
#3656 = CARTESIAN_POINT('',(21.123503787879,12.575369318182,4.6));
#3657 = B_SPLINE_CURVE_WITH_KNOTS('',6,(#3658,#3659,#3660,#3661,#3662,
    #3663,#3664,#3665,#3666,#3667,#3668,#3669),.UNSPECIFIED.,.F.,.F.,(7,
    5,7),(0.,0.476657846169,1.),.UNSPECIFIED.);
#3658 = CARTESIAN_POINT('',(21.123503787879,12.575369318182,4.6));
#3659 = CARTESIAN_POINT('',(21.058482871659,12.614209246012,4.6));
#3660 = CARTESIAN_POINT('',(20.98947437104,12.648564579619,4.6));
#3661 = CARTESIAN_POINT('',(20.916877151028,12.678488103437,4.6));
#3662 = CARTESIAN_POINT('',(20.841116920181,12.704150470783,4.6));
#3663 = CARTESIAN_POINT('',(20.762597108762,12.725775412405,4.6));
#3664 = CARTESIAN_POINT('',(20.592825511534,12.763185154838,4.6));
#3665 = CARTESIAN_POINT('',(20.501082309081,12.778189528544,4.6));
#3666 = CARTESIAN_POINT('',(20.406898969672,12.788949839375,4.6));
#3667 = CARTESIAN_POINT('',(20.310673525639,12.795807484944,4.6));
#3668 = CARTESIAN_POINT('',(20.212733844447,12.799090909091,4.6));
#3669 = CARTESIAN_POINT('',(20.113323863636,12.799090909091,4.6));
#3670 = ORIENTED_EDGE('',*,*,#3671,.F.);
#3671 = EDGE_CURVE('',#3672,#3655,#3674,.T.);
#3672 = VERTEX_POINT('',#3673);
#3673 = CARTESIAN_POINT('',(21.597698863636,11.858039772727,4.6));
#3674 = B_SPLINE_CURVE_WITH_KNOTS('',6,(#3675,#3676,#3677,#3678,#3679,
    #3680,#3681,#3682,#3683,#3684,#3685,#3686),.UNSPECIFIED.,.F.,.F.,(7,
    5,7),(0.,0.716774950419,1.),.UNSPECIFIED.);
#3675 = CARTESIAN_POINT('',(21.597698863636,11.858039772727,4.6));
#3676 = CARTESIAN_POINT('',(21.575321656619,11.969126621849,4.6));
#3677 = CARTESIAN_POINT('',(21.543925040414,12.075250322146,4.6));
#3678 = CARTESIAN_POINT('',(21.502680238847,12.175091362959,4.6));
#3679 = CARTESIAN_POINT('',(21.450969920919,12.267266256459,4.6));
#3680 = CARTESIAN_POINT('',(21.388657608634,12.350532902517,4.6));
#3681 = CARTESIAN_POINT('',(21.288030103085,12.453197378602,4.6));
#3682 = CARTESIAN_POINT('',(21.257992148982,12.480768605032,4.6));
#3683 = CARTESIAN_POINT('',(21.226459280484,12.506789909322,4.6));
#3684 = CARTESIAN_POINT('',(21.193487306987,12.531235062887,4.6));
#3685 = CARTESIAN_POINT('',(21.15914328876,12.554093684365,4.6));
#3686 = CARTESIAN_POINT('',(21.123503787879,12.575369318182,4.6));
#3687 = ORIENTED_EDGE('',*,*,#3688,.T.);
#3688 = EDGE_CURVE('',#3672,#3689,#3691,.T.);
#3689 = VERTEX_POINT('',#3690);
#3690 = CARTESIAN_POINT('',(21.022414772727,11.787017045455,4.6));
#3691 = LINE('',#3692,#3693);
#3692 = CARTESIAN_POINT('',(13.607206335539,10.871559213703,4.6));
#3693 = VECTOR('',#3694,1.);
#3694 = DIRECTION('',(-0.992465233221,-0.122526572003,0.));
#3695 = ORIENTED_EDGE('',*,*,#3696,.F.);
#3696 = EDGE_CURVE('',#3697,#3689,#3699,.T.);
#3697 = VERTEX_POINT('',#3698);
#3698 = CARTESIAN_POINT('',(20.736429924242,12.179299242424,4.6));
#3699 = B_SPLINE_CURVE_WITH_KNOTS('',5,(#3700,#3701,#3702,#3703,#3704,
    #3705,#3706,#3707,#3708,#3709),.UNSPECIFIED.,.F.,.F.,(6,4,6),(0.,
    0.550600874757,1.),.UNSPECIFIED.);
#3700 = CARTESIAN_POINT('',(20.736429924242,12.179299242424,4.6));
#3701 = CARTESIAN_POINT('',(20.786879252208,12.149686564666,4.6));
#3702 = CARTESIAN_POINT('',(20.832601600896,12.11625704349,4.6));
#3703 = CARTESIAN_POINT('',(20.873212702607,12.078951946467,4.6));
#3704 = CARTESIAN_POINT('',(20.90843031111,12.037810835287,4.6));
#3705 = CARTESIAN_POINT('',(20.962381083187,11.956455815708,4.6));
#3706 = CARTESIAN_POINT('',(20.982956494779,11.917458143521,4.6));
#3707 = CARTESIAN_POINT('',(20.999796917055,11.876120641194,4.6));
#3708 = CARTESIAN_POINT('',(21.012921794642,11.832583340264,4.6));
#3709 = CARTESIAN_POINT('',(21.022414772727,11.787017045455,4.6));
#3710 = ORIENTED_EDGE('',*,*,#3711,.F.);
#3711 = EDGE_CURVE('',#3712,#3697,#3714,.T.);
#3712 = VERTEX_POINT('',#3713);
#3713 = CARTESIAN_POINT('',(20.113323863636,12.316136363636,4.6));
#3714 = B_SPLINE_CURVE_WITH_KNOTS('',6,(#3715,#3716,#3717,#3718,#3719,
    #3720,#3721),.UNSPECIFIED.,.F.,.F.,(7,7),(0.,1.),
  .PIECEWISE_BEZIER_KNOTS.);
#3715 = CARTESIAN_POINT('',(20.113323863636,12.316136363636,4.6));
#3716 = CARTESIAN_POINT('',(20.235584062579,12.316136363636,4.6));
#3717 = CARTESIAN_POINT('',(20.352100046393,12.308093743078,4.6));
#3718 = CARTESIAN_POINT('',(20.461756899873,12.291131586823,4.6));
#3719 = CARTESIAN_POINT('',(20.563235866939,12.264379586614,4.6));
#3720 = CARTESIAN_POINT('',(20.655154315449,12.22713763538,4.6));
#3721 = CARTESIAN_POINT('',(20.736429924242,12.179299242424,4.6));
#3722 = ORIENTED_EDGE('',*,*,#3723,.F.);
#3723 = EDGE_CURVE('',#3724,#3712,#3726,.T.);
#3724 = VERTEX_POINT('',#3725);
#3725 = CARTESIAN_POINT('',(19.474119318182,12.184034090909,4.6));
#3726 = B_SPLINE_CURVE_WITH_KNOTS('',7,(#3727,#3728,#3729,#3730,#3731,
    #3732,#3733,#3734),.UNSPECIFIED.,.F.,.F.,(8,8),(0.,1.),
  .PIECEWISE_BEZIER_KNOTS.);
#3727 = CARTESIAN_POINT('',(19.474119318182,12.184034090909,4.6));
#3728 = CARTESIAN_POINT('',(19.537680792779,12.224801105651,4.6));
#3729 = CARTESIAN_POINT('',(19.612755176827,12.257515455763,4.6));
#3730 = CARTESIAN_POINT('',(19.698100853381,12.282354230436,4.6));
#3731 = CARTESIAN_POINT('',(19.792175507735,12.299923735372,4.6));
#3732 = CARTESIAN_POINT('',(19.893514844226,12.310944851917,4.6));
#3733 = CARTESIAN_POINT('',(20.000873961099,12.316136363636,4.6));
#3734 = CARTESIAN_POINT('',(20.113323863636,12.316136363636,4.6));
#3735 = ORIENTED_EDGE('',*,*,#3736,.F.);
#3736 = EDGE_CURVE('',#3737,#3724,#3739,.T.);
#3737 = VERTEX_POINT('',#3738);
#3738 = CARTESIAN_POINT('',(19.268153409091,11.784176136364,4.6));
#3739 = B_SPLINE_CURVE_WITH_KNOTS('',5,(#3740,#3741,#3742,#3743,#3744,
    #3745,#3746,#3747,#3748,#3749),.UNSPECIFIED.,.F.,.F.,(6,4,6),(0.,
    0.599528640937,1.),.UNSPECIFIED.);
#3740 = CARTESIAN_POINT('',(19.268153409091,11.784176136364,4.6));
#3741 = CARTESIAN_POINT('',(19.268153409091,11.846759729596,4.6));
#3742 = CARTESIAN_POINT('',(19.275186117037,11.905755790686,4.6));
#3743 = CARTESIAN_POINT('',(19.289720537356,11.960580062763,4.6));
#3744 = CARTESIAN_POINT('',(19.311996000513,12.010728377645,4.6));
#3745 = CARTESIAN_POINT('',(19.36172113372,12.086076491787,4.6));
#3746 = CARTESIAN_POINT('',(19.384999960582,12.114035658177,4.6));
#3747 = CARTESIAN_POINT('',(19.411587196204,12.13969222573,4.6));
#3748 = CARTESIAN_POINT('',(19.441353869725,12.163019010174,4.6));
#3749 = CARTESIAN_POINT('',(19.474119318182,12.184034090909,4.6));
#3750 = ORIENTED_EDGE('',*,*,#3751,.F.);
#3751 = EDGE_CURVE('',#3752,#3737,#3754,.T.);
#3752 = VERTEX_POINT('',#3753);
#3753 = CARTESIAN_POINT('',(19.353380681818,11.513579545455,4.6));
#3754 = B_SPLINE_CURVE_WITH_KNOTS('',5,(#3755,#3756,#3757,#3758,#3759,
    #3760,#3761,#3762,#3763,#3764),.UNSPECIFIED.,.F.,.F.,(6,4,6),(0.,
    0.110504851313,1.),.UNSPECIFIED.);
#3755 = CARTESIAN_POINT('',(19.353380681818,11.513579545455,4.6));
#3756 = CARTESIAN_POINT('',(19.349597202809,11.51831940388,4.6));
#3757 = CARTESIAN_POINT('',(19.345918240432,11.523130110618,4.6));
#3758 = CARTESIAN_POINT('',(19.342343997395,11.528011509471,4.6));
#3759 = CARTESIAN_POINT('',(19.338874642872,11.532963421331,4.6));
#3760 = CARTESIAN_POINT('',(19.308429550808,11.578411406516,4.6));
#3761 = CARTESIAN_POINT('',(19.288152625117,11.623394146554,4.6));
#3762 = CARTESIAN_POINT('',(19.274754074834,11.672825071713,4.6));
#3763 = CARTESIAN_POINT('',(19.268153409091,11.726506488951,4.6));
#3764 = CARTESIAN_POINT('',(19.268153409091,11.784176136364,4.6));
#3765 = ORIENTED_EDGE('',*,*,#3766,.F.);
#3766 = EDGE_CURVE('',#3767,#3752,#3769,.T.);
#3767 = VERTEX_POINT('',#3768);
#3768 = CARTESIAN_POINT('',(19.605511363636,11.331998106061,4.6));
#3769 = B_SPLINE_CURVE_WITH_KNOTS('',5,(#3770,#3771,#3772,#3773,#3774,
    #3775),.UNSPECIFIED.,.F.,.F.,(6,6),(0.,1.),
  .PIECEWISE_BEZIER_KNOTS.);
#3770 = CARTESIAN_POINT('',(19.605511363636,11.331998106061,4.6));
#3771 = CARTESIAN_POINT('',(19.539782234489,11.361459673168,4.6));
#3772 = CARTESIAN_POINT('',(19.481326748018,11.394307591879,4.6));
#3773 = CARTESIAN_POINT('',(19.430569920575,11.430611422707,4.6));
#3774 = CARTESIAN_POINT('',(19.387856034779,11.470389589384,4.6));
#3775 = CARTESIAN_POINT('',(19.353380681818,11.513579545455,4.6));
#3776 = ORIENTED_EDGE('',*,*,#3777,.F.);
#3777 = EDGE_CURVE('',#3778,#3767,#3780,.T.);
#3778 = VERTEX_POINT('',#3779);
#3779 = CARTESIAN_POINT('',(20.308636363636,11.125321969697,4.6));
#3780 = B_SPLINE_CURVE_WITH_KNOTS('',8,(#3781,#3782,#3783,#3784,#3785,
    #3786,#3787,#3788,#3789),.UNSPECIFIED.,.F.,.F.,(9,9),(0.,1.),
  .PIECEWISE_BEZIER_KNOTS.);
#3781 = CARTESIAN_POINT('',(20.308636363636,11.125321969697,4.6));
#3782 = CARTESIAN_POINT('',(20.195870559955,11.15305289802,4.6));
#3783 = CARTESIAN_POINT('',(20.087675818991,11.18051302389,4.6));
#3784 = CARTESIAN_POINT('',(19.984529942086,11.207711163918,4.6));
#3785 = CARTESIAN_POINT('',(19.887573386362,11.234537987976,4.6));
#3786 = CARTESIAN_POINT('',(19.798607671773,11.260765653053,4.6));
#3787 = CARTESIAN_POINT('',(19.719997183558,11.286057593176,4.6));
#3788 = CARTESIAN_POINT('',(19.654658003746,11.309969257444,4.6));
#3789 = CARTESIAN_POINT('',(19.605511363636,11.331998106061,4.6));
#3790 = ORIENTED_EDGE('',*,*,#3791,.F.);
#3791 = EDGE_CURVE('',#3792,#3778,#3794,.T.);
#3792 = VERTEX_POINT('',#3793);
#3793 = CARTESIAN_POINT('',(21.040170454545,10.888579545455,4.6));
#3794 = B_SPLINE_CURVE_WITH_KNOTS('',7,(#3795,#3796,#3797,#3798,#3799,
    #3800,#3801,#3802),.UNSPECIFIED.,.F.,.F.,(8,8),(0.,1.),
  .PIECEWISE_BEZIER_KNOTS.);
#3795 = CARTESIAN_POINT('',(21.040170454545,10.888579545455,4.6));
#3796 = CARTESIAN_POINT('',(20.967543188811,10.923855645954,4.6));
#3797 = CARTESIAN_POINT('',(20.880447107113,10.958869968764,4.6));
#3798 = CARTESIAN_POINT('',(20.78155075844,10.993409757524,4.6));
#3799 = CARTESIAN_POINT('',(20.673289575239,11.027348122766,4.6));
#3800 = CARTESIAN_POINT('',(20.557569742837,11.060627668729,4.6));
#3801 = CARTESIAN_POINT('',(20.435759463519,11.093259686696,4.6));
#3802 = CARTESIAN_POINT('',(20.308636363636,11.125321969697,4.6));
#3803 = ORIENTED_EDGE('',*,*,#3804,.F.);
#3804 = EDGE_CURVE('',#3805,#3792,#3807,.T.);
#3805 = VERTEX_POINT('',#3806);
#3806 = CARTESIAN_POINT('',(21.393390151515,10.648049242424,4.6));
#3807 = B_SPLINE_CURVE_WITH_KNOTS('',5,(#3808,#3809,#3810,#3811,#3812,
    #3813),.UNSPECIFIED.,.F.,.F.,(6,6),(0.,1.),
  .PIECEWISE_BEZIER_KNOTS.);
#3808 = CARTESIAN_POINT('',(21.393390151515,10.648049242424,4.6));
#3809 = CARTESIAN_POINT('',(21.340488293917,10.701918227218,4.6));
#3810 = CARTESIAN_POINT('',(21.278192407109,10.752925434386,4.6));
#3811 = CARTESIAN_POINT('',(21.206962186219,10.801011924402,4.6));
#3812 = CARTESIAN_POINT('',(21.127410116847,10.846205995194,4.6));
#3813 = CARTESIAN_POINT('',(21.040170454545,10.888579545455,4.6));
#3814 = ORIENTED_EDGE('',*,*,#3815,.F.);
#3815 = EDGE_CURVE('',#3816,#3805,#3818,.T.);
#3816 = VERTEX_POINT('',#3817);
#3817 = CARTESIAN_POINT('',(21.594147727273,10.343598484848,4.6));
#3818 = B_SPLINE_CURVE_WITH_KNOTS('',4,(#3819,#3820,#3821,#3822,#3823,
    #3824,#3825,#3826),.UNSPECIFIED.,.F.,.F.,(5,3,5),(0.,0.572109378073,
    1.),.UNSPECIFIED.);
#3819 = CARTESIAN_POINT('',(21.594147727273,10.343598484848,4.6));
#3820 = CARTESIAN_POINT('',(21.57387541765,10.392927771596,4.6));
#3821 = CARTESIAN_POINT('',(21.550374219343,10.440116932476,4.6));
#3822 = CARTESIAN_POINT('',(21.523635195221,10.485098337231,4.6));
#3823 = CARTESIAN_POINT('',(21.471290074231,10.559788130107,4.6));
#3824 = CARTESIAN_POINT('',(21.447097502877,10.590488279874,4.6));
#3825 = CARTESIAN_POINT('',(21.421122840175,10.619911696996,4.6));
#3826 = CARTESIAN_POINT('',(21.393390151515,10.648049242424,4.6));
#3827 = ORIENTED_EDGE('',*,*,#3828,.F.);
#3828 = EDGE_CURVE('',#3412,#3816,#3829,.T.);
#3829 = B_SPLINE_CURVE_WITH_KNOTS('',5,(#3830,#3831,#3832,#3833,#3834,
    #3835),.UNSPECIFIED.,.F.,.F.,(6,6),(0.,1.),
  .PIECEWISE_BEZIER_KNOTS.);
#3830 = CARTESIAN_POINT('',(21.665170454545,9.950132575758,4.6));
#3831 = CARTESIAN_POINT('',(21.665170454545,10.037260116546,4.6));
#3832 = CARTESIAN_POINT('',(21.658263702762,10.120459969651,4.6));
#3833 = CARTESIAN_POINT('',(21.644206500314,10.199422937386,4.6));
#3834 = CARTESIAN_POINT('',(21.622841322132,10.273873049339,4.6));
#3835 = CARTESIAN_POINT('',(21.594147727273,10.343598484848,4.6));
#3836 = FACE_BOUND('',#3837,.T.);
#3837 = EDGE_LOOP('',(#3838,#3862,#3885,#3908,#3930,#3972,#3999));
#3838 = ORIENTED_EDGE('',*,*,#3839,.F.);
#3839 = EDGE_CURVE('',#3840,#3842,#3844,.T.);
#3840 = VERTEX_POINT('',#3841);
#3841 = CARTESIAN_POINT('',(25.223409090909,9.307850378788,4.6));
#3842 = VERTEX_POINT('',#3843);
#3843 = CARTESIAN_POINT('',(25.667301136364,10.81021780303,4.6));
#3844 = B_SPLINE_CURVE_WITH_KNOTS('',6,(#3845,#3846,#3847,#3848,#3849,
    #3850,#3851,#3852,#3853,#3854,#3855,#3856,#3857,#3858,#3859,#3860,
    #3861),.UNSPECIFIED.,.F.,.F.,(7,5,5,7),(0.,0.233521421811,
    0.479709559162,1.),.UNSPECIFIED.);
#3845 = CARTESIAN_POINT('',(25.223409090909,9.307850378788,4.6));
#3846 = CARTESIAN_POINT('',(25.262729193925,9.351574333342,4.6));
#3847 = CARTESIAN_POINT('',(25.299787565859,9.39753245255,4.6));
#3848 = CARTESIAN_POINT('',(25.334525930832,9.445581669044,4.6));
#3849 = CARTESIAN_POINT('',(25.366933696557,9.495559004661,4.6));
#3850 = CARTESIAN_POINT('',(25.397036102595,9.547291537242,4.6));
#3851 = CARTESIAN_POINT('',(25.454239077336,9.65681311126,4.6));
#3852 = CARTESIAN_POINT('',(25.48108924168,9.714780546133,4.6));
#3853 = CARTESIAN_POINT('',(25.505494335604,9.774311905411,4.6));
#3854 = CARTESIAN_POINT('',(25.527546120909,9.835219037937,4.6));
#3855 = CARTESIAN_POINT('',(25.547353340071,9.897330495652,4.6));
#3856 = CARTESIAN_POINT('',(25.602382643747,10.094000335497,4.6));
#3857 = CARTESIAN_POINT('',(25.630199992377,10.232174057891,4.6));
#3858 = CARTESIAN_POINT('',(25.649591345297,10.373729326361,4.6));
#3859 = CARTESIAN_POINT('',(25.661649194079,10.517652630191,4.6));
#3860 = CARTESIAN_POINT('',(25.667301136364,10.663263813921,4.6));
#3861 = CARTESIAN_POINT('',(25.667301136364,10.81021780303,4.6));
#3862 = ORIENTED_EDGE('',*,*,#3863,.F.);
#3863 = EDGE_CURVE('',#3864,#3840,#3866,.T.);
#3864 = VERTEX_POINT('',#3865);
#3865 = CARTESIAN_POINT('',(23.934346590909,8.814242424242,4.6));
#3866 = B_SPLINE_CURVE_WITH_KNOTS('',5,(#3867,#3868,#3869,#3870,#3871,
    #3872,#3873,#3874,#3875,#3876,#3877,#3878,#3879,#3880,#3881,#3882,
    #3883,#3884),.UNSPECIFIED.,.F.,.F.,(6,4,4,4,6),(0.,0.336528455132,
    0.596257872537,0.846135518514,1.),.UNSPECIFIED.);
#3867 = CARTESIAN_POINT('',(23.934346590909,8.814242424242,4.6));
#3868 = CARTESIAN_POINT('',(24.035199216005,8.814242424242,4.6));
#3869 = CARTESIAN_POINT('',(24.135122604073,8.81863571652,4.6));
#3870 = CARTESIAN_POINT('',(24.233811295838,8.827879970322,4.6));
#3871 = CARTESIAN_POINT('',(24.330808351701,8.8424919664,4.6));
#3872 = CARTESIAN_POINT('',(24.498669256264,8.878668785451,4.6));
#3873 = CARTESIAN_POINT('',(24.570443991382,8.897885457606,4.6));
#3874 = CARTESIAN_POINT('',(24.64060505641,8.92075726892,4.6));
#3875 = CARTESIAN_POINT('',(24.708843872769,8.947447404034,4.6));
#3876 = CARTESIAN_POINT('',(24.838349333725,9.007412734526,4.6));
#3877 = CARTESIAN_POINT('',(24.899787019188,9.040401805585,4.6));
#3878 = CARTESIAN_POINT('',(24.958875708003,9.07702174292,4.6));
#3879 = CARTESIAN_POINT('',(25.015363685067,9.117232708996,4.6));
#3880 = CARTESIAN_POINT('',(25.102119024281,9.187749194156,4.6));
#3881 = CARTESIAN_POINT('',(25.134122823475,9.215925260878,4.6));
#3882 = CARTESIAN_POINT('',(25.165024459288,9.245367683831,4.6));
#3883 = CARTESIAN_POINT('',(25.194792730564,9.276028986084,4.6));
#3884 = CARTESIAN_POINT('',(25.223409090909,9.307850378788,4.6));
#3885 = ORIENTED_EDGE('',*,*,#3886,.F.);
#3886 = EDGE_CURVE('',#3887,#3864,#3889,.T.);
#3887 = VERTEX_POINT('',#3888);
#3888 = CARTESIAN_POINT('',(22.663039772727,9.3275,4.6));
#3889 = B_SPLINE_CURVE_WITH_KNOTS('',5,(#3890,#3891,#3892,#3893,#3894,
    #3895,#3896,#3897,#3898,#3899,#3900,#3901,#3902,#3903,#3904,#3905,
    #3906,#3907),.UNSPECIFIED.,.F.,.F.,(6,4,4,4,6),(0.,0.190855807565,
    0.430969605812,0.680391504403,1.),.UNSPECIFIED.);
#3890 = CARTESIAN_POINT('',(22.663039772727,9.3275,4.6));
#3891 = CARTESIAN_POINT('',(22.697129724512,9.286779881284,4.6));
#3892 = CARTESIAN_POINT('',(22.733050348539,9.247827844531,4.6));
#3893 = CARTESIAN_POINT('',(22.770776781212,9.210771165529,4.6));
#3894 = CARTESIAN_POINT('',(22.810254404501,9.175713460647,4.6));
#3895 = CARTESIAN_POINT('',(22.903146903461,9.101227676922,4.6));
#3896 = CARTESIAN_POINT('',(22.957533549791,9.063003382763,4.6));
#3897 = CARTESIAN_POINT('',(23.014368473157,9.028202443963,4.6));
#3898 = CARTESIAN_POINT('',(23.073415085594,8.996861730521,4.6));
#3899 = CARTESIAN_POINT('',(23.197759703349,8.939933367269,4.6));
#3900 = CARTESIAN_POINT('',(23.263216105083,8.914613787707,4.6));
#3901 = CARTESIAN_POINT('',(23.330482000172,8.892929308028,4.6));
#3902 = CARTESIAN_POINT('',(23.399268256508,8.874727046558,4.6));
#3903 = CARTESIAN_POINT('',(23.559090192785,8.840722146332,4.6));
#3904 = CARTESIAN_POINT('',(23.650938217833,8.827036705964,4.6));
#3905 = CARTESIAN_POINT('',(23.744352841949,8.818367136376,4.6));
#3906 = CARTESIAN_POINT('',(23.838916566326,8.814242424242,4.6));
#3907 = CARTESIAN_POINT('',(23.934346590909,8.814242424242,4.6));
#3908 = ORIENTED_EDGE('',*,*,#3909,.F.);
#3909 = EDGE_CURVE('',#3910,#3887,#3912,.T.);
#3910 = VERTEX_POINT('',#3911);
#3911 = CARTESIAN_POINT('',(22.233352272727,10.81021780303,4.6));
#3912 = B_SPLINE_CURVE_WITH_KNOTS('',6,(#3913,#3914,#3915,#3916,#3917,
    #3918,#3919,#3920,#3921,#3922,#3923,#3924,#3925,#3926,#3927,#3928,
    #3929),.UNSPECIFIED.,.F.,.F.,(7,5,5,7),(0.,0.497355204819,
    0.755545289288,1.),.UNSPECIFIED.);
#3913 = CARTESIAN_POINT('',(22.233352272727,10.81021780303,4.6));
#3914 = CARTESIAN_POINT('',(22.233352272727,10.672571584119,4.6));
#3915 = CARTESIAN_POINT('',(22.238549365393,10.53611036564,4.6));
#3916 = CARTESIAN_POINT('',(22.249558007835,10.401153330558,4.6));
#3917 = CARTESIAN_POINT('',(22.267104507237,10.268245202675,4.6));
#3918 = CARTESIAN_POINT('',(22.292009077762,10.138150358868,4.6));
#3919 = CARTESIAN_POINT('',(22.342227458844,9.946223830861,4.6));
#3920 = CARTESIAN_POINT('',(22.36158360335,9.881657010896,4.6));
#3921 = CARTESIAN_POINT('',(22.383242307119,9.818249206464,4.6));
#3922 = CARTESIAN_POINT('',(22.407305976685,9.756160557465,4.6));
#3923 = CARTESIAN_POINT('',(22.433859968581,9.695565089765,4.6));
#3924 = CARTESIAN_POINT('',(22.490512950362,9.580857154225,4.6));
#3925 = CARTESIAN_POINT('',(22.520349029867,9.526569452198,4.6));
#3926 = CARTESIAN_POINT('',(22.55251403958,9.473938511813,4.6));
#3927 = CARTESIAN_POINT('',(22.587030770417,9.423120874314,4.6));
#3928 = CARTESIAN_POINT('',(22.623889799689,9.374264265316,4.6));
#3929 = CARTESIAN_POINT('',(22.663039772727,9.3275,4.6));
#3930 = ORIENTED_EDGE('',*,*,#3931,.F.);
#3931 = EDGE_CURVE('',#3932,#3910,#3934,.T.);
#3932 = VERTEX_POINT('',#3933);
#3933 = CARTESIAN_POINT('',(23.955653409091,12.799090909091,4.6));
#3934 = B_SPLINE_CURVE_WITH_KNOTS('',6,(#3935,#3936,#3937,#3938,#3939,
    #3940,#3941,#3942,#3943,#3944,#3945,#3946,#3947,#3948,#3949,#3950,
    #3951,#3952,#3953,#3954,#3955,#3956,#3957,#3958,#3959,#3960,#3961,
    #3962,#3963,#3964,#3965,#3966,#3967,#3968,#3969,#3970,#3971),
  .UNSPECIFIED.,.F.,.F.,(7,5,5,5,5,5,5,7),(0.,0.183992347162,
    0.265203856901,0.414098905335,0.530212073251,0.587138370752,
    0.690833215681,1.),.UNSPECIFIED.);
#3935 = CARTESIAN_POINT('',(23.955653409091,12.799090909091,4.6));
#3936 = CARTESIAN_POINT('',(23.862041445098,12.799090909091,4.6));
#3937 = CARTESIAN_POINT('',(23.768679542568,12.795565633775,4.6));
#3938 = CARTESIAN_POINT('',(23.67572617538,12.788118735306,4.6));
#3939 = CARTESIAN_POINT('',(23.583465050159,12.776290131277,4.6));
#3940 = CARTESIAN_POINT('',(23.492302754166,12.759571039882,4.6));
#3941 = CARTESIAN_POINT('',(23.363227648255,12.727734494692,4.6));
#3942 = CARTESIAN_POINT('',(23.324019636101,12.716940404709,4.6));
#3943 = CARTESIAN_POINT('',(23.285176495595,12.705061465768,4.6));
#3944 = CARTESIAN_POINT('',(23.246751515965,12.692059967749,4.6));
#3945 = CARTESIAN_POINT('',(23.208803023584,12.677903263784,4.6));
#3946 = CARTESIAN_POINT('',(23.102805319375,12.634448301674,4.6));
#3947 = CARTESIAN_POINT('',(23.036009621652,12.602356141235,4.6));
#3948 = CARTESIAN_POINT('',(22.971425128491,12.56614963855,4.6));
#3949 = CARTESIAN_POINT('',(22.909468450262,12.525775413994,4.6));
#3950 = CARTESIAN_POINT('',(22.850520483836,12.481319027464,4.6));
#3951 = CARTESIAN_POINT('',(22.751512993789,12.395420202747,4.6));
#3952 = CARTESIAN_POINT('',(22.710141592674,12.355459989716,4.6));
#3953 = CARTESIAN_POINT('',(22.670924066513,12.313301309825,4.6));
#3954 = CARTESIAN_POINT('',(22.633943884544,12.269106506962,4.6));
#3955 = CARTESIAN_POINT('',(22.599234282588,12.223064509,4.6));
#3956 = CARTESIAN_POINT('',(22.550883344079,12.152002374895,4.6));
#3957 = CARTESIAN_POINT('',(22.535520588656,12.12822837132,4.6));
#3958 = CARTESIAN_POINT('',(22.520699861536,12.104081447027,4.6));
#3959 = CARTESIAN_POINT('',(22.506417394298,12.07958429202,4.6));
#3960 = CARTESIAN_POINT('',(22.492667295023,12.054759131594,4.6));
#3961 = CARTESIAN_POINT('',(22.455350015627,11.983849284964,4.6));
#3962 = CARTESIAN_POINT('',(22.432999027931,11.937054942769,4.6));
#3963 = CARTESIAN_POINT('',(22.412340628627,11.889373399728,4.6));
#3964 = CARTESIAN_POINT('',(22.393310491672,11.840923446488,4.6));
#3965 = CARTESIAN_POINT('',(22.375835244422,11.791810342929,4.6));
#3966 = CARTESIAN_POINT('',(22.312149251368,11.593976699349,4.6));
#3967 = CARTESIAN_POINT('',(22.27766574695,11.440883830374,4.6));
#3968 = CARTESIAN_POINT('',(22.254223331426,11.284865170294,4.6));
#3969 = CARTESIAN_POINT('',(22.239944200096,11.127334839381,4.6));
#3970 = CARTESIAN_POINT('',(22.233352272727,10.969069956416,4.6));
#3971 = CARTESIAN_POINT('',(22.233352272727,10.81021780303,4.6));
#3972 = ORIENTED_EDGE('',*,*,#3973,.F.);
#3973 = EDGE_CURVE('',#3974,#3932,#3976,.T.);
#3974 = VERTEX_POINT('',#3975);
#3975 = CARTESIAN_POINT('',(25.251818181818,12.314242424242,4.6));
#3976 = B_SPLINE_CURVE_WITH_KNOTS('',6,(#3977,#3978,#3979,#3980,#3981,
    #3982,#3983,#3984,#3985,#3986,#3987,#3988,#3989,#3990,#3991,#3992,
    #3993,#3994,#3995,#3996,#3997,#3998),.UNSPECIFIED.,.F.,.F.,(7,5,5,5,
    7),(0.,8.619942576191E-02,0.341146238135,0.608661693556,1.),
  .UNSPECIFIED.);
#3977 = CARTESIAN_POINT('',(25.251818181818,12.314242424242,4.6));
#3978 = CARTESIAN_POINT('',(25.238963559434,12.329243145976,4.6));
#3979 = CARTESIAN_POINT('',(25.225826581943,12.34398311991,4.6));
#3980 = CARTESIAN_POINT('',(25.212409800488,12.358456735348,4.6));
#3981 = CARTESIAN_POINT('',(25.198716346449,12.372658879204,4.6));
#3982 = CARTESIAN_POINT('',(25.184749931437,12.386584936001,4.6));
#3983 = CARTESIAN_POINT('',(25.128412602509,12.440590296164,4.6));
#3984 = CARTESIAN_POINT('',(25.08395718666,12.478501569408,4.6));
#3985 = CARTESIAN_POINT('',(25.037265157407,12.513851893061,4.6));
#3986 = CARTESIAN_POINT('',(24.988485083728,12.546585321456,4.6));
#3987 = CARTESIAN_POINT('',(24.937789770006,12.576692944022,4.6));
#3988 = CARTESIAN_POINT('',(24.830362868909,12.633069586901,4.6));
#3989 = CARTESIAN_POINT('',(24.773452129858,12.659078486191,4.6));
#3990 = CARTESIAN_POINT('',(24.714846838642,12.682266673554,4.6));
#3991 = CARTESIAN_POINT('',(24.654756069079,12.702720799976,4.6));
#3992 = CARTESIAN_POINT('',(24.593376329763,12.72055773687,4.6));
#3993 = CARTESIAN_POINT('',(24.439457700997,12.758355859847,4.6));
#3994 = CARTESIAN_POINT('',(24.34565541257,12.775477004576,4.6));
#3995 = CARTESIAN_POINT('',(24.249989361964,12.787678992339,4.6));
#3996 = CARTESIAN_POINT('',(24.152896251814,12.795410677318,4.6));
#3997 = CARTESIAN_POINT('',(24.054709536091,12.799090909091,4.6));
#3998 = CARTESIAN_POINT('',(23.955653409091,12.799090909091,4.6));
#3999 = ORIENTED_EDGE('',*,*,#4000,.F.);
#4000 = EDGE_CURVE('',#3842,#3974,#4001,.T.);
#4001 = B_SPLINE_CURVE_WITH_KNOTS('',6,(#4002,#4003,#4004,#4005,#4006,
    #4007,#4008,#4009,#4010,#4011,#4012,#4013,#4014,#4015,#4016,#4017,
    #4018),.UNSPECIFIED.,.F.,.F.,(7,5,5,7),(0.,0.560837759012,
    0.787077847376,1.),.UNSPECIFIED.);
#4002 = CARTESIAN_POINT('',(25.667301136364,10.81021780303,4.6));
#4003 = CARTESIAN_POINT('',(25.667301136364,10.968357242594,4.6));
#4004 = CARTESIAN_POINT('',(25.661302301174,11.124920987836,4.6));
#4005 = CARTESIAN_POINT('',(25.648428710184,11.279548224118,4.6));
#4006 = CARTESIAN_POINT('',(25.627560925041,11.431418507836,4.6));
#4007 = CARTESIAN_POINT('',(25.59733188754,11.579248992997,4.6));
#4008 = CARTESIAN_POINT('',(25.539673651369,11.778665016796,4.6));
#4009 = CARTESIAN_POINT('',(25.521337468141,11.835039069001,4.6));
#4010 = CARTESIAN_POINT('',(25.501145625234,11.890345580649,4.6));
#4011 = CARTESIAN_POINT('',(25.479006433734,11.944442642547,4.6));
#4012 = CARTESIAN_POINT('',(25.45483846937,11.997173077566,4.6));
#4013 = CARTESIAN_POINT('',(25.403866472135,12.096553624548,4.6));
#4014 = CARTESIAN_POINT('',(25.377301053723,12.143379610909,4.6));
#4015 = CARTESIAN_POINT('',(25.348833852452,12.188706202803,4.6));
#4016 = CARTESIAN_POINT('',(25.318430959749,12.232386239215,4.6));
#4017 = CARTESIAN_POINT('',(25.286083681682,12.274275769985,4.6));
#4018 = CARTESIAN_POINT('',(25.251818181818,12.314242424242,4.6));
#4019 = FACE_BOUND('',#4020,.T.);
#4020 = EDGE_LOOP('',(#4021,#4031,#4039,#4049,#4057,#4076,#4084,#4097,
    #4112,#4122,#4130,#4141,#4160,#4177));
#4021 = ORIENTED_EDGE('',*,*,#4022,.T.);
#4022 = EDGE_CURVE('',#4023,#4025,#4027,.T.);
#4023 = VERTEX_POINT('',#4024);
#4024 = CARTESIAN_POINT('',(27.116875,8.89,4.6));
#4025 = VERTEX_POINT('',#4026);
#4026 = CARTESIAN_POINT('',(26.477670454545,8.89,4.6));
#4027 = LINE('',#4028,#4029);
#4028 = CARTESIAN_POINT('',(13.5584375,8.89,4.6));
#4029 = VECTOR('',#4030,1.);
#4030 = DIRECTION('',(-1.,0.,0.));
#4031 = ORIENTED_EDGE('',*,*,#4032,.T.);
#4032 = EDGE_CURVE('',#4025,#4033,#4035,.T.);
#4033 = VERTEX_POINT('',#4034);
#4034 = CARTESIAN_POINT('',(26.477670454545,11.842178030303,4.6));
#4035 = LINE('',#4036,#4037);
#4036 = CARTESIAN_POINT('',(26.477670454545,32.135230247477,4.6));
#4037 = VECTOR('',#4038,1.);
#4038 = DIRECTION('',(0.,1.,0.));
#4039 = ORIENTED_EDGE('',*,*,#4040,.F.);
#4040 = EDGE_CURVE('',#4041,#4033,#4043,.T.);
#4041 = VERTEX_POINT('',#4042);
#4042 = CARTESIAN_POINT('',(26.456363636364,12.738484848485,4.6));
#4043 = B_SPLINE_CURVE_WITH_KNOTS('',4,(#4044,#4045,#4046,#4047,#4048),
  .UNSPECIFIED.,.F.,.F.,(5,5),(0.,1.),.PIECEWISE_BEZIER_KNOTS.);
#4044 = CARTESIAN_POINT('',(26.456363636364,12.738484848485,4.6));
#4045 = CARTESIAN_POINT('',(26.466574417346,12.503296526533,4.6));
#4046 = CARTESIAN_POINT('',(26.473803497065,12.27469549945,4.6));
#4047 = CARTESIAN_POINT('',(26.477670454545,12.053773973806,4.6));
#4048 = CARTESIAN_POINT('',(26.477670454545,11.842178030303,4.6));
#4049 = ORIENTED_EDGE('',*,*,#4050,.T.);
#4050 = EDGE_CURVE('',#4041,#4051,#4053,.T.);
#4051 = VERTEX_POINT('',#4052);
#4052 = CARTESIAN_POINT('',(27.060056818182,12.738484848485,4.6));
#4053 = LINE('',#4054,#4055);
#4054 = CARTESIAN_POINT('',(13.228181818182,12.738484848485,4.6));
#4055 = VECTOR('',#4056,1.);
#4056 = DIRECTION('',(1.,0.,0.));
#4057 = ORIENTED_EDGE('',*,*,#4058,.F.);
#4058 = EDGE_CURVE('',#4059,#4051,#4061,.T.);
#4059 = VERTEX_POINT('',#4060);
#4060 = CARTESIAN_POINT('',(27.088465909091,11.943267045455,4.6));
#4061 = B_SPLINE_CURVE_WITH_KNOTS('',7,(#4062,#4063,#4064,#4065,#4066,
    #4067,#4068,#4069,#4070,#4071,#4072,#4073,#4074,#4075),
  .UNSPECIFIED.,.F.,.F.,(8,6,8),(0.,0.337706976686,1.),.UNSPECIFIED.);
#4062 = CARTESIAN_POINT('',(27.088465909091,11.943267045455,4.6));
#4063 = CARTESIAN_POINT('',(27.088465909091,11.959413197495,4.6));
#4064 = CARTESIAN_POINT('',(27.088221843358,11.979799739571,4.6));
#4065 = CARTESIAN_POINT('',(27.087750388364,12.004045949798,4.6));
#4066 = CARTESIAN_POINT('',(27.087073899824,12.031697556554,4.6));
#4067 = CARTESIAN_POINT('',(27.086215479098,12.062308975864,4.6));
#4068 = CARTESIAN_POINT('',(27.085196040668,12.095492121611,4.6));
#4069 = CARTESIAN_POINT('',(27.081753233541,12.200434185069,4.6));
#4070 = CARTESIAN_POINT('',(27.078926153026,12.278495835038,4.6));
#4071 = CARTESIAN_POINT('',(27.075683345346,12.362873223347,4.6));
#4072 = CARTESIAN_POINT('',(27.072117694933,12.451982385786,4.6));
#4073 = CARTESIAN_POINT('',(27.068298393666,12.544680344598,4.6));
#4074 = CARTESIAN_POINT('',(27.064270284168,12.640275978795,4.6));
#4075 = CARTESIAN_POINT('',(27.060056818182,12.738484848485,4.6));
#4076 = ORIENTED_EDGE('',*,*,#4077,.T.);
#4077 = EDGE_CURVE('',#4059,#4078,#4080,.T.);
#4078 = VERTEX_POINT('',#4079);
#4079 = CARTESIAN_POINT('',(27.102670454545,11.943267045455,4.6));
#4080 = LINE('',#4081,#4082);
#4081 = CARTESIAN_POINT('',(13.544232954545,11.943267045455,4.6));
#4082 = VECTOR('',#4083,1.);
#4083 = DIRECTION('',(1.,0.,0.));
#4084 = ORIENTED_EDGE('',*,*,#4085,.F.);
#4085 = EDGE_CURVE('',#4086,#4078,#4088,.T.);
#4086 = VERTEX_POINT('',#4087);
#4087 = CARTESIAN_POINT('',(27.454232954545,12.617982954545,4.6));
#4088 = B_SPLINE_CURVE_WITH_KNOTS('',7,(#4089,#4090,#4091,#4092,#4093,
    #4094,#4095,#4096),.UNSPECIFIED.,.F.,.F.,(8,8),(0.,1.),
  .PIECEWISE_BEZIER_KNOTS.);
#4089 = CARTESIAN_POINT('',(27.454232954545,12.617982954545,4.6));
#4090 = CARTESIAN_POINT('',(27.390815490776,12.560227764327,4.6));
#4091 = CARTESIAN_POINT('',(27.331965133373,12.485598872071,4.6));
#4092 = CARTESIAN_POINT('',(27.277863676218,12.396448269266,4.6));
#4093 = CARTESIAN_POINT('',(27.228267365963,12.29555820129,4.6));
#4094 = CARTESIAN_POINT('',(27.182819865229,12.185295608737,4.6));
#4095 = CARTESIAN_POINT('',(27.141098757064,12.067488767549,4.6));
#4096 = CARTESIAN_POINT('',(27.102670454545,11.943267045455,4.6));
#4097 = ORIENTED_EDGE('',*,*,#4098,.F.);
#4098 = EDGE_CURVE('',#4099,#4086,#4101,.T.);
#4099 = VERTEX_POINT('',#4100);
#4100 = CARTESIAN_POINT('',(28.0153125,12.799090909091,4.6));
#4101 = B_SPLINE_CURVE_WITH_KNOTS('',5,(#4102,#4103,#4104,#4105,#4106,
    #4107,#4108,#4109,#4110,#4111),.UNSPECIFIED.,.F.,.F.,(6,4,6),(0.,
    0.508749038938,1.),.UNSPECIFIED.);
#4102 = CARTESIAN_POINT('',(28.0153125,12.799090909091,4.6));
#4103 = CARTESIAN_POINT('',(27.94553285072,12.799090909091,4.6));
#4104 = CARTESIAN_POINT('',(27.878236310803,12.794889829182,4.6));
#4105 = CARTESIAN_POINT('',(27.813789535432,12.786174441803,4.6));
#4106 = CARTESIAN_POINT('',(27.752603330368,12.772654521339,4.6));
#4107 = CARTESIAN_POINT('',(27.639490863567,12.73633187895,4.6));
#4108 = CARTESIAN_POINT('',(27.587313364118,12.713863026386,4.6));
#4109 = CARTESIAN_POINT('',(27.538876664298,12.686632070632,4.6));
#4110 = CARTESIAN_POINT('',(27.49446188109,12.654620012648,4.6));
#4111 = CARTESIAN_POINT('',(27.454232954545,12.617982954545,4.6));
#4112 = ORIENTED_EDGE('',*,*,#4113,.F.);
#4113 = EDGE_CURVE('',#4114,#4099,#4116,.T.);
#4114 = VERTEX_POINT('',#4115);
#4115 = CARTESIAN_POINT('',(28.274545454545,12.763579545455,4.6));
#4116 = B_SPLINE_CURVE_WITH_KNOTS('',4,(#4117,#4118,#4119,#4120,#4121),
  .UNSPECIFIED.,.F.,.F.,(5,5),(0.,1.),.PIECEWISE_BEZIER_KNOTS.);
#4117 = CARTESIAN_POINT('',(28.274545454545,12.763579545455,4.6));
#4118 = CARTESIAN_POINT('',(28.209009090408,12.781292076303,4.6));
#4119 = CARTESIAN_POINT('',(28.143921412772,12.793152766564,4.6));
#4120 = CARTESIAN_POINT('',(28.079338231764,12.799090909091,4.6));
#4121 = CARTESIAN_POINT('',(28.0153125,12.799090909091,4.6));
#4122 = ORIENTED_EDGE('',*,*,#4123,.T.);
#4123 = EDGE_CURVE('',#4114,#4124,#4126,.T.);
#4124 = VERTEX_POINT('',#4125);
#4125 = CARTESIAN_POINT('',(28.274545454545,12.177642045455,4.6));
#4126 = LINE('',#4127,#4128);
#4127 = CARTESIAN_POINT('',(28.274545454545,34.072020020204,4.6));
#4128 = VECTOR('',#4129,1.);
#4129 = DIRECTION('',(0.,-1.,0.));
#4130 = ORIENTED_EDGE('',*,*,#4131,.F.);
#4131 = EDGE_CURVE('',#4132,#4124,#4134,.T.);
#4132 = VERTEX_POINT('',#4133);
#4133 = CARTESIAN_POINT('',(27.933636363636,12.213153409091,4.6));
#4134 = B_SPLINE_CURVE_WITH_KNOTS('',5,(#4135,#4136,#4137,#4138,#4139,
    #4140),.UNSPECIFIED.,.F.,.F.,(6,6),(0.,1.),
  .PIECEWISE_BEZIER_KNOTS.);
#4135 = CARTESIAN_POINT('',(27.933636363636,12.213153409091,4.6));
#4136 = CARTESIAN_POINT('',(28.016615548535,12.213153409091,4.6));
#4137 = CARTESIAN_POINT('',(28.092758616954,12.209787064476,4.6));
#4138 = CARTESIAN_POINT('',(28.161489485401,12.202853152802,4.6));
#4139 = CARTESIAN_POINT('',(28.222236064141,12.192172431678,4.6));
#4140 = CARTESIAN_POINT('',(28.274545454545,12.177642045455,4.6));
#4141 = ORIENTED_EDGE('',*,*,#4142,.F.);
#4142 = EDGE_CURVE('',#4143,#4132,#4145,.T.);
#4143 = VERTEX_POINT('',#4144);
#4144 = CARTESIAN_POINT('',(27.326392045455,11.870823863636,4.6));
#4145 = B_SPLINE_CURVE_WITH_KNOTS('',5,(#4146,#4147,#4148,#4149,#4150,
    #4151,#4152,#4153,#4154,#4155,#4156,#4157,#4158,#4159),
  .UNSPECIFIED.,.F.,.F.,(6,4,4,6),(0.,0.165279443347,0.510309986918,1.),
  .UNSPECIFIED.);
#4146 = CARTESIAN_POINT('',(27.326392045455,11.870823863636,4.6));
#4147 = CARTESIAN_POINT('',(27.339781093887,11.892700207176,4.6));
#4148 = CARTESIAN_POINT('',(27.353751626102,11.913868232147,4.6));
#4149 = CARTESIAN_POINT('',(27.368311902444,11.934290376593,4.6));
#4150 = CARTESIAN_POINT('',(27.383466228958,11.953930631295,4.6));
#4151 = CARTESIAN_POINT('',(27.432091352782,12.012050554103,4.6));
#4152 = CARTESIAN_POINT('',(27.467560889577,12.047793249047,4.6));
#4153 = CARTESIAN_POINT('',(27.505617300968,12.079662693678,4.6));
#4154 = CARTESIAN_POINT('',(27.546178835309,12.10741946122,4.6));
#4155 = CARTESIAN_POINT('',(27.649902617947,12.164370485243,4.6));
#4156 = CARTESIAN_POINT('',(27.715432377425,12.189299949118,4.6));
#4157 = CARTESIAN_POINT('',(27.785075849264,12.205429379441,4.6));
#4158 = CARTESIAN_POINT('',(27.858068566661,12.213153409091,4.6));
#4159 = CARTESIAN_POINT('',(27.933636363636,12.213153409091,4.6));
#4160 = ORIENTED_EDGE('',*,*,#4161,.F.);
#4161 = EDGE_CURVE('',#4162,#4143,#4164,.T.);
#4162 = VERTEX_POINT('',#4163);
#4163 = CARTESIAN_POINT('',(27.116875,10.890236742424,4.6));
#4164 = B_SPLINE_CURVE_WITH_KNOTS('',6,(#4165,#4166,#4167,#4168,#4169,
    #4170,#4171,#4172,#4173,#4174,#4175,#4176),.UNSPECIFIED.,.F.,.F.,(7,
    5,7),(0.,0.530136535281,1.),.UNSPECIFIED.);
#4165 = CARTESIAN_POINT('',(27.116875,10.890236742424,4.6));
#4166 = CARTESIAN_POINT('',(27.116875,10.989580809044,4.6));
#4167 = CARTESIAN_POINT('',(27.119918622422,11.087278693752,4.6));
#4168 = CARTESIAN_POINT('',(27.126309729529,11.183060978862,4.6));
#4169 = CARTESIAN_POINT('',(27.136403376686,11.276546954413,4.6));
#4170 = CARTESIAN_POINT('',(27.150585776232,11.367257952534,4.6));
#4171 = CARTESIAN_POINT('',(27.185800261349,11.53206970096,4.6));
#4172 = CARTESIAN_POINT('',(27.205868565032,11.606880334041,4.6));
#4173 = CARTESIAN_POINT('',(27.229730335438,11.678656974793,4.6));
#4174 = CARTESIAN_POINT('',(27.257647451318,11.746918642501,4.6));
#4175 = CARTESIAN_POINT('',(27.289837969335,11.811139524662,4.6));
#4176 = CARTESIAN_POINT('',(27.326392045455,11.870823863636,4.6));
#4177 = ORIENTED_EDGE('',*,*,#4178,.T.);
#4178 = EDGE_CURVE('',#4162,#4023,#4179,.T.);
#4179 = LINE('',#4180,#4181);
#4180 = CARTESIAN_POINT('',(27.116875,33.135348618689,4.6));
#4181 = VECTOR('',#4182,1.);
#4182 = DIRECTION('',(0.,-1.,0.));
#4183 = FACE_BOUND('',#4184,.T.);
#4184 = EDGE_LOOP('',(#4185,#4196,#4204,#4213,#4221,#4229));
#4185 = ORIENTED_EDGE('',*,*,#4186,.F.);
#4186 = EDGE_CURVE('',#4187,#4189,#4191,.T.);
#4187 = VERTEX_POINT('',#4188);
#4188 = CARTESIAN_POINT('',(9.5,34.6,4.6));
#4189 = VERTEX_POINT('',#4190);
#4190 = CARTESIAN_POINT('',(16.9,41.588562083862,4.6));
#4191 = CIRCLE('',#4192,7.);
#4192 = AXIS2_PLACEMENT_3D('',#4193,#4194,#4195);
#4193 = CARTESIAN_POINT('',(16.5,34.6,4.6));
#4194 = DIRECTION('',(0.,0.,1.));
#4195 = DIRECTION('',(1.,0.,0.));
#4196 = ORIENTED_EDGE('',*,*,#4197,.F.);
#4197 = EDGE_CURVE('',#4198,#4187,#4200,.T.);
#4198 = VERTEX_POINT('',#4199);
#4199 = CARTESIAN_POINT('',(-9.5,34.6,4.6));
#4200 = LINE('',#4201,#4202);
#4201 = CARTESIAN_POINT('',(-9.5,34.6,4.6));
#4202 = VECTOR('',#4203,1.);
#4203 = DIRECTION('',(1.,0.,0.));
#4204 = ORIENTED_EDGE('',*,*,#4205,.F.);
#4205 = EDGE_CURVE('',#4206,#4198,#4208,.T.);
#4206 = VERTEX_POINT('',#4207);
#4207 = CARTESIAN_POINT('',(-16.9,41.588562083862,4.6));
#4208 = CIRCLE('',#4209,7.);
#4209 = AXIS2_PLACEMENT_3D('',#4210,#4211,#4212);
#4210 = CARTESIAN_POINT('',(-16.5,34.6,4.6));
#4211 = DIRECTION('',(0.,0.,1.));
#4212 = DIRECTION('',(1.,0.,0.));
#4213 = ORIENTED_EDGE('',*,*,#4214,.F.);
#4214 = EDGE_CURVE('',#4215,#4206,#4217,.T.);
#4215 = VERTEX_POINT('',#4216);
#4216 = CARTESIAN_POINT('',(-16.9,89.7,4.6));
#4217 = LINE('',#4218,#4219);
#4218 = CARTESIAN_POINT('',(-16.9,89.7,4.6));
#4219 = VECTOR('',#4220,1.);
#4220 = DIRECTION('',(0.,-1.,0.));
#4221 = ORIENTED_EDGE('',*,*,#4222,.F.);
#4222 = EDGE_CURVE('',#4223,#4215,#4225,.T.);
#4223 = VERTEX_POINT('',#4224);
#4224 = CARTESIAN_POINT('',(16.9,89.7,4.6));
#4225 = LINE('',#4226,#4227);
#4226 = CARTESIAN_POINT('',(16.9,89.7,4.6));
#4227 = VECTOR('',#4228,1.);
#4228 = DIRECTION('',(-1.,0.,0.));
#4229 = ORIENTED_EDGE('',*,*,#4230,.F.);
#4230 = EDGE_CURVE('',#4189,#4223,#4231,.T.);
#4231 = LINE('',#4232,#4233);
#4232 = CARTESIAN_POINT('',(16.9,41.588562083862,4.6));
#4233 = VECTOR('',#4234,1.);
#4234 = DIRECTION('',(0.,1.,0.));
#4235 = PLANE('',#4236);
#4236 = AXIS2_PLACEMENT_3D('',#4237,#4238,#4239);
#4237 = CARTESIAN_POINT('',(-1.007413409579E-16,55.380460494953,4.6));
#4238 = DIRECTION('',(0.,0.,1.));
#4239 = DIRECTION('',(1.,0.,0.));
#4240 = ADVANCED_FACE('',(#4241),#4266,.T.);
#4241 = FACE_BOUND('',#4242,.T.);
#4242 = EDGE_LOOP('',(#4243,#4251,#4259,#4265));
#4243 = ORIENTED_EDGE('',*,*,#4244,.F.);
#4244 = EDGE_CURVE('',#4245,#22,#4247,.T.);
#4245 = VERTEX_POINT('',#4246);
#4246 = CARTESIAN_POINT('',(-35.,108.2,0.));
#4247 = LINE('',#4248,#4249);
#4248 = CARTESIAN_POINT('',(-35.,108.2,0.));
#4249 = VECTOR('',#4250,1.);
#4250 = DIRECTION('',(0.,0.,1.));
#4251 = ORIENTED_EDGE('',*,*,#4252,.T.);
#4252 = EDGE_CURVE('',#4245,#4253,#4255,.T.);
#4253 = VERTEX_POINT('',#4254);
#4254 = CARTESIAN_POINT('',(-35.,0.,0.));
#4255 = LINE('',#4256,#4257);
#4256 = CARTESIAN_POINT('',(-35.,108.2,0.));
#4257 = VECTOR('',#4258,1.);
#4258 = DIRECTION('',(0.,-1.,0.));
#4259 = ORIENTED_EDGE('',*,*,#4260,.T.);
#4260 = EDGE_CURVE('',#4253,#24,#4261,.T.);
#4261 = LINE('',#4262,#4263);
#4262 = CARTESIAN_POINT('',(-35.,0.,0.));
#4263 = VECTOR('',#4264,1.);
#4264 = DIRECTION('',(0.,0.,1.));
#4265 = ORIENTED_EDGE('',*,*,#21,.F.);
#4266 = PLANE('',#4267);
#4267 = AXIS2_PLACEMENT_3D('',#4268,#4269,#4270);
#4268 = CARTESIAN_POINT('',(-35.,54.1,2.3));
#4269 = DIRECTION('',(-1.,-0.,-0.));
#4270 = DIRECTION('',(0.,0.,-1.));
#4271 = ADVANCED_FACE('',(#4272),#4290,.T.);
#4272 = FACE_BOUND('',#4273,.T.);
#4273 = EDGE_LOOP('',(#4274,#4282,#4283,#4284));
#4274 = ORIENTED_EDGE('',*,*,#4275,.T.);
#4275 = EDGE_CURVE('',#4276,#4245,#4278,.T.);
#4276 = VERTEX_POINT('',#4277);
#4277 = CARTESIAN_POINT('',(35.,108.2,0.));
#4278 = LINE('',#4279,#4280);
#4279 = CARTESIAN_POINT('',(35.,108.2,0.));
#4280 = VECTOR('',#4281,1.);
#4281 = DIRECTION('',(-1.,0.,0.));
#4282 = ORIENTED_EDGE('',*,*,#4244,.T.);
#4283 = ORIENTED_EDGE('',*,*,#47,.F.);
#4284 = ORIENTED_EDGE('',*,*,#4285,.F.);
#4285 = EDGE_CURVE('',#4276,#40,#4286,.T.);
#4286 = LINE('',#4287,#4288);
#4287 = CARTESIAN_POINT('',(35.,108.2,0.));
#4288 = VECTOR('',#4289,1.);
#4289 = DIRECTION('',(0.,0.,1.));
#4290 = PLANE('',#4291);
#4291 = AXIS2_PLACEMENT_3D('',#4292,#4293,#4294);
#4292 = CARTESIAN_POINT('',(-9.524701551744E-17,108.2,2.3));
#4293 = DIRECTION('',(0.,1.,0.));
#4294 = DIRECTION('',(0.,0.,1.));
#4295 = ADVANCED_FACE('',(#4296),#4314,.T.);
#4296 = FACE_BOUND('',#4297,.T.);
#4297 = EDGE_LOOP('',(#4298,#4299,#4307,#4313));
#4298 = ORIENTED_EDGE('',*,*,#4260,.F.);
#4299 = ORIENTED_EDGE('',*,*,#4300,.T.);
#4300 = EDGE_CURVE('',#4253,#4301,#4303,.T.);
#4301 = VERTEX_POINT('',#4302);
#4302 = CARTESIAN_POINT('',(35.,0.,0.));
#4303 = LINE('',#4304,#4305);
#4304 = CARTESIAN_POINT('',(-35.,0.,0.));
#4305 = VECTOR('',#4306,1.);
#4306 = DIRECTION('',(1.,0.,0.));
#4307 = ORIENTED_EDGE('',*,*,#4308,.T.);
#4308 = EDGE_CURVE('',#4301,#32,#4309,.T.);
#4309 = LINE('',#4310,#4311);
#4310 = CARTESIAN_POINT('',(35.,0.,0.));
#4311 = VECTOR('',#4312,1.);
#4312 = DIRECTION('',(0.,0.,1.));
#4313 = ORIENTED_EDGE('',*,*,#31,.F.);
#4314 = PLANE('',#4315);
#4315 = AXIS2_PLACEMENT_3D('',#4316,#4317,#4318);
#4316 = CARTESIAN_POINT('',(9.524701551744E-17,0.,2.3));
#4317 = DIRECTION('',(-0.,-1.,-0.));
#4318 = DIRECTION('',(0.,0.,-1.));
#4319 = ADVANCED_FACE('',(#4320),#4331,.T.);
#4320 = FACE_BOUND('',#4321,.T.);
#4321 = EDGE_LOOP('',(#4322,#4328,#4329,#4330));
#4322 = ORIENTED_EDGE('',*,*,#4323,.T.);
#4323 = EDGE_CURVE('',#4301,#4276,#4324,.T.);
#4324 = LINE('',#4325,#4326);
#4325 = CARTESIAN_POINT('',(35.,0.,0.));
#4326 = VECTOR('',#4327,1.);
#4327 = DIRECTION('',(0.,1.,0.));
#4328 = ORIENTED_EDGE('',*,*,#4285,.T.);
#4329 = ORIENTED_EDGE('',*,*,#39,.F.);
#4330 = ORIENTED_EDGE('',*,*,#4308,.F.);
#4331 = PLANE('',#4332);
#4332 = AXIS2_PLACEMENT_3D('',#4333,#4334,#4335);
#4333 = CARTESIAN_POINT('',(35.,54.1,2.3));
#4334 = DIRECTION('',(1.,0.,0.));
#4335 = DIRECTION('',(0.,0.,1.));
#4336 = ADVANCED_FACE('',(#4337),#4362,.T.);
#4337 = FACE_BOUND('',#4338,.T.);
#4338 = EDGE_LOOP('',(#4339,#4340,#4348,#4356));
#4339 = ORIENTED_EDGE('',*,*,#55,.F.);
#4340 = ORIENTED_EDGE('',*,*,#4341,.T.);
#4341 = EDGE_CURVE('',#56,#4342,#4344,.T.);
#4342 = VERTEX_POINT('',#4343);
#4343 = CARTESIAN_POINT('',(-26.48823863636,8.89,4.2));
#4344 = LINE('',#4345,#4346);
#4345 = CARTESIAN_POINT('',(-26.48823863636,8.89,4.7));
#4346 = VECTOR('',#4347,1.);
#4347 = DIRECTION('',(-0.,-0.,-1.));
#4348 = ORIENTED_EDGE('',*,*,#4349,.T.);
#4349 = EDGE_CURVE('',#4342,#4350,#4352,.T.);
#4350 = VERTEX_POINT('',#4351);
#4351 = CARTESIAN_POINT('',(-30.43,8.89,4.2));
#4352 = LINE('',#4353,#4354);
#4353 = CARTESIAN_POINT('',(-26.48823863636,8.89,4.2));
#4354 = VECTOR('',#4355,1.);
#4355 = DIRECTION('',(-1.,0.,0.));
#4356 = ORIENTED_EDGE('',*,*,#4357,.F.);
#4357 = EDGE_CURVE('',#58,#4350,#4358,.T.);
#4358 = LINE('',#4359,#4360);
#4359 = CARTESIAN_POINT('',(-30.43,8.89,4.7));
#4360 = VECTOR('',#4361,1.);
#4361 = DIRECTION('',(-0.,-0.,-1.));
#4362 = PLANE('',#4363);
#4363 = AXIS2_PLACEMENT_3D('',#4364,#4365,#4366);
#4364 = CARTESIAN_POINT('',(-26.48823863636,8.89,4.7));
#4365 = DIRECTION('',(0.,1.,0.));
#4366 = DIRECTION('',(-1.,0.,0.));
#4367 = ADVANCED_FACE('',(#4368),#4386,.T.);
#4368 = FACE_BOUND('',#4369,.T.);
#4369 = EDGE_LOOP('',(#4370,#4371,#4379,#4385));
#4370 = ORIENTED_EDGE('',*,*,#145,.F.);
#4371 = ORIENTED_EDGE('',*,*,#4372,.T.);
#4372 = EDGE_CURVE('',#138,#4373,#4375,.T.);
#4373 = VERTEX_POINT('',#4374);
#4374 = CARTESIAN_POINT('',(-26.48823863636,9.443977272727,4.2));
#4375 = LINE('',#4376,#4377);
#4376 = CARTESIAN_POINT('',(-26.48823863636,9.443977272727,4.7));
#4377 = VECTOR('',#4378,1.);
#4378 = DIRECTION('',(-0.,-0.,-1.));
#4379 = ORIENTED_EDGE('',*,*,#4380,.T.);
#4380 = EDGE_CURVE('',#4373,#4342,#4381,.T.);
#4381 = LINE('',#4382,#4383);
#4382 = CARTESIAN_POINT('',(-26.48823863636,9.443977272727,4.2));
#4383 = VECTOR('',#4384,1.);
#4384 = DIRECTION('',(0.,-1.,0.));
#4385 = ORIENTED_EDGE('',*,*,#4341,.F.);
#4386 = PLANE('',#4387);
#4387 = AXIS2_PLACEMENT_3D('',#4388,#4389,#4390);
#4388 = CARTESIAN_POINT('',(-26.48823863636,9.443977272727,4.7));
#4389 = DIRECTION('',(-1.,0.,0.));
#4390 = DIRECTION('',(0.,-1.,0.));
#4391 = ADVANCED_FACE('',(#4392),#4410,.T.);
#4392 = FACE_BOUND('',#4393,.T.);
#4393 = EDGE_LOOP('',(#4394,#4395,#4403,#4409));
#4394 = ORIENTED_EDGE('',*,*,#137,.F.);
#4395 = ORIENTED_EDGE('',*,*,#4396,.T.);
#4396 = EDGE_CURVE('',#130,#4397,#4399,.T.);
#4397 = VERTEX_POINT('',#4398);
#4398 = CARTESIAN_POINT('',(-29.75173295454,9.443977272727,4.2));
#4399 = LINE('',#4400,#4401);
#4400 = CARTESIAN_POINT('',(-29.75173295454,9.443977272727,4.7));
#4401 = VECTOR('',#4402,1.);
#4402 = DIRECTION('',(-0.,-0.,-1.));
#4403 = ORIENTED_EDGE('',*,*,#4404,.T.);
#4404 = EDGE_CURVE('',#4397,#4373,#4405,.T.);
#4405 = LINE('',#4406,#4407);
#4406 = CARTESIAN_POINT('',(-29.75173295454,9.443977272727,4.2));
#4407 = VECTOR('',#4408,1.);
#4408 = DIRECTION('',(1.,0.,0.));
#4409 = ORIENTED_EDGE('',*,*,#4372,.F.);
#4410 = PLANE('',#4411);
#4411 = AXIS2_PLACEMENT_3D('',#4412,#4413,#4414);
#4412 = CARTESIAN_POINT('',(-29.75173295454,9.443977272727,4.7));
#4413 = DIRECTION('',(0.,-1.,0.));
#4414 = DIRECTION('',(1.,0.,0.));
#4415 = ADVANCED_FACE('',(#4416),#4434,.T.);
#4416 = FACE_BOUND('',#4417,.T.);
#4417 = EDGE_LOOP('',(#4418,#4419,#4427,#4433));
#4418 = ORIENTED_EDGE('',*,*,#129,.F.);
#4419 = ORIENTED_EDGE('',*,*,#4420,.T.);
#4420 = EDGE_CURVE('',#122,#4421,#4423,.T.);
#4421 = VERTEX_POINT('',#4422);
#4422 = CARTESIAN_POINT('',(-29.75173295454,11.191609848485,4.2));
#4423 = LINE('',#4424,#4425);
#4424 = CARTESIAN_POINT('',(-29.75173295454,11.191609848485,4.7));
#4425 = VECTOR('',#4426,1.);
#4426 = DIRECTION('',(-0.,-0.,-1.));
#4427 = ORIENTED_EDGE('',*,*,#4428,.T.);
#4428 = EDGE_CURVE('',#4421,#4397,#4429,.T.);
#4429 = LINE('',#4430,#4431);
#4430 = CARTESIAN_POINT('',(-29.75173295454,11.191609848485,4.2));
#4431 = VECTOR('',#4432,1.);
#4432 = DIRECTION('',(0.,-1.,0.));
#4433 = ORIENTED_EDGE('',*,*,#4396,.F.);
#4434 = PLANE('',#4435);
#4435 = AXIS2_PLACEMENT_3D('',#4436,#4437,#4438);
#4436 = CARTESIAN_POINT('',(-29.75173295454,11.191609848485,4.7));
#4437 = DIRECTION('',(-1.,0.,0.));
#4438 = DIRECTION('',(0.,-1.,0.));
#4439 = ADVANCED_FACE('',(#4440),#4458,.T.);
#4440 = FACE_BOUND('',#4441,.T.);
#4441 = EDGE_LOOP('',(#4442,#4443,#4451,#4457));
#4442 = ORIENTED_EDGE('',*,*,#121,.F.);
#4443 = ORIENTED_EDGE('',*,*,#4444,.T.);
#4444 = EDGE_CURVE('',#114,#4445,#4447,.T.);
#4445 = VERTEX_POINT('',#4446);
#4446 = CARTESIAN_POINT('',(-26.84690340909,11.191609848485,4.2));
#4447 = LINE('',#4448,#4449);
#4448 = CARTESIAN_POINT('',(-26.84690340909,11.191609848485,4.7));
#4449 = VECTOR('',#4450,1.);
#4450 = DIRECTION('',(-0.,-0.,-1.));
#4451 = ORIENTED_EDGE('',*,*,#4452,.T.);
#4452 = EDGE_CURVE('',#4445,#4421,#4453,.T.);
#4453 = LINE('',#4454,#4455);
#4454 = CARTESIAN_POINT('',(-26.84690340909,11.191609848485,4.2));
#4455 = VECTOR('',#4456,1.);
#4456 = DIRECTION('',(-1.,0.,0.));
#4457 = ORIENTED_EDGE('',*,*,#4420,.F.);
#4458 = PLANE('',#4459);
#4459 = AXIS2_PLACEMENT_3D('',#4460,#4461,#4462);
#4460 = CARTESIAN_POINT('',(-26.84690340909,11.191609848485,4.7));
#4461 = DIRECTION('',(0.,1.,0.));
#4462 = DIRECTION('',(-1.,0.,0.));
#4463 = ADVANCED_FACE('',(#4464),#4482,.T.);
#4464 = FACE_BOUND('',#4465,.T.);
#4465 = EDGE_LOOP('',(#4466,#4467,#4475,#4481));
#4466 = ORIENTED_EDGE('',*,*,#113,.F.);
#4467 = ORIENTED_EDGE('',*,*,#4468,.T.);
#4468 = EDGE_CURVE('',#106,#4469,#4471,.T.);
#4469 = VERTEX_POINT('',#4470);
#4470 = CARTESIAN_POINT('',(-26.84690340909,11.738484848485,4.2));
#4471 = LINE('',#4472,#4473);
#4472 = CARTESIAN_POINT('',(-26.84690340909,11.738484848485,4.7));
#4473 = VECTOR('',#4474,1.);
#4474 = DIRECTION('',(-0.,-0.,-1.));
#4475 = ORIENTED_EDGE('',*,*,#4476,.T.);
#4476 = EDGE_CURVE('',#4469,#4445,#4477,.T.);
#4477 = LINE('',#4478,#4479);
#4478 = CARTESIAN_POINT('',(-26.84690340909,11.738484848485,4.2));
#4479 = VECTOR('',#4480,1.);
#4480 = DIRECTION('',(0.,-1.,0.));
#4481 = ORIENTED_EDGE('',*,*,#4444,.F.);
#4482 = PLANE('',#4483);
#4483 = AXIS2_PLACEMENT_3D('',#4484,#4485,#4486);
#4484 = CARTESIAN_POINT('',(-26.84690340909,11.738484848485,4.7));
#4485 = DIRECTION('',(-1.,0.,0.));
#4486 = DIRECTION('',(0.,-1.,0.));
#4487 = ADVANCED_FACE('',(#4488),#4506,.T.);
#4488 = FACE_BOUND('',#4489,.T.);
#4489 = EDGE_LOOP('',(#4490,#4491,#4499,#4505));
#4490 = ORIENTED_EDGE('',*,*,#105,.F.);
#4491 = ORIENTED_EDGE('',*,*,#4492,.T.);
#4492 = EDGE_CURVE('',#98,#4493,#4495,.T.);
#4493 = VERTEX_POINT('',#4494);
#4494 = CARTESIAN_POINT('',(-29.75173295454,11.738484848485,4.2));
#4495 = LINE('',#4496,#4497);
#4496 = CARTESIAN_POINT('',(-29.75173295454,11.738484848485,4.7));
#4497 = VECTOR('',#4498,1.);
#4498 = DIRECTION('',(-0.,-0.,-1.));
#4499 = ORIENTED_EDGE('',*,*,#4500,.T.);
#4500 = EDGE_CURVE('',#4493,#4469,#4501,.T.);
#4501 = LINE('',#4502,#4503);
#4502 = CARTESIAN_POINT('',(-29.75173295454,11.738484848485,4.2));
#4503 = VECTOR('',#4504,1.);
#4504 = DIRECTION('',(1.,0.,0.));
#4505 = ORIENTED_EDGE('',*,*,#4468,.F.);
#4506 = PLANE('',#4507);
#4507 = AXIS2_PLACEMENT_3D('',#4508,#4509,#4510);
#4508 = CARTESIAN_POINT('',(-29.75173295454,11.738484848485,4.7));
#4509 = DIRECTION('',(0.,-1.,0.));
#4510 = DIRECTION('',(1.,0.,0.));
#4511 = ADVANCED_FACE('',(#4512),#4530,.T.);
#4512 = FACE_BOUND('',#4513,.T.);
#4513 = EDGE_LOOP('',(#4514,#4515,#4523,#4529));
#4514 = ORIENTED_EDGE('',*,*,#97,.F.);
#4515 = ORIENTED_EDGE('',*,*,#4516,.T.);
#4516 = EDGE_CURVE('',#90,#4517,#4519,.T.);
#4517 = VERTEX_POINT('',#4518);
#4518 = CARTESIAN_POINT('',(-29.75173295454,13.336022727273,4.2));
#4519 = LINE('',#4520,#4521);
#4520 = CARTESIAN_POINT('',(-29.75173295454,13.336022727273,4.7));
#4521 = VECTOR('',#4522,1.);
#4522 = DIRECTION('',(-0.,-0.,-1.));
#4523 = ORIENTED_EDGE('',*,*,#4524,.T.);
#4524 = EDGE_CURVE('',#4517,#4493,#4525,.T.);
#4525 = LINE('',#4526,#4527);
#4526 = CARTESIAN_POINT('',(-29.75173295454,13.336022727273,4.2));
#4527 = VECTOR('',#4528,1.);
#4528 = DIRECTION('',(0.,-1.,0.));
#4529 = ORIENTED_EDGE('',*,*,#4492,.F.);
#4530 = PLANE('',#4531);
#4531 = AXIS2_PLACEMENT_3D('',#4532,#4533,#4534);
#4532 = CARTESIAN_POINT('',(-29.75173295454,13.336022727273,4.7));
#4533 = DIRECTION('',(-1.,0.,0.));
#4534 = DIRECTION('',(0.,-1.,0.));
#4535 = ADVANCED_FACE('',(#4536),#4554,.T.);
#4536 = FACE_BOUND('',#4537,.T.);
#4537 = EDGE_LOOP('',(#4538,#4539,#4547,#4553));
#4538 = ORIENTED_EDGE('',*,*,#89,.F.);
#4539 = ORIENTED_EDGE('',*,*,#4540,.T.);
#4540 = EDGE_CURVE('',#82,#4541,#4543,.T.);
#4541 = VERTEX_POINT('',#4542);
#4542 = CARTESIAN_POINT('',(-26.63383522727,13.336022727273,4.2));
#4543 = LINE('',#4544,#4545);
#4544 = CARTESIAN_POINT('',(-26.63383522727,13.336022727273,4.7));
#4545 = VECTOR('',#4546,1.);
#4546 = DIRECTION('',(-0.,-0.,-1.));
#4547 = ORIENTED_EDGE('',*,*,#4548,.T.);
#4548 = EDGE_CURVE('',#4541,#4517,#4549,.T.);
#4549 = LINE('',#4550,#4551);
#4550 = CARTESIAN_POINT('',(-26.63383522727,13.336022727273,4.2));
#4551 = VECTOR('',#4552,1.);
#4552 = DIRECTION('',(-1.,0.,0.));
#4553 = ORIENTED_EDGE('',*,*,#4516,.F.);
#4554 = PLANE('',#4555);
#4555 = AXIS2_PLACEMENT_3D('',#4556,#4557,#4558);
#4556 = CARTESIAN_POINT('',(-26.63383522727,13.336022727273,4.7));
#4557 = DIRECTION('',(0.,1.,0.));
#4558 = DIRECTION('',(-1.,0.,0.));
#4559 = ADVANCED_FACE('',(#4560),#4578,.T.);
#4560 = FACE_BOUND('',#4561,.T.);
#4561 = EDGE_LOOP('',(#4562,#4563,#4571,#4577));
#4562 = ORIENTED_EDGE('',*,*,#81,.F.);
#4563 = ORIENTED_EDGE('',*,*,#4564,.T.);
#4564 = EDGE_CURVE('',#74,#4565,#4567,.T.);
#4565 = VERTEX_POINT('',#4566);
#4566 = CARTESIAN_POINT('',(-26.63383522727,13.89,4.2));
#4567 = LINE('',#4568,#4569);
#4568 = CARTESIAN_POINT('',(-26.63383522727,13.89,4.7));
#4569 = VECTOR('',#4570,1.);
#4570 = DIRECTION('',(-0.,-0.,-1.));
#4571 = ORIENTED_EDGE('',*,*,#4572,.T.);
#4572 = EDGE_CURVE('',#4565,#4541,#4573,.T.);
#4573 = LINE('',#4574,#4575);
#4574 = CARTESIAN_POINT('',(-26.63383522727,13.89,4.2));
#4575 = VECTOR('',#4576,1.);
#4576 = DIRECTION('',(0.,-1.,0.));
#4577 = ORIENTED_EDGE('',*,*,#4540,.F.);
#4578 = PLANE('',#4579);
#4579 = AXIS2_PLACEMENT_3D('',#4580,#4581,#4582);
#4580 = CARTESIAN_POINT('',(-26.63383522727,13.89,4.7));
#4581 = DIRECTION('',(-1.,0.,0.));
#4582 = DIRECTION('',(0.,-1.,0.));
#4583 = ADVANCED_FACE('',(#4584),#4602,.T.);
#4584 = FACE_BOUND('',#4585,.T.);
#4585 = EDGE_LOOP('',(#4586,#4587,#4595,#4601));
#4586 = ORIENTED_EDGE('',*,*,#73,.F.);
#4587 = ORIENTED_EDGE('',*,*,#4588,.T.);
#4588 = EDGE_CURVE('',#66,#4589,#4591,.T.);
#4589 = VERTEX_POINT('',#4590);
#4590 = CARTESIAN_POINT('',(-30.43,13.89,4.2));
#4591 = LINE('',#4592,#4593);
#4592 = CARTESIAN_POINT('',(-30.43,13.89,4.7));
#4593 = VECTOR('',#4594,1.);
#4594 = DIRECTION('',(-0.,-0.,-1.));
#4595 = ORIENTED_EDGE('',*,*,#4596,.T.);
#4596 = EDGE_CURVE('',#4589,#4565,#4597,.T.);
#4597 = LINE('',#4598,#4599);
#4598 = CARTESIAN_POINT('',(-30.43,13.89,4.2));
#4599 = VECTOR('',#4600,1.);
#4600 = DIRECTION('',(1.,0.,0.));
#4601 = ORIENTED_EDGE('',*,*,#4564,.F.);
#4602 = PLANE('',#4603);
#4603 = AXIS2_PLACEMENT_3D('',#4604,#4605,#4606);
#4604 = CARTESIAN_POINT('',(-30.43,13.89,4.7));
#4605 = DIRECTION('',(0.,-1.,0.));
#4606 = DIRECTION('',(1.,0.,0.));
#4607 = ADVANCED_FACE('',(#4608),#4619,.T.);
#4608 = FACE_BOUND('',#4609,.T.);
#4609 = EDGE_LOOP('',(#4610,#4611,#4612,#4618));
#4610 = ORIENTED_EDGE('',*,*,#65,.F.);
#4611 = ORIENTED_EDGE('',*,*,#4357,.T.);
#4612 = ORIENTED_EDGE('',*,*,#4613,.T.);
#4613 = EDGE_CURVE('',#4350,#4589,#4614,.T.);
#4614 = LINE('',#4615,#4616);
#4615 = CARTESIAN_POINT('',(-30.43,8.89,4.2));
#4616 = VECTOR('',#4617,1.);
#4617 = DIRECTION('',(0.,1.,0.));
#4618 = ORIENTED_EDGE('',*,*,#4588,.F.);
#4619 = PLANE('',#4620);
#4620 = AXIS2_PLACEMENT_3D('',#4621,#4622,#4623);
#4621 = CARTESIAN_POINT('',(-30.43,8.89,4.7));
#4622 = DIRECTION('',(1.,0.,0.));
#4623 = DIRECTION('',(0.,1.,0.));
#4624 = ADVANCED_FACE('',(#4625),#4650,.T.);
#4625 = FACE_BOUND('',#4626,.T.);
#4626 = EDGE_LOOP('',(#4627,#4628,#4636,#4644));
#4627 = ORIENTED_EDGE('',*,*,#153,.T.);
#4628 = ORIENTED_EDGE('',*,*,#4629,.T.);
#4629 = EDGE_CURVE('',#156,#4630,#4632,.T.);
#4630 = VERTEX_POINT('',#4631);
#4631 = CARTESIAN_POINT('',(-21.66106060606,10.267367424242,4.2));
#4632 = LINE('',#4633,#4634);
#4633 = CARTESIAN_POINT('',(-21.66106060606,10.267367424242,4.7));
#4634 = VECTOR('',#4635,1.);
#4635 = DIRECTION('',(-0.,-0.,-1.));
#4636 = ORIENTED_EDGE('',*,*,#4637,.T.);
#4637 = EDGE_CURVE('',#4630,#4638,#4640,.T.);
#4638 = VERTEX_POINT('',#4639);
#4639 = CARTESIAN_POINT('',(-22.20272727272,9.194214015152,4.2));
#4640 = B_SPLINE_CURVE_WITH_KNOTS('',2,(#4641,#4642,#4643),
  .UNSPECIFIED.,.F.,.F.,(3,3),(0.,1.),.PIECEWISE_BEZIER_KNOTS.);
#4641 = CARTESIAN_POINT('',(-21.66106060606,10.267367424242,4.2));
#4642 = CARTESIAN_POINT('',(-21.66106060606,9.574422348485,4.2));
#4643 = CARTESIAN_POINT('',(-22.20272727272,9.194214015152,4.2));
#4644 = ORIENTED_EDGE('',*,*,#4645,.F.);
#4645 = EDGE_CURVE('',#154,#4638,#4646,.T.);
#4646 = LINE('',#4647,#4648);
#4647 = CARTESIAN_POINT('',(-22.20272727272,9.194214015152,4.7));
#4648 = VECTOR('',#4649,1.);
#4649 = DIRECTION('',(-0.,-0.,-1.));
#4650 = SURFACE_OF_LINEAR_EXTRUSION('',#4651,#4655);
#4651 = B_SPLINE_CURVE_WITH_KNOTS('',2,(#4652,#4653,#4654),
  .UNSPECIFIED.,.F.,.F.,(3,3),(0.,1.),.PIECEWISE_BEZIER_KNOTS.);
#4652 = CARTESIAN_POINT('',(-21.66106060606,10.267367424242,4.7));
#4653 = CARTESIAN_POINT('',(-21.66106060606,9.574422348485,4.7));
#4654 = CARTESIAN_POINT('',(-22.20272727272,9.194214015152,4.7));
#4655 = VECTOR('',#4656,1.);
#4656 = DIRECTION('',(0.,0.,1.));
#4657 = ADVANCED_FACE('',(#4658),#4676,.T.);
#4658 = FACE_BOUND('',#4659,.T.);
#4659 = EDGE_LOOP('',(#4660,#4661,#4669,#4675));
#4660 = ORIENTED_EDGE('',*,*,#644,.T.);
#4661 = ORIENTED_EDGE('',*,*,#4662,.T.);
#4662 = EDGE_CURVE('',#634,#4663,#4665,.T.);
#4663 = VERTEX_POINT('',#4664);
#4664 = CARTESIAN_POINT('',(-21.73752840909,10.74321969697,4.2));
#4665 = LINE('',#4666,#4667);
#4666 = CARTESIAN_POINT('',(-21.73752840909,10.74321969697,4.7));
#4667 = VECTOR('',#4668,1.);
#4668 = DIRECTION('',(-0.,-0.,-1.));
#4669 = ORIENTED_EDGE('',*,*,#4670,.T.);
#4670 = EDGE_CURVE('',#4663,#4630,#4671,.T.);
#4671 = B_SPLINE_CURVE_WITH_KNOTS('',2,(#4672,#4673,#4674),
  .UNSPECIFIED.,.F.,.F.,(3,3),(0.,1.),.PIECEWISE_BEZIER_KNOTS.);
#4672 = CARTESIAN_POINT('',(-21.73752840909,10.74321969697,4.2));
#4673 = CARTESIAN_POINT('',(-21.66106060606,10.540804924242,4.2));
#4674 = CARTESIAN_POINT('',(-21.66106060606,10.267367424242,4.2));
#4675 = ORIENTED_EDGE('',*,*,#4629,.F.);
#4676 = SURFACE_OF_LINEAR_EXTRUSION('',#4677,#4681);
#4677 = B_SPLINE_CURVE_WITH_KNOTS('',2,(#4678,#4679,#4680),
  .UNSPECIFIED.,.F.,.F.,(3,3),(0.,1.),.PIECEWISE_BEZIER_KNOTS.);
#4678 = CARTESIAN_POINT('',(-21.73752840909,10.74321969697,4.7));
#4679 = CARTESIAN_POINT('',(-21.66106060606,10.540804924242,4.7));
#4680 = CARTESIAN_POINT('',(-21.66106060606,10.267367424242,4.7));
#4681 = VECTOR('',#4682,1.);
#4682 = DIRECTION('',(0.,0.,1.));
#4683 = ADVANCED_FACE('',(#4684),#4702,.T.);
#4684 = FACE_BOUND('',#4685,.T.);
#4685 = EDGE_LOOP('',(#4686,#4687,#4695,#4701));
#4686 = ORIENTED_EDGE('',*,*,#633,.T.);
#4687 = ORIENTED_EDGE('',*,*,#4688,.T.);
#4688 = EDGE_CURVE('',#621,#4689,#4691,.T.);
#4689 = VERTEX_POINT('',#4690);
#4690 = CARTESIAN_POINT('',(-21.94870265151,11.095018939394,4.2));
#4691 = LINE('',#4692,#4693);
#4692 = CARTESIAN_POINT('',(-21.94870265151,11.095018939394,4.7));
#4693 = VECTOR('',#4694,1.);
#4694 = DIRECTION('',(-0.,-0.,-1.));
#4695 = ORIENTED_EDGE('',*,*,#4696,.T.);
#4696 = EDGE_CURVE('',#4689,#4663,#4697,.T.);
#4697 = B_SPLINE_CURVE_WITH_KNOTS('',2,(#4698,#4699,#4700),
  .UNSPECIFIED.,.F.,.F.,(3,3),(0.,1.),.PIECEWISE_BEZIER_KNOTS.);
#4698 = CARTESIAN_POINT('',(-21.94870265151,11.095018939394,4.2));
#4699 = CARTESIAN_POINT('',(-21.81375946969,10.945871212121,4.2));
#4700 = CARTESIAN_POINT('',(-21.73752840909,10.74321969697,4.2));
#4701 = ORIENTED_EDGE('',*,*,#4662,.F.);
#4702 = SURFACE_OF_LINEAR_EXTRUSION('',#4703,#4707);
#4703 = B_SPLINE_CURVE_WITH_KNOTS('',2,(#4704,#4705,#4706),
  .UNSPECIFIED.,.F.,.F.,(3,3),(0.,1.),.PIECEWISE_BEZIER_KNOTS.);
#4704 = CARTESIAN_POINT('',(-21.94870265151,11.095018939394,4.7));
#4705 = CARTESIAN_POINT('',(-21.81375946969,10.945871212121,4.7));
#4706 = CARTESIAN_POINT('',(-21.73752840909,10.74321969697,4.7));
#4707 = VECTOR('',#4708,1.);
#4708 = DIRECTION('',(0.,0.,1.));
#4709 = ADVANCED_FACE('',(#4710),#4728,.T.);
#4710 = FACE_BOUND('',#4711,.T.);
#4711 = EDGE_LOOP('',(#4712,#4713,#4721,#4727));
#4712 = ORIENTED_EDGE('',*,*,#620,.T.);
#4713 = ORIENTED_EDGE('',*,*,#4714,.T.);
#4714 = EDGE_CURVE('',#611,#4715,#4717,.T.);
#4715 = VERTEX_POINT('',#4716);
#4716 = CARTESIAN_POINT('',(-22.26664772727,11.347149621212,4.2));
#4717 = LINE('',#4718,#4719);
#4718 = CARTESIAN_POINT('',(-22.26664772727,11.347149621212,4.7));
#4719 = VECTOR('',#4720,1.);
#4720 = DIRECTION('',(-0.,-0.,-1.));
#4721 = ORIENTED_EDGE('',*,*,#4722,.T.);
#4722 = EDGE_CURVE('',#4715,#4689,#4723,.T.);
#4723 = B_SPLINE_CURVE_WITH_KNOTS('',2,(#4724,#4725,#4726),
  .UNSPECIFIED.,.F.,.F.,(3,3),(0.,1.),.PIECEWISE_BEZIER_KNOTS.);
#4724 = CARTESIAN_POINT('',(-22.26664772727,11.347149621212,4.2));
#4725 = CARTESIAN_POINT('',(-22.08364583333,11.244166666667,4.2));
#4726 = CARTESIAN_POINT('',(-21.94870265151,11.095018939394,4.2));
#4727 = ORIENTED_EDGE('',*,*,#4688,.F.);
#4728 = SURFACE_OF_LINEAR_EXTRUSION('',#4729,#4733);
#4729 = B_SPLINE_CURVE_WITH_KNOTS('',2,(#4730,#4731,#4732),
  .UNSPECIFIED.,.F.,.F.,(3,3),(0.,1.),.PIECEWISE_BEZIER_KNOTS.);
#4730 = CARTESIAN_POINT('',(-22.26664772727,11.347149621212,4.7));
#4731 = CARTESIAN_POINT('',(-22.08364583333,11.244166666667,4.7));
#4732 = CARTESIAN_POINT('',(-21.94870265151,11.095018939394,4.7));
#4733 = VECTOR('',#4734,1.);
#4734 = DIRECTION('',(0.,0.,1.));
#4735 = ADVANCED_FACE('',(#4736),#4754,.T.);
#4736 = FACE_BOUND('',#4737,.T.);
#4737 = EDGE_LOOP('',(#4738,#4739,#4747,#4753));
#4738 = ORIENTED_EDGE('',*,*,#610,.T.);
#4739 = ORIENTED_EDGE('',*,*,#4740,.T.);
#4740 = EDGE_CURVE('',#601,#4741,#4743,.T.);
#4741 = VERTEX_POINT('',#4742);
#4742 = CARTESIAN_POINT('',(-22.65892992424,11.526600378788,4.2));
#4743 = LINE('',#4744,#4745);
#4744 = CARTESIAN_POINT('',(-22.65892992424,11.526600378788,4.7));
#4745 = VECTOR('',#4746,1.);
#4746 = DIRECTION('',(-0.,-0.,-1.));
#4747 = ORIENTED_EDGE('',*,*,#4748,.T.);
#4748 = EDGE_CURVE('',#4741,#4715,#4749,.T.);
#4749 = B_SPLINE_CURVE_WITH_KNOTS('',2,(#4750,#4751,#4752),
  .UNSPECIFIED.,.F.,.F.,(3,3),(0.,1.),.PIECEWISE_BEZIER_KNOTS.);
#4750 = CARTESIAN_POINT('',(-22.65892992424,11.526600378788,4.2));
#4751 = CARTESIAN_POINT('',(-22.44941287878,11.450369318182,4.2));
#4752 = CARTESIAN_POINT('',(-22.26664772727,11.347149621212,4.2));
#4753 = ORIENTED_EDGE('',*,*,#4714,.F.);
#4754 = SURFACE_OF_LINEAR_EXTRUSION('',#4755,#4759);
#4755 = B_SPLINE_CURVE_WITH_KNOTS('',2,(#4756,#4757,#4758),
  .UNSPECIFIED.,.F.,.F.,(3,3),(0.,1.),.PIECEWISE_BEZIER_KNOTS.);
#4756 = CARTESIAN_POINT('',(-22.65892992424,11.526600378788,4.7));
#4757 = CARTESIAN_POINT('',(-22.44941287878,11.450369318182,4.7));
#4758 = CARTESIAN_POINT('',(-22.26664772727,11.347149621212,4.7));
#4759 = VECTOR('',#4760,1.);
#4760 = DIRECTION('',(0.,0.,1.));
#4761 = ADVANCED_FACE('',(#4762),#4780,.T.);
#4762 = FACE_BOUND('',#4763,.T.);
#4763 = EDGE_LOOP('',(#4764,#4765,#4773,#4779));
#4764 = ORIENTED_EDGE('',*,*,#600,.T.);
#4765 = ORIENTED_EDGE('',*,*,#4766,.T.);
#4766 = EDGE_CURVE('',#591,#4767,#4769,.T.);
#4767 = VERTEX_POINT('',#4768);
#4768 = CARTESIAN_POINT('',(-23.09761363636,11.657992424242,4.2));
#4769 = LINE('',#4770,#4771);
#4770 = CARTESIAN_POINT('',(-23.09761363636,11.657992424242,4.7));
#4771 = VECTOR('',#4772,1.);
#4772 = DIRECTION('',(-0.,-0.,-1.));
#4773 = ORIENTED_EDGE('',*,*,#4774,.T.);
#4774 = EDGE_CURVE('',#4767,#4741,#4775,.T.);
#4775 = B_SPLINE_CURVE_WITH_KNOTS('',2,(#4776,#4777,#4778),
  .UNSPECIFIED.,.F.,.F.,(3,3),(0.,1.),.PIECEWISE_BEZIER_KNOTS.);
#4776 = CARTESIAN_POINT('',(-23.09761363636,11.657992424242,4.2));
#4777 = CARTESIAN_POINT('',(-22.86844696969,11.603068181818,4.2));
#4778 = CARTESIAN_POINT('',(-22.65892992424,11.526600378788,4.2));
#4779 = ORIENTED_EDGE('',*,*,#4740,.F.);
#4780 = SURFACE_OF_LINEAR_EXTRUSION('',#4781,#4785);
#4781 = B_SPLINE_CURVE_WITH_KNOTS('',2,(#4782,#4783,#4784),
  .UNSPECIFIED.,.F.,.F.,(3,3),(0.,1.),.PIECEWISE_BEZIER_KNOTS.);
#4782 = CARTESIAN_POINT('',(-23.09761363636,11.657992424242,4.7));
#4783 = CARTESIAN_POINT('',(-22.86844696969,11.603068181818,4.7));
#4784 = CARTESIAN_POINT('',(-22.65892992424,11.526600378788,4.7));
#4785 = VECTOR('',#4786,1.);
#4786 = DIRECTION('',(0.,0.,1.));
#4787 = ADVANCED_FACE('',(#4788),#4806,.T.);
#4788 = FACE_BOUND('',#4789,.T.);
#4789 = EDGE_LOOP('',(#4790,#4791,#4799,#4805));
#4790 = ORIENTED_EDGE('',*,*,#590,.T.);
#4791 = ORIENTED_EDGE('',*,*,#4792,.T.);
#4792 = EDGE_CURVE('',#572,#4793,#4795,.T.);
#4793 = VERTEX_POINT('',#4794);
#4794 = CARTESIAN_POINT('',(-23.55736742424,11.766420454545,4.2));
#4795 = LINE('',#4796,#4797);
#4796 = CARTESIAN_POINT('',(-23.55736742424,11.766420454545,4.7));
#4797 = VECTOR('',#4798,1.);
#4798 = DIRECTION('',(-0.,-0.,-1.));
#4799 = ORIENTED_EDGE('',*,*,#4800,.T.);
#4800 = EDGE_CURVE('',#4793,#4767,#4801,.T.);
#4801 = B_SPLINE_CURVE_WITH_KNOTS('',2,(#4802,#4803,#4804),
  .UNSPECIFIED.,.F.,.F.,(3,3),(0.,1.),.PIECEWISE_BEZIER_KNOTS.);
#4802 = CARTESIAN_POINT('',(-23.55736742424,11.766420454545,4.2));
#4803 = CARTESIAN_POINT('',(-23.3265435606,11.713153409091,4.2));
#4804 = CARTESIAN_POINT('',(-23.09761363636,11.657992424242,4.2));
#4805 = ORIENTED_EDGE('',*,*,#4766,.F.);
#4806 = SURFACE_OF_LINEAR_EXTRUSION('',#4807,#4811);
#4807 = B_SPLINE_CURVE_WITH_KNOTS('',2,(#4808,#4809,#4810),
  .UNSPECIFIED.,.F.,.F.,(3,3),(0.,1.),.PIECEWISE_BEZIER_KNOTS.);
#4808 = CARTESIAN_POINT('',(-23.55736742424,11.766420454545,4.7));
#4809 = CARTESIAN_POINT('',(-23.3265435606,11.713153409091,4.7));
#4810 = CARTESIAN_POINT('',(-23.09761363636,11.657992424242,4.7));
#4811 = VECTOR('',#4812,1.);
#4812 = DIRECTION('',(0.,0.,1.));
#4813 = ADVANCED_FACE('',(#4814),#4832,.T.);
#4814 = FACE_BOUND('',#4815,.T.);
#4815 = EDGE_LOOP('',(#4816,#4817,#4825,#4831));
#4816 = ORIENTED_EDGE('',*,*,#571,.T.);
#4817 = ORIENTED_EDGE('',*,*,#4818,.T.);
#4818 = EDGE_CURVE('',#561,#4819,#4821,.T.);
#4819 = VERTEX_POINT('',#4820);
#4820 = CARTESIAN_POINT('',(-24.47711174242,12.023996212121,4.2));
#4821 = LINE('',#4822,#4823);
#4822 = CARTESIAN_POINT('',(-24.47711174242,12.023996212121,4.7));
#4823 = VECTOR('',#4824,1.);
#4824 = DIRECTION('',(-0.,-0.,-1.));
#4825 = ORIENTED_EDGE('',*,*,#4826,.T.);
#4826 = EDGE_CURVE('',#4819,#4793,#4827,.T.);
#4827 = B_SPLINE_CURVE_WITH_KNOTS('',2,(#4828,#4829,#4830),
  .UNSPECIFIED.,.F.,.F.,(3,3),(0.,1.),.PIECEWISE_BEZIER_KNOTS.);
#4828 = CARTESIAN_POINT('',(-24.47711174242,12.023996212121,4.2));
#4829 = CARTESIAN_POINT('',(-24.24628787878,11.919356060606,4.2));
#4830 = CARTESIAN_POINT('',(-23.55736742424,11.766420454545,4.2));
#4831 = ORIENTED_EDGE('',*,*,#4792,.F.);
#4832 = SURFACE_OF_LINEAR_EXTRUSION('',#4833,#4837);
#4833 = B_SPLINE_CURVE_WITH_KNOTS('',2,(#4834,#4835,#4836),
  .UNSPECIFIED.,.F.,.F.,(3,3),(0.,1.),.PIECEWISE_BEZIER_KNOTS.);
#4834 = CARTESIAN_POINT('',(-24.47711174242,12.023996212121,4.7));
#4835 = CARTESIAN_POINT('',(-24.24628787878,11.919356060606,4.7));
#4836 = CARTESIAN_POINT('',(-23.55736742424,11.766420454545,4.7));
#4837 = VECTOR('',#4838,1.);
#4838 = DIRECTION('',(0.,0.,1.));
#4839 = ADVANCED_FACE('',(#4840),#4858,.T.);
#4840 = FACE_BOUND('',#4841,.T.);
#4841 = EDGE_LOOP('',(#4842,#4843,#4851,#4857));
#4842 = ORIENTED_EDGE('',*,*,#560,.T.);
#4843 = ORIENTED_EDGE('',*,*,#4844,.T.);
#4844 = EDGE_CURVE('',#546,#4845,#4847,.T.);
#4845 = VERTEX_POINT('',#4846);
#4846 = CARTESIAN_POINT('',(-24.83056818181,12.279914772727,4.2));
#4847 = LINE('',#4848,#4849);
#4848 = CARTESIAN_POINT('',(-24.83056818181,12.279914772727,4.7));
#4849 = VECTOR('',#4850,1.);
#4850 = DIRECTION('',(-0.,-0.,-1.));
#4851 = ORIENTED_EDGE('',*,*,#4852,.T.);
#4852 = EDGE_CURVE('',#4845,#4819,#4853,.T.);
#4853 = B_SPLINE_CURVE_WITH_KNOTS('',2,(#4854,#4855,#4856),
  .UNSPECIFIED.,.F.,.F.,(3,3),(0.,1.),.PIECEWISE_BEZIER_KNOTS.);
#4854 = CARTESIAN_POINT('',(-24.83056818181,12.279914772727,4.2));
#4855 = CARTESIAN_POINT('',(-24.70793560606,12.128873106061,4.2));
#4856 = CARTESIAN_POINT('',(-24.47711174242,12.023996212121,4.2));
#4857 = ORIENTED_EDGE('',*,*,#4818,.F.);
#4858 = SURFACE_OF_LINEAR_EXTRUSION('',#4859,#4863);
#4859 = B_SPLINE_CURVE_WITH_KNOTS('',2,(#4860,#4861,#4862),
  .UNSPECIFIED.,.F.,.F.,(3,3),(0.,1.),.PIECEWISE_BEZIER_KNOTS.);
#4860 = CARTESIAN_POINT('',(-24.83056818181,12.279914772727,4.7));
#4861 = CARTESIAN_POINT('',(-24.70793560606,12.128873106061,4.7));
#4862 = CARTESIAN_POINT('',(-24.47711174242,12.023996212121,4.7));
#4863 = VECTOR('',#4864,1.);
#4864 = DIRECTION('',(0.,0.,1.));
#4865 = ADVANCED_FACE('',(#4866),#4884,.T.);
#4866 = FACE_BOUND('',#4867,.T.);
#4867 = EDGE_LOOP('',(#4868,#4869,#4877,#4883));
#4868 = ORIENTED_EDGE('',*,*,#545,.T.);
#4869 = ORIENTED_EDGE('',*,*,#4870,.T.);
#4870 = EDGE_CURVE('',#531,#4871,#4873,.T.);
#4871 = VERTEX_POINT('',#4872);
#4872 = CARTESIAN_POINT('',(-24.95296401515,12.66178030303,4.2));
#4873 = LINE('',#4874,#4875);
#4874 = CARTESIAN_POINT('',(-24.95296401515,12.66178030303,4.7));
#4875 = VECTOR('',#4876,1.);
#4876 = DIRECTION('',(-0.,-0.,-1.));
#4877 = ORIENTED_EDGE('',*,*,#4878,.T.);
#4878 = EDGE_CURVE('',#4871,#4845,#4879,.T.);
#4879 = B_SPLINE_CURVE_WITH_KNOTS('',2,(#4880,#4881,#4882),
  .UNSPECIFIED.,.F.,.F.,(3,3),(0.,1.),.PIECEWISE_BEZIER_KNOTS.);
#4880 = CARTESIAN_POINT('',(-24.95296401515,12.66178030303,4.2));
#4881 = CARTESIAN_POINT('',(-24.95296401515,12.430956439394,4.2));
#4882 = CARTESIAN_POINT('',(-24.83056818181,12.279914772727,4.2));
#4883 = ORIENTED_EDGE('',*,*,#4844,.F.);
#4884 = SURFACE_OF_LINEAR_EXTRUSION('',#4885,#4889);
#4885 = B_SPLINE_CURVE_WITH_KNOTS('',2,(#4886,#4887,#4888),
  .UNSPECIFIED.,.F.,.F.,(3,3),(0.,1.),.PIECEWISE_BEZIER_KNOTS.);
#4886 = CARTESIAN_POINT('',(-24.95296401515,12.66178030303,4.7));
#4887 = CARTESIAN_POINT('',(-24.95296401515,12.430956439394,4.7));
#4888 = CARTESIAN_POINT('',(-24.83056818181,12.279914772727,4.7));
#4889 = VECTOR('',#4890,1.);
#4890 = DIRECTION('',(0.,0.,1.));
#4891 = ADVANCED_FACE('',(#4892),#4910,.T.);
#4892 = FACE_BOUND('',#4893,.T.);
#4893 = EDGE_LOOP('',(#4894,#4895,#4903,#4909));
#4894 = ORIENTED_EDGE('',*,*,#530,.T.);
#4895 = ORIENTED_EDGE('',*,*,#4896,.T.);
#4896 = EDGE_CURVE('',#514,#4897,#4899,.T.);
#4897 = VERTEX_POINT('',#4898);
#4898 = CARTESIAN_POINT('',(-24.63691287878,13.255293560606,4.2));
#4899 = LINE('',#4900,#4901);
#4900 = CARTESIAN_POINT('',(-24.63691287878,13.255293560606,4.7));
#4901 = VECTOR('',#4902,1.);
#4902 = DIRECTION('',(-0.,-0.,-1.));
#4903 = ORIENTED_EDGE('',*,*,#4904,.T.);
#4904 = EDGE_CURVE('',#4897,#4871,#4905,.T.);
#4905 = B_SPLINE_CURVE_WITH_KNOTS('',2,(#4906,#4907,#4908),
  .UNSPECIFIED.,.F.,.F.,(3,3),(0.,1.),.PIECEWISE_BEZIER_KNOTS.);
#4906 = CARTESIAN_POINT('',(-24.63691287878,13.255293560606,4.2));
#4907 = CARTESIAN_POINT('',(-24.95296401515,13.056193181818,4.2));
#4908 = CARTESIAN_POINT('',(-24.95296401515,12.66178030303,4.2));
#4909 = ORIENTED_EDGE('',*,*,#4870,.F.);
#4910 = SURFACE_OF_LINEAR_EXTRUSION('',#4911,#4915);
#4911 = B_SPLINE_CURVE_WITH_KNOTS('',2,(#4912,#4913,#4914),
  .UNSPECIFIED.,.F.,.F.,(3,3),(0.,1.),.PIECEWISE_BEZIER_KNOTS.);
#4912 = CARTESIAN_POINT('',(-24.63691287878,13.255293560606,4.7));
#4913 = CARTESIAN_POINT('',(-24.95296401515,13.056193181818,4.7));
#4914 = CARTESIAN_POINT('',(-24.95296401515,12.66178030303,4.7));
#4915 = VECTOR('',#4916,1.);
#4916 = DIRECTION('',(0.,0.,1.));
#4917 = ADVANCED_FACE('',(#4918),#4936,.T.);
#4918 = FACE_BOUND('',#4919,.T.);
#4919 = EDGE_LOOP('',(#4920,#4921,#4929,#4935));
#4920 = ORIENTED_EDGE('',*,*,#513,.T.);
#4921 = ORIENTED_EDGE('',*,*,#4922,.T.);
#4922 = EDGE_CURVE('',#499,#4923,#4925,.T.);
#4923 = VERTEX_POINT('',#4924);
#4924 = CARTESIAN_POINT('',(-23.72071969697,13.454393939394,4.2));
#4925 = LINE('',#4926,#4927);
#4926 = CARTESIAN_POINT('',(-23.72071969697,13.454393939394,4.7));
#4927 = VECTOR('',#4928,1.);
#4928 = DIRECTION('',(-0.,-0.,-1.));
#4929 = ORIENTED_EDGE('',*,*,#4930,.T.);
#4930 = EDGE_CURVE('',#4923,#4897,#4931,.T.);
#4931 = B_SPLINE_CURVE_WITH_KNOTS('',2,(#4932,#4933,#4934),
  .UNSPECIFIED.,.F.,.F.,(3,3),(0.,1.),.PIECEWISE_BEZIER_KNOTS.);
#4932 = CARTESIAN_POINT('',(-23.72071969697,13.454393939394,4.2));
#4933 = CARTESIAN_POINT('',(-24.32086174242,13.454393939394,4.2));
#4934 = CARTESIAN_POINT('',(-24.63691287878,13.255293560606,4.2));
#4935 = ORIENTED_EDGE('',*,*,#4896,.F.);
#4936 = SURFACE_OF_LINEAR_EXTRUSION('',#4937,#4941);
#4937 = B_SPLINE_CURVE_WITH_KNOTS('',2,(#4938,#4939,#4940),
  .UNSPECIFIED.,.F.,.F.,(3,3),(0.,1.),.PIECEWISE_BEZIER_KNOTS.);
#4938 = CARTESIAN_POINT('',(-23.72071969697,13.454393939394,4.7));
#4939 = CARTESIAN_POINT('',(-24.32086174242,13.454393939394,4.7));
#4940 = CARTESIAN_POINT('',(-24.63691287878,13.255293560606,4.7));
#4941 = VECTOR('',#4942,1.);
#4942 = DIRECTION('',(0.,0.,1.));
#4943 = ADVANCED_FACE('',(#4944),#4962,.T.);
#4944 = FACE_BOUND('',#4945,.T.);
#4945 = EDGE_LOOP('',(#4946,#4947,#4955,#4961));
#4946 = ORIENTED_EDGE('',*,*,#498,.T.);
#4947 = ORIENTED_EDGE('',*,*,#4948,.T.);
#4948 = EDGE_CURVE('',#482,#4949,#4951,.T.);
#4949 = VERTEX_POINT('',#4950);
#4950 = CARTESIAN_POINT('',(-22.86489583333,13.274943181818,4.2));
#4951 = LINE('',#4952,#4953);
#4952 = CARTESIAN_POINT('',(-22.86489583333,13.274943181818,4.7));
#4953 = VECTOR('',#4954,1.);
#4954 = DIRECTION('',(-0.,-0.,-1.));
#4955 = ORIENTED_EDGE('',*,*,#4956,.T.);
#4956 = EDGE_CURVE('',#4949,#4923,#4957,.T.);
#4957 = B_SPLINE_CURVE_WITH_KNOTS('',2,(#4958,#4959,#4960),
  .UNSPECIFIED.,.F.,.F.,(3,3),(0.,1.),.PIECEWISE_BEZIER_KNOTS.);
#4958 = CARTESIAN_POINT('',(-22.86489583333,13.274943181818,4.2));
#4959 = CARTESIAN_POINT('',(-23.17384469697,13.454393939394,4.2));
#4960 = CARTESIAN_POINT('',(-23.72071969697,13.454393939394,4.2));
#4961 = ORIENTED_EDGE('',*,*,#4922,.F.);
#4962 = SURFACE_OF_LINEAR_EXTRUSION('',#4963,#4967);
#4963 = B_SPLINE_CURVE_WITH_KNOTS('',2,(#4964,#4965,#4966),
  .UNSPECIFIED.,.F.,.F.,(3,3),(0.,1.),.PIECEWISE_BEZIER_KNOTS.);
#4964 = CARTESIAN_POINT('',(-22.86489583333,13.274943181818,4.7));
#4965 = CARTESIAN_POINT('',(-23.17384469697,13.454393939394,4.7));
#4966 = CARTESIAN_POINT('',(-23.72071969697,13.454393939394,4.7));
#4967 = VECTOR('',#4968,1.);
#4968 = DIRECTION('',(0.,0.,1.));
#4969 = ADVANCED_FACE('',(#4970),#4988,.T.);
#4970 = FACE_BOUND('',#4971,.T.);
#4971 = EDGE_LOOP('',(#4972,#4973,#4981,#4987));
#4972 = ORIENTED_EDGE('',*,*,#481,.T.);
#4973 = ORIENTED_EDGE('',*,*,#4974,.T.);
#4974 = EDGE_CURVE('',#474,#4975,#4977,.T.);
#4975 = VERTEX_POINT('',#4976);
#4976 = CARTESIAN_POINT('',(-22.44586174242,12.698001893939,4.2));
#4977 = LINE('',#4978,#4979);
#4978 = CARTESIAN_POINT('',(-22.44586174242,12.698001893939,4.7));
#4979 = VECTOR('',#4980,1.);
#4980 = DIRECTION('',(-0.,-0.,-1.));
#4981 = ORIENTED_EDGE('',*,*,#4982,.T.);
#4982 = EDGE_CURVE('',#4975,#4949,#4983,.T.);
#4983 = B_SPLINE_CURVE_WITH_KNOTS('',2,(#4984,#4985,#4986),
  .UNSPECIFIED.,.F.,.F.,(3,3),(0.,1.),.PIECEWISE_BEZIER_KNOTS.);
#4984 = CARTESIAN_POINT('',(-22.44586174242,12.698001893939,4.2));
#4985 = CARTESIAN_POINT('',(-22.55594696969,13.095729166667,4.2));
#4986 = CARTESIAN_POINT('',(-22.86489583333,13.274943181818,4.2));
#4987 = ORIENTED_EDGE('',*,*,#4948,.F.);
#4988 = SURFACE_OF_LINEAR_EXTRUSION('',#4989,#4993);
#4989 = B_SPLINE_CURVE_WITH_KNOTS('',2,(#4990,#4991,#4992),
  .UNSPECIFIED.,.F.,.F.,(3,3),(0.,1.),.PIECEWISE_BEZIER_KNOTS.);
#4990 = CARTESIAN_POINT('',(-22.44586174242,12.698001893939,4.7));
#4991 = CARTESIAN_POINT('',(-22.55594696969,13.095729166667,4.7));
#4992 = CARTESIAN_POINT('',(-22.86489583333,13.274943181818,4.7));
#4993 = VECTOR('',#4994,1.);
#4994 = DIRECTION('',(0.,0.,1.));
#4995 = ADVANCED_FACE('',(#4996),#5014,.T.);
#4996 = FACE_BOUND('',#4997,.T.);
#4997 = EDGE_LOOP('',(#4998,#4999,#5007,#5013));
#4998 = ORIENTED_EDGE('',*,*,#473,.F.);
#4999 = ORIENTED_EDGE('',*,*,#5000,.T.);
#5000 = EDGE_CURVE('',#457,#5001,#5003,.T.);
#5001 = VERTEX_POINT('',#5002);
#5002 = CARTESIAN_POINT('',(-21.77824810606,12.815189393939,4.2));
#5003 = LINE('',#5004,#5005);
#5004 = CARTESIAN_POINT('',(-21.77824810606,12.815189393939,4.7));
#5005 = VECTOR('',#5006,1.);
#5006 = DIRECTION('',(-0.,-0.,-1.));
#5007 = ORIENTED_EDGE('',*,*,#5008,.T.);
#5008 = EDGE_CURVE('',#5001,#4975,#5009,.T.);
#5009 = LINE('',#5010,#5011);
#5010 = CARTESIAN_POINT('',(-21.77824810606,12.815189393939,4.2));
#5011 = VECTOR('',#5012,1.);
#5012 = DIRECTION('',(-0.984941376985,-0.17288864596,0.));
#5013 = ORIENTED_EDGE('',*,*,#4974,.F.);
#5014 = PLANE('',#5015);
#5015 = AXIS2_PLACEMENT_3D('',#5016,#5017,#5018);
#5016 = CARTESIAN_POINT('',(-21.77824810606,12.815189393939,4.7));
#5017 = DIRECTION('',(-0.17288864596,0.984941376985,0.));
#5018 = DIRECTION('',(-0.984941376985,-0.17288864596,0.));
#5019 = ADVANCED_FACE('',(#5020),#5038,.T.);
#5020 = FACE_BOUND('',#5021,.T.);
#5021 = EDGE_LOOP('',(#5022,#5023,#5031,#5037));
#5022 = ORIENTED_EDGE('',*,*,#456,.T.);
#5023 = ORIENTED_EDGE('',*,*,#5024,.T.);
#5024 = EDGE_CURVE('',#440,#5025,#5027,.T.);
#5025 = VERTEX_POINT('',#5026);
#5026 = CARTESIAN_POINT('',(-22.41035037878,13.704630681818,4.2));
#5027 = LINE('',#5028,#5029);
#5028 = CARTESIAN_POINT('',(-22.41035037878,13.704630681818,4.7));
#5029 = VECTOR('',#5030,1.);
#5030 = DIRECTION('',(-0.,-0.,-1.));
#5031 = ORIENTED_EDGE('',*,*,#5032,.T.);
#5032 = EDGE_CURVE('',#5025,#5001,#5033,.T.);
#5033 = B_SPLINE_CURVE_WITH_KNOTS('',2,(#5034,#5035,#5036),
  .UNSPECIFIED.,.F.,.F.,(3,3),(0.,1.),.PIECEWISE_BEZIER_KNOTS.);
#5034 = CARTESIAN_POINT('',(-22.41035037878,13.704630681818,4.2));
#5035 = CARTESIAN_POINT('',(-21.9593560606,13.443740530303,4.2));
#5036 = CARTESIAN_POINT('',(-21.77824810606,12.815189393939,4.2));
#5037 = ORIENTED_EDGE('',*,*,#5000,.F.);
#5038 = SURFACE_OF_LINEAR_EXTRUSION('',#5039,#5043);
#5039 = B_SPLINE_CURVE_WITH_KNOTS('',2,(#5040,#5041,#5042),
  .UNSPECIFIED.,.F.,.F.,(3,3),(0.,1.),.PIECEWISE_BEZIER_KNOTS.);
#5040 = CARTESIAN_POINT('',(-22.41035037878,13.704630681818,4.7));
#5041 = CARTESIAN_POINT('',(-21.9593560606,13.443740530303,4.7));
#5042 = CARTESIAN_POINT('',(-21.77824810606,12.815189393939,4.7));
#5043 = VECTOR('',#5044,1.);
#5044 = DIRECTION('',(0.,0.,1.));
#5045 = ADVANCED_FACE('',(#5046),#5064,.T.);
#5046 = FACE_BOUND('',#5047,.T.);
#5047 = EDGE_LOOP('',(#5048,#5049,#5057,#5063));
#5048 = ORIENTED_EDGE('',*,*,#439,.T.);
#5049 = ORIENTED_EDGE('',*,*,#5050,.T.);
#5050 = EDGE_CURVE('',#423,#5051,#5053,.T.);
#5051 = VERTEX_POINT('',#5052);
#5052 = CARTESIAN_POINT('',(-23.71361742424,13.965757575758,4.2));
#5053 = LINE('',#5054,#5055);
#5054 = CARTESIAN_POINT('',(-23.71361742424,13.965757575758,4.7));
#5055 = VECTOR('',#5056,1.);
#5056 = DIRECTION('',(-0.,-0.,-1.));
#5057 = ORIENTED_EDGE('',*,*,#5058,.T.);
#5058 = EDGE_CURVE('',#5051,#5025,#5059,.T.);
#5059 = B_SPLINE_CURVE_WITH_KNOTS('',2,(#5060,#5061,#5062),
  .UNSPECIFIED.,.F.,.F.,(3,3),(0.,1.),.PIECEWISE_BEZIER_KNOTS.);
#5060 = CARTESIAN_POINT('',(-23.71361742424,13.965757575758,4.2));
#5061 = CARTESIAN_POINT('',(-22.86134469697,13.965757575758,4.2));
#5062 = CARTESIAN_POINT('',(-22.41035037878,13.704630681818,4.2));
#5063 = ORIENTED_EDGE('',*,*,#5024,.F.);
#5064 = SURFACE_OF_LINEAR_EXTRUSION('',#5065,#5069);
#5065 = B_SPLINE_CURVE_WITH_KNOTS('',2,(#5066,#5067,#5068),
  .UNSPECIFIED.,.F.,.F.,(3,3),(0.,1.),.PIECEWISE_BEZIER_KNOTS.);
#5066 = CARTESIAN_POINT('',(-23.71361742424,13.965757575758,4.7));
#5067 = CARTESIAN_POINT('',(-22.86134469697,13.965757575758,4.7));
#5068 = CARTESIAN_POINT('',(-22.41035037878,13.704630681818,4.7));
#5069 = VECTOR('',#5070,1.);
#5070 = DIRECTION('',(0.,0.,1.));
#5071 = ADVANCED_FACE('',(#5072),#5090,.T.);
#5072 = FACE_BOUND('',#5073,.T.);
#5073 = EDGE_LOOP('',(#5074,#5075,#5083,#5089));
#5074 = ORIENTED_EDGE('',*,*,#422,.T.);
#5075 = ORIENTED_EDGE('',*,*,#5076,.T.);
#5076 = EDGE_CURVE('',#404,#5077,#5079,.T.);
#5077 = VERTEX_POINT('',#5078);
#5078 = CARTESIAN_POINT('',(-25.12176136363,13.617509469697,4.2));
#5079 = LINE('',#5080,#5081);
#5080 = CARTESIAN_POINT('',(-25.12176136363,13.617509469697,4.7));
#5081 = VECTOR('',#5082,1.);
#5082 = DIRECTION('',(-0.,-0.,-1.));
#5083 = ORIENTED_EDGE('',*,*,#5084,.T.);
#5084 = EDGE_CURVE('',#5077,#5051,#5085,.T.);
#5085 = B_SPLINE_CURVE_WITH_KNOTS('',2,(#5086,#5087,#5088),
  .UNSPECIFIED.,.F.,.F.,(3,3),(0.,1.),.PIECEWISE_BEZIER_KNOTS.);
#5086 = CARTESIAN_POINT('',(-25.12176136363,13.617509469697,4.2));
#5087 = CARTESIAN_POINT('',(-24.62981060606,13.965757575758,4.2));
#5088 = CARTESIAN_POINT('',(-23.71361742424,13.965757575758,4.2));
#5089 = ORIENTED_EDGE('',*,*,#5050,.F.);
#5090 = SURFACE_OF_LINEAR_EXTRUSION('',#5091,#5095);
#5091 = B_SPLINE_CURVE_WITH_KNOTS('',2,(#5092,#5093,#5094),
  .UNSPECIFIED.,.F.,.F.,(3,3),(0.,1.),.PIECEWISE_BEZIER_KNOTS.);
#5092 = CARTESIAN_POINT('',(-25.12176136363,13.617509469697,4.7));
#5093 = CARTESIAN_POINT('',(-24.62981060606,13.965757575758,4.7));
#5094 = CARTESIAN_POINT('',(-23.71361742424,13.965757575758,4.7));
#5095 = VECTOR('',#5096,1.);
#5096 = DIRECTION('',(0.,0.,1.));
#5097 = ADVANCED_FACE('',(#5098),#5116,.T.);
#5098 = FACE_BOUND('',#5099,.T.);
#5099 = EDGE_LOOP('',(#5100,#5101,#5109,#5115));
#5100 = ORIENTED_EDGE('',*,*,#403,.T.);
#5101 = ORIENTED_EDGE('',*,*,#5102,.T.);
#5102 = EDGE_CURVE('',#393,#5103,#5105,.T.);
#5103 = VERTEX_POINT('',#5104);
#5104 = CARTESIAN_POINT('',(-25.61347537878,12.626268939394,4.2));
#5105 = LINE('',#5106,#5107);
#5106 = CARTESIAN_POINT('',(-25.61347537878,12.626268939394,4.7));
#5107 = VECTOR('',#5108,1.);
#5108 = DIRECTION('',(-0.,-0.,-1.));
#5109 = ORIENTED_EDGE('',*,*,#5110,.T.);
#5110 = EDGE_CURVE('',#5103,#5077,#5111,.T.);
#5111 = B_SPLINE_CURVE_WITH_KNOTS('',2,(#5112,#5113,#5114),
  .UNSPECIFIED.,.F.,.F.,(3,3),(0.,1.),.PIECEWISE_BEZIER_KNOTS.);
#5112 = CARTESIAN_POINT('',(-25.61347537878,12.626268939394,4.2));
#5113 = CARTESIAN_POINT('',(-25.61347537878,13.269498106061,4.2));
#5114 = CARTESIAN_POINT('',(-25.12176136363,13.617509469697,4.2));
#5115 = ORIENTED_EDGE('',*,*,#5076,.F.);
#5116 = SURFACE_OF_LINEAR_EXTRUSION('',#5117,#5121);
#5117 = B_SPLINE_CURVE_WITH_KNOTS('',2,(#5118,#5119,#5120),
  .UNSPECIFIED.,.F.,.F.,(3,3),(0.,1.),.PIECEWISE_BEZIER_KNOTS.);
#5118 = CARTESIAN_POINT('',(-25.61347537878,12.626268939394,4.7));
#5119 = CARTESIAN_POINT('',(-25.61347537878,13.269498106061,4.7));
#5120 = CARTESIAN_POINT('',(-25.12176136363,13.617509469697,4.7));
#5121 = VECTOR('',#5122,1.);
#5122 = DIRECTION('',(0.,0.,1.));
#5123 = ADVANCED_FACE('',(#5124),#5142,.T.);
#5124 = FACE_BOUND('',#5125,.T.);
#5125 = EDGE_LOOP('',(#5126,#5127,#5135,#5141));
#5126 = ORIENTED_EDGE('',*,*,#392,.T.);
#5127 = ORIENTED_EDGE('',*,*,#5128,.T.);
#5128 = EDGE_CURVE('',#380,#5129,#5131,.T.);
#5129 = VERTEX_POINT('',#5130);
#5130 = CARTESIAN_POINT('',(-25.51948863636,12.128873106061,4.2));
#5131 = LINE('',#5132,#5133);
#5132 = CARTESIAN_POINT('',(-25.51948863636,12.128873106061,4.7));
#5133 = VECTOR('',#5134,1.);
#5134 = DIRECTION('',(-0.,-0.,-1.));
#5135 = ORIENTED_EDGE('',*,*,#5136,.T.);
#5136 = EDGE_CURVE('',#5129,#5103,#5137,.T.);
#5137 = B_SPLINE_CURVE_WITH_KNOTS('',2,(#5138,#5139,#5140),
  .UNSPECIFIED.,.F.,.F.,(3,3),(0.,1.),.PIECEWISE_BEZIER_KNOTS.);
#5138 = CARTESIAN_POINT('',(-25.51948863636,12.128873106061,4.2));
#5139 = CARTESIAN_POINT('',(-25.61347537878,12.345729166667,4.2));
#5140 = CARTESIAN_POINT('',(-25.61347537878,12.626268939394,4.2));
#5141 = ORIENTED_EDGE('',*,*,#5102,.F.);
#5142 = SURFACE_OF_LINEAR_EXTRUSION('',#5143,#5147);
#5143 = B_SPLINE_CURVE_WITH_KNOTS('',2,(#5144,#5145,#5146),
  .UNSPECIFIED.,.F.,.F.,(3,3),(0.,1.),.PIECEWISE_BEZIER_KNOTS.);
#5144 = CARTESIAN_POINT('',(-25.51948863636,12.128873106061,4.7));
#5145 = CARTESIAN_POINT('',(-25.61347537878,12.345729166667,4.7));
#5146 = CARTESIAN_POINT('',(-25.61347537878,12.626268939394,4.7));
#5147 = VECTOR('',#5148,1.);
#5148 = DIRECTION('',(0.,0.,1.));
#5149 = ADVANCED_FACE('',(#5150),#5168,.T.);
#5150 = FACE_BOUND('',#5151,.T.);
#5151 = EDGE_LOOP('',(#5152,#5153,#5161,#5167));
#5152 = ORIENTED_EDGE('',*,*,#379,.T.);
#5153 = ORIENTED_EDGE('',*,*,#5154,.T.);
#5154 = EDGE_CURVE('',#368,#5155,#5157,.T.);
#5155 = VERTEX_POINT('',#5156);
#5156 = CARTESIAN_POINT('',(-25.24770833333,11.750558712121,4.2));
#5157 = LINE('',#5158,#5159);
#5158 = CARTESIAN_POINT('',(-25.24770833333,11.750558712121,4.7));
#5159 = VECTOR('',#5160,1.);
#5160 = DIRECTION('',(-0.,-0.,-1.));
#5161 = ORIENTED_EDGE('',*,*,#5162,.T.);
#5162 = EDGE_CURVE('',#5155,#5129,#5163,.T.);
#5163 = B_SPLINE_CURVE_WITH_KNOTS('',2,(#5164,#5165,#5166),
  .UNSPECIFIED.,.F.,.F.,(3,3),(0.,1.),.PIECEWISE_BEZIER_KNOTS.);
#5164 = CARTESIAN_POINT('',(-25.24770833333,11.750558712121,4.2));
#5165 = CARTESIAN_POINT('',(-25.42526515151,11.912253787879,4.2));
#5166 = CARTESIAN_POINT('',(-25.51948863636,12.128873106061,4.2));
#5167 = ORIENTED_EDGE('',*,*,#5128,.F.);
#5168 = SURFACE_OF_LINEAR_EXTRUSION('',#5169,#5173);
#5169 = B_SPLINE_CURVE_WITH_KNOTS('',2,(#5170,#5171,#5172),
  .UNSPECIFIED.,.F.,.F.,(3,3),(0.,1.),.PIECEWISE_BEZIER_KNOTS.);
#5170 = CARTESIAN_POINT('',(-25.24770833333,11.750558712121,4.7));
#5171 = CARTESIAN_POINT('',(-25.42526515151,11.912253787879,4.7));
#5172 = CARTESIAN_POINT('',(-25.51948863636,12.128873106061,4.7));
#5173 = VECTOR('',#5174,1.);
#5174 = DIRECTION('',(0.,0.,1.));
#5175 = ADVANCED_FACE('',(#5176),#5194,.T.);
#5176 = FACE_BOUND('',#5177,.T.);
#5177 = EDGE_LOOP('',(#5178,#5179,#5187,#5193));
#5178 = ORIENTED_EDGE('',*,*,#367,.T.);
#5179 = ORIENTED_EDGE('',*,*,#5180,.T.);
#5180 = EDGE_CURVE('',#357,#5181,#5183,.T.);
#5181 = VERTEX_POINT('',#5182);
#5182 = CARTESIAN_POINT('',(-24.7630965909,11.457471590909,4.2));
#5183 = LINE('',#5184,#5185);
#5184 = CARTESIAN_POINT('',(-24.7630965909,11.457471590909,4.7));
#5185 = VECTOR('',#5186,1.);
#5186 = DIRECTION('',(-0.,-0.,-1.));
#5187 = ORIENTED_EDGE('',*,*,#5188,.T.);
#5188 = EDGE_CURVE('',#5181,#5155,#5189,.T.);
#5189 = B_SPLINE_CURVE_WITH_KNOTS('',2,(#5190,#5191,#5192),
  .UNSPECIFIED.,.F.,.F.,(3,3),(0.,1.),.PIECEWISE_BEZIER_KNOTS.);
#5190 = CARTESIAN_POINT('',(-24.7630965909,11.457471590909,4.2));
#5191 = CARTESIAN_POINT('',(-25.07015151515,11.589100378788,4.2));
#5192 = CARTESIAN_POINT('',(-25.24770833333,11.750558712121,4.2));
#5193 = ORIENTED_EDGE('',*,*,#5154,.F.);
#5194 = SURFACE_OF_LINEAR_EXTRUSION('',#5195,#5199);
#5195 = B_SPLINE_CURVE_WITH_KNOTS('',2,(#5196,#5197,#5198),
  .UNSPECIFIED.,.F.,.F.,(3,3),(0.,1.),.PIECEWISE_BEZIER_KNOTS.);
#5196 = CARTESIAN_POINT('',(-24.7630965909,11.457471590909,4.7));
#5197 = CARTESIAN_POINT('',(-25.07015151515,11.589100378788,4.7));
#5198 = CARTESIAN_POINT('',(-25.24770833333,11.750558712121,4.7));
#5199 = VECTOR('',#5200,1.);
#5200 = DIRECTION('',(0.,0.,1.));
#5201 = ADVANCED_FACE('',(#5202),#5220,.T.);
#5202 = FACE_BOUND('',#5203,.T.);
#5203 = EDGE_LOOP('',(#5204,#5205,#5213,#5219));
#5204 = ORIENTED_EDGE('',*,*,#356,.T.);
#5205 = ORIENTED_EDGE('',*,*,#5206,.T.);
#5206 = EDGE_CURVE('',#346,#5207,#5209,.T.);
#5207 = VERTEX_POINT('',#5208);
#5208 = CARTESIAN_POINT('',(-23.86276515151,11.1946875,4.2));
#5209 = LINE('',#5210,#5211);
#5210 = CARTESIAN_POINT('',(-23.86276515151,11.1946875,4.7));
#5211 = VECTOR('',#5212,1.);
#5212 = DIRECTION('',(-0.,-0.,-1.));
#5213 = ORIENTED_EDGE('',*,*,#5214,.T.);
#5214 = EDGE_CURVE('',#5207,#5181,#5215,.T.);
#5215 = B_SPLINE_CURVE_WITH_KNOTS('',2,(#5216,#5217,#5218),
  .UNSPECIFIED.,.F.,.F.,(3,3),(0.,1.),.PIECEWISE_BEZIER_KNOTS.);
#5216 = CARTESIAN_POINT('',(-23.86276515151,11.1946875,4.2));
#5217 = CARTESIAN_POINT('',(-24.45580492424,11.326079545455,4.2));
#5218 = CARTESIAN_POINT('',(-24.7630965909,11.457471590909,4.2));
#5219 = ORIENTED_EDGE('',*,*,#5180,.F.);
#5220 = SURFACE_OF_LINEAR_EXTRUSION('',#5221,#5225);
#5221 = B_SPLINE_CURVE_WITH_KNOTS('',2,(#5222,#5223,#5224),
  .UNSPECIFIED.,.F.,.F.,(3,3),(0.,1.),.PIECEWISE_BEZIER_KNOTS.);
#5222 = CARTESIAN_POINT('',(-23.86276515151,11.1946875,4.7));
#5223 = CARTESIAN_POINT('',(-24.45580492424,11.326079545455,4.7));
#5224 = CARTESIAN_POINT('',(-24.7630965909,11.457471590909,4.7));
#5225 = VECTOR('',#5226,1.);
#5226 = DIRECTION('',(0.,0.,1.));
#5227 = ADVANCED_FACE('',(#5228),#5246,.T.);
#5228 = FACE_BOUND('',#5229,.T.);
#5229 = EDGE_LOOP('',(#5230,#5231,#5239,#5245));
#5230 = ORIENTED_EDGE('',*,*,#345,.T.);
#5231 = ORIENTED_EDGE('',*,*,#5232,.T.);
#5232 = EDGE_CURVE('',#335,#5233,#5235,.T.);
#5233 = VERTEX_POINT('',#5234);
#5234 = CARTESIAN_POINT('',(-23.24131628787,11.048854166667,4.2));
#5235 = LINE('',#5236,#5237);
#5236 = CARTESIAN_POINT('',(-23.24131628787,11.048854166667,4.7));
#5237 = VECTOR('',#5238,1.);
#5238 = DIRECTION('',(-0.,-0.,-1.));
#5239 = ORIENTED_EDGE('',*,*,#5240,.T.);
#5240 = EDGE_CURVE('',#5233,#5207,#5241,.T.);
#5241 = B_SPLINE_CURVE_WITH_KNOTS('',2,(#5242,#5243,#5244),
  .UNSPECIFIED.,.F.,.F.,(3,3),(0.,1.),.PIECEWISE_BEZIER_KNOTS.);
#5242 = CARTESIAN_POINT('',(-23.24131628787,11.048854166667,4.2));
#5243 = CARTESIAN_POINT('',(-23.5218560606,11.1165625,4.2));
#5244 = CARTESIAN_POINT('',(-23.86276515151,11.1946875,4.2));
#5245 = ORIENTED_EDGE('',*,*,#5206,.F.);
#5246 = SURFACE_OF_LINEAR_EXTRUSION('',#5247,#5251);
#5247 = B_SPLINE_CURVE_WITH_KNOTS('',2,(#5248,#5249,#5250),
  .UNSPECIFIED.,.F.,.F.,(3,3),(0.,1.),.PIECEWISE_BEZIER_KNOTS.);
#5248 = CARTESIAN_POINT('',(-23.24131628787,11.048854166667,4.7));
#5249 = CARTESIAN_POINT('',(-23.5218560606,11.1165625,4.7));
#5250 = CARTESIAN_POINT('',(-23.86276515151,11.1946875,4.7));
#5251 = VECTOR('',#5252,1.);
#5252 = DIRECTION('',(0.,0.,1.));
#5253 = ADVANCED_FACE('',(#5254),#5272,.T.);
#5254 = FACE_BOUND('',#5255,.T.);
#5255 = EDGE_LOOP('',(#5256,#5257,#5265,#5271));
#5256 = ORIENTED_EDGE('',*,*,#334,.T.);
#5257 = ORIENTED_EDGE('',*,*,#5258,.T.);
#5258 = EDGE_CURVE('',#324,#5259,#5261,.T.);
#5259 = VERTEX_POINT('',#5260);
#5260 = CARTESIAN_POINT('',(-22.75836174242,10.881950757576,4.2));
#5261 = LINE('',#5262,#5263);
#5262 = CARTESIAN_POINT('',(-22.75836174242,10.881950757576,4.7));
#5263 = VECTOR('',#5264,1.);
#5264 = DIRECTION('',(-0.,-0.,-1.));
#5265 = ORIENTED_EDGE('',*,*,#5266,.T.);
#5266 = EDGE_CURVE('',#5259,#5233,#5267,.T.);
#5267 = B_SPLINE_CURVE_WITH_KNOTS('',2,(#5268,#5269,#5270),
  .UNSPECIFIED.,.F.,.F.,(3,3),(0.,1.),.PIECEWISE_BEZIER_KNOTS.);
#5268 = CARTESIAN_POINT('',(-22.75836174242,10.881950757576,4.2));
#5269 = CARTESIAN_POINT('',(-22.96077651515,10.981382575758,4.2));
#5270 = CARTESIAN_POINT('',(-23.24131628787,11.048854166667,4.2));
#5271 = ORIENTED_EDGE('',*,*,#5232,.F.);
#5272 = SURFACE_OF_LINEAR_EXTRUSION('',#5273,#5277);
#5273 = B_SPLINE_CURVE_WITH_KNOTS('',2,(#5274,#5275,#5276),
  .UNSPECIFIED.,.F.,.F.,(3,3),(0.,1.),.PIECEWISE_BEZIER_KNOTS.);
#5274 = CARTESIAN_POINT('',(-22.75836174242,10.881950757576,4.7));
#5275 = CARTESIAN_POINT('',(-22.96077651515,10.981382575758,4.7));
#5276 = CARTESIAN_POINT('',(-23.24131628787,11.048854166667,4.7));
#5277 = VECTOR('',#5278,1.);
#5278 = DIRECTION('',(0.,0.,1.));
#5279 = ADVANCED_FACE('',(#5280),#5298,.T.);
#5280 = FACE_BOUND('',#5281,.T.);
#5281 = EDGE_LOOP('',(#5282,#5283,#5291,#5297));
#5282 = ORIENTED_EDGE('',*,*,#323,.T.);
#5283 = ORIENTED_EDGE('',*,*,#5284,.T.);
#5284 = EDGE_CURVE('',#313,#5285,#5287,.T.);
#5285 = VERTEX_POINT('',#5286);
#5286 = CARTESIAN_POINT('',(-22.44420454545,10.629583333333,4.2));
#5287 = LINE('',#5288,#5289);
#5288 = CARTESIAN_POINT('',(-22.44420454545,10.629583333333,4.7));
#5289 = VECTOR('',#5290,1.);
#5290 = DIRECTION('',(-0.,-0.,-1.));
#5291 = ORIENTED_EDGE('',*,*,#5292,.T.);
#5292 = EDGE_CURVE('',#5285,#5259,#5293,.T.);
#5293 = B_SPLINE_CURVE_WITH_KNOTS('',2,(#5294,#5295,#5296),
  .UNSPECIFIED.,.F.,.F.,(3,3),(0.,1.),.PIECEWISE_BEZIER_KNOTS.);
#5294 = CARTESIAN_POINT('',(-22.44420454545,10.629583333333,4.2));
#5295 = CARTESIAN_POINT('',(-22.55594696969,10.782518939394,4.2));
#5296 = CARTESIAN_POINT('',(-22.75836174242,10.881950757576,4.2));
#5297 = ORIENTED_EDGE('',*,*,#5258,.F.);
#5298 = SURFACE_OF_LINEAR_EXTRUSION('',#5299,#5303);
#5299 = B_SPLINE_CURVE_WITH_KNOTS('',2,(#5300,#5301,#5302),
  .UNSPECIFIED.,.F.,.F.,(3,3),(0.,1.),.PIECEWISE_BEZIER_KNOTS.);
#5300 = CARTESIAN_POINT('',(-22.44420454545,10.629583333333,4.7));
#5301 = CARTESIAN_POINT('',(-22.55594696969,10.782518939394,4.7));
#5302 = CARTESIAN_POINT('',(-22.75836174242,10.881950757576,4.7));
#5303 = VECTOR('',#5304,1.);
#5304 = DIRECTION('',(0.,0.,1.));
#5305 = ADVANCED_FACE('',(#5306),#5324,.T.);
#5306 = FACE_BOUND('',#5307,.T.);
#5307 = EDGE_LOOP('',(#5308,#5309,#5317,#5323));
#5308 = ORIENTED_EDGE('',*,*,#312,.T.);
#5309 = ORIENTED_EDGE('',*,*,#5310,.T.);
#5310 = EDGE_CURVE('',#294,#5311,#5313,.T.);
#5311 = VERTEX_POINT('',#5312);
#5312 = CARTESIAN_POINT('',(-22.33222537878,10.231856060606,4.2));
#5313 = LINE('',#5314,#5315);
#5314 = CARTESIAN_POINT('',(-22.33222537878,10.231856060606,4.7));
#5315 = VECTOR('',#5316,1.);
#5316 = DIRECTION('',(-0.,-0.,-1.));
#5317 = ORIENTED_EDGE('',*,*,#5318,.T.);
#5318 = EDGE_CURVE('',#5311,#5285,#5319,.T.);
#5319 = B_SPLINE_CURVE_WITH_KNOTS('',2,(#5320,#5321,#5322),
  .UNSPECIFIED.,.F.,.F.,(3,3),(0.,1.),.PIECEWISE_BEZIER_KNOTS.);
#5320 = CARTESIAN_POINT('',(-22.33222537878,10.231856060606,4.2));
#5321 = CARTESIAN_POINT('',(-22.33222537878,10.476884469697,4.2));
#5322 = CARTESIAN_POINT('',(-22.44420454545,10.629583333333,4.2));
#5323 = ORIENTED_EDGE('',*,*,#5284,.F.);
#5324 = SURFACE_OF_LINEAR_EXTRUSION('',#5325,#5329);
#5325 = B_SPLINE_CURVE_WITH_KNOTS('',2,(#5326,#5327,#5328),
  .UNSPECIFIED.,.F.,.F.,(3,3),(0.,1.),.PIECEWISE_BEZIER_KNOTS.);
#5326 = CARTESIAN_POINT('',(-22.33222537878,10.231856060606,4.7));
#5327 = CARTESIAN_POINT('',(-22.33222537878,10.476884469697,4.7));
#5328 = CARTESIAN_POINT('',(-22.44420454545,10.629583333333,4.7));
#5329 = VECTOR('',#5330,1.);
#5330 = DIRECTION('',(0.,0.,1.));
#5331 = ADVANCED_FACE('',(#5332),#5350,.T.);
#5332 = FACE_BOUND('',#5333,.T.);
#5333 = EDGE_LOOP('',(#5334,#5335,#5343,#5349));
#5334 = ORIENTED_EDGE('',*,*,#293,.T.);
#5335 = ORIENTED_EDGE('',*,*,#5336,.T.);
#5336 = EDGE_CURVE('',#277,#5337,#5339,.T.);
#5337 = VERTEX_POINT('',#5338);
#5338 = CARTESIAN_POINT('',(-22.68923295454,9.568977272727,4.2));
#5339 = LINE('',#5340,#5341);
#5340 = CARTESIAN_POINT('',(-22.68923295454,9.568977272727,4.7));
#5341 = VECTOR('',#5342,1.);
#5342 = DIRECTION('',(-0.,-0.,-1.));
#5343 = ORIENTED_EDGE('',*,*,#5344,.T.);
#5344 = EDGE_CURVE('',#5337,#5311,#5345,.T.);
#5345 = B_SPLINE_CURVE_WITH_KNOTS('',2,(#5346,#5347,#5348),
  .UNSPECIFIED.,.F.,.F.,(3,3),(0.,1.),.PIECEWISE_BEZIER_KNOTS.);
#5346 = CARTESIAN_POINT('',(-22.68923295454,9.568977272727,4.2));
#5347 = CARTESIAN_POINT('',(-22.33222537878,9.794829545455,4.2));
#5348 = CARTESIAN_POINT('',(-22.33222537878,10.231856060606,4.2));
#5349 = ORIENTED_EDGE('',*,*,#5310,.F.);
#5350 = SURFACE_OF_LINEAR_EXTRUSION('',#5351,#5355);
#5351 = B_SPLINE_CURVE_WITH_KNOTS('',2,(#5352,#5353,#5354),
  .UNSPECIFIED.,.F.,.F.,(3,3),(0.,1.),.PIECEWISE_BEZIER_KNOTS.);
#5352 = CARTESIAN_POINT('',(-22.68923295454,9.568977272727,4.7));
#5353 = CARTESIAN_POINT('',(-22.33222537878,9.794829545455,4.7));
#5354 = CARTESIAN_POINT('',(-22.33222537878,10.231856060606,4.7));
#5355 = VECTOR('',#5356,1.);
#5356 = DIRECTION('',(0.,0.,1.));
#5357 = ADVANCED_FACE('',(#5358),#5376,.T.);
#5358 = FACE_BOUND('',#5359,.T.);
#5359 = EDGE_LOOP('',(#5360,#5361,#5369,#5375));
#5360 = ORIENTED_EDGE('',*,*,#276,.T.);
#5361 = ORIENTED_EDGE('',*,*,#5362,.T.);
#5362 = EDGE_CURVE('',#260,#5363,#5365,.T.);
#5363 = VERTEX_POINT('',#5364);
#5364 = CARTESIAN_POINT('',(-23.70296401515,9.343361742424,4.2));
#5365 = LINE('',#5366,#5367);
#5366 = CARTESIAN_POINT('',(-23.70296401515,9.343361742424,4.7));
#5367 = VECTOR('',#5368,1.);
#5368 = DIRECTION('',(-0.,-0.,-1.));
#5369 = ORIENTED_EDGE('',*,*,#5370,.T.);
#5370 = EDGE_CURVE('',#5363,#5337,#5371,.T.);
#5371 = B_SPLINE_CURVE_WITH_KNOTS('',2,(#5372,#5373,#5374),
  .UNSPECIFIED.,.F.,.F.,(3,3),(0.,1.),.PIECEWISE_BEZIER_KNOTS.);
#5372 = CARTESIAN_POINT('',(-23.70296401515,9.343361742424,4.2));
#5373 = CARTESIAN_POINT('',(-23.04600378787,9.343361742424,4.2));
#5374 = CARTESIAN_POINT('',(-22.68923295454,9.568977272727,4.2));
#5375 = ORIENTED_EDGE('',*,*,#5336,.F.);
#5376 = SURFACE_OF_LINEAR_EXTRUSION('',#5377,#5381);
#5377 = B_SPLINE_CURVE_WITH_KNOTS('',2,(#5378,#5379,#5380),
  .UNSPECIFIED.,.F.,.F.,(3,3),(0.,1.),.PIECEWISE_BEZIER_KNOTS.);
#5378 = CARTESIAN_POINT('',(-23.70296401515,9.343361742424,4.7));
#5379 = CARTESIAN_POINT('',(-23.04600378787,9.343361742424,4.7));
#5380 = CARTESIAN_POINT('',(-22.68923295454,9.568977272727,4.7));
#5381 = VECTOR('',#5382,1.);
#5382 = DIRECTION('',(0.,0.,1.));
#5383 = ADVANCED_FACE('',(#5384),#5402,.T.);
#5384 = FACE_BOUND('',#5385,.T.);
#5385 = EDGE_LOOP('',(#5386,#5387,#5395,#5401));
#5386 = ORIENTED_EDGE('',*,*,#259,.T.);
#5387 = ORIENTED_EDGE('',*,*,#5388,.T.);
#5388 = EDGE_CURVE('',#243,#5389,#5391,.T.);
#5389 = VERTEX_POINT('',#5390);
#5390 = CARTESIAN_POINT('',(-24.70793560606,9.554535984848,4.2));
#5391 = LINE('',#5392,#5393);
#5392 = CARTESIAN_POINT('',(-24.70793560606,9.554535984848,4.7));
#5393 = VECTOR('',#5394,1.);
#5394 = DIRECTION('',(-0.,-0.,-1.));
#5395 = ORIENTED_EDGE('',*,*,#5396,.T.);
#5396 = EDGE_CURVE('',#5389,#5363,#5397,.T.);
#5397 = B_SPLINE_CURVE_WITH_KNOTS('',2,(#5398,#5399,#5400),
  .UNSPECIFIED.,.F.,.F.,(3,3),(0.,1.),.PIECEWISE_BEZIER_KNOTS.);
#5398 = CARTESIAN_POINT('',(-24.70793560606,9.554535984848,4.2));
#5399 = CARTESIAN_POINT('',(-24.33861742424,9.343361742424,4.2));
#5400 = CARTESIAN_POINT('',(-23.70296401515,9.343361742424,4.2));
#5401 = ORIENTED_EDGE('',*,*,#5362,.F.);
#5402 = SURFACE_OF_LINEAR_EXTRUSION('',#5403,#5407);
#5403 = B_SPLINE_CURVE_WITH_KNOTS('',2,(#5404,#5405,#5406),
  .UNSPECIFIED.,.F.,.F.,(3,3),(0.,1.),.PIECEWISE_BEZIER_KNOTS.);
#5404 = CARTESIAN_POINT('',(-24.70793560606,9.554535984848,4.7));
#5405 = CARTESIAN_POINT('',(-24.33861742424,9.343361742424,4.7));
#5406 = CARTESIAN_POINT('',(-23.70296401515,9.343361742424,4.7));
#5407 = VECTOR('',#5408,1.);
#5408 = DIRECTION('',(0.,0.,1.));
#5409 = ADVANCED_FACE('',(#5410),#5428,.T.);
#5410 = FACE_BOUND('',#5411,.T.);
#5411 = EDGE_LOOP('',(#5412,#5413,#5421,#5427));
#5412 = ORIENTED_EDGE('',*,*,#242,.T.);
#5413 = ORIENTED_EDGE('',*,*,#5414,.T.);
#5414 = EDGE_CURVE('',#235,#5415,#5417,.T.);
#5415 = VERTEX_POINT('',#5416);
#5416 = CARTESIAN_POINT('',(-25.19089015151,10.216941287879,4.2));
#5417 = LINE('',#5418,#5419);
#5418 = CARTESIAN_POINT('',(-25.19089015151,10.216941287879,4.7));
#5419 = VECTOR('',#5420,1.);
#5420 = DIRECTION('',(-0.,-0.,-1.));
#5421 = ORIENTED_EDGE('',*,*,#5422,.T.);
#5422 = EDGE_CURVE('',#5415,#5389,#5423,.T.);
#5423 = B_SPLINE_CURVE_WITH_KNOTS('',2,(#5424,#5425,#5426),
  .UNSPECIFIED.,.F.,.F.,(3,3),(0.,1.),.PIECEWISE_BEZIER_KNOTS.);
#5424 = CARTESIAN_POINT('',(-25.19089015151,10.216941287879,4.2));
#5425 = CARTESIAN_POINT('',(-25.07725378787,9.765946969697,4.2));
#5426 = CARTESIAN_POINT('',(-24.70793560606,9.554535984848,4.2));
#5427 = ORIENTED_EDGE('',*,*,#5388,.F.);
#5428 = SURFACE_OF_LINEAR_EXTRUSION('',#5429,#5433);
#5429 = B_SPLINE_CURVE_WITH_KNOTS('',2,(#5430,#5431,#5432),
  .UNSPECIFIED.,.F.,.F.,(3,3),(0.,1.),.PIECEWISE_BEZIER_KNOTS.);
#5430 = CARTESIAN_POINT('',(-25.19089015151,10.216941287879,4.7));
#5431 = CARTESIAN_POINT('',(-25.07725378787,9.765946969697,4.7));
#5432 = CARTESIAN_POINT('',(-24.70793560606,9.554535984848,4.7));
#5433 = VECTOR('',#5434,1.);
#5434 = DIRECTION('',(0.,0.,1.));
#5435 = ADVANCED_FACE('',(#5436),#5454,.T.);
#5436 = FACE_BOUND('',#5437,.T.);
#5437 = EDGE_LOOP('',(#5438,#5439,#5447,#5453));
#5438 = ORIENTED_EDGE('',*,*,#234,.F.);
#5439 = ORIENTED_EDGE('',*,*,#5440,.T.);
#5440 = EDGE_CURVE('',#198,#5441,#5443,.T.);
#5441 = VERTEX_POINT('',#5442);
#5442 = CARTESIAN_POINT('',(-25.84785037878,10.085549242424,4.2));
#5443 = LINE('',#5444,#5445);
#5444 = CARTESIAN_POINT('',(-25.84785037878,10.085549242424,4.7));
#5445 = VECTOR('',#5446,1.);
#5446 = DIRECTION('',(-0.,-0.,-1.));
#5447 = ORIENTED_EDGE('',*,*,#5448,.T.);
#5448 = EDGE_CURVE('',#5441,#5415,#5449,.T.);
#5449 = LINE('',#5450,#5451);
#5450 = CARTESIAN_POINT('',(-25.84785037878,10.085549242424,4.2));
#5451 = VECTOR('',#5452,1.);
#5452 = DIRECTION('',(0.980580675691,0.196116135138,0.));
#5453 = ORIENTED_EDGE('',*,*,#5414,.F.);
#5454 = PLANE('',#5455);
#5455 = AXIS2_PLACEMENT_3D('',#5456,#5457,#5458);
#5456 = CARTESIAN_POINT('',(-25.84785037878,10.085549242424,4.7));
#5457 = DIRECTION('',(0.196116135138,-0.980580675691,0.));
#5458 = DIRECTION('',(0.980580675691,0.196116135138,0.));
#5459 = ADVANCED_FACE('',(#5460),#5478,.T.);
#5460 = FACE_BOUND('',#5461,.T.);
#5461 = EDGE_LOOP('',(#5462,#5463,#5471,#5477));
#5462 = ORIENTED_EDGE('',*,*,#197,.T.);
#5463 = ORIENTED_EDGE('',*,*,#5464,.T.);
#5464 = EDGE_CURVE('',#179,#5465,#5467,.T.);
#5465 = VERTEX_POINT('',#5466);
#5466 = CARTESIAN_POINT('',(-23.72782196969,8.814242424242,4.2));
#5467 = LINE('',#5468,#5469);
#5468 = CARTESIAN_POINT('',(-23.72782196969,8.814242424242,4.7));
#5469 = VECTOR('',#5470,1.);
#5470 = DIRECTION('',(-0.,-0.,-1.));
#5471 = ORIENTED_EDGE('',*,*,#5472,.T.);
#5472 = EDGE_CURVE('',#5465,#5441,#5473,.T.);
#5473 = B_SPLINE_CURVE_WITH_KNOTS('',2,(#5474,#5475,#5476),
  .UNSPECIFIED.,.F.,.F.,(3,3),(0.,1.),.PIECEWISE_BEZIER_KNOTS.);
#5474 = CARTESIAN_POINT('',(-23.72782196969,8.814242424242,4.2));
#5475 = CARTESIAN_POINT('',(-25.55665719697,8.814242424242,4.2));
#5476 = CARTESIAN_POINT('',(-25.84785037878,10.085549242424,4.2));
#5477 = ORIENTED_EDGE('',*,*,#5440,.F.);
#5478 = SURFACE_OF_LINEAR_EXTRUSION('',#5479,#5483);
#5479 = B_SPLINE_CURVE_WITH_KNOTS('',2,(#5480,#5481,#5482),
  .UNSPECIFIED.,.F.,.F.,(3,3),(0.,1.),.PIECEWISE_BEZIER_KNOTS.);
#5480 = CARTESIAN_POINT('',(-23.72782196969,8.814242424242,4.7));
#5481 = CARTESIAN_POINT('',(-25.55665719697,8.814242424242,4.7));
#5482 = CARTESIAN_POINT('',(-25.84785037878,10.085549242424,4.7));
#5483 = VECTOR('',#5484,1.);
#5484 = DIRECTION('',(0.,0.,1.));
#5485 = ADVANCED_FACE('',(#5486),#5497,.T.);
#5486 = FACE_BOUND('',#5487,.T.);
#5487 = EDGE_LOOP('',(#5488,#5489,#5490,#5496));
#5488 = ORIENTED_EDGE('',*,*,#178,.T.);
#5489 = ORIENTED_EDGE('',*,*,#4645,.T.);
#5490 = ORIENTED_EDGE('',*,*,#5491,.T.);
#5491 = EDGE_CURVE('',#4638,#5465,#5492,.T.);
#5492 = B_SPLINE_CURVE_WITH_KNOTS('',2,(#5493,#5494,#5495),
  .UNSPECIFIED.,.F.,.F.,(3,3),(0.,1.),.PIECEWISE_BEZIER_KNOTS.);
#5493 = CARTESIAN_POINT('',(-22.20272727272,9.194214015152,4.2));
#5494 = CARTESIAN_POINT('',(-22.74415719697,8.814242424242,4.2));
#5495 = CARTESIAN_POINT('',(-23.72782196969,8.814242424242,4.2));
#5496 = ORIENTED_EDGE('',*,*,#5464,.F.);
#5497 = SURFACE_OF_LINEAR_EXTRUSION('',#5498,#5502);
#5498 = B_SPLINE_CURVE_WITH_KNOTS('',2,(#5499,#5500,#5501),
  .UNSPECIFIED.,.F.,.F.,(3,3),(0.,1.),.PIECEWISE_BEZIER_KNOTS.);
#5499 = CARTESIAN_POINT('',(-22.20272727272,9.194214015152,4.7));
#5500 = CARTESIAN_POINT('',(-22.74415719697,8.814242424242,4.7));
#5501 = CARTESIAN_POINT('',(-23.72782196969,8.814242424242,4.7));
#5502 = VECTOR('',#5503,1.);
#5503 = DIRECTION('',(0.,0.,1.));
#5504 = ADVANCED_FACE('',(#5505),#5530,.T.);
#5505 = FACE_BOUND('',#5506,.T.);
#5506 = EDGE_LOOP('',(#5507,#5508,#5516,#5524));
#5507 = ORIENTED_EDGE('',*,*,#655,.T.);
#5508 = ORIENTED_EDGE('',*,*,#5509,.T.);
#5509 = EDGE_CURVE('',#658,#5510,#5512,.T.);
#5510 = VERTEX_POINT('',#5511);
#5511 = CARTESIAN_POINT('',(-16.86229166666,12.385501893939,4.2));
#5512 = LINE('',#5513,#5514);
#5513 = CARTESIAN_POINT('',(-16.86229166666,12.385501893939,4.7));
#5514 = VECTOR('',#5515,1.);
#5515 = DIRECTION('',(-0.,-0.,-1.));
#5516 = ORIENTED_EDGE('',*,*,#5517,.T.);
#5517 = EDGE_CURVE('',#5510,#5518,#5520,.T.);
#5518 = VERTEX_POINT('',#5519);
#5519 = CARTESIAN_POINT('',(-17.32583333333,11.2571875,4.2));
#5520 = B_SPLINE_CURVE_WITH_KNOTS('',2,(#5521,#5522,#5523),
  .UNSPECIFIED.,.F.,.F.,(3,3),(0.,1.),.PIECEWISE_BEZIER_KNOTS.);
#5521 = CARTESIAN_POINT('',(-16.86229166666,12.385501893939,4.2));
#5522 = CARTESIAN_POINT('',(-16.86229166666,11.675984848485,4.2));
#5523 = CARTESIAN_POINT('',(-17.32583333333,11.2571875,4.2));
#5524 = ORIENTED_EDGE('',*,*,#5525,.F.);
#5525 = EDGE_CURVE('',#656,#5518,#5526,.T.);
#5526 = LINE('',#5527,#5528);
#5527 = CARTESIAN_POINT('',(-17.32583333333,11.2571875,4.7));
#5528 = VECTOR('',#5529,1.);
#5529 = DIRECTION('',(-0.,-0.,-1.));
#5530 = SURFACE_OF_LINEAR_EXTRUSION('',#5531,#5535);
#5531 = B_SPLINE_CURVE_WITH_KNOTS('',2,(#5532,#5533,#5534),
  .UNSPECIFIED.,.F.,.F.,(3,3),(0.,1.),.PIECEWISE_BEZIER_KNOTS.);
#5532 = CARTESIAN_POINT('',(-16.86229166666,12.385501893939,4.7));
#5533 = CARTESIAN_POINT('',(-16.86229166666,11.675984848485,4.7));
#5534 = CARTESIAN_POINT('',(-17.32583333333,11.2571875,4.7));
#5535 = VECTOR('',#5536,1.);
#5536 = DIRECTION('',(0.,0.,1.));
#5537 = ADVANCED_FACE('',(#5538),#5556,.T.);
#5538 = FACE_BOUND('',#5539,.T.);
#5539 = EDGE_LOOP('',(#5540,#5541,#5549,#5555));
#5540 = ORIENTED_EDGE('',*,*,#765,.T.);
#5541 = ORIENTED_EDGE('',*,*,#5542,.T.);
#5542 = EDGE_CURVE('',#744,#5543,#5545,.T.);
#5543 = VERTEX_POINT('',#5544);
#5544 = CARTESIAN_POINT('',(-17.32393939393,13.496060606061,4.2));
#5545 = LINE('',#5546,#5547);
#5546 = CARTESIAN_POINT('',(-17.32393939393,13.496060606061,4.7));
#5547 = VECTOR('',#5548,1.);
#5548 = DIRECTION('',(-0.,-0.,-1.));
#5549 = ORIENTED_EDGE('',*,*,#5550,.T.);
#5550 = EDGE_CURVE('',#5543,#5510,#5551,.T.);
#5551 = B_SPLINE_CURVE_WITH_KNOTS('',2,(#5552,#5553,#5554),
  .UNSPECIFIED.,.F.,.F.,(3,3),(0.,1.),.PIECEWISE_BEZIER_KNOTS.);
#5552 = CARTESIAN_POINT('',(-17.32393939393,13.496060606061,4.2));
#5553 = CARTESIAN_POINT('',(-16.86229166666,13.102357954545,4.2));
#5554 = CARTESIAN_POINT('',(-16.86229166666,12.385501893939,4.2));
#5555 = ORIENTED_EDGE('',*,*,#5509,.F.);
#5556 = SURFACE_OF_LINEAR_EXTRUSION('',#5557,#5561);
#5557 = B_SPLINE_CURVE_WITH_KNOTS('',2,(#5558,#5559,#5560),
  .UNSPECIFIED.,.F.,.F.,(3,3),(0.,1.),.PIECEWISE_BEZIER_KNOTS.);
#5558 = CARTESIAN_POINT('',(-17.32393939393,13.496060606061,4.7));
#5559 = CARTESIAN_POINT('',(-16.86229166666,13.102357954545,4.7));
#5560 = CARTESIAN_POINT('',(-16.86229166666,12.385501893939,4.7));
#5561 = VECTOR('',#5562,1.);
#5562 = DIRECTION('',(0.,0.,1.));
#5563 = ADVANCED_FACE('',(#5564),#5582,.T.);
#5564 = FACE_BOUND('',#5565,.T.);
#5565 = EDGE_LOOP('',(#5566,#5567,#5575,#5581));
#5566 = ORIENTED_EDGE('',*,*,#743,.T.);
#5567 = ORIENTED_EDGE('',*,*,#5568,.T.);
#5568 = EDGE_CURVE('',#736,#5569,#5571,.T.);
#5569 = VERTEX_POINT('',#5570);
#5570 = CARTESIAN_POINT('',(-18.62720643939,13.89,4.2));
#5571 = LINE('',#5572,#5573);
#5572 = CARTESIAN_POINT('',(-18.62720643939,13.89,4.7));
#5573 = VECTOR('',#5574,1.);
#5574 = DIRECTION('',(-0.,-0.,-1.));
#5575 = ORIENTED_EDGE('',*,*,#5576,.T.);
#5576 = EDGE_CURVE('',#5569,#5543,#5577,.T.);
#5577 = B_SPLINE_CURVE_WITH_KNOTS('',2,(#5578,#5579,#5580),
  .UNSPECIFIED.,.F.,.F.,(3,3),(0.,1.),.PIECEWISE_BEZIER_KNOTS.);
#5578 = CARTESIAN_POINT('',(-18.62720643939,13.89,4.2));
#5579 = CARTESIAN_POINT('',(-17.78558712121,13.89,4.2));
#5580 = CARTESIAN_POINT('',(-17.32393939393,13.496060606061,4.2));
#5581 = ORIENTED_EDGE('',*,*,#5542,.F.);
#5582 = SURFACE_OF_LINEAR_EXTRUSION('',#5583,#5587);
#5583 = B_SPLINE_CURVE_WITH_KNOTS('',2,(#5584,#5585,#5586),
  .UNSPECIFIED.,.F.,.F.,(3,3),(0.,1.),.PIECEWISE_BEZIER_KNOTS.);
#5584 = CARTESIAN_POINT('',(-18.62720643939,13.89,4.7));
#5585 = CARTESIAN_POINT('',(-17.78558712121,13.89,4.7));
#5586 = CARTESIAN_POINT('',(-17.32393939393,13.496060606061,4.7));
#5587 = VECTOR('',#5588,1.);
#5588 = DIRECTION('',(0.,0.,1.));
#5589 = ADVANCED_FACE('',(#5590),#5608,.T.);
#5590 = FACE_BOUND('',#5591,.T.);
#5591 = EDGE_LOOP('',(#5592,#5593,#5601,#5607));
#5592 = ORIENTED_EDGE('',*,*,#735,.F.);
#5593 = ORIENTED_EDGE('',*,*,#5594,.T.);
#5594 = EDGE_CURVE('',#728,#5595,#5597,.T.);
#5595 = VERTEX_POINT('',#5596);
#5596 = CARTESIAN_POINT('',(-20.73303030303,13.89,4.2));
#5597 = LINE('',#5598,#5599);
#5598 = CARTESIAN_POINT('',(-20.73303030303,13.89,4.7));
#5599 = VECTOR('',#5600,1.);
#5600 = DIRECTION('',(-0.,-0.,-1.));
#5601 = ORIENTED_EDGE('',*,*,#5602,.T.);
#5602 = EDGE_CURVE('',#5595,#5569,#5603,.T.);
#5603 = LINE('',#5604,#5605);
#5604 = CARTESIAN_POINT('',(-20.73303030303,13.89,4.2));
#5605 = VECTOR('',#5606,1.);
#5606 = DIRECTION('',(1.,0.,0.));
#5607 = ORIENTED_EDGE('',*,*,#5568,.F.);
#5608 = PLANE('',#5609);
#5609 = AXIS2_PLACEMENT_3D('',#5610,#5611,#5612);
#5610 = CARTESIAN_POINT('',(-20.73303030303,13.89,4.7));
#5611 = DIRECTION('',(0.,-1.,0.));
#5612 = DIRECTION('',(1.,0.,0.));
#5613 = ADVANCED_FACE('',(#5614),#5632,.T.);
#5614 = FACE_BOUND('',#5615,.T.);
#5615 = EDGE_LOOP('',(#5616,#5617,#5625,#5631));
#5616 = ORIENTED_EDGE('',*,*,#727,.F.);
#5617 = ORIENTED_EDGE('',*,*,#5618,.T.);
#5618 = EDGE_CURVE('',#720,#5619,#5621,.T.);
#5619 = VERTEX_POINT('',#5620);
#5620 = CARTESIAN_POINT('',(-20.73303030303,8.89,4.2));
#5621 = LINE('',#5622,#5623);
#5622 = CARTESIAN_POINT('',(-20.73303030303,8.89,4.7));
#5623 = VECTOR('',#5624,1.);
#5624 = DIRECTION('',(-0.,-0.,-1.));
#5625 = ORIENTED_EDGE('',*,*,#5626,.T.);
#5626 = EDGE_CURVE('',#5619,#5595,#5627,.T.);
#5627 = LINE('',#5628,#5629);
#5628 = CARTESIAN_POINT('',(-20.73303030303,8.89,4.2));
#5629 = VECTOR('',#5630,1.);
#5630 = DIRECTION('',(0.,1.,0.));
#5631 = ORIENTED_EDGE('',*,*,#5594,.F.);
#5632 = PLANE('',#5633);
#5633 = AXIS2_PLACEMENT_3D('',#5634,#5635,#5636);
#5634 = CARTESIAN_POINT('',(-20.73303030303,8.89,4.7));
#5635 = DIRECTION('',(1.,0.,0.));
#5636 = DIRECTION('',(0.,1.,0.));
#5637 = ADVANCED_FACE('',(#5638),#5656,.T.);
#5638 = FACE_BOUND('',#5639,.T.);
#5639 = EDGE_LOOP('',(#5640,#5641,#5649,#5655));
#5640 = ORIENTED_EDGE('',*,*,#719,.F.);
#5641 = ORIENTED_EDGE('',*,*,#5642,.T.);
#5642 = EDGE_CURVE('',#712,#5643,#5645,.T.);
#5643 = VERTEX_POINT('',#5644);
#5644 = CARTESIAN_POINT('',(-20.05476325757,8.89,4.2));
#5645 = LINE('',#5646,#5647);
#5646 = CARTESIAN_POINT('',(-20.05476325757,8.89,4.7));
#5647 = VECTOR('',#5648,1.);
#5648 = DIRECTION('',(-0.,-0.,-1.));
#5649 = ORIENTED_EDGE('',*,*,#5650,.T.);
#5650 = EDGE_CURVE('',#5643,#5619,#5651,.T.);
#5651 = LINE('',#5652,#5653);
#5652 = CARTESIAN_POINT('',(-20.05476325757,8.89,4.2));
#5653 = VECTOR('',#5654,1.);
#5654 = DIRECTION('',(-1.,0.,0.));
#5655 = ORIENTED_EDGE('',*,*,#5618,.F.);
#5656 = PLANE('',#5657);
#5657 = AXIS2_PLACEMENT_3D('',#5658,#5659,#5660);
#5658 = CARTESIAN_POINT('',(-20.05476325757,8.89,4.7));
#5659 = DIRECTION('',(0.,1.,0.));
#5660 = DIRECTION('',(-1.,0.,0.));
#5661 = ADVANCED_FACE('',(#5662),#5680,.T.);
#5662 = FACE_BOUND('',#5663,.T.);
#5663 = EDGE_LOOP('',(#5664,#5665,#5673,#5679));
#5664 = ORIENTED_EDGE('',*,*,#711,.F.);
#5665 = ORIENTED_EDGE('',*,*,#5666,.T.);
#5666 = EDGE_CURVE('',#704,#5667,#5669,.T.);
#5667 = VERTEX_POINT('',#5668);
#5668 = CARTESIAN_POINT('',(-20.05476325757,10.838626893939,4.2));
#5669 = LINE('',#5670,#5671);
#5670 = CARTESIAN_POINT('',(-20.05476325757,10.838626893939,4.7));
#5671 = VECTOR('',#5672,1.);
#5672 = DIRECTION('',(-0.,-0.,-1.));
#5673 = ORIENTED_EDGE('',*,*,#5674,.T.);
#5674 = EDGE_CURVE('',#5667,#5643,#5675,.T.);
#5675 = LINE('',#5676,#5677);
#5676 = CARTESIAN_POINT('',(-20.05476325757,10.838626893939,4.2));
#5677 = VECTOR('',#5678,1.);
#5678 = DIRECTION('',(0.,-1.,0.));
#5679 = ORIENTED_EDGE('',*,*,#5642,.F.);
#5680 = PLANE('',#5681);
#5681 = AXIS2_PLACEMENT_3D('',#5682,#5683,#5684);
#5682 = CARTESIAN_POINT('',(-20.05476325757,10.838626893939,4.7));
#5683 = DIRECTION('',(-1.,0.,0.));
#5684 = DIRECTION('',(0.,-1.,0.));
#5685 = ADVANCED_FACE('',(#5686),#5704,.T.);
#5686 = FACE_BOUND('',#5687,.T.);
#5687 = EDGE_LOOP('',(#5688,#5689,#5697,#5703));
#5688 = ORIENTED_EDGE('',*,*,#703,.F.);
#5689 = ORIENTED_EDGE('',*,*,#5690,.T.);
#5690 = EDGE_CURVE('',#681,#5691,#5693,.T.);
#5691 = VERTEX_POINT('',#5692);
#5692 = CARTESIAN_POINT('',(-18.58459280303,10.838626893939,4.2));
#5693 = LINE('',#5694,#5695);
#5694 = CARTESIAN_POINT('',(-18.58459280303,10.838626893939,4.7));
#5695 = VECTOR('',#5696,1.);
#5696 = DIRECTION('',(-0.,-0.,-1.));
#5697 = ORIENTED_EDGE('',*,*,#5698,.T.);
#5698 = EDGE_CURVE('',#5691,#5667,#5699,.T.);
#5699 = LINE('',#5700,#5701);
#5700 = CARTESIAN_POINT('',(-18.58459280303,10.838626893939,4.2));
#5701 = VECTOR('',#5702,1.);
#5702 = DIRECTION('',(-1.,0.,0.));
#5703 = ORIENTED_EDGE('',*,*,#5666,.F.);
#5704 = PLANE('',#5705);
#5705 = AXIS2_PLACEMENT_3D('',#5706,#5707,#5708);
#5706 = CARTESIAN_POINT('',(-18.58459280303,10.838626893939,4.7));
#5707 = DIRECTION('',(0.,1.,0.));
#5708 = DIRECTION('',(-1.,0.,0.));
#5709 = ADVANCED_FACE('',(#5710),#5721,.T.);
#5710 = FACE_BOUND('',#5711,.T.);
#5711 = EDGE_LOOP('',(#5712,#5713,#5714,#5720));
#5712 = ORIENTED_EDGE('',*,*,#680,.T.);
#5713 = ORIENTED_EDGE('',*,*,#5525,.T.);
#5714 = ORIENTED_EDGE('',*,*,#5715,.T.);
#5715 = EDGE_CURVE('',#5518,#5691,#5716,.T.);
#5716 = B_SPLINE_CURVE_WITH_KNOTS('',2,(#5717,#5718,#5719),
  .UNSPECIFIED.,.F.,.F.,(3,3),(0.,1.),.PIECEWISE_BEZIER_KNOTS.);
#5717 = CARTESIAN_POINT('',(-17.32583333333,11.2571875,4.2));
#5718 = CARTESIAN_POINT('',(-17.78913825757,10.838626893939,4.2));
#5719 = CARTESIAN_POINT('',(-18.58459280303,10.838626893939,4.2));
#5720 = ORIENTED_EDGE('',*,*,#5690,.F.);
#5721 = SURFACE_OF_LINEAR_EXTRUSION('',#5722,#5726);
#5722 = B_SPLINE_CURVE_WITH_KNOTS('',2,(#5723,#5724,#5725),
  .UNSPECIFIED.,.F.,.F.,(3,3),(0.,1.),.PIECEWISE_BEZIER_KNOTS.);
#5723 = CARTESIAN_POINT('',(-17.32583333333,11.2571875,4.7));
#5724 = CARTESIAN_POINT('',(-17.78913825757,10.838626893939,4.7));
#5725 = CARTESIAN_POINT('',(-18.58459280303,10.838626893939,4.7));
#5726 = VECTOR('',#5727,1.);
#5727 = DIRECTION('',(0.,0.,1.));
#5728 = ADVANCED_FACE('',(#5729),#5754,.T.);
#5729 = FACE_BOUND('',#5730,.T.);
#5730 = EDGE_LOOP('',(#5731,#5732,#5740,#5748));
#5731 = ORIENTED_EDGE('',*,*,#788,.T.);
#5732 = ORIENTED_EDGE('',*,*,#5733,.T.);
#5733 = EDGE_CURVE('',#791,#5734,#5736,.T.);
#5734 = VERTEX_POINT('',#5735);
#5735 = CARTESIAN_POINT('',(-12.75599431818,10.266420454545,4.2));
#5736 = LINE('',#5737,#5738);
#5737 = CARTESIAN_POINT('',(-12.75599431818,10.266420454545,4.7));
#5738 = VECTOR('',#5739,1.);
#5739 = DIRECTION('',(-0.,-0.,-1.));
#5740 = ORIENTED_EDGE('',*,*,#5741,.T.);
#5741 = EDGE_CURVE('',#5734,#5742,#5744,.T.);
#5742 = VERTEX_POINT('',#5743);
#5743 = CARTESIAN_POINT('',(-13.19633522727,9.194214015152,4.2));
#5744 = B_SPLINE_CURVE_WITH_KNOTS('',2,(#5745,#5746,#5747),
  .UNSPECIFIED.,.F.,.F.,(3,3),(0.,1.),.PIECEWISE_BEZIER_KNOTS.);
#5745 = CARTESIAN_POINT('',(-12.75599431818,10.266420454545,4.2));
#5746 = CARTESIAN_POINT('',(-12.75599431818,9.574185606061,4.2));
#5747 = CARTESIAN_POINT('',(-13.19633522727,9.194214015152,4.2));
#5748 = ORIENTED_EDGE('',*,*,#5749,.F.);
#5749 = EDGE_CURVE('',#789,#5742,#5750,.T.);
#5750 = LINE('',#5751,#5752);
#5751 = CARTESIAN_POINT('',(-13.19633522727,9.194214015152,4.7));
#5752 = VECTOR('',#5753,1.);
#5753 = DIRECTION('',(-0.,-0.,-1.));
#5754 = SURFACE_OF_LINEAR_EXTRUSION('',#5755,#5759);
#5755 = B_SPLINE_CURVE_WITH_KNOTS('',2,(#5756,#5757,#5758),
  .UNSPECIFIED.,.F.,.F.,(3,3),(0.,1.),.PIECEWISE_BEZIER_KNOTS.);
#5756 = CARTESIAN_POINT('',(-12.75599431818,10.266420454545,4.7));
#5757 = CARTESIAN_POINT('',(-12.75599431818,9.574185606061,4.7));
#5758 = CARTESIAN_POINT('',(-13.19633522727,9.194214015152,4.7));
#5759 = VECTOR('',#5760,1.);
#5760 = DIRECTION('',(0.,0.,1.));
#5761 = ADVANCED_FACE('',(#5762),#5780,.T.);
#5762 = FACE_BOUND('',#5763,.T.);
#5763 = EDGE_LOOP('',(#5764,#5765,#5773,#5779));
#5764 = ORIENTED_EDGE('',*,*,#1235,.T.);
#5765 = ORIENTED_EDGE('',*,*,#5766,.T.);
#5766 = EDGE_CURVE('',#1219,#5767,#5769,.T.);
#5767 = VERTEX_POINT('',#5768);
#5768 = CARTESIAN_POINT('',(-13.06849431818,11.061875,4.2));
#5769 = LINE('',#5770,#5771);
#5770 = CARTESIAN_POINT('',(-13.06849431818,11.061875,4.7));
#5771 = VECTOR('',#5772,1.);
#5772 = DIRECTION('',(-0.,-0.,-1.));
#5773 = ORIENTED_EDGE('',*,*,#5774,.T.);
#5774 = EDGE_CURVE('',#5767,#5734,#5775,.T.);
#5775 = B_SPLINE_CURVE_WITH_KNOTS('',2,(#5776,#5777,#5778),
  .UNSPECIFIED.,.F.,.F.,(3,3),(0.,1.),.PIECEWISE_BEZIER_KNOTS.);
#5776 = CARTESIAN_POINT('',(-13.06849431818,11.061875,4.2));
#5777 = CARTESIAN_POINT('',(-12.75599431818,10.745823863636,4.2));
#5778 = CARTESIAN_POINT('',(-12.75599431818,10.266420454545,4.2));
#5779 = ORIENTED_EDGE('',*,*,#5733,.F.);
#5780 = SURFACE_OF_LINEAR_EXTRUSION('',#5781,#5785);
#5781 = B_SPLINE_CURVE_WITH_KNOTS('',2,(#5782,#5783,#5784),
  .UNSPECIFIED.,.F.,.F.,(3,3),(0.,1.),.PIECEWISE_BEZIER_KNOTS.);
#5782 = CARTESIAN_POINT('',(-13.06849431818,11.061875,4.7));
#5783 = CARTESIAN_POINT('',(-12.75599431818,10.745823863636,4.7));
#5784 = CARTESIAN_POINT('',(-12.75599431818,10.266420454545,4.7));
#5785 = VECTOR('',#5786,1.);
#5786 = DIRECTION('',(0.,0.,1.));
#5787 = ADVANCED_FACE('',(#5788),#5806,.T.);
#5788 = FACE_BOUND('',#5789,.T.);
#5789 = EDGE_LOOP('',(#5790,#5791,#5799,#5805));
#5790 = ORIENTED_EDGE('',*,*,#1218,.T.);
#5791 = ORIENTED_EDGE('',*,*,#5792,.T.);
#5792 = EDGE_CURVE('',#1211,#5793,#5795,.T.);
#5793 = VERTEX_POINT('',#5794);
#5794 = CARTESIAN_POINT('',(-13.94207386363,11.438295454545,4.2));
#5795 = LINE('',#5796,#5797);
#5796 = CARTESIAN_POINT('',(-13.94207386363,11.438295454545,4.7));
#5797 = VECTOR('',#5798,1.);
#5798 = DIRECTION('',(-0.,-0.,-1.));
#5799 = ORIENTED_EDGE('',*,*,#5800,.T.);
#5800 = EDGE_CURVE('',#5793,#5767,#5801,.T.);
#5801 = B_SPLINE_CURVE_WITH_KNOTS('',2,(#5802,#5803,#5804),
  .UNSPECIFIED.,.F.,.F.,(3,3),(0.,1.),.PIECEWISE_BEZIER_KNOTS.);
#5802 = CARTESIAN_POINT('',(-13.94207386363,11.438295454545,4.2));
#5803 = CARTESIAN_POINT('',(-13.38099431818,11.377926136364,4.2));
#5804 = CARTESIAN_POINT('',(-13.06849431818,11.061875,4.2));
#5805 = ORIENTED_EDGE('',*,*,#5766,.F.);
#5806 = SURFACE_OF_LINEAR_EXTRUSION('',#5807,#5811);
#5807 = B_SPLINE_CURVE_WITH_KNOTS('',2,(#5808,#5809,#5810),
  .UNSPECIFIED.,.F.,.F.,(3,3),(0.,1.),.PIECEWISE_BEZIER_KNOTS.);
#5808 = CARTESIAN_POINT('',(-13.94207386363,11.438295454545,4.7));
#5809 = CARTESIAN_POINT('',(-13.38099431818,11.377926136364,4.7));
#5810 = CARTESIAN_POINT('',(-13.06849431818,11.061875,4.7));
#5811 = VECTOR('',#5812,1.);
#5812 = DIRECTION('',(0.,0.,1.));
#5813 = ADVANCED_FACE('',(#5814),#5832,.T.);
#5814 = FACE_BOUND('',#5815,.T.);
#5815 = EDGE_LOOP('',(#5816,#5817,#5825,#5831));
#5816 = ORIENTED_EDGE('',*,*,#1210,.F.);
#5817 = ORIENTED_EDGE('',*,*,#5818,.T.);
#5818 = EDGE_CURVE('',#1196,#5819,#5821,.T.);
#5819 = VERTEX_POINT('',#5820);
#5820 = CARTESIAN_POINT('',(-13.94207386363,11.4525,4.2));
#5821 = LINE('',#5822,#5823);
#5822 = CARTESIAN_POINT('',(-13.94207386363,11.4525,4.7));
#5823 = VECTOR('',#5824,1.);
#5824 = DIRECTION('',(-0.,-0.,-1.));
#5825 = ORIENTED_EDGE('',*,*,#5826,.T.);
#5826 = EDGE_CURVE('',#5819,#5793,#5827,.T.);
#5827 = LINE('',#5828,#5829);
#5828 = CARTESIAN_POINT('',(-13.94207386363,11.4525,4.2));
#5829 = VECTOR('',#5830,1.);
#5830 = DIRECTION('',(0.,-1.,0.));
#5831 = ORIENTED_EDGE('',*,*,#5792,.F.);
#5832 = PLANE('',#5833);
#5833 = AXIS2_PLACEMENT_3D('',#5834,#5835,#5836);
#5834 = CARTESIAN_POINT('',(-13.94207386363,11.4525,4.7));
#5835 = DIRECTION('',(-1.,0.,0.));
#5836 = DIRECTION('',(0.,-1.,0.));
#5837 = ADVANCED_FACE('',(#5838),#5856,.T.);
#5838 = FACE_BOUND('',#5839,.T.);
#5839 = EDGE_LOOP('',(#5840,#5841,#5849,#5855));
#5840 = ORIENTED_EDGE('',*,*,#1195,.T.);
#5841 = ORIENTED_EDGE('',*,*,#5842,.T.);
#5842 = EDGE_CURVE('',#1179,#5843,#5845,.T.);
#5843 = VERTEX_POINT('',#5844);
#5844 = CARTESIAN_POINT('',(-13.16271780303,11.859460227273,4.2));
#5845 = LINE('',#5846,#5847);
#5846 = CARTESIAN_POINT('',(-13.16271780303,11.859460227273,4.7));
#5847 = VECTOR('',#5848,1.);
#5848 = DIRECTION('',(-0.,-0.,-1.));
#5849 = ORIENTED_EDGE('',*,*,#5850,.T.);
#5850 = EDGE_CURVE('',#5843,#5819,#5851,.T.);
#5851 = B_SPLINE_CURVE_WITH_KNOTS('',2,(#5852,#5853,#5854),
  .UNSPECIFIED.,.F.,.F.,(3,3),(0.,1.),.PIECEWISE_BEZIER_KNOTS.);
#5852 = CARTESIAN_POINT('',(-13.16271780303,11.859460227273,4.2));
#5853 = CARTESIAN_POINT('',(-13.43071022727,11.559034090909,4.2));
#5854 = CARTESIAN_POINT('',(-13.94207386363,11.4525,4.2));
#5855 = ORIENTED_EDGE('',*,*,#5818,.F.);
#5856 = SURFACE_OF_LINEAR_EXTRUSION('',#5857,#5861);
#5857 = B_SPLINE_CURVE_WITH_KNOTS('',2,(#5858,#5859,#5860),
  .UNSPECIFIED.,.F.,.F.,(3,3),(0.,1.),.PIECEWISE_BEZIER_KNOTS.);
#5858 = CARTESIAN_POINT('',(-13.16271780303,11.859460227273,4.7));
#5859 = CARTESIAN_POINT('',(-13.43071022727,11.559034090909,4.7));
#5860 = CARTESIAN_POINT('',(-13.94207386363,11.4525,4.7));
#5861 = VECTOR('',#5862,1.);
#5862 = DIRECTION('',(0.,0.,1.));
#5863 = ADVANCED_FACE('',(#5864),#5882,.T.);
#5864 = FACE_BOUND('',#5865,.T.);
#5865 = EDGE_LOOP('',(#5866,#5867,#5875,#5881));
#5866 = ORIENTED_EDGE('',*,*,#1178,.T.);
#5867 = ORIENTED_EDGE('',*,*,#5868,.T.);
#5868 = EDGE_CURVE('',#1160,#5869,#5871,.T.);
#5869 = VERTEX_POINT('',#5870);
#5870 = CARTESIAN_POINT('',(-12.89448863636,12.639763257576,4.2));
#5871 = LINE('',#5872,#5873);
#5872 = CARTESIAN_POINT('',(-12.89448863636,12.639763257576,4.7));
#5873 = VECTOR('',#5874,1.);
#5874 = DIRECTION('',(-0.,-0.,-1.));
#5875 = ORIENTED_EDGE('',*,*,#5876,.T.);
#5876 = EDGE_CURVE('',#5869,#5843,#5877,.T.);
#5877 = B_SPLINE_CURVE_WITH_KNOTS('',2,(#5878,#5879,#5880),
  .UNSPECIFIED.,.F.,.F.,(3,3),(0.,1.),.PIECEWISE_BEZIER_KNOTS.);
#5878 = CARTESIAN_POINT('',(-12.89448863636,12.639763257576,4.2));
#5879 = CARTESIAN_POINT('',(-12.89448863636,12.159886363636,4.2));
#5880 = CARTESIAN_POINT('',(-13.16271780303,11.859460227273,4.2));
#5881 = ORIENTED_EDGE('',*,*,#5842,.F.);
#5882 = SURFACE_OF_LINEAR_EXTRUSION('',#5883,#5887);
#5883 = B_SPLINE_CURVE_WITH_KNOTS('',2,(#5884,#5885,#5886),
  .UNSPECIFIED.,.F.,.F.,(3,3),(0.,1.),.PIECEWISE_BEZIER_KNOTS.);
#5884 = CARTESIAN_POINT('',(-12.89448863636,12.639763257576,4.7));
#5885 = CARTESIAN_POINT('',(-12.89448863636,12.159886363636,4.7));
#5886 = CARTESIAN_POINT('',(-13.16271780303,11.859460227273,4.7));
#5887 = VECTOR('',#5888,1.);
#5888 = DIRECTION('',(0.,0.,1.));
#5889 = ADVANCED_FACE('',(#5890),#5908,.T.);
#5890 = FACE_BOUND('',#5891,.T.);
#5891 = EDGE_LOOP('',(#5892,#5893,#5901,#5907));
#5892 = ORIENTED_EDGE('',*,*,#1159,.T.);
#5893 = ORIENTED_EDGE('',*,*,#5894,.T.);
#5894 = EDGE_CURVE('',#1143,#5895,#5897,.T.);
#5895 = VERTEX_POINT('',#5896);
#5896 = CARTESIAN_POINT('',(-13.3118655303,13.615615530303,4.2));
#5897 = LINE('',#5898,#5899);
#5898 = CARTESIAN_POINT('',(-13.3118655303,13.615615530303,4.7));
#5899 = VECTOR('',#5900,1.);
#5900 = DIRECTION('',(-0.,-0.,-1.));
#5901 = ORIENTED_EDGE('',*,*,#5902,.T.);
#5902 = EDGE_CURVE('',#5895,#5869,#5903,.T.);
#5903 = B_SPLINE_CURVE_WITH_KNOTS('',2,(#5904,#5905,#5906),
  .UNSPECIFIED.,.F.,.F.,(3,3),(0.,1.),.PIECEWISE_BEZIER_KNOTS.);
#5904 = CARTESIAN_POINT('',(-13.3118655303,13.615615530303,4.2));
#5905 = CARTESIAN_POINT('',(-12.89448863636,13.265473484848,4.2));
#5906 = CARTESIAN_POINT('',(-12.89448863636,12.639763257576,4.2));
#5907 = ORIENTED_EDGE('',*,*,#5868,.F.);
#5908 = SURFACE_OF_LINEAR_EXTRUSION('',#5909,#5913);
#5909 = B_SPLINE_CURVE_WITH_KNOTS('',2,(#5910,#5911,#5912),
  .UNSPECIFIED.,.F.,.F.,(3,3),(0.,1.),.PIECEWISE_BEZIER_KNOTS.);
#5910 = CARTESIAN_POINT('',(-13.3118655303,13.615615530303,4.7));
#5911 = CARTESIAN_POINT('',(-12.89448863636,13.265473484848,4.7));
#5912 = CARTESIAN_POINT('',(-12.89448863636,12.639763257576,4.7));
#5913 = VECTOR('',#5914,1.);
#5914 = DIRECTION('',(0.,0.,1.));
#5915 = ADVANCED_FACE('',(#5916),#5934,.T.);
#5916 = FACE_BOUND('',#5917,.T.);
#5917 = EDGE_LOOP('',(#5918,#5919,#5927,#5933));
#5918 = ORIENTED_EDGE('',*,*,#1142,.T.);
#5919 = ORIENTED_EDGE('',*,*,#5920,.T.);
#5920 = EDGE_CURVE('',#1126,#5921,#5923,.T.);
#5921 = VERTEX_POINT('',#5922);
#5922 = CARTESIAN_POINT('',(-14.4818465909,13.965757575758,4.2));
#5923 = LINE('',#5924,#5925);
#5924 = CARTESIAN_POINT('',(-14.4818465909,13.965757575758,4.7));
#5925 = VECTOR('',#5926,1.);
#5926 = DIRECTION('',(-0.,-0.,-1.));
#5927 = ORIENTED_EDGE('',*,*,#5928,.T.);
#5928 = EDGE_CURVE('',#5921,#5895,#5929,.T.);
#5929 = B_SPLINE_CURVE_WITH_KNOTS('',2,(#5930,#5931,#5932),
  .UNSPECIFIED.,.F.,.F.,(3,3),(0.,1.),.PIECEWISE_BEZIER_KNOTS.);
#5930 = CARTESIAN_POINT('',(-14.4818465909,13.965757575758,4.2));
#5931 = CARTESIAN_POINT('',(-13.72900568181,13.965757575758,4.2));
#5932 = CARTESIAN_POINT('',(-13.3118655303,13.615615530303,4.2));
#5933 = ORIENTED_EDGE('',*,*,#5894,.F.);
#5934 = SURFACE_OF_LINEAR_EXTRUSION('',#5935,#5939);
#5935 = B_SPLINE_CURVE_WITH_KNOTS('',2,(#5936,#5937,#5938),
  .UNSPECIFIED.,.F.,.F.,(3,3),(0.,1.),.PIECEWISE_BEZIER_KNOTS.);
#5936 = CARTESIAN_POINT('',(-14.4818465909,13.965757575758,4.7));
#5937 = CARTESIAN_POINT('',(-13.72900568181,13.965757575758,4.7));
#5938 = CARTESIAN_POINT('',(-13.3118655303,13.615615530303,4.7));
#5939 = VECTOR('',#5940,1.);
#5940 = DIRECTION('',(0.,0.,1.));
#5941 = ADVANCED_FACE('',(#5942),#5960,.T.);
#5942 = FACE_BOUND('',#5943,.T.);
#5943 = EDGE_LOOP('',(#5944,#5945,#5953,#5959));
#5944 = ORIENTED_EDGE('',*,*,#1125,.T.);
#5945 = ORIENTED_EDGE('',*,*,#5946,.T.);
#5946 = EDGE_CURVE('',#1109,#5947,#5949,.T.);
#5947 = VERTEX_POINT('',#5948);
#5948 = CARTESIAN_POINT('',(-15.60945075757,13.621297348485,4.2));
#5949 = LINE('',#5950,#5951);
#5950 = CARTESIAN_POINT('',(-15.60945075757,13.621297348485,4.7));
#5951 = VECTOR('',#5952,1.);
#5952 = DIRECTION('',(-0.,-0.,-1.));
#5953 = ORIENTED_EDGE('',*,*,#5954,.T.);
#5954 = EDGE_CURVE('',#5947,#5921,#5955,.T.);
#5955 = B_SPLINE_CURVE_WITH_KNOTS('',2,(#5956,#5957,#5958),
  .UNSPECIFIED.,.F.,.F.,(3,3),(0.,1.),.PIECEWISE_BEZIER_KNOTS.);
#5956 = CARTESIAN_POINT('',(-15.60945075757,13.621297348485,4.2));
#5957 = CARTESIAN_POINT('',(-15.17076704545,13.965757575758,4.2));
#5958 = CARTESIAN_POINT('',(-14.4818465909,13.965757575758,4.2));
#5959 = ORIENTED_EDGE('',*,*,#5920,.F.);
#5960 = SURFACE_OF_LINEAR_EXTRUSION('',#5961,#5965);
#5961 = B_SPLINE_CURVE_WITH_KNOTS('',2,(#5962,#5963,#5964),
  .UNSPECIFIED.,.F.,.F.,(3,3),(0.,1.),.PIECEWISE_BEZIER_KNOTS.);
#5962 = CARTESIAN_POINT('',(-15.60945075757,13.621297348485,4.7));
#5963 = CARTESIAN_POINT('',(-15.17076704545,13.965757575758,4.7));
#5964 = CARTESIAN_POINT('',(-14.4818465909,13.965757575758,4.7));
#5965 = VECTOR('',#5966,1.);
#5966 = DIRECTION('',(0.,0.,1.));
#5967 = ADVANCED_FACE('',(#5968),#5986,.T.);
#5968 = FACE_BOUND('',#5969,.T.);
#5969 = EDGE_LOOP('',(#5970,#5971,#5979,#5985));
#5970 = ORIENTED_EDGE('',*,*,#1108,.T.);
#5971 = ORIENTED_EDGE('',*,*,#5972,.T.);
#5972 = EDGE_CURVE('',#1101,#5973,#5975,.T.);
#5973 = VERTEX_POINT('',#5974);
#5974 = CARTESIAN_POINT('',(-16.11892045454,12.662490530303,4.2));
#5975 = LINE('',#5976,#5977);
#5976 = CARTESIAN_POINT('',(-16.11892045454,12.662490530303,4.7));
#5977 = VECTOR('',#5978,1.);
#5978 = DIRECTION('',(-0.,-0.,-1.));
#5979 = ORIENTED_EDGE('',*,*,#5980,.T.);
#5980 = EDGE_CURVE('',#5973,#5947,#5981,.T.);
#5981 = B_SPLINE_CURVE_WITH_KNOTS('',2,(#5982,#5983,#5984),
  .UNSPECIFIED.,.F.,.F.,(3,3),(0.,1.),.PIECEWISE_BEZIER_KNOTS.);
#5982 = CARTESIAN_POINT('',(-16.11892045454,12.662490530303,4.2));
#5983 = CARTESIAN_POINT('',(-16.04789772727,13.276837121212,4.2));
#5984 = CARTESIAN_POINT('',(-15.60945075757,13.621297348485,4.2));
#5985 = ORIENTED_EDGE('',*,*,#5946,.F.);
#5986 = SURFACE_OF_LINEAR_EXTRUSION('',#5987,#5991);
#5987 = B_SPLINE_CURVE_WITH_KNOTS('',2,(#5988,#5989,#5990),
  .UNSPECIFIED.,.F.,.F.,(3,3),(0.,1.),.PIECEWISE_BEZIER_KNOTS.);
#5988 = CARTESIAN_POINT('',(-16.11892045454,12.662490530303,4.7));
#5989 = CARTESIAN_POINT('',(-16.04789772727,13.276837121212,4.7));
#5990 = CARTESIAN_POINT('',(-15.60945075757,13.621297348485,4.7));
#5991 = VECTOR('',#5992,1.);
#5992 = DIRECTION('',(0.,0.,1.));
#5993 = ADVANCED_FACE('',(#5994),#6012,.T.);
#5994 = FACE_BOUND('',#5995,.T.);
#5995 = EDGE_LOOP('',(#5996,#5997,#6005,#6011));
#5996 = ORIENTED_EDGE('',*,*,#1100,.F.);
#5997 = ORIENTED_EDGE('',*,*,#5998,.T.);
#5998 = EDGE_CURVE('',#1084,#5999,#6001,.T.);
#5999 = VERTEX_POINT('',#6000);
#6000 = CARTESIAN_POINT('',(-15.47616477272,12.612774621212,4.2));
#6001 = LINE('',#6002,#6003);
#6002 = CARTESIAN_POINT('',(-15.47616477272,12.612774621212,4.7));
#6003 = VECTOR('',#6004,1.);
#6004 = DIRECTION('',(-0.,-0.,-1.));
#6005 = ORIENTED_EDGE('',*,*,#6006,.T.);
#6006 = EDGE_CURVE('',#5999,#5973,#6007,.T.);
#6007 = LINE('',#6008,#6009);
#6008 = CARTESIAN_POINT('',(-15.47616477272,12.612774621212,4.2));
#6009 = VECTOR('',#6010,1.);
#6010 = DIRECTION('',(-0.997021994117,7.711772330186E-02,0.));
#6011 = ORIENTED_EDGE('',*,*,#5972,.F.);
#6012 = PLANE('',#6013);
#6013 = AXIS2_PLACEMENT_3D('',#6014,#6015,#6016);
#6014 = CARTESIAN_POINT('',(-15.47616477272,12.612774621212,4.7));
#6015 = DIRECTION('',(7.711772330186E-02,0.997021994117,0.));
#6016 = DIRECTION('',(-0.997021994117,7.711772330186E-02,0.));
#6017 = ADVANCED_FACE('',(#6018),#6036,.T.);
#6018 = FACE_BOUND('',#6019,.T.);
#6019 = EDGE_LOOP('',(#6020,#6021,#6029,#6035));
#6020 = ORIENTED_EDGE('',*,*,#1083,.T.);
#6021 = ORIENTED_EDGE('',*,*,#6022,.T.);
#6022 = EDGE_CURVE('',#1065,#6023,#6025,.T.);
#6023 = VERTEX_POINT('',#6024);
#6024 = CARTESIAN_POINT('',(-15.17266098484,13.223570075758,4.2));
#6025 = LINE('',#6026,#6027);
#6026 = CARTESIAN_POINT('',(-15.17266098484,13.223570075758,4.7));
#6027 = VECTOR('',#6028,1.);
#6028 = DIRECTION('',(-0.,-0.,-1.));
#6029 = ORIENTED_EDGE('',*,*,#6030,.T.);
#6030 = EDGE_CURVE('',#6023,#5999,#6031,.T.);
#6031 = B_SPLINE_CURVE_WITH_KNOTS('',2,(#6032,#6033,#6034),
  .UNSPECIFIED.,.F.,.F.,(3,3),(0.,1.),.PIECEWISE_BEZIER_KNOTS.);
#6032 = CARTESIAN_POINT('',(-15.17266098484,13.223570075758,4.2));
#6033 = CARTESIAN_POINT('',(-15.43355113636,13.006950757576,4.2));
#6034 = CARTESIAN_POINT('',(-15.47616477272,12.612774621212,4.2));
#6035 = ORIENTED_EDGE('',*,*,#5998,.F.);
#6036 = SURFACE_OF_LINEAR_EXTRUSION('',#6037,#6041);
#6037 = B_SPLINE_CURVE_WITH_KNOTS('',2,(#6038,#6039,#6040),
  .UNSPECIFIED.,.F.,.F.,(3,3),(0.,1.),.PIECEWISE_BEZIER_KNOTS.);
#6038 = CARTESIAN_POINT('',(-15.17266098484,13.223570075758,4.7));
#6039 = CARTESIAN_POINT('',(-15.43355113636,13.006950757576,4.7));
#6040 = CARTESIAN_POINT('',(-15.47616477272,12.612774621212,4.7));
#6041 = VECTOR('',#6042,1.);
#6042 = DIRECTION('',(0.,0.,1.));
#6043 = ADVANCED_FACE('',(#6044),#6062,.T.);
#6044 = FACE_BOUND('',#6045,.T.);
#6045 = EDGE_LOOP('',(#6046,#6047,#6055,#6061));
#6046 = ORIENTED_EDGE('',*,*,#1064,.T.);
#6047 = ORIENTED_EDGE('',*,*,#6048,.T.);
#6048 = EDGE_CURVE('',#1048,#6049,#6051,.T.);
#6049 = VERTEX_POINT('',#6050);
#6050 = CARTESIAN_POINT('',(-14.48894886363,13.440189393939,4.2));
#6051 = LINE('',#6052,#6053);
#6052 = CARTESIAN_POINT('',(-14.48894886363,13.440189393939,4.7));
#6053 = VECTOR('',#6054,1.);
#6054 = DIRECTION('',(-0.,-0.,-1.));
#6055 = ORIENTED_EDGE('',*,*,#6056,.T.);
#6056 = EDGE_CURVE('',#6049,#6023,#6057,.T.);
#6057 = B_SPLINE_CURVE_WITH_KNOTS('',2,(#6058,#6059,#6060),
  .UNSPECIFIED.,.F.,.F.,(3,3),(0.,1.),.PIECEWISE_BEZIER_KNOTS.);
#6058 = CARTESIAN_POINT('',(-14.48894886363,13.440189393939,4.2));
#6059 = CARTESIAN_POINT('',(-14.9115340909,13.440189393939,4.2));
#6060 = CARTESIAN_POINT('',(-15.17266098484,13.223570075758,4.2));
#6061 = ORIENTED_EDGE('',*,*,#6022,.F.);
#6062 = SURFACE_OF_LINEAR_EXTRUSION('',#6063,#6067);
#6063 = B_SPLINE_CURVE_WITH_KNOTS('',2,(#6064,#6065,#6066),
  .UNSPECIFIED.,.F.,.F.,(3,3),(0.,1.),.PIECEWISE_BEZIER_KNOTS.);
#6064 = CARTESIAN_POINT('',(-14.48894886363,13.440189393939,4.7));
#6065 = CARTESIAN_POINT('',(-14.9115340909,13.440189393939,4.7));
#6066 = CARTESIAN_POINT('',(-15.17266098484,13.223570075758,4.7));
#6067 = VECTOR('',#6068,1.);
#6068 = DIRECTION('',(0.,0.,1.));
#6069 = ADVANCED_FACE('',(#6070),#6088,.T.);
#6070 = FACE_BOUND('',#6071,.T.);
#6071 = EDGE_LOOP('',(#6072,#6073,#6081,#6087));
#6072 = ORIENTED_EDGE('',*,*,#1047,.T.);
#6073 = ORIENTED_EDGE('',*,*,#6074,.T.);
#6074 = EDGE_CURVE('',#1031,#6075,#6077,.T.);
#6075 = VERTEX_POINT('',#6076);
#6076 = CARTESIAN_POINT('',(-13.78771780303,13.207234848485,4.2));
#6077 = LINE('',#6078,#6079);
#6078 = CARTESIAN_POINT('',(-13.78771780303,13.207234848485,4.7));
#6079 = VECTOR('',#6080,1.);
#6080 = DIRECTION('',(-0.,-0.,-1.));
#6081 = ORIENTED_EDGE('',*,*,#6082,.T.);
#6082 = EDGE_CURVE('',#6075,#6049,#6083,.T.);
#6083 = B_SPLINE_CURVE_WITH_KNOTS('',2,(#6084,#6085,#6086),
  .UNSPECIFIED.,.F.,.F.,(3,3),(0.,1.),.PIECEWISE_BEZIER_KNOTS.);
#6084 = CARTESIAN_POINT('',(-13.78771780303,13.207234848485,4.2));
#6085 = CARTESIAN_POINT('',(-14.02375,13.440189393939,4.2));
#6086 = CARTESIAN_POINT('',(-14.48894886363,13.440189393939,4.2));
#6087 = ORIENTED_EDGE('',*,*,#6048,.F.);
#6088 = SURFACE_OF_LINEAR_EXTRUSION('',#6089,#6093);
#6089 = B_SPLINE_CURVE_WITH_KNOTS('',2,(#6090,#6091,#6092),
  .UNSPECIFIED.,.F.,.F.,(3,3),(0.,1.),.PIECEWISE_BEZIER_KNOTS.);
#6090 = CARTESIAN_POINT('',(-13.78771780303,13.207234848485,4.7));
#6091 = CARTESIAN_POINT('',(-14.02375,13.440189393939,4.7));
#6092 = CARTESIAN_POINT('',(-14.48894886363,13.440189393939,4.7));
#6093 = VECTOR('',#6094,1.);
#6094 = DIRECTION('',(0.,0.,1.));
#6095 = ADVANCED_FACE('',(#6096),#6114,.T.);
#6096 = FACE_BOUND('',#6097,.T.);
#6097 = EDGE_LOOP('',(#6098,#6099,#6107,#6113));
#6098 = ORIENTED_EDGE('',*,*,#1030,.T.);
#6099 = ORIENTED_EDGE('',*,*,#6100,.T.);
#6100 = EDGE_CURVE('',#1016,#6101,#6103,.T.);
#6101 = VERTEX_POINT('',#6102);
#6102 = CARTESIAN_POINT('',(-13.55144886363,12.572291666667,4.2));
#6103 = LINE('',#6104,#6105);
#6104 = CARTESIAN_POINT('',(-13.55144886363,12.572291666667,4.7));
#6105 = VECTOR('',#6106,1.);
#6106 = DIRECTION('',(-0.,-0.,-1.));
#6107 = ORIENTED_EDGE('',*,*,#6108,.T.);
#6108 = EDGE_CURVE('',#6101,#6075,#6109,.T.);
#6109 = B_SPLINE_CURVE_WITH_KNOTS('',2,(#6110,#6111,#6112),
  .UNSPECIFIED.,.F.,.F.,(3,3),(0.,1.),.PIECEWISE_BEZIER_KNOTS.);
#6110 = CARTESIAN_POINT('',(-13.55144886363,12.572291666667,4.2));
#6111 = CARTESIAN_POINT('',(-13.55144886363,12.97428030303,4.2));
#6112 = CARTESIAN_POINT('',(-13.78771780303,13.207234848485,4.2));
#6113 = ORIENTED_EDGE('',*,*,#6074,.F.);
#6114 = SURFACE_OF_LINEAR_EXTRUSION('',#6115,#6119);
#6115 = B_SPLINE_CURVE_WITH_KNOTS('',2,(#6116,#6117,#6118),
  .UNSPECIFIED.,.F.,.F.,(3,3),(0.,1.),.PIECEWISE_BEZIER_KNOTS.);
#6116 = CARTESIAN_POINT('',(-13.55144886363,12.572291666667,4.7));
#6117 = CARTESIAN_POINT('',(-13.55144886363,12.97428030303,4.7));
#6118 = CARTESIAN_POINT('',(-13.78771780303,13.207234848485,4.7));
#6119 = VECTOR('',#6120,1.);
#6120 = DIRECTION('',(0.,0.,1.));
#6121 = ADVANCED_FACE('',(#6122),#6140,.T.);
#6122 = FACE_BOUND('',#6123,.T.);
#6123 = EDGE_LOOP('',(#6124,#6125,#6133,#6139));
#6124 = ORIENTED_EDGE('',*,*,#1015,.T.);
#6125 = ORIENTED_EDGE('',*,*,#6126,.T.);
#6126 = EDGE_CURVE('',#999,#6127,#6129,.T.);
#6127 = VERTEX_POINT('',#6128);
#6128 = CARTESIAN_POINT('',(-13.84098484848,11.937585227273,4.2));
#6129 = LINE('',#6130,#6131);
#6130 = CARTESIAN_POINT('',(-13.84098484848,11.937585227273,4.7));
#6131 = VECTOR('',#6132,1.);
#6132 = DIRECTION('',(-0.,-0.,-1.));
#6133 = ORIENTED_EDGE('',*,*,#6134,.T.);
#6134 = EDGE_CURVE('',#6127,#6101,#6135,.T.);
#6135 = B_SPLINE_CURVE_WITH_KNOTS('',2,(#6136,#6137,#6138),
  .UNSPECIFIED.,.F.,.F.,(3,3),(0.,1.),.PIECEWISE_BEZIER_KNOTS.);
#6136 = CARTESIAN_POINT('',(-13.84098484848,11.937585227273,4.2));
#6137 = CARTESIAN_POINT('',(-13.55144886363,12.166988636364,4.2));
#6138 = CARTESIAN_POINT('',(-13.55144886363,12.572291666667,4.2));
#6139 = ORIENTED_EDGE('',*,*,#6100,.F.);
#6140 = SURFACE_OF_LINEAR_EXTRUSION('',#6141,#6145);
#6141 = B_SPLINE_CURVE_WITH_KNOTS('',2,(#6142,#6143,#6144),
  .UNSPECIFIED.,.F.,.F.,(3,3),(0.,1.),.PIECEWISE_BEZIER_KNOTS.);
#6142 = CARTESIAN_POINT('',(-13.84098484848,11.937585227273,4.7));
#6143 = CARTESIAN_POINT('',(-13.55144886363,12.166988636364,4.7));
#6144 = CARTESIAN_POINT('',(-13.55144886363,12.572291666667,4.7));
#6145 = VECTOR('',#6146,1.);
#6146 = DIRECTION('',(0.,0.,1.));
#6147 = ADVANCED_FACE('',(#6148),#6166,.T.);
#6148 = FACE_BOUND('',#6149,.T.);
#6149 = EDGE_LOOP('',(#6150,#6151,#6159,#6165));
#6150 = ORIENTED_EDGE('',*,*,#998,.T.);
#6151 = ORIENTED_EDGE('',*,*,#6152,.T.);
#6152 = EDGE_CURVE('',#991,#6153,#6155,.T.);
#6153 = VERTEX_POINT('',#6154);
#6154 = CARTESIAN_POINT('',(-14.65585227272,11.708181818182,4.2));
#6155 = LINE('',#6156,#6157);
#6156 = CARTESIAN_POINT('',(-14.65585227272,11.708181818182,4.7));
#6157 = VECTOR('',#6158,1.);
#6158 = DIRECTION('',(-0.,-0.,-1.));
#6159 = ORIENTED_EDGE('',*,*,#6160,.T.);
#6160 = EDGE_CURVE('',#6153,#6127,#6161,.T.);
#6161 = B_SPLINE_CURVE_WITH_KNOTS('',2,(#6162,#6163,#6164),
  .UNSPECIFIED.,.F.,.F.,(3,3),(0.,1.),.PIECEWISE_BEZIER_KNOTS.);
#6162 = CARTESIAN_POINT('',(-14.65585227272,11.708181818182,4.2));
#6163 = CARTESIAN_POINT('',(-14.1302840909,11.708181818182,4.2));
#6164 = CARTESIAN_POINT('',(-13.84098484848,11.937585227273,4.2));
#6165 = ORIENTED_EDGE('',*,*,#6126,.F.);
#6166 = SURFACE_OF_LINEAR_EXTRUSION('',#6167,#6171);
#6167 = B_SPLINE_CURVE_WITH_KNOTS('',2,(#6168,#6169,#6170),
  .UNSPECIFIED.,.F.,.F.,(3,3),(0.,1.),.PIECEWISE_BEZIER_KNOTS.);
#6168 = CARTESIAN_POINT('',(-14.65585227272,11.708181818182,4.7));
#6169 = CARTESIAN_POINT('',(-14.1302840909,11.708181818182,4.7));
#6170 = CARTESIAN_POINT('',(-13.84098484848,11.937585227273,4.7));
#6171 = VECTOR('',#6172,1.);
#6172 = DIRECTION('',(0.,0.,1.));
#6173 = ADVANCED_FACE('',(#6174),#6192,.T.);
#6174 = FACE_BOUND('',#6175,.T.);
#6175 = EDGE_LOOP('',(#6176,#6177,#6185,#6191));
#6176 = ORIENTED_EDGE('',*,*,#990,.F.);
#6177 = ORIENTED_EDGE('',*,*,#6178,.T.);
#6178 = EDGE_CURVE('',#983,#6179,#6181,.T.);
#6179 = VERTEX_POINT('',#6180);
#6180 = CARTESIAN_POINT('',(-15.00386363636,11.708181818182,4.2));
#6181 = LINE('',#6182,#6183);
#6182 = CARTESIAN_POINT('',(-15.00386363636,11.708181818182,4.7));
#6183 = VECTOR('',#6184,1.);
#6184 = DIRECTION('',(-0.,-0.,-1.));
#6185 = ORIENTED_EDGE('',*,*,#6186,.T.);
#6186 = EDGE_CURVE('',#6179,#6153,#6187,.T.);
#6187 = LINE('',#6188,#6189);
#6188 = CARTESIAN_POINT('',(-15.00386363636,11.708181818182,4.2));
#6189 = VECTOR('',#6190,1.);
#6190 = DIRECTION('',(1.,0.,0.));
#6191 = ORIENTED_EDGE('',*,*,#6152,.F.);
#6192 = PLANE('',#6193);
#6193 = AXIS2_PLACEMENT_3D('',#6194,#6195,#6196);
#6194 = CARTESIAN_POINT('',(-15.00386363636,11.708181818182,4.7));
#6195 = DIRECTION('',(0.,-1.,0.));
#6196 = DIRECTION('',(1.,0.,0.));
#6197 = ADVANCED_FACE('',(#6198),#6216,.T.);
#6198 = FACE_BOUND('',#6199,.T.);
#6199 = EDGE_LOOP('',(#6200,#6201,#6209,#6215));
#6200 = ORIENTED_EDGE('',*,*,#982,.F.);
#6201 = ORIENTED_EDGE('',*,*,#6202,.T.);
#6202 = EDGE_CURVE('',#975,#6203,#6205,.T.);
#6203 = VERTEX_POINT('',#6204);
#6204 = CARTESIAN_POINT('',(-15.00386363636,11.154204545455,4.2));
#6205 = LINE('',#6206,#6207);
#6206 = CARTESIAN_POINT('',(-15.00386363636,11.154204545455,4.7));
#6207 = VECTOR('',#6208,1.);
#6208 = DIRECTION('',(-0.,-0.,-1.));
#6209 = ORIENTED_EDGE('',*,*,#6210,.T.);
#6210 = EDGE_CURVE('',#6203,#6179,#6211,.T.);
#6211 = LINE('',#6212,#6213);
#6212 = CARTESIAN_POINT('',(-15.00386363636,11.154204545455,4.2));
#6213 = VECTOR('',#6214,1.);
#6214 = DIRECTION('',(0.,1.,0.));
#6215 = ORIENTED_EDGE('',*,*,#6178,.F.);
#6216 = PLANE('',#6217);
#6217 = AXIS2_PLACEMENT_3D('',#6218,#6219,#6220);
#6218 = CARTESIAN_POINT('',(-15.00386363636,11.154204545455,4.7));
#6219 = DIRECTION('',(1.,0.,0.));
#6220 = DIRECTION('',(0.,1.,0.));
#6221 = ADVANCED_FACE('',(#6222),#6240,.T.);
#6222 = FACE_BOUND('',#6223,.T.);
#6223 = EDGE_LOOP('',(#6224,#6225,#6233,#6239));
#6224 = ORIENTED_EDGE('',*,*,#974,.F.);
#6225 = ORIENTED_EDGE('',*,*,#6226,.T.);
#6226 = EDGE_CURVE('',#958,#6227,#6229,.T.);
#6227 = VERTEX_POINT('',#6228);
#6228 = CARTESIAN_POINT('',(-14.64164772727,11.154204545455,4.2));
#6229 = LINE('',#6230,#6231);
#6230 = CARTESIAN_POINT('',(-14.64164772727,11.154204545455,4.7));
#6231 = VECTOR('',#6232,1.);
#6232 = DIRECTION('',(-0.,-0.,-1.));
#6233 = ORIENTED_EDGE('',*,*,#6234,.T.);
#6234 = EDGE_CURVE('',#6227,#6203,#6235,.T.);
#6235 = LINE('',#6236,#6237);
#6236 = CARTESIAN_POINT('',(-14.64164772727,11.154204545455,4.2));
#6237 = VECTOR('',#6238,1.);
#6238 = DIRECTION('',(-1.,0.,0.));
#6239 = ORIENTED_EDGE('',*,*,#6202,.F.);
#6240 = PLANE('',#6241);
#6241 = AXIS2_PLACEMENT_3D('',#6242,#6243,#6244);
#6242 = CARTESIAN_POINT('',(-14.64164772727,11.154204545455,4.7));
#6243 = DIRECTION('',(0.,1.,0.));
#6244 = DIRECTION('',(-1.,0.,0.));
#6245 = ADVANCED_FACE('',(#6246),#6264,.T.);
#6246 = FACE_BOUND('',#6247,.T.);
#6247 = EDGE_LOOP('',(#6248,#6249,#6257,#6263));
#6248 = ORIENTED_EDGE('',*,*,#957,.T.);
#6249 = ORIENTED_EDGE('',*,*,#6250,.T.);
#6250 = EDGE_CURVE('',#943,#6251,#6253,.T.);
#6251 = VERTEX_POINT('',#6252);
#6252 = CARTESIAN_POINT('',(-13.73445075757,10.925037878788,4.2));
#6253 = LINE('',#6254,#6255);
#6254 = CARTESIAN_POINT('',(-13.73445075757,10.925037878788,4.7));
#6255 = VECTOR('',#6256,1.);
#6256 = DIRECTION('',(-0.,-0.,-1.));
#6257 = ORIENTED_EDGE('',*,*,#6258,.T.);
#6258 = EDGE_CURVE('',#6251,#6227,#6259,.T.);
#6259 = B_SPLINE_CURVE_WITH_KNOTS('',2,(#6260,#6261,#6262),
  .UNSPECIFIED.,.F.,.F.,(3,3),(0.,1.),.PIECEWISE_BEZIER_KNOTS.);
#6260 = CARTESIAN_POINT('',(-13.73445075757,10.925037878788,4.2));
#6261 = CARTESIAN_POINT('',(-14.04860795454,11.154204545455,4.2));
#6262 = CARTESIAN_POINT('',(-14.64164772727,11.154204545455,4.2));
#6263 = ORIENTED_EDGE('',*,*,#6226,.F.);
#6264 = SURFACE_OF_LINEAR_EXTRUSION('',#6265,#6269);
#6265 = B_SPLINE_CURVE_WITH_KNOTS('',2,(#6266,#6267,#6268),
  .UNSPECIFIED.,.F.,.F.,(3,3),(0.,1.),.PIECEWISE_BEZIER_KNOTS.);
#6266 = CARTESIAN_POINT('',(-13.73445075757,10.925037878788,4.7));
#6267 = CARTESIAN_POINT('',(-14.04860795454,11.154204545455,4.7));
#6268 = CARTESIAN_POINT('',(-14.64164772727,11.154204545455,4.7));
#6269 = VECTOR('',#6270,1.);
#6270 = DIRECTION('',(0.,0.,1.));
#6271 = ADVANCED_FACE('',(#6272),#6290,.T.);
#6272 = FACE_BOUND('',#6273,.T.);
#6273 = EDGE_LOOP('',(#6274,#6275,#6283,#6289));
#6274 = ORIENTED_EDGE('',*,*,#942,.T.);
#6275 = ORIENTED_EDGE('',*,*,#6276,.T.);
#6276 = EDGE_CURVE('',#926,#6277,#6279,.T.);
#6277 = VERTEX_POINT('',#6278);
#6278 = CARTESIAN_POINT('',(-13.42005681818,10.287727272727,4.2));
#6279 = LINE('',#6280,#6281);
#6280 = CARTESIAN_POINT('',(-13.42005681818,10.287727272727,4.7));
#6281 = VECTOR('',#6282,1.);
#6282 = DIRECTION('',(-0.,-0.,-1.));
#6283 = ORIENTED_EDGE('',*,*,#6284,.T.);
#6284 = EDGE_CURVE('',#6277,#6251,#6285,.T.);
#6285 = B_SPLINE_CURVE_WITH_KNOTS('',2,(#6286,#6287,#6288),
  .UNSPECIFIED.,.F.,.F.,(3,3),(0.,1.),.PIECEWISE_BEZIER_KNOTS.);
#6286 = CARTESIAN_POINT('',(-13.42005681818,10.287727272727,4.2));
#6287 = CARTESIAN_POINT('',(-13.42005681818,10.696107954545,4.2));
#6288 = CARTESIAN_POINT('',(-13.73445075757,10.925037878788,4.2));
#6289 = ORIENTED_EDGE('',*,*,#6250,.F.);
#6290 = SURFACE_OF_LINEAR_EXTRUSION('',#6291,#6295);
#6291 = B_SPLINE_CURVE_WITH_KNOTS('',2,(#6292,#6293,#6294),
  .UNSPECIFIED.,.F.,.F.,(3,3),(0.,1.),.PIECEWISE_BEZIER_KNOTS.);
#6292 = CARTESIAN_POINT('',(-13.42005681818,10.287727272727,4.7));
#6293 = CARTESIAN_POINT('',(-13.42005681818,10.696107954545,4.7));
#6294 = CARTESIAN_POINT('',(-13.73445075757,10.925037878788,4.7));
#6295 = VECTOR('',#6296,1.);
#6296 = DIRECTION('',(0.,0.,1.));
#6297 = ADVANCED_FACE('',(#6298),#6316,.T.);
#6298 = FACE_BOUND('',#6299,.T.);
#6299 = EDGE_LOOP('',(#6300,#6301,#6309,#6315));
#6300 = ORIENTED_EDGE('',*,*,#925,.T.);
#6301 = ORIENTED_EDGE('',*,*,#6302,.T.);
#6302 = EDGE_CURVE('',#911,#6303,#6305,.T.);
#6303 = VERTEX_POINT('',#6304);
#6304 = CARTESIAN_POINT('',(-13.69538825757,9.581287878788,4.2));
#6305 = LINE('',#6306,#6307);
#6306 = CARTESIAN_POINT('',(-13.69538825757,9.581287878788,4.7));
#6307 = VECTOR('',#6308,1.);
#6308 = DIRECTION('',(-0.,-0.,-1.));
#6309 = ORIENTED_EDGE('',*,*,#6310,.T.);
#6310 = EDGE_CURVE('',#6303,#6277,#6311,.T.);
#6311 = B_SPLINE_CURVE_WITH_KNOTS('',2,(#6312,#6313,#6314),
  .UNSPECIFIED.,.F.,.F.,(3,3),(0.,1.),.PIECEWISE_BEZIER_KNOTS.);
#6312 = CARTESIAN_POINT('',(-13.69538825757,9.581287878788,4.2));
#6313 = CARTESIAN_POINT('',(-13.42005681818,9.819214015152,4.2));
#6314 = CARTESIAN_POINT('',(-13.42005681818,10.287727272727,4.2));
#6315 = ORIENTED_EDGE('',*,*,#6276,.F.);
#6316 = SURFACE_OF_LINEAR_EXTRUSION('',#6317,#6321);
#6317 = B_SPLINE_CURVE_WITH_KNOTS('',2,(#6318,#6319,#6320),
  .UNSPECIFIED.,.F.,.F.,(3,3),(0.,1.),.PIECEWISE_BEZIER_KNOTS.);
#6318 = CARTESIAN_POINT('',(-13.69538825757,9.581287878788,4.7));
#6319 = CARTESIAN_POINT('',(-13.42005681818,9.819214015152,4.7));
#6320 = CARTESIAN_POINT('',(-13.42005681818,10.287727272727,4.7));
#6321 = VECTOR('',#6322,1.);
#6322 = DIRECTION('',(0.,0.,1.));
#6323 = ADVANCED_FACE('',(#6324),#6342,.T.);
#6324 = FACE_BOUND('',#6325,.T.);
#6325 = EDGE_LOOP('',(#6326,#6327,#6335,#6341));
#6326 = ORIENTED_EDGE('',*,*,#910,.T.);
#6327 = ORIENTED_EDGE('',*,*,#6328,.T.);
#6328 = EDGE_CURVE('',#880,#6329,#6331,.T.);
#6329 = VERTEX_POINT('',#6330);
#6330 = CARTESIAN_POINT('',(-14.4534375,9.343361742424,4.2));
#6331 = LINE('',#6332,#6333);
#6332 = CARTESIAN_POINT('',(-14.4534375,9.343361742424,4.7));
#6333 = VECTOR('',#6334,1.);
#6334 = DIRECTION('',(-0.,-0.,-1.));
#6335 = ORIENTED_EDGE('',*,*,#6336,.T.);
#6336 = EDGE_CURVE('',#6329,#6303,#6337,.T.);
#6337 = B_SPLINE_CURVE_WITH_KNOTS('',2,(#6338,#6339,#6340),
  .UNSPECIFIED.,.F.,.F.,(3,3),(0.,1.),.PIECEWISE_BEZIER_KNOTS.);
#6338 = CARTESIAN_POINT('',(-14.4534375,9.343361742424,4.2));
#6339 = CARTESIAN_POINT('',(-13.97048295454,9.343361742424,4.2));
#6340 = CARTESIAN_POINT('',(-13.69538825757,9.581287878788,4.2));
#6341 = ORIENTED_EDGE('',*,*,#6302,.F.);
#6342 = SURFACE_OF_LINEAR_EXTRUSION('',#6343,#6347);
#6343 = B_SPLINE_CURVE_WITH_KNOTS('',2,(#6344,#6345,#6346),
  .UNSPECIFIED.,.F.,.F.,(3,3),(0.,1.),.PIECEWISE_BEZIER_KNOTS.);
#6344 = CARTESIAN_POINT('',(-14.4534375,9.343361742424,4.7));
#6345 = CARTESIAN_POINT('',(-13.97048295454,9.343361742424,4.7));
#6346 = CARTESIAN_POINT('',(-13.69538825757,9.581287878788,4.7));
#6347 = VECTOR('',#6348,1.);
#6348 = DIRECTION('',(0.,0.,1.));
#6349 = ADVANCED_FACE('',(#6350),#6368,.T.);
#6350 = FACE_BOUND('',#6351,.T.);
#6351 = EDGE_LOOP('',(#6352,#6353,#6361,#6367));
#6352 = ORIENTED_EDGE('',*,*,#879,.T.);
#6353 = ORIENTED_EDGE('',*,*,#6354,.T.);
#6354 = EDGE_CURVE('',#872,#6355,#6357,.T.);
#6355 = VERTEX_POINT('',#6356);
#6356 = CARTESIAN_POINT('',(-15.54363636363,10.231145833333,4.2));
#6357 = LINE('',#6358,#6359);
#6358 = CARTESIAN_POINT('',(-15.54363636363,10.231145833333,4.7));
#6359 = VECTOR('',#6360,1.);
#6360 = DIRECTION('',(-0.,-0.,-1.));
#6361 = ORIENTED_EDGE('',*,*,#6362,.T.);
#6362 = EDGE_CURVE('',#6355,#6329,#6363,.T.);
#6363 = B_SPLINE_CURVE_WITH_KNOTS('',2,(#6364,#6365,#6366),
  .UNSPECIFIED.,.F.,.F.,(3,3),(0.,1.),.PIECEWISE_BEZIER_KNOTS.);
#6364 = CARTESIAN_POINT('',(-15.54363636363,10.231145833333,4.2));
#6365 = CARTESIAN_POINT('',(-15.41579545454,9.343361742424,4.2));
#6366 = CARTESIAN_POINT('',(-14.4534375,9.343361742424,4.2));
#6367 = ORIENTED_EDGE('',*,*,#6328,.F.);
#6368 = SURFACE_OF_LINEAR_EXTRUSION('',#6369,#6373);
#6369 = B_SPLINE_CURVE_WITH_KNOTS('',2,(#6370,#6371,#6372),
  .UNSPECIFIED.,.F.,.F.,(3,3),(0.,1.),.PIECEWISE_BEZIER_KNOTS.);
#6370 = CARTESIAN_POINT('',(-15.54363636363,10.231145833333,4.7));
#6371 = CARTESIAN_POINT('',(-15.41579545454,9.343361742424,4.7));
#6372 = CARTESIAN_POINT('',(-14.4534375,9.343361742424,4.7));
#6373 = VECTOR('',#6374,1.);
#6374 = DIRECTION('',(0.,0.,1.));
#6375 = ADVANCED_FACE('',(#6376),#6394,.T.);
#6376 = FACE_BOUND('',#6377,.T.);
#6377 = EDGE_LOOP('',(#6378,#6379,#6387,#6393));
#6378 = ORIENTED_EDGE('',*,*,#871,.F.);
#6379 = ORIENTED_EDGE('',*,*,#6380,.T.);
#6380 = EDGE_CURVE('',#853,#6381,#6383,.T.);
#6381 = VERTEX_POINT('',#6382);
#6382 = CARTESIAN_POINT('',(-16.20414772727,10.170776515152,4.2));
#6383 = LINE('',#6384,#6385);
#6384 = CARTESIAN_POINT('',(-16.20414772727,10.170776515152,4.7));
#6385 = VECTOR('',#6386,1.);
#6386 = DIRECTION('',(-0.,-0.,-1.));
#6387 = ORIENTED_EDGE('',*,*,#6388,.T.);
#6388 = EDGE_CURVE('',#6381,#6355,#6389,.T.);
#6389 = LINE('',#6390,#6391);
#6390 = CARTESIAN_POINT('',(-16.20414772727,10.170776515152,4.2));
#6391 = VECTOR('',#6392,1.);
#6392 = DIRECTION('',(0.995849203993,9.101847563376E-02,0.));
#6393 = ORIENTED_EDGE('',*,*,#6354,.F.);
#6394 = PLANE('',#6395);
#6395 = AXIS2_PLACEMENT_3D('',#6396,#6397,#6398);
#6396 = CARTESIAN_POINT('',(-16.20414772727,10.170776515152,4.7));
#6397 = DIRECTION('',(9.101847563376E-02,-0.995849203993,0.));
#6398 = DIRECTION('',(0.995849203993,9.101847563376E-02,0.));
#6399 = ADVANCED_FACE('',(#6400),#6418,.T.);
#6400 = FACE_BOUND('',#6401,.T.);
#6401 = EDGE_LOOP('',(#6402,#6403,#6411,#6417));
#6402 = ORIENTED_EDGE('',*,*,#852,.T.);
#6403 = ORIENTED_EDGE('',*,*,#6404,.T.);
#6404 = EDGE_CURVE('',#836,#6405,#6407,.T.);
#6405 = VERTEX_POINT('',#6406);
#6406 = CARTESIAN_POINT('',(-15.66626893939,9.156808712121,4.2));
#6407 = LINE('',#6408,#6409);
#6408 = CARTESIAN_POINT('',(-15.66626893939,9.156808712121,4.7));
#6409 = VECTOR('',#6410,1.);
#6410 = DIRECTION('',(-0.,-0.,-1.));
#6411 = ORIENTED_EDGE('',*,*,#6412,.T.);
#6412 = EDGE_CURVE('',#6405,#6381,#6413,.T.);
#6413 = B_SPLINE_CURVE_WITH_KNOTS('',2,(#6414,#6415,#6416),
  .UNSPECIFIED.,.F.,.F.,(3,3),(0.,1.),.PIECEWISE_BEZIER_KNOTS.);
#6414 = CARTESIAN_POINT('',(-15.66626893939,9.156808712121,4.2));
#6415 = CARTESIAN_POINT('',(-16.11892045454,9.499611742424,4.2));
#6416 = CARTESIAN_POINT('',(-16.20414772727,10.170776515152,4.2));
#6417 = ORIENTED_EDGE('',*,*,#6380,.F.);
#6418 = SURFACE_OF_LINEAR_EXTRUSION('',#6419,#6423);
#6419 = B_SPLINE_CURVE_WITH_KNOTS('',2,(#6420,#6421,#6422),
  .UNSPECIFIED.,.F.,.F.,(3,3),(0.,1.),.PIECEWISE_BEZIER_KNOTS.);
#6420 = CARTESIAN_POINT('',(-15.66626893939,9.156808712121,4.7));
#6421 = CARTESIAN_POINT('',(-16.11892045454,9.499611742424,4.7));
#6422 = CARTESIAN_POINT('',(-16.20414772727,10.170776515152,4.7));
#6423 = VECTOR('',#6424,1.);
#6424 = DIRECTION('',(0.,0.,1.));
#6425 = ADVANCED_FACE('',(#6426),#6444,.T.);
#6426 = FACE_BOUND('',#6427,.T.);
#6427 = EDGE_LOOP('',(#6428,#6429,#6437,#6443));
#6428 = ORIENTED_EDGE('',*,*,#835,.T.);
#6429 = ORIENTED_EDGE('',*,*,#6430,.T.);
#6430 = EDGE_CURVE('',#814,#6431,#6433,.T.);
#6431 = VERTEX_POINT('',#6432);
#6432 = CARTESIAN_POINT('',(-14.4534375,8.814242424242,4.2));
#6433 = LINE('',#6434,#6435);
#6434 = CARTESIAN_POINT('',(-14.4534375,8.814242424242,4.7));
#6435 = VECTOR('',#6436,1.);
#6436 = DIRECTION('',(-0.,-0.,-1.));
#6437 = ORIENTED_EDGE('',*,*,#6438,.T.);
#6438 = EDGE_CURVE('',#6431,#6405,#6439,.T.);
#6439 = B_SPLINE_CURVE_WITH_KNOTS('',2,(#6440,#6441,#6442),
  .UNSPECIFIED.,.F.,.F.,(3,3),(0.,1.),.PIECEWISE_BEZIER_KNOTS.);
#6440 = CARTESIAN_POINT('',(-14.4534375,8.814242424242,4.2));
#6441 = CARTESIAN_POINT('',(-15.21338068181,8.814242424242,4.2));
#6442 = CARTESIAN_POINT('',(-15.66626893939,9.156808712121,4.2));
#6443 = ORIENTED_EDGE('',*,*,#6404,.F.);
#6444 = SURFACE_OF_LINEAR_EXTRUSION('',#6445,#6449);
#6445 = B_SPLINE_CURVE_WITH_KNOTS('',2,(#6446,#6447,#6448),
  .UNSPECIFIED.,.F.,.F.,(3,3),(0.,1.),.PIECEWISE_BEZIER_KNOTS.);
#6446 = CARTESIAN_POINT('',(-14.4534375,8.814242424242,4.7));
#6447 = CARTESIAN_POINT('',(-15.21338068181,8.814242424242,4.7));
#6448 = CARTESIAN_POINT('',(-15.66626893939,9.156808712121,4.7));
#6449 = VECTOR('',#6450,1.);
#6450 = DIRECTION('',(0.,0.,1.));
#6451 = ADVANCED_FACE('',(#6452),#6463,.T.);
#6452 = FACE_BOUND('',#6453,.T.);
#6453 = EDGE_LOOP('',(#6454,#6455,#6456,#6462));
#6454 = ORIENTED_EDGE('',*,*,#813,.T.);
#6455 = ORIENTED_EDGE('',*,*,#5749,.T.);
#6456 = ORIENTED_EDGE('',*,*,#6457,.T.);
#6457 = EDGE_CURVE('',#5742,#6431,#6458,.T.);
#6458 = B_SPLINE_CURVE_WITH_KNOTS('',2,(#6459,#6460,#6461),
  .UNSPECIFIED.,.F.,.F.,(3,3),(0.,1.),.PIECEWISE_BEZIER_KNOTS.);
#6459 = CARTESIAN_POINT('',(-13.19633522727,9.194214015152,4.2));
#6460 = CARTESIAN_POINT('',(-13.63667613636,8.814242424242,4.2));
#6461 = CARTESIAN_POINT('',(-14.4534375,8.814242424242,4.2));
#6462 = ORIENTED_EDGE('',*,*,#6430,.F.);
#6463 = SURFACE_OF_LINEAR_EXTRUSION('',#6464,#6468);
#6464 = B_SPLINE_CURVE_WITH_KNOTS('',2,(#6465,#6466,#6467),
  .UNSPECIFIED.,.F.,.F.,(3,3),(0.,1.),.PIECEWISE_BEZIER_KNOTS.);
#6465 = CARTESIAN_POINT('',(-13.19633522727,9.194214015152,4.7));
#6466 = CARTESIAN_POINT('',(-13.63667613636,8.814242424242,4.7));
#6467 = CARTESIAN_POINT('',(-14.4534375,8.814242424242,4.7));
#6468 = VECTOR('',#6469,1.);
#6469 = DIRECTION('',(0.,0.,1.));
#6470 = ADVANCED_FACE('',(#6471),#6496,.T.);
#6471 = FACE_BOUND('',#6472,.T.);
#6472 = EDGE_LOOP('',(#6473,#6474,#6482,#6490));
#6473 = ORIENTED_EDGE('',*,*,#1250,.F.);
#6474 = ORIENTED_EDGE('',*,*,#6475,.T.);
#6475 = EDGE_CURVE('',#1251,#6476,#6478,.T.);
#6476 = VERTEX_POINT('',#6477);
#6477 = CARTESIAN_POINT('',(-8.756704545455,8.89,4.2));
#6478 = LINE('',#6479,#6480);
#6479 = CARTESIAN_POINT('',(-8.756704545455,8.89,4.7));
#6480 = VECTOR('',#6481,1.);
#6481 = DIRECTION('',(-0.,-0.,-1.));
#6482 = ORIENTED_EDGE('',*,*,#6483,.T.);
#6483 = EDGE_CURVE('',#6476,#6484,#6486,.T.);
#6484 = VERTEX_POINT('',#6485);
#6485 = CARTESIAN_POINT('',(-12.06991477272,8.89,4.2));
#6486 = LINE('',#6487,#6488);
#6487 = CARTESIAN_POINT('',(-8.756704545455,8.89,4.2));
#6488 = VECTOR('',#6489,1.);
#6489 = DIRECTION('',(-1.,0.,0.));
#6490 = ORIENTED_EDGE('',*,*,#6491,.F.);
#6491 = EDGE_CURVE('',#1253,#6484,#6492,.T.);
#6492 = LINE('',#6493,#6494);
#6493 = CARTESIAN_POINT('',(-12.06991477272,8.89,4.7));
#6494 = VECTOR('',#6495,1.);
#6495 = DIRECTION('',(-0.,-0.,-1.));
#6496 = PLANE('',#6497);
#6497 = AXIS2_PLACEMENT_3D('',#6498,#6499,#6500);
#6498 = CARTESIAN_POINT('',(-8.756704545455,8.89,4.7));
#6499 = DIRECTION('',(0.,1.,0.));
#6500 = DIRECTION('',(-1.,0.,0.));
#6501 = ADVANCED_FACE('',(#6502),#6520,.T.);
#6502 = FACE_BOUND('',#6503,.T.);
#6503 = EDGE_LOOP('',(#6504,#6505,#6513,#6519));
#6504 = ORIENTED_EDGE('',*,*,#1565,.F.);
#6505 = ORIENTED_EDGE('',*,*,#6506,.T.);
#6506 = EDGE_CURVE('',#1558,#6507,#6509,.T.);
#6507 = VERTEX_POINT('',#6508);
#6508 = CARTESIAN_POINT('',(-8.756704545455,9.433323863636,4.2));
#6509 = LINE('',#6510,#6511);
#6510 = CARTESIAN_POINT('',(-8.756704545455,9.433323863636,4.7));
#6511 = VECTOR('',#6512,1.);
#6512 = DIRECTION('',(-0.,-0.,-1.));
#6513 = ORIENTED_EDGE('',*,*,#6514,.T.);
#6514 = EDGE_CURVE('',#6507,#6476,#6515,.T.);
#6515 = LINE('',#6516,#6517);
#6516 = CARTESIAN_POINT('',(-8.756704545455,9.433323863636,4.2));
#6517 = VECTOR('',#6518,1.);
#6518 = DIRECTION('',(0.,-1.,0.));
#6519 = ORIENTED_EDGE('',*,*,#6475,.F.);
#6520 = PLANE('',#6521);
#6521 = AXIS2_PLACEMENT_3D('',#6522,#6523,#6524);
#6522 = CARTESIAN_POINT('',(-8.756704545455,9.433323863636,4.7));
#6523 = DIRECTION('',(-1.,0.,0.));
#6524 = DIRECTION('',(0.,-1.,0.));
#6525 = ADVANCED_FACE('',(#6526),#6544,.T.);
#6526 = FACE_BOUND('',#6527,.T.);
#6527 = EDGE_LOOP('',(#6528,#6529,#6537,#6543));
#6528 = ORIENTED_EDGE('',*,*,#1557,.F.);
#6529 = ORIENTED_EDGE('',*,*,#6530,.T.);
#6530 = EDGE_CURVE('',#1546,#6531,#6533,.T.);
#6531 = VERTEX_POINT('',#6532);
#6532 = CARTESIAN_POINT('',(-11.36678977272,9.433323863636,4.2));
#6533 = LINE('',#6534,#6535);
#6534 = CARTESIAN_POINT('',(-11.36678977272,9.433323863636,4.7));
#6535 = VECTOR('',#6536,1.);
#6536 = DIRECTION('',(-0.,-0.,-1.));
#6537 = ORIENTED_EDGE('',*,*,#6538,.T.);
#6538 = EDGE_CURVE('',#6531,#6507,#6539,.T.);
#6539 = LINE('',#6540,#6541);
#6540 = CARTESIAN_POINT('',(-11.36678977272,9.433323863636,4.2));
#6541 = VECTOR('',#6542,1.);
#6542 = DIRECTION('',(1.,0.,0.));
#6543 = ORIENTED_EDGE('',*,*,#6506,.F.);
#6544 = PLANE('',#6545);
#6545 = AXIS2_PLACEMENT_3D('',#6546,#6547,#6548);
#6546 = CARTESIAN_POINT('',(-11.36678977272,9.433323863636,4.7));
#6547 = DIRECTION('',(0.,-1.,0.));
#6548 = DIRECTION('',(1.,0.,0.));
#6549 = ADVANCED_FACE('',(#6550),#6568,.T.);
#6550 = FACE_BOUND('',#6551,.T.);
#6551 = EDGE_LOOP('',(#6552,#6553,#6561,#6567));
#6552 = ORIENTED_EDGE('',*,*,#1545,.T.);
#6553 = ORIENTED_EDGE('',*,*,#6554,.T.);
#6554 = EDGE_CURVE('',#1534,#6555,#6557,.T.);
#6555 = VERTEX_POINT('',#6556);
#6556 = CARTESIAN_POINT('',(-11.01877840909,9.949659090909,4.2));
#6557 = LINE('',#6558,#6559);
#6558 = CARTESIAN_POINT('',(-11.01877840909,9.949659090909,4.7));
#6559 = VECTOR('',#6560,1.);
#6560 = DIRECTION('',(-0.,-0.,-1.));
#6561 = ORIENTED_EDGE('',*,*,#6562,.T.);
#6562 = EDGE_CURVE('',#6555,#6531,#6563,.T.);
#6563 = B_SPLINE_CURVE_WITH_KNOTS('',2,(#6564,#6565,#6566),
  .UNSPECIFIED.,.F.,.F.,(3,3),(0.,1.),.PIECEWISE_BEZIER_KNOTS.);
#6564 = CARTESIAN_POINT('',(-11.01877840909,9.949659090909,4.2));
#6565 = CARTESIAN_POINT('',(-11.26025568181,9.681666666667,4.2));
#6566 = CARTESIAN_POINT('',(-11.36678977272,9.433323863636,4.2));
#6567 = ORIENTED_EDGE('',*,*,#6530,.F.);
#6568 = SURFACE_OF_LINEAR_EXTRUSION('',#6569,#6573);
#6569 = B_SPLINE_CURVE_WITH_KNOTS('',2,(#6570,#6571,#6572),
  .UNSPECIFIED.,.F.,.F.,(3,3),(0.,1.),.PIECEWISE_BEZIER_KNOTS.);
#6570 = CARTESIAN_POINT('',(-11.01877840909,9.949659090909,4.7));
#6571 = CARTESIAN_POINT('',(-11.26025568181,9.681666666667,4.7));
#6572 = CARTESIAN_POINT('',(-11.36678977272,9.433323863636,4.7));
#6573 = VECTOR('',#6574,1.);
#6574 = DIRECTION('',(0.,0.,1.));
#6575 = ADVANCED_FACE('',(#6576),#6594,.T.);
#6576 = FACE_BOUND('',#6577,.T.);
#6577 = EDGE_LOOP('',(#6578,#6579,#6587,#6593));
#6578 = ORIENTED_EDGE('',*,*,#1533,.T.);
#6579 = ORIENTED_EDGE('',*,*,#6580,.T.);
#6580 = EDGE_CURVE('',#1513,#6581,#6583,.T.);
#6581 = VERTEX_POINT('',#6582);
#6582 = CARTESIAN_POINT('',(-10.36892045454,10.551458333333,4.2));
#6583 = LINE('',#6584,#6585);
#6584 = CARTESIAN_POINT('',(-10.36892045454,10.551458333333,4.7));
#6585 = VECTOR('',#6586,1.);
#6586 = DIRECTION('',(-0.,-0.,-1.));
#6587 = ORIENTED_EDGE('',*,*,#6588,.T.);
#6588 = EDGE_CURVE('',#6581,#6555,#6589,.T.);
#6589 = B_SPLINE_CURVE_WITH_KNOTS('',2,(#6590,#6591,#6592),
  .UNSPECIFIED.,.F.,.F.,(3,3),(0.,1.),.PIECEWISE_BEZIER_KNOTS.);
#6590 = CARTESIAN_POINT('',(-10.36892045454,10.551458333333,4.2));
#6591 = CARTESIAN_POINT('',(-10.77730113636,10.217651515152,4.2));
#6592 = CARTESIAN_POINT('',(-11.01877840909,9.949659090909,4.2));
#6593 = ORIENTED_EDGE('',*,*,#6554,.F.);
#6594 = SURFACE_OF_LINEAR_EXTRUSION('',#6595,#6599);
#6595 = B_SPLINE_CURVE_WITH_KNOTS('',2,(#6596,#6597,#6598),
  .UNSPECIFIED.,.F.,.F.,(3,3),(0.,1.),.PIECEWISE_BEZIER_KNOTS.);
#6596 = CARTESIAN_POINT('',(-10.36892045454,10.551458333333,4.7));
#6597 = CARTESIAN_POINT('',(-10.77730113636,10.217651515152,4.7));
#6598 = CARTESIAN_POINT('',(-11.01877840909,9.949659090909,4.7));
#6599 = VECTOR('',#6600,1.);
#6600 = DIRECTION('',(0.,0.,1.));
#6601 = ADVANCED_FACE('',(#6602),#6620,.T.);
#6602 = FACE_BOUND('',#6603,.T.);
#6603 = EDGE_LOOP('',(#6604,#6605,#6613,#6619));
#6604 = ORIENTED_EDGE('',*,*,#1512,.T.);
#6605 = ORIENTED_EDGE('',*,*,#6606,.T.);
#6606 = EDGE_CURVE('',#1502,#6607,#6609,.T.);
#6607 = VERTEX_POINT('',#6608);
#6608 = CARTESIAN_POINT('',(-9.363948863636,11.442083333333,4.2));
#6609 = LINE('',#6610,#6611);
#6610 = CARTESIAN_POINT('',(-9.363948863636,11.442083333333,4.7));
#6611 = VECTOR('',#6612,1.);
#6612 = DIRECTION('',(-0.,-0.,-1.));
#6613 = ORIENTED_EDGE('',*,*,#6614,.T.);
#6614 = EDGE_CURVE('',#6607,#6581,#6615,.T.);
#6615 = B_SPLINE_CURVE_WITH_KNOTS('',2,(#6616,#6617,#6618),
  .UNSPECIFIED.,.F.,.F.,(3,3),(0.,1.),.PIECEWISE_BEZIER_KNOTS.);
#6616 = CARTESIAN_POINT('',(-9.363948863636,11.442083333333,4.2));
#6617 = CARTESIAN_POINT('',(-9.626732954545,11.154678030303,4.2));
#6618 = CARTESIAN_POINT('',(-10.36892045454,10.551458333333,4.2));
#6619 = ORIENTED_EDGE('',*,*,#6580,.F.);
#6620 = SURFACE_OF_LINEAR_EXTRUSION('',#6621,#6625);
#6621 = B_SPLINE_CURVE_WITH_KNOTS('',2,(#6622,#6623,#6624),
  .UNSPECIFIED.,.F.,.F.,(3,3),(0.,1.),.PIECEWISE_BEZIER_KNOTS.);
#6622 = CARTESIAN_POINT('',(-9.363948863636,11.442083333333,4.7));
#6623 = CARTESIAN_POINT('',(-9.626732954545,11.154678030303,4.7));
#6624 = CARTESIAN_POINT('',(-10.36892045454,10.551458333333,4.7));
#6625 = VECTOR('',#6626,1.);
#6626 = DIRECTION('',(0.,0.,1.));
#6627 = ADVANCED_FACE('',(#6628),#6646,.T.);
#6628 = FACE_BOUND('',#6629,.T.);
#6629 = EDGE_LOOP('',(#6630,#6631,#6639,#6645));
#6630 = ORIENTED_EDGE('',*,*,#1501,.T.);
#6631 = ORIENTED_EDGE('',*,*,#6632,.T.);
#6632 = EDGE_CURVE('',#1491,#6633,#6635,.T.);
#6633 = VERTEX_POINT('',#6634);
#6634 = CARTESIAN_POINT('',(-8.968115530303,12.017130681818,4.2));
#6635 = LINE('',#6636,#6637);
#6636 = CARTESIAN_POINT('',(-8.968115530303,12.017130681818,4.7));
#6637 = VECTOR('',#6638,1.);
#6638 = DIRECTION('',(-0.,-0.,-1.));
#6639 = ORIENTED_EDGE('',*,*,#6640,.T.);
#6640 = EDGE_CURVE('',#6633,#6607,#6641,.T.);
#6641 = B_SPLINE_CURVE_WITH_KNOTS('',2,(#6642,#6643,#6644),
  .UNSPECIFIED.,.F.,.F.,(3,3),(0.,1.),.PIECEWISE_BEZIER_KNOTS.);
#6642 = CARTESIAN_POINT('',(-8.968115530303,12.017130681818,4.2));
#6643 = CARTESIAN_POINT('',(-9.101164772727,11.729725378788,4.2));
#6644 = CARTESIAN_POINT('',(-9.363948863636,11.442083333333,4.2));
#6645 = ORIENTED_EDGE('',*,*,#6606,.F.);
#6646 = SURFACE_OF_LINEAR_EXTRUSION('',#6647,#6651);
#6647 = B_SPLINE_CURVE_WITH_KNOTS('',2,(#6648,#6649,#6650),
  .UNSPECIFIED.,.F.,.F.,(3,3),(0.,1.),.PIECEWISE_BEZIER_KNOTS.);
#6648 = CARTESIAN_POINT('',(-8.968115530303,12.017130681818,4.7));
#6649 = CARTESIAN_POINT('',(-9.101164772727,11.729725378788,4.7));
#6650 = CARTESIAN_POINT('',(-9.363948863636,11.442083333333,4.7));
#6651 = VECTOR('',#6652,1.);
#6652 = DIRECTION('',(0.,0.,1.));
#6653 = ADVANCED_FACE('',(#6654),#6672,.T.);
#6654 = FACE_BOUND('',#6655,.T.);
#6655 = EDGE_LOOP('',(#6656,#6657,#6665,#6671));
#6656 = ORIENTED_EDGE('',*,*,#1490,.T.);
#6657 = ORIENTED_EDGE('',*,*,#6658,.T.);
#6658 = EDGE_CURVE('',#1472,#6659,#6661,.T.);
#6659 = VERTEX_POINT('',#6660);
#6660 = CARTESIAN_POINT('',(-8.834829545455,12.595729166667,4.2));
#6661 = LINE('',#6662,#6663);
#6662 = CARTESIAN_POINT('',(-8.834829545455,12.595729166667,4.7));
#6663 = VECTOR('',#6664,1.);
#6664 = DIRECTION('',(-0.,-0.,-1.));
#6665 = ORIENTED_EDGE('',*,*,#6666,.T.);
#6666 = EDGE_CURVE('',#6659,#6633,#6667,.T.);
#6667 = B_SPLINE_CURVE_WITH_KNOTS('',2,(#6668,#6669,#6670),
  .UNSPECIFIED.,.F.,.F.,(3,3),(0.,1.),.PIECEWISE_BEZIER_KNOTS.);
#6668 = CARTESIAN_POINT('',(-8.834829545455,12.595729166667,4.2));
#6669 = CARTESIAN_POINT('',(-8.834829545455,12.304772727273,4.2));
#6670 = CARTESIAN_POINT('',(-8.968115530303,12.017130681818,4.2));
#6671 = ORIENTED_EDGE('',*,*,#6632,.F.);
#6672 = SURFACE_OF_LINEAR_EXTRUSION('',#6673,#6677);
#6673 = B_SPLINE_CURVE_WITH_KNOTS('',2,(#6674,#6675,#6676),
  .UNSPECIFIED.,.F.,.F.,(3,3),(0.,1.),.PIECEWISE_BEZIER_KNOTS.);
#6674 = CARTESIAN_POINT('',(-8.834829545455,12.595729166667,4.7));
#6675 = CARTESIAN_POINT('',(-8.834829545455,12.304772727273,4.7));
#6676 = CARTESIAN_POINT('',(-8.968115530303,12.017130681818,4.7));
#6677 = VECTOR('',#6678,1.);
#6678 = DIRECTION('',(0.,0.,1.));
#6679 = ADVANCED_FACE('',(#6680),#6698,.T.);
#6680 = FACE_BOUND('',#6681,.T.);
#6681 = EDGE_LOOP('',(#6682,#6683,#6691,#6697));
#6682 = ORIENTED_EDGE('',*,*,#1471,.T.);
#6683 = ORIENTED_EDGE('',*,*,#6684,.T.);
#6684 = EDGE_CURVE('',#1455,#6685,#6687,.T.);
#6685 = VERTEX_POINT('',#6686);
#6686 = CARTESIAN_POINT('',(-9.241553030303,13.608986742424,4.2));
#6687 = LINE('',#6688,#6689);
#6688 = CARTESIAN_POINT('',(-9.241553030303,13.608986742424,4.7));
#6689 = VECTOR('',#6690,1.);
#6690 = DIRECTION('',(-0.,-0.,-1.));
#6691 = ORIENTED_EDGE('',*,*,#6692,.T.);
#6692 = EDGE_CURVE('',#6685,#6659,#6693,.T.);
#6693 = B_SPLINE_CURVE_WITH_KNOTS('',2,(#6694,#6695,#6696),
  .UNSPECIFIED.,.F.,.F.,(3,3),(0.,1.),.PIECEWISE_BEZIER_KNOTS.);
#6694 = CARTESIAN_POINT('',(-9.241553030303,13.608986742424,4.2));
#6695 = CARTESIAN_POINT('',(-8.834829545455,13.252452651515,4.2));
#6696 = CARTESIAN_POINT('',(-8.834829545455,12.595729166667,4.2));
#6697 = ORIENTED_EDGE('',*,*,#6658,.F.);
#6698 = SURFACE_OF_LINEAR_EXTRUSION('',#6699,#6703);
#6699 = B_SPLINE_CURVE_WITH_KNOTS('',2,(#6700,#6701,#6702),
  .UNSPECIFIED.,.F.,.F.,(3,3),(0.,1.),.PIECEWISE_BEZIER_KNOTS.);
#6700 = CARTESIAN_POINT('',(-9.241553030303,13.608986742424,4.7));
#6701 = CARTESIAN_POINT('',(-8.834829545455,13.252452651515,4.7));
#6702 = CARTESIAN_POINT('',(-8.834829545455,12.595729166667,4.7));
#6703 = VECTOR('',#6704,1.);
#6704 = DIRECTION('',(0.,0.,1.));
#6705 = ADVANCED_FACE('',(#6706),#6724,.T.);
#6706 = FACE_BOUND('',#6707,.T.);
#6707 = EDGE_LOOP('',(#6708,#6709,#6717,#6723));
#6708 = ORIENTED_EDGE('',*,*,#1454,.T.);
#6709 = ORIENTED_EDGE('',*,*,#6710,.T.);
#6710 = EDGE_CURVE('',#1433,#6711,#6713,.T.);
#6711 = VERTEX_POINT('',#6712);
#6712 = CARTESIAN_POINT('',(-10.40443181818,13.965757575758,4.2));
#6713 = LINE('',#6714,#6715);
#6714 = CARTESIAN_POINT('',(-10.40443181818,13.965757575758,4.7));
#6715 = VECTOR('',#6716,1.);
#6716 = DIRECTION('',(-0.,-0.,-1.));
#6717 = ORIENTED_EDGE('',*,*,#6718,.T.);
#6718 = EDGE_CURVE('',#6711,#6685,#6719,.T.);
#6719 = B_SPLINE_CURVE_WITH_KNOTS('',2,(#6720,#6721,#6722),
  .UNSPECIFIED.,.F.,.F.,(3,3),(0.,1.),.PIECEWISE_BEZIER_KNOTS.);
#6720 = CARTESIAN_POINT('',(-10.40443181818,13.965757575758,4.2));
#6721 = CARTESIAN_POINT('',(-9.648039772727,13.965757575758,4.2));
#6722 = CARTESIAN_POINT('',(-9.241553030303,13.608986742424,4.2));
#6723 = ORIENTED_EDGE('',*,*,#6684,.F.);
#6724 = SURFACE_OF_LINEAR_EXTRUSION('',#6725,#6729);
#6725 = B_SPLINE_CURVE_WITH_KNOTS('',2,(#6726,#6727,#6728),
  .UNSPECIFIED.,.F.,.F.,(3,3),(0.,1.),.PIECEWISE_BEZIER_KNOTS.);
#6726 = CARTESIAN_POINT('',(-10.40443181818,13.965757575758,4.7));
#6727 = CARTESIAN_POINT('',(-9.648039772727,13.965757575758,4.7));
#6728 = CARTESIAN_POINT('',(-9.241553030303,13.608986742424,4.7));
#6729 = VECTOR('',#6730,1.);
#6730 = DIRECTION('',(0.,0.,1.));
#6731 = ADVANCED_FACE('',(#6732),#6750,.T.);
#6732 = FACE_BOUND('',#6733,.T.);
#6733 = EDGE_LOOP('',(#6734,#6735,#6743,#6749));
#6734 = ORIENTED_EDGE('',*,*,#1432,.T.);
#6735 = ORIENTED_EDGE('',*,*,#6736,.T.);
#6736 = EDGE_CURVE('',#1416,#6737,#6739,.T.);
#6737 = VERTEX_POINT('',#6738);
#6738 = CARTESIAN_POINT('',(-11.53203598484,13.610643939394,4.2));
#6739 = LINE('',#6740,#6741);
#6740 = CARTESIAN_POINT('',(-11.53203598484,13.610643939394,4.7));
#6741 = VECTOR('',#6742,1.);
#6742 = DIRECTION('',(-0.,-0.,-1.));
#6743 = ORIENTED_EDGE('',*,*,#6744,.T.);
#6744 = EDGE_CURVE('',#6737,#6711,#6745,.T.);
#6745 = B_SPLINE_CURVE_WITH_KNOTS('',2,(#6746,#6747,#6748),
  .UNSPECIFIED.,.F.,.F.,(3,3),(0.,1.),.PIECEWISE_BEZIER_KNOTS.);
#6746 = CARTESIAN_POINT('',(-11.53203598484,13.610643939394,4.2));
#6747 = CARTESIAN_POINT('',(-11.09335227272,13.965757575758,4.2));
#6748 = CARTESIAN_POINT('',(-10.40443181818,13.965757575758,4.2));
#6749 = ORIENTED_EDGE('',*,*,#6710,.F.);
#6750 = SURFACE_OF_LINEAR_EXTRUSION('',#6751,#6755);
#6751 = B_SPLINE_CURVE_WITH_KNOTS('',2,(#6752,#6753,#6754),
  .UNSPECIFIED.,.F.,.F.,(3,3),(0.,1.),.PIECEWISE_BEZIER_KNOTS.);
#6752 = CARTESIAN_POINT('',(-11.53203598484,13.610643939394,4.7));
#6753 = CARTESIAN_POINT('',(-11.09335227272,13.965757575758,4.7));
#6754 = CARTESIAN_POINT('',(-10.40443181818,13.965757575758,4.7));
#6755 = VECTOR('',#6756,1.);
#6756 = DIRECTION('',(0.,0.,1.));
#6757 = ADVANCED_FACE('',(#6758),#6776,.T.);
#6758 = FACE_BOUND('',#6759,.T.);
#6759 = EDGE_LOOP('',(#6760,#6761,#6769,#6775));
#6760 = ORIENTED_EDGE('',*,*,#1415,.T.);
#6761 = ORIENTED_EDGE('',*,*,#6762,.T.);
#6762 = EDGE_CURVE('',#1408,#6763,#6765,.T.);
#6763 = VERTEX_POINT('',#6764);
#6764 = CARTESIAN_POINT('',(-12.04150568181,12.655388257576,4.2));
#6765 = LINE('',#6766,#6767);
#6766 = CARTESIAN_POINT('',(-12.04150568181,12.655388257576,4.7));
#6767 = VECTOR('',#6768,1.);
#6768 = DIRECTION('',(-0.,-0.,-1.));
#6769 = ORIENTED_EDGE('',*,*,#6770,.T.);
#6770 = EDGE_CURVE('',#6763,#6737,#6771,.T.);
#6771 = B_SPLINE_CURVE_WITH_KNOTS('',2,(#6772,#6773,#6774),
  .UNSPECIFIED.,.F.,.F.,(3,3),(0.,1.),.PIECEWISE_BEZIER_KNOTS.);
#6772 = CARTESIAN_POINT('',(-12.04150568181,12.655388257576,4.2));
#6773 = CARTESIAN_POINT('',(-11.97048295454,13.25553030303,4.2));
#6774 = CARTESIAN_POINT('',(-11.53203598484,13.610643939394,4.2));
#6775 = ORIENTED_EDGE('',*,*,#6736,.F.);
#6776 = SURFACE_OF_LINEAR_EXTRUSION('',#6777,#6781);
#6777 = B_SPLINE_CURVE_WITH_KNOTS('',2,(#6778,#6779,#6780),
  .UNSPECIFIED.,.F.,.F.,(3,3),(0.,1.),.PIECEWISE_BEZIER_KNOTS.);
#6778 = CARTESIAN_POINT('',(-12.04150568181,12.655388257576,4.7));
#6779 = CARTESIAN_POINT('',(-11.97048295454,13.25553030303,4.7));
#6780 = CARTESIAN_POINT('',(-11.53203598484,13.610643939394,4.7));
#6781 = VECTOR('',#6782,1.);
#6782 = DIRECTION('',(0.,0.,1.));
#6783 = ADVANCED_FACE('',(#6784),#6802,.T.);
#6784 = FACE_BOUND('',#6785,.T.);
#6785 = EDGE_LOOP('',(#6786,#6787,#6795,#6801));
#6786 = ORIENTED_EDGE('',*,*,#1407,.F.);
#6787 = ORIENTED_EDGE('',*,*,#6788,.T.);
#6788 = EDGE_CURVE('',#1391,#6789,#6791,.T.);
#6789 = VERTEX_POINT('',#6790);
#6790 = CARTESIAN_POINT('',(-11.3880965909,12.595018939394,4.2));
#6791 = LINE('',#6792,#6793);
#6792 = CARTESIAN_POINT('',(-11.3880965909,12.595018939394,4.7));
#6793 = VECTOR('',#6794,1.);
#6794 = DIRECTION('',(-0.,-0.,-1.));
#6795 = ORIENTED_EDGE('',*,*,#6796,.T.);
#6796 = EDGE_CURVE('',#6789,#6763,#6797,.T.);
#6797 = LINE('',#6798,#6799);
#6798 = CARTESIAN_POINT('',(-11.3880965909,12.595018939394,4.2));
#6799 = VECTOR('',#6800,1.);
#6800 = DIRECTION('',(-0.995759055224,9.199947792832E-02,0.));
#6801 = ORIENTED_EDGE('',*,*,#6762,.F.);
#6802 = PLANE('',#6803);
#6803 = AXIS2_PLACEMENT_3D('',#6804,#6805,#6806);
#6804 = CARTESIAN_POINT('',(-11.3880965909,12.595018939394,4.7));
#6805 = DIRECTION('',(9.199947792832E-02,0.995759055224,0.));
#6806 = DIRECTION('',(-0.995759055224,9.199947792832E-02,0.));
#6807 = ADVANCED_FACE('',(#6808),#6826,.T.);
#6808 = FACE_BOUND('',#6809,.T.);
#6809 = EDGE_LOOP('',(#6810,#6811,#6819,#6825));
#6810 = ORIENTED_EDGE('',*,*,#1390,.T.);
#6811 = ORIENTED_EDGE('',*,*,#6812,.T.);
#6812 = EDGE_CURVE('',#1374,#6813,#6815,.T.);
#6813 = VERTEX_POINT('',#6814);
#6814 = CARTESIAN_POINT('',(-11.0774905303,13.218125,4.2));
#6815 = LINE('',#6816,#6817);
#6816 = CARTESIAN_POINT('',(-11.0774905303,13.218125,4.7));
#6817 = VECTOR('',#6818,1.);
#6818 = DIRECTION('',(-0.,-0.,-1.));
#6819 = ORIENTED_EDGE('',*,*,#6820,.T.);
#6820 = EDGE_CURVE('',#6813,#6789,#6821,.T.);
#6821 = B_SPLINE_CURVE_WITH_KNOTS('',2,(#6822,#6823,#6824),
  .UNSPECIFIED.,.F.,.F.,(3,3),(0.,1.),.PIECEWISE_BEZIER_KNOTS.);
#6822 = CARTESIAN_POINT('',(-11.0774905303,13.218125,4.2));
#6823 = CARTESIAN_POINT('',(-11.34193181818,12.996297348485,4.2));
#6824 = CARTESIAN_POINT('',(-11.3880965909,12.595018939394,4.2));
#6825 = ORIENTED_EDGE('',*,*,#6788,.F.);
#6826 = SURFACE_OF_LINEAR_EXTRUSION('',#6827,#6831);
#6827 = B_SPLINE_CURVE_WITH_KNOTS('',2,(#6828,#6829,#6830),
  .UNSPECIFIED.,.F.,.F.,(3,3),(0.,1.),.PIECEWISE_BEZIER_KNOTS.);
#6828 = CARTESIAN_POINT('',(-11.0774905303,13.218125,4.7));
#6829 = CARTESIAN_POINT('',(-11.34193181818,12.996297348485,4.7));
#6830 = CARTESIAN_POINT('',(-11.3880965909,12.595018939394,4.7));
#6831 = VECTOR('',#6832,1.);
#6832 = DIRECTION('',(0.,0.,1.));
#6833 = ADVANCED_FACE('',(#6834),#6852,.T.);
#6834 = FACE_BOUND('',#6835,.T.);
#6835 = EDGE_LOOP('',(#6836,#6837,#6845,#6851));
#6836 = ORIENTED_EDGE('',*,*,#1373,.T.);
#6837 = ORIENTED_EDGE('',*,*,#6838,.T.);
#6838 = EDGE_CURVE('',#1355,#6839,#6841,.T.);
#6839 = VERTEX_POINT('',#6840);
#6840 = CARTESIAN_POINT('',(-10.40443181818,13.440189393939,4.2));
#6841 = LINE('',#6842,#6843);
#6842 = CARTESIAN_POINT('',(-10.40443181818,13.440189393939,4.7));
#6843 = VECTOR('',#6844,1.);
#6844 = DIRECTION('',(-0.,-0.,-1.));
#6845 = ORIENTED_EDGE('',*,*,#6846,.T.);
#6846 = EDGE_CURVE('',#6839,#6813,#6847,.T.);
#6847 = B_SPLINE_CURVE_WITH_KNOTS('',2,(#6848,#6849,#6850),
  .UNSPECIFIED.,.F.,.F.,(3,3),(0.,1.),.PIECEWISE_BEZIER_KNOTS.);
#6848 = CARTESIAN_POINT('',(-10.40443181818,13.440189393939,4.2));
#6849 = CARTESIAN_POINT('',(-10.8128125,13.440189393939,4.2));
#6850 = CARTESIAN_POINT('',(-11.0774905303,13.218125,4.2));
#6851 = ORIENTED_EDGE('',*,*,#6812,.F.);
#6852 = SURFACE_OF_LINEAR_EXTRUSION('',#6853,#6857);
#6853 = B_SPLINE_CURVE_WITH_KNOTS('',2,(#6854,#6855,#6856),
  .UNSPECIFIED.,.F.,.F.,(3,3),(0.,1.),.PIECEWISE_BEZIER_KNOTS.);
#6854 = CARTESIAN_POINT('',(-10.40443181818,13.440189393939,4.7));
#6855 = CARTESIAN_POINT('',(-10.8128125,13.440189393939,4.7));
#6856 = CARTESIAN_POINT('',(-11.0774905303,13.218125,4.7));
#6857 = VECTOR('',#6858,1.);
#6858 = DIRECTION('',(0.,0.,1.));
#6859 = ADVANCED_FACE('',(#6860),#6878,.T.);
#6860 = FACE_BOUND('',#6861,.T.);
#6861 = EDGE_LOOP('',(#6862,#6863,#6871,#6877));
#6862 = ORIENTED_EDGE('',*,*,#1354,.T.);
#6863 = ORIENTED_EDGE('',*,*,#6864,.T.);
#6864 = EDGE_CURVE('',#1338,#6865,#6867,.T.);
#6865 = VERTEX_POINT('',#6866);
#6866 = CARTESIAN_POINT('',(-9.733267045455,13.213153409091,4.2));
#6867 = LINE('',#6868,#6869);
#6868 = CARTESIAN_POINT('',(-9.733267045455,13.213153409091,4.7));
#6869 = VECTOR('',#6870,1.);
#6870 = DIRECTION('',(-0.,-0.,-1.));
#6871 = ORIENTED_EDGE('',*,*,#6872,.T.);
#6872 = EDGE_CURVE('',#6865,#6839,#6873,.T.);
#6873 = B_SPLINE_CURVE_WITH_KNOTS('',2,(#6874,#6875,#6876),
  .UNSPECIFIED.,.F.,.F.,(3,3),(0.,1.),.PIECEWISE_BEZIER_KNOTS.);
#6874 = CARTESIAN_POINT('',(-9.733267045455,13.213153409091,4.2));
#6875 = CARTESIAN_POINT('',(-9.974744318182,13.440189393939,4.2));
#6876 = CARTESIAN_POINT('',(-10.40443181818,13.440189393939,4.2));
#6877 = ORIENTED_EDGE('',*,*,#6838,.F.);
#6878 = SURFACE_OF_LINEAR_EXTRUSION('',#6879,#6883);
#6879 = B_SPLINE_CURVE_WITH_KNOTS('',2,(#6880,#6881,#6882),
  .UNSPECIFIED.,.F.,.F.,(3,3),(0.,1.),.PIECEWISE_BEZIER_KNOTS.);
#6880 = CARTESIAN_POINT('',(-9.733267045455,13.213153409091,4.7));
#6881 = CARTESIAN_POINT('',(-9.974744318182,13.440189393939,4.7));
#6882 = CARTESIAN_POINT('',(-10.40443181818,13.440189393939,4.7));
#6883 = VECTOR('',#6884,1.);
#6884 = DIRECTION('',(0.,0.,1.));
#6885 = ADVANCED_FACE('',(#6886),#6904,.T.);
#6886 = FACE_BOUND('',#6887,.T.);
#6887 = EDGE_LOOP('',(#6888,#6889,#6897,#6903));
#6888 = ORIENTED_EDGE('',*,*,#1337,.T.);
#6889 = ORIENTED_EDGE('',*,*,#6890,.T.);
#6890 = EDGE_CURVE('',#1323,#6891,#6893,.T.);
#6891 = VERTEX_POINT('',#6892);
#6892 = CARTESIAN_POINT('',(-9.491789772727,12.574422348485,4.2));
#6893 = LINE('',#6894,#6895);
#6894 = CARTESIAN_POINT('',(-9.491789772727,12.574422348485,4.7));
#6895 = VECTOR('',#6896,1.);
#6896 = DIRECTION('',(-0.,-0.,-1.));
#6897 = ORIENTED_EDGE('',*,*,#6898,.T.);
#6898 = EDGE_CURVE('',#6891,#6865,#6899,.T.);
#6899 = B_SPLINE_CURVE_WITH_KNOTS('',2,(#6900,#6901,#6902),
  .UNSPECIFIED.,.F.,.F.,(3,3),(0.,1.),.PIECEWISE_BEZIER_KNOTS.);
#6900 = CARTESIAN_POINT('',(-9.491789772727,12.574422348485,4.2));
#6901 = CARTESIAN_POINT('',(-9.491789772727,12.986117424242,4.2));
#6902 = CARTESIAN_POINT('',(-9.733267045455,13.213153409091,4.2));
#6903 = ORIENTED_EDGE('',*,*,#6864,.F.);
#6904 = SURFACE_OF_LINEAR_EXTRUSION('',#6905,#6909);
#6905 = B_SPLINE_CURVE_WITH_KNOTS('',2,(#6906,#6907,#6908),
  .UNSPECIFIED.,.F.,.F.,(3,3),(0.,1.),.PIECEWISE_BEZIER_KNOTS.);
#6906 = CARTESIAN_POINT('',(-9.491789772727,12.574422348485,4.7));
#6907 = CARTESIAN_POINT('',(-9.491789772727,12.986117424242,4.7));
#6908 = CARTESIAN_POINT('',(-9.733267045455,13.213153409091,4.7));
#6909 = VECTOR('',#6910,1.);
#6910 = DIRECTION('',(0.,0.,1.));
#6911 = ADVANCED_FACE('',(#6912),#6930,.T.);
#6912 = FACE_BOUND('',#6913,.T.);
#6913 = EDGE_LOOP('',(#6914,#6915,#6923,#6929));
#6914 = ORIENTED_EDGE('',*,*,#1322,.T.);
#6915 = ORIENTED_EDGE('',*,*,#6916,.T.);
#6916 = EDGE_CURVE('',#1312,#6917,#6919,.T.);
#6917 = VERTEX_POINT('',#6918);
#6918 = CARTESIAN_POINT('',(-9.632178030303,12.027784090909,4.2));
#6919 = LINE('',#6920,#6921);
#6920 = CARTESIAN_POINT('',(-9.632178030303,12.027784090909,4.7));
#6921 = VECTOR('',#6922,1.);
#6922 = DIRECTION('',(-0.,-0.,-1.));
#6923 = ORIENTED_EDGE('',*,*,#6924,.T.);
#6924 = EDGE_CURVE('',#6917,#6891,#6925,.T.);
#6925 = B_SPLINE_CURVE_WITH_KNOTS('',2,(#6926,#6927,#6928),
  .UNSPECIFIED.,.F.,.F.,(3,3),(0.,1.),.PIECEWISE_BEZIER_KNOTS.);
#6926 = CARTESIAN_POINT('',(-9.632178030303,12.027784090909,4.2));
#6927 = CARTESIAN_POINT('',(-9.491789772727,12.269261363636,4.2));
#6928 = CARTESIAN_POINT('',(-9.491789772727,12.574422348485,4.2));
#6929 = ORIENTED_EDGE('',*,*,#6890,.F.);
#6930 = SURFACE_OF_LINEAR_EXTRUSION('',#6931,#6935);
#6931 = B_SPLINE_CURVE_WITH_KNOTS('',2,(#6932,#6933,#6934),
  .UNSPECIFIED.,.F.,.F.,(3,3),(0.,1.),.PIECEWISE_BEZIER_KNOTS.);
#6932 = CARTESIAN_POINT('',(-9.632178030303,12.027784090909,4.7));
#6933 = CARTESIAN_POINT('',(-9.491789772727,12.269261363636,4.7));
#6934 = CARTESIAN_POINT('',(-9.491789772727,12.574422348485,4.7));
#6935 = VECTOR('',#6936,1.);
#6936 = DIRECTION('',(0.,0.,1.));
#6937 = ADVANCED_FACE('',(#6938),#6956,.T.);
#6938 = FACE_BOUND('',#6939,.T.);
#6939 = EDGE_LOOP('',(#6940,#6941,#6949,#6955));
#6940 = ORIENTED_EDGE('',*,*,#1311,.T.);
#6941 = ORIENTED_EDGE('',*,*,#6942,.T.);
#6942 = EDGE_CURVE('',#1301,#6943,#6945,.T.);
#6943 = VERTEX_POINT('',#6944);
#6944 = CARTESIAN_POINT('',(-9.999602272727,11.566373106061,4.2));
#6945 = LINE('',#6946,#6947);
#6946 = CARTESIAN_POINT('',(-9.999602272727,11.566373106061,4.7));
#6947 = VECTOR('',#6948,1.);
#6948 = DIRECTION('',(-0.,-0.,-1.));
#6949 = ORIENTED_EDGE('',*,*,#6950,.T.);
#6950 = EDGE_CURVE('',#6943,#6917,#6951,.T.);
#6951 = B_SPLINE_CURVE_WITH_KNOTS('',2,(#6952,#6953,#6954),
  .UNSPECIFIED.,.F.,.F.,(3,3),(0.,1.),.PIECEWISE_BEZIER_KNOTS.);
#6952 = CARTESIAN_POINT('',(-9.999602272727,11.566373106061,4.2));
#6953 = CARTESIAN_POINT('',(-9.772329545455,11.786543560606,4.2));
#6954 = CARTESIAN_POINT('',(-9.632178030303,12.027784090909,4.2));
#6955 = ORIENTED_EDGE('',*,*,#6916,.F.);
#6956 = SURFACE_OF_LINEAR_EXTRUSION('',#6957,#6961);
#6957 = B_SPLINE_CURVE_WITH_KNOTS('',2,(#6958,#6959,#6960),
  .UNSPECIFIED.,.F.,.F.,(3,3),(0.,1.),.PIECEWISE_BEZIER_KNOTS.);
#6958 = CARTESIAN_POINT('',(-9.999602272727,11.566373106061,4.7));
#6959 = CARTESIAN_POINT('',(-9.772329545455,11.786543560606,4.7));
#6960 = CARTESIAN_POINT('',(-9.632178030303,12.027784090909,4.7));
#6961 = VECTOR('',#6962,1.);
#6962 = DIRECTION('',(0.,0.,1.));
#6963 = ADVANCED_FACE('',(#6964),#6982,.T.);
#6964 = FACE_BOUND('',#6965,.T.);
#6965 = EDGE_LOOP('',(#6966,#6967,#6975,#6981));
#6966 = ORIENTED_EDGE('',*,*,#1300,.T.);
#6967 = ORIENTED_EDGE('',*,*,#6968,.T.);
#6968 = EDGE_CURVE('',#1291,#6969,#6971,.T.);
#6969 = VERTEX_POINT('',#6970);
#6970 = CARTESIAN_POINT('',(-10.50930871212,11.126268939394,4.2));
#6971 = LINE('',#6972,#6973);
#6972 = CARTESIAN_POINT('',(-10.50930871212,11.126268939394,4.7));
#6973 = VECTOR('',#6974,1.);
#6974 = DIRECTION('',(-0.,-0.,-1.));
#6975 = ORIENTED_EDGE('',*,*,#6976,.T.);
#6976 = EDGE_CURVE('',#6969,#6943,#6977,.T.);
#6977 = B_SPLINE_CURVE_WITH_KNOTS('',2,(#6978,#6979,#6980),
  .UNSPECIFIED.,.F.,.F.,(3,3),(0.,1.),.PIECEWISE_BEZIER_KNOTS.);
#6978 = CARTESIAN_POINT('',(-10.50930871212,11.126268939394,4.2));
#6979 = CARTESIAN_POINT('',(-10.226875,11.346439393939,4.2));
#6980 = CARTESIAN_POINT('',(-9.999602272727,11.566373106061,4.2));
#6981 = ORIENTED_EDGE('',*,*,#6942,.F.);
#6982 = SURFACE_OF_LINEAR_EXTRUSION('',#6983,#6987);
#6983 = B_SPLINE_CURVE_WITH_KNOTS('',2,(#6984,#6985,#6986),
  .UNSPECIFIED.,.F.,.F.,(3,3),(0.,1.),.PIECEWISE_BEZIER_KNOTS.);
#6984 = CARTESIAN_POINT('',(-10.50930871212,11.126268939394,4.7));
#6985 = CARTESIAN_POINT('',(-10.226875,11.346439393939,4.7));
#6986 = CARTESIAN_POINT('',(-9.999602272727,11.566373106061,4.7));
#6987 = VECTOR('',#6988,1.);
#6988 = DIRECTION('',(0.,0.,1.));
#6989 = ADVANCED_FACE('',(#6990),#7008,.T.);
#6990 = FACE_BOUND('',#6991,.T.);
#6991 = EDGE_LOOP('',(#6992,#6993,#7001,#7007));
#6992 = ORIENTED_EDGE('',*,*,#1290,.T.);
#6993 = ORIENTED_EDGE('',*,*,#6994,.T.);
#6994 = EDGE_CURVE('',#1280,#6995,#6997,.T.);
#6995 = VERTEX_POINT('',#6996);
#6996 = CARTESIAN_POINT('',(-11.07914772727,10.648996212121,4.2));
#6997 = LINE('',#6998,#6999);
#6998 = CARTESIAN_POINT('',(-11.07914772727,10.648996212121,4.7));
#6999 = VECTOR('',#7000,1.);
#7000 = DIRECTION('',(-0.,-0.,-1.));
#7001 = ORIENTED_EDGE('',*,*,#7002,.T.);
#7002 = EDGE_CURVE('',#6995,#6969,#7003,.T.);
#7003 = B_SPLINE_CURVE_WITH_KNOTS('',2,(#7004,#7005,#7006),
  .UNSPECIFIED.,.F.,.F.,(3,3),(0.,1.),.PIECEWISE_BEZIER_KNOTS.);
#7004 = CARTESIAN_POINT('',(-11.07914772727,10.648996212121,4.2));
#7005 = CARTESIAN_POINT('',(-10.79150568181,10.906335227273,4.2));
#7006 = CARTESIAN_POINT('',(-10.50930871212,11.126268939394,4.2));
#7007 = ORIENTED_EDGE('',*,*,#6968,.F.);
#7008 = SURFACE_OF_LINEAR_EXTRUSION('',#7009,#7013);
#7009 = B_SPLINE_CURVE_WITH_KNOTS('',2,(#7010,#7011,#7012),
  .UNSPECIFIED.,.F.,.F.,(3,3),(0.,1.),.PIECEWISE_BEZIER_KNOTS.);
#7010 = CARTESIAN_POINT('',(-11.07914772727,10.648996212121,4.7));
#7011 = CARTESIAN_POINT('',(-10.79150568181,10.906335227273,4.7));
#7012 = CARTESIAN_POINT('',(-10.50930871212,11.126268939394,4.7));
#7013 = VECTOR('',#7014,1.);
#7014 = DIRECTION('',(0.,0.,1.));
#7015 = ADVANCED_FACE('',(#7016),#7034,.T.);
#7016 = FACE_BOUND('',#7017,.T.);
#7017 = EDGE_LOOP('',(#7018,#7019,#7027,#7033));
#7018 = ORIENTED_EDGE('',*,*,#1279,.T.);
#7019 = ORIENTED_EDGE('',*,*,#7020,.T.);
#7020 = EDGE_CURVE('',#1269,#7021,#7023,.T.);
#7021 = VERTEX_POINT('',#7022);
#7022 = CARTESIAN_POINT('',(-11.62791666666,10.073948863636,4.2));
#7023 = LINE('',#7024,#7025);
#7024 = CARTESIAN_POINT('',(-11.62791666666,10.073948863636,4.7));
#7025 = VECTOR('',#7026,1.);
#7026 = DIRECTION('',(-0.,-0.,-1.));
#7027 = ORIENTED_EDGE('',*,*,#7028,.T.);
#7028 = EDGE_CURVE('',#7021,#6995,#7029,.T.);
#7029 = B_SPLINE_CURVE_WITH_KNOTS('',2,(#7030,#7031,#7032),
  .UNSPECIFIED.,.F.,.F.,(3,3),(0.,1.),.PIECEWISE_BEZIER_KNOTS.);
#7030 = CARTESIAN_POINT('',(-11.62791666666,10.073948863636,4.2));
#7031 = CARTESIAN_POINT('',(-11.36678977272,10.39165719697,4.2));
#7032 = CARTESIAN_POINT('',(-11.07914772727,10.648996212121,4.2));
#7033 = ORIENTED_EDGE('',*,*,#6994,.F.);
#7034 = SURFACE_OF_LINEAR_EXTRUSION('',#7035,#7039);
#7035 = B_SPLINE_CURVE_WITH_KNOTS('',2,(#7036,#7037,#7038),
  .UNSPECIFIED.,.F.,.F.,(3,3),(0.,1.),.PIECEWISE_BEZIER_KNOTS.);
#7036 = CARTESIAN_POINT('',(-11.62791666666,10.073948863636,4.7));
#7037 = CARTESIAN_POINT('',(-11.36678977272,10.39165719697,4.7));
#7038 = CARTESIAN_POINT('',(-11.07914772727,10.648996212121,4.7));
#7039 = VECTOR('',#7040,1.);
#7040 = DIRECTION('',(0.,0.,1.));
#7041 = ADVANCED_FACE('',(#7042),#7060,.T.);
#7042 = FACE_BOUND('',#7043,.T.);
#7043 = EDGE_LOOP('',(#7044,#7045,#7053,#7059));
#7044 = ORIENTED_EDGE('',*,*,#1268,.T.);
#7045 = ORIENTED_EDGE('',*,*,#7046,.T.);
#7046 = EDGE_CURVE('',#1261,#7047,#7049,.T.);
#7047 = VERTEX_POINT('',#7048);
#7048 = CARTESIAN_POINT('',(-12.06991477272,9.340994318182,4.2));
#7049 = LINE('',#7050,#7051);
#7050 = CARTESIAN_POINT('',(-12.06991477272,9.340994318182,4.7));
#7051 = VECTOR('',#7052,1.);
#7052 = DIRECTION('',(-0.,-0.,-1.));
#7053 = ORIENTED_EDGE('',*,*,#7054,.T.);
#7054 = EDGE_CURVE('',#7047,#7021,#7055,.T.);
#7055 = B_SPLINE_CURVE_WITH_KNOTS('',2,(#7056,#7057,#7058),
  .UNSPECIFIED.,.F.,.F.,(3,3),(0.,1.),.PIECEWISE_BEZIER_KNOTS.);
#7056 = CARTESIAN_POINT('',(-12.06991477272,9.340994318182,4.2));
#7057 = CARTESIAN_POINT('',(-11.88880681818,9.756240530303,4.2));
#7058 = CARTESIAN_POINT('',(-11.62791666666,10.073948863636,4.2));
#7059 = ORIENTED_EDGE('',*,*,#7020,.F.);
#7060 = SURFACE_OF_LINEAR_EXTRUSION('',#7061,#7065);
#7061 = B_SPLINE_CURVE_WITH_KNOTS('',2,(#7062,#7063,#7064),
  .UNSPECIFIED.,.F.,.F.,(3,3),(0.,1.),.PIECEWISE_BEZIER_KNOTS.);
#7062 = CARTESIAN_POINT('',(-12.06991477272,9.340994318182,4.7));
#7063 = CARTESIAN_POINT('',(-11.88880681818,9.756240530303,4.7));
#7064 = CARTESIAN_POINT('',(-11.62791666666,10.073948863636,4.7));
#7065 = VECTOR('',#7066,1.);
#7066 = DIRECTION('',(0.,0.,1.));
#7067 = ADVANCED_FACE('',(#7068),#7079,.T.);
#7068 = FACE_BOUND('',#7069,.T.);
#7069 = EDGE_LOOP('',(#7070,#7071,#7072,#7078));
#7070 = ORIENTED_EDGE('',*,*,#1260,.F.);
#7071 = ORIENTED_EDGE('',*,*,#6491,.T.);
#7072 = ORIENTED_EDGE('',*,*,#7073,.T.);
#7073 = EDGE_CURVE('',#6484,#7047,#7074,.T.);
#7074 = LINE('',#7075,#7076);
#7075 = CARTESIAN_POINT('',(-12.06991477272,8.89,4.2));
#7076 = VECTOR('',#7077,1.);
#7077 = DIRECTION('',(0.,1.,0.));
#7078 = ORIENTED_EDGE('',*,*,#7046,.F.);
#7079 = PLANE('',#7080);
#7080 = AXIS2_PLACEMENT_3D('',#7081,#7082,#7083);
#7081 = CARTESIAN_POINT('',(-12.06991477272,8.89,4.7));
#7082 = DIRECTION('',(1.,0.,0.));
#7083 = DIRECTION('',(0.,1.,0.));
#7084 = ADVANCED_FACE('',(#7085),#7110,.T.);
#7085 = FACE_BOUND('',#7086,.T.);
#7086 = EDGE_LOOP('',(#7087,#7088,#7096,#7104));
#7087 = ORIENTED_EDGE('',*,*,#1573,.F.);
#7088 = ORIENTED_EDGE('',*,*,#7089,.T.);
#7089 = EDGE_CURVE('',#1574,#7090,#7092,.T.);
#7090 = VERTEX_POINT('',#7091);
#7091 = CARTESIAN_POINT('',(-6.291505681818,10.533939393939,4.2));
#7092 = LINE('',#7093,#7094);
#7093 = CARTESIAN_POINT('',(-6.291505681818,10.533939393939,4.7));
#7094 = VECTOR('',#7095,1.);
#7095 = DIRECTION('',(-0.,-0.,-1.));
#7096 = ORIENTED_EDGE('',*,*,#7097,.T.);
#7097 = EDGE_CURVE('',#7090,#7098,#7100,.T.);
#7098 = VERTEX_POINT('',#7099);
#7099 = CARTESIAN_POINT('',(-8.067073863636,10.533939393939,4.2));
#7100 = LINE('',#7101,#7102);
#7101 = CARTESIAN_POINT('',(-6.291505681818,10.533939393939,4.2));
#7102 = VECTOR('',#7103,1.);
#7103 = DIRECTION('',(-1.,0.,0.));
#7104 = ORIENTED_EDGE('',*,*,#7105,.F.);
#7105 = EDGE_CURVE('',#1576,#7098,#7106,.T.);
#7106 = LINE('',#7107,#7108);
#7107 = CARTESIAN_POINT('',(-8.067073863636,10.533939393939,4.7));
#7108 = VECTOR('',#7109,1.);
#7109 = DIRECTION('',(-0.,-0.,-1.));
#7110 = PLANE('',#7111);
#7111 = AXIS2_PLACEMENT_3D('',#7112,#7113,#7114);
#7112 = CARTESIAN_POINT('',(-6.291505681818,10.533939393939,4.7));
#7113 = DIRECTION('',(0.,1.,0.));
#7114 = DIRECTION('',(-1.,0.,0.));
#7115 = ADVANCED_FACE('',(#7116),#7134,.T.);
#7116 = FACE_BOUND('',#7117,.T.);
#7117 = EDGE_LOOP('',(#7118,#7119,#7127,#7133));
#7118 = ORIENTED_EDGE('',*,*,#1599,.F.);
#7119 = ORIENTED_EDGE('',*,*,#7120,.T.);
#7120 = EDGE_CURVE('',#1592,#7121,#7123,.T.);
#7121 = VERTEX_POINT('',#7122);
#7122 = CARTESIAN_POINT('',(-6.291505681818,11.102121212121,4.2));
#7123 = LINE('',#7124,#7125);
#7124 = CARTESIAN_POINT('',(-6.291505681818,11.102121212121,4.7));
#7125 = VECTOR('',#7126,1.);
#7126 = DIRECTION('',(-0.,-0.,-1.));
#7127 = ORIENTED_EDGE('',*,*,#7128,.T.);
#7128 = EDGE_CURVE('',#7121,#7090,#7129,.T.);
#7129 = LINE('',#7130,#7131);
#7130 = CARTESIAN_POINT('',(-6.291505681818,11.102121212121,4.2));
#7131 = VECTOR('',#7132,1.);
#7132 = DIRECTION('',(0.,-1.,0.));
#7133 = ORIENTED_EDGE('',*,*,#7089,.F.);
#7134 = PLANE('',#7135);
#7135 = AXIS2_PLACEMENT_3D('',#7136,#7137,#7138);
#7136 = CARTESIAN_POINT('',(-6.291505681818,11.102121212121,4.7));
#7137 = DIRECTION('',(-1.,0.,0.));
#7138 = DIRECTION('',(0.,-1.,0.));
#7139 = ADVANCED_FACE('',(#7140),#7158,.T.);
#7140 = FACE_BOUND('',#7141,.T.);
#7141 = EDGE_LOOP('',(#7142,#7143,#7151,#7157));
#7142 = ORIENTED_EDGE('',*,*,#1591,.F.);
#7143 = ORIENTED_EDGE('',*,*,#7144,.T.);
#7144 = EDGE_CURVE('',#1584,#7145,#7147,.T.);
#7145 = VERTEX_POINT('',#7146);
#7146 = CARTESIAN_POINT('',(-8.067073863636,11.102121212121,4.2));
#7147 = LINE('',#7148,#7149);
#7148 = CARTESIAN_POINT('',(-8.067073863636,11.102121212121,4.7));
#7149 = VECTOR('',#7150,1.);
#7150 = DIRECTION('',(-0.,-0.,-1.));
#7151 = ORIENTED_EDGE('',*,*,#7152,.T.);
#7152 = EDGE_CURVE('',#7145,#7121,#7153,.T.);
#7153 = LINE('',#7154,#7155);
#7154 = CARTESIAN_POINT('',(-8.067073863636,11.102121212121,4.2));
#7155 = VECTOR('',#7156,1.);
#7156 = DIRECTION('',(1.,0.,0.));
#7157 = ORIENTED_EDGE('',*,*,#7120,.F.);
#7158 = PLANE('',#7159);
#7159 = AXIS2_PLACEMENT_3D('',#7160,#7161,#7162);
#7160 = CARTESIAN_POINT('',(-8.067073863636,11.102121212121,4.7));
#7161 = DIRECTION('',(0.,-1.,0.));
#7162 = DIRECTION('',(1.,0.,0.));
#7163 = ADVANCED_FACE('',(#7164),#7175,.T.);
#7164 = FACE_BOUND('',#7165,.T.);
#7165 = EDGE_LOOP('',(#7166,#7167,#7168,#7174));
#7166 = ORIENTED_EDGE('',*,*,#1583,.F.);
#7167 = ORIENTED_EDGE('',*,*,#7105,.T.);
#7168 = ORIENTED_EDGE('',*,*,#7169,.T.);
#7169 = EDGE_CURVE('',#7098,#7145,#7170,.T.);
#7170 = LINE('',#7171,#7172);
#7171 = CARTESIAN_POINT('',(-8.067073863636,10.533939393939,4.2));
#7172 = VECTOR('',#7173,1.);
#7173 = DIRECTION('',(0.,1.,0.));
#7174 = ORIENTED_EDGE('',*,*,#7144,.F.);
#7175 = PLANE('',#7176);
#7176 = AXIS2_PLACEMENT_3D('',#7177,#7178,#7179);
#7177 = CARTESIAN_POINT('',(-8.067073863636,10.533939393939,4.7));
#7178 = DIRECTION('',(1.,0.,0.));
#7179 = DIRECTION('',(0.,1.,0.));
#7180 = ADVANCED_FACE('',(#7181),#7206,.T.);
#7181 = FACE_BOUND('',#7182,.T.);
#7182 = EDGE_LOOP('',(#7183,#7184,#7192,#7200));
#7183 = ORIENTED_EDGE('',*,*,#1607,.T.);
#7184 = ORIENTED_EDGE('',*,*,#7185,.T.);
#7185 = EDGE_CURVE('',#1610,#7186,#7188,.T.);
#7186 = VERTEX_POINT('',#7187);
#7187 = CARTESIAN_POINT('',(-3.153484848485,13.41178030303,4.2));
#7188 = LINE('',#7189,#7190);
#7189 = CARTESIAN_POINT('',(-3.153484848485,13.41178030303,4.7));
#7190 = VECTOR('',#7191,1.);
#7191 = DIRECTION('',(-0.,-0.,-1.));
#7192 = ORIENTED_EDGE('',*,*,#7193,.T.);
#7193 = EDGE_CURVE('',#7186,#7194,#7196,.T.);
#7194 = VERTEX_POINT('',#7195);
#7195 = CARTESIAN_POINT('',(-4.446098484848,12.876979166667,4.2));
#7196 = B_SPLINE_CURVE_WITH_KNOTS('',2,(#7197,#7198,#7199),
  .UNSPECIFIED.,.F.,.F.,(3,3),(0.,1.),.PIECEWISE_BEZIER_KNOTS.);
#7197 = CARTESIAN_POINT('',(-3.153484848485,13.41178030303,4.2));
#7198 = CARTESIAN_POINT('',(-3.984450757576,13.41178030303,4.2));
#7199 = CARTESIAN_POINT('',(-4.446098484848,12.876979166667,4.2));
#7200 = ORIENTED_EDGE('',*,*,#7201,.F.);
#7201 = EDGE_CURVE('',#1608,#7194,#7202,.T.);
#7202 = LINE('',#7203,#7204);
#7203 = CARTESIAN_POINT('',(-4.446098484848,12.876979166667,4.7));
#7204 = VECTOR('',#7205,1.);
#7205 = DIRECTION('',(-0.,-0.,-1.));
#7206 = SURFACE_OF_LINEAR_EXTRUSION('',#7207,#7211);
#7207 = B_SPLINE_CURVE_WITH_KNOTS('',2,(#7208,#7209,#7210),
  .UNSPECIFIED.,.F.,.F.,(3,3),(0.,1.),.PIECEWISE_BEZIER_KNOTS.);
#7208 = CARTESIAN_POINT('',(-3.153484848485,13.41178030303,4.7));
#7209 = CARTESIAN_POINT('',(-3.984450757576,13.41178030303,4.7));
#7210 = CARTESIAN_POINT('',(-4.446098484848,12.876979166667,4.7));
#7211 = VECTOR('',#7212,1.);
#7212 = DIRECTION('',(0.,0.,1.));
#7213 = ADVANCED_FACE('',(#7214),#7232,.T.);
#7214 = FACE_BOUND('',#7215,.T.);
#7215 = EDGE_LOOP('',(#7216,#7217,#7225,#7231));
#7216 = ORIENTED_EDGE('',*,*,#1919,.T.);
#7217 = ORIENTED_EDGE('',*,*,#7218,.T.);
#7218 = EDGE_CURVE('',#1905,#7219,#7221,.T.);
#7219 = VERTEX_POINT('',#7220);
#7220 = CARTESIAN_POINT('',(-2.239185606061,13.180246212121,4.2));
#7221 = LINE('',#7222,#7223);
#7222 = CARTESIAN_POINT('',(-2.239185606061,13.180246212121,4.7));
#7223 = VECTOR('',#7224,1.);
#7224 = DIRECTION('',(-0.,-0.,-1.));
#7225 = ORIENTED_EDGE('',*,*,#7226,.T.);
#7226 = EDGE_CURVE('',#7219,#7186,#7227,.T.);
#7227 = B_SPLINE_CURVE_WITH_KNOTS('',2,(#7228,#7229,#7230),
  .UNSPECIFIED.,.F.,.F.,(3,3),(0.,1.),.PIECEWISE_BEZIER_KNOTS.);
#7228 = CARTESIAN_POINT('',(-2.239185606061,13.180246212121,4.2));
#7229 = CARTESIAN_POINT('',(-2.624365530303,13.41178030303,4.2));
#7230 = CARTESIAN_POINT('',(-3.153484848485,13.41178030303,4.2));
#7231 = ORIENTED_EDGE('',*,*,#7185,.F.);
#7232 = SURFACE_OF_LINEAR_EXTRUSION('',#7233,#7237);
#7233 = B_SPLINE_CURVE_WITH_KNOTS('',2,(#7234,#7235,#7236),
  .UNSPECIFIED.,.F.,.F.,(3,3),(0.,1.),.PIECEWISE_BEZIER_KNOTS.);
#7234 = CARTESIAN_POINT('',(-2.239185606061,13.180246212121,4.7));
#7235 = CARTESIAN_POINT('',(-2.624365530303,13.41178030303,4.7));
#7236 = CARTESIAN_POINT('',(-3.153484848485,13.41178030303,4.7));
#7237 = VECTOR('',#7238,1.);
#7238 = DIRECTION('',(0.,0.,1.));
#7239 = ADVANCED_FACE('',(#7240),#7258,.T.);
#7240 = FACE_BOUND('',#7241,.T.);
#7241 = EDGE_LOOP('',(#7242,#7243,#7251,#7257));
#7242 = ORIENTED_EDGE('',*,*,#1904,.T.);
#7243 = ORIENTED_EDGE('',*,*,#7244,.T.);
#7244 = EDGE_CURVE('',#1897,#7245,#7247,.T.);
#7245 = VERTEX_POINT('',#7246);
#7246 = CARTESIAN_POINT('',(-1.679763257576,12.511212121212,4.2));
#7247 = LINE('',#7248,#7249);
#7248 = CARTESIAN_POINT('',(-1.679763257576,12.511212121212,4.7));
#7249 = VECTOR('',#7250,1.);
#7250 = DIRECTION('',(-0.,-0.,-1.));
#7251 = ORIENTED_EDGE('',*,*,#7252,.T.);
#7252 = EDGE_CURVE('',#7245,#7219,#7253,.T.);
#7253 = B_SPLINE_CURVE_WITH_KNOTS('',2,(#7254,#7255,#7256),
  .UNSPECIFIED.,.F.,.F.,(3,3),(0.,1.),.PIECEWISE_BEZIER_KNOTS.);
#7254 = CARTESIAN_POINT('',(-1.679763257576,12.511212121212,4.2));
#7255 = CARTESIAN_POINT('',(-1.853768939394,12.948948863636,4.2));
#7256 = CARTESIAN_POINT('',(-2.239185606061,13.180246212121,4.2));
#7257 = ORIENTED_EDGE('',*,*,#7218,.F.);
#7258 = SURFACE_OF_LINEAR_EXTRUSION('',#7259,#7263);
#7259 = B_SPLINE_CURVE_WITH_KNOTS('',2,(#7260,#7261,#7262),
  .UNSPECIFIED.,.F.,.F.,(3,3),(0.,1.),.PIECEWISE_BEZIER_KNOTS.);
#7260 = CARTESIAN_POINT('',(-1.679763257576,12.511212121212,4.7));
#7261 = CARTESIAN_POINT('',(-1.853768939394,12.948948863636,4.7));
#7262 = CARTESIAN_POINT('',(-2.239185606061,13.180246212121,4.7));
#7263 = VECTOR('',#7264,1.);
#7264 = DIRECTION('',(0.,0.,1.));
#7265 = ADVANCED_FACE('',(#7266),#7284,.T.);
#7266 = FACE_BOUND('',#7267,.T.);
#7267 = EDGE_LOOP('',(#7268,#7269,#7277,#7283));
#7268 = ORIENTED_EDGE('',*,*,#1896,.F.);
#7269 = ORIENTED_EDGE('',*,*,#7270,.T.);
#7270 = EDGE_CURVE('',#1880,#7271,#7273,.T.);
#7271 = VERTEX_POINT('',#7272);
#7272 = CARTESIAN_POINT('',(-1.037007575758,12.724517045455,4.2));
#7273 = LINE('',#7274,#7275);
#7274 = CARTESIAN_POINT('',(-1.037007575758,12.724517045455,4.7));
#7275 = VECTOR('',#7276,1.);
#7276 = DIRECTION('',(-0.,-0.,-1.));
#7277 = ORIENTED_EDGE('',*,*,#7278,.T.);
#7278 = EDGE_CURVE('',#7271,#7245,#7279,.T.);
#7279 = LINE('',#7280,#7281);
#7280 = CARTESIAN_POINT('',(-1.037007575758,12.724517045455,4.2));
#7281 = VECTOR('',#7282,1.);
#7282 = DIRECTION('',(-0.949101955909,-0.314969010046,0.));
#7283 = ORIENTED_EDGE('',*,*,#7244,.F.);
#7284 = PLANE('',#7285);
#7285 = AXIS2_PLACEMENT_3D('',#7286,#7287,#7288);
#7286 = CARTESIAN_POINT('',(-1.037007575758,12.724517045455,4.7));
#7287 = DIRECTION('',(-0.314969010046,0.949101955909,0.));
#7288 = DIRECTION('',(-0.949101955909,-0.314969010046,0.));
#7289 = ADVANCED_FACE('',(#7290),#7308,.T.);
#7290 = FACE_BOUND('',#7291,.T.);
#7291 = EDGE_LOOP('',(#7292,#7293,#7301,#7307));
#7292 = ORIENTED_EDGE('',*,*,#1879,.T.);
#7293 = ORIENTED_EDGE('',*,*,#7294,.T.);
#7294 = EDGE_CURVE('',#1863,#7295,#7297,.T.);
#7295 = VERTEX_POINT('',#7296);
#7296 = CARTESIAN_POINT('',(-1.825359848485,13.652784090909,4.2));
#7297 = LINE('',#7298,#7299);
#7298 = CARTESIAN_POINT('',(-1.825359848485,13.652784090909,4.7));
#7299 = VECTOR('',#7300,1.);
#7300 = DIRECTION('',(-0.,-0.,-1.));
#7301 = ORIENTED_EDGE('',*,*,#7302,.T.);
#7302 = EDGE_CURVE('',#7295,#7271,#7303,.T.);
#7303 = B_SPLINE_CURVE_WITH_KNOTS('',2,(#7304,#7305,#7306),
  .UNSPECIFIED.,.F.,.F.,(3,3),(0.,1.),.PIECEWISE_BEZIER_KNOTS.);
#7304 = CARTESIAN_POINT('',(-1.825359848485,13.652784090909,4.2));
#7305 = CARTESIAN_POINT('',(-1.289138257576,13.339810606061,4.2));
#7306 = CARTESIAN_POINT('',(-1.037007575758,12.724517045455,4.2));
#7307 = ORIENTED_EDGE('',*,*,#7270,.F.);
#7308 = SURFACE_OF_LINEAR_EXTRUSION('',#7309,#7313);
#7309 = B_SPLINE_CURVE_WITH_KNOTS('',2,(#7310,#7311,#7312),
  .UNSPECIFIED.,.F.,.F.,(3,3),(0.,1.),.PIECEWISE_BEZIER_KNOTS.);
#7310 = CARTESIAN_POINT('',(-1.825359848485,13.652784090909,4.7));
#7311 = CARTESIAN_POINT('',(-1.289138257576,13.339810606061,4.7));
#7312 = CARTESIAN_POINT('',(-1.037007575758,12.724517045455,4.7));
#7313 = VECTOR('',#7314,1.);
#7314 = DIRECTION('',(0.,0.,1.));
#7315 = ADVANCED_FACE('',(#7316),#7334,.T.);
#7316 = FACE_BOUND('',#7317,.T.);
#7317 = EDGE_LOOP('',(#7318,#7319,#7327,#7333));
#7318 = ORIENTED_EDGE('',*,*,#1862,.T.);
#7319 = ORIENTED_EDGE('',*,*,#7320,.T.);
#7320 = EDGE_CURVE('',#1840,#7321,#7323,.T.);
#7321 = VERTEX_POINT('',#7322);
#7322 = CARTESIAN_POINT('',(-3.160587121212,13.965757575758,4.2));
#7323 = LINE('',#7324,#7325);
#7324 = CARTESIAN_POINT('',(-3.160587121212,13.965757575758,4.7));
#7325 = VECTOR('',#7326,1.);
#7326 = DIRECTION('',(-0.,-0.,-1.));
#7327 = ORIENTED_EDGE('',*,*,#7328,.T.);
#7328 = EDGE_CURVE('',#7321,#7295,#7329,.T.);
#7329 = B_SPLINE_CURVE_WITH_KNOTS('',2,(#7330,#7331,#7332),
  .UNSPECIFIED.,.F.,.F.,(3,3),(0.,1.),.PIECEWISE_BEZIER_KNOTS.);
#7330 = CARTESIAN_POINT('',(-3.160587121212,13.965757575758,4.2));
#7331 = CARTESIAN_POINT('',(-2.361581439394,13.965757575758,4.2));
#7332 = CARTESIAN_POINT('',(-1.825359848485,13.652784090909,4.2));
#7333 = ORIENTED_EDGE('',*,*,#7294,.F.);
#7334 = SURFACE_OF_LINEAR_EXTRUSION('',#7335,#7339);
#7335 = B_SPLINE_CURVE_WITH_KNOTS('',2,(#7336,#7337,#7338),
  .UNSPECIFIED.,.F.,.F.,(3,3),(0.,1.),.PIECEWISE_BEZIER_KNOTS.);
#7336 = CARTESIAN_POINT('',(-3.160587121212,13.965757575758,4.7));
#7337 = CARTESIAN_POINT('',(-2.361581439394,13.965757575758,4.7));
#7338 = CARTESIAN_POINT('',(-1.825359848485,13.652784090909,4.7));
#7339 = VECTOR('',#7340,1.);
#7340 = DIRECTION('',(0.,0.,1.));
#7341 = ADVANCED_FACE('',(#7342),#7360,.T.);
#7342 = FACE_BOUND('',#7343,.T.);
#7343 = EDGE_LOOP('',(#7344,#7345,#7353,#7359));
#7344 = ORIENTED_EDGE('',*,*,#1839,.T.);
#7345 = ORIENTED_EDGE('',*,*,#7346,.T.);
#7346 = EDGE_CURVE('',#1813,#7347,#7349,.T.);
#7347 = VERTEX_POINT('',#7348);
#7348 = CARTESIAN_POINT('',(-4.950359848485,13.287017045455,4.2));
#7349 = LINE('',#7350,#7351);
#7350 = CARTESIAN_POINT('',(-4.950359848485,13.287017045455,4.7));
#7351 = VECTOR('',#7352,1.);
#7352 = DIRECTION('',(-0.,-0.,-1.));
#7353 = ORIENTED_EDGE('',*,*,#7354,.T.);
#7354 = EDGE_CURVE('',#7347,#7321,#7355,.T.);
#7355 = B_SPLINE_CURVE_WITH_KNOTS('',2,(#7356,#7357,#7358),
  .UNSPECIFIED.,.F.,.F.,(3,3),(0.,1.),.PIECEWISE_BEZIER_KNOTS.);
#7356 = CARTESIAN_POINT('',(-4.950359848485,13.287017045455,4.2));
#7357 = CARTESIAN_POINT('',(-4.304053030303,13.965757575758,4.2));
#7358 = CARTESIAN_POINT('',(-3.160587121212,13.965757575758,4.2));
#7359 = ORIENTED_EDGE('',*,*,#7320,.F.);
#7360 = SURFACE_OF_LINEAR_EXTRUSION('',#7361,#7365);
#7361 = B_SPLINE_CURVE_WITH_KNOTS('',2,(#7362,#7363,#7364),
  .UNSPECIFIED.,.F.,.F.,(3,3),(0.,1.),.PIECEWISE_BEZIER_KNOTS.);
#7362 = CARTESIAN_POINT('',(-4.950359848485,13.287017045455,4.7));
#7363 = CARTESIAN_POINT('',(-4.304053030303,13.965757575758,4.7));
#7364 = CARTESIAN_POINT('',(-3.160587121212,13.965757575758,4.7));
#7365 = VECTOR('',#7366,1.);
#7366 = DIRECTION('',(0.,0.,1.));
#7367 = ADVANCED_FACE('',(#7368),#7386,.T.);
#7368 = FACE_BOUND('',#7369,.T.);
#7369 = EDGE_LOOP('',(#7370,#7371,#7379,#7385));
#7370 = ORIENTED_EDGE('',*,*,#1812,.T.);
#7371 = ORIENTED_EDGE('',*,*,#7372,.T.);
#7372 = EDGE_CURVE('',#1798,#7373,#7375,.T.);
#7373 = VERTEX_POINT('',#7374);
#7374 = CARTESIAN_POINT('',(-5.596666666667,11.411306818182,4.2));
#7375 = LINE('',#7376,#7377);
#7376 = CARTESIAN_POINT('',(-5.596666666667,11.411306818182,4.7));
#7377 = VECTOR('',#7378,1.);
#7378 = DIRECTION('',(-0.,-0.,-1.));
#7379 = ORIENTED_EDGE('',*,*,#7380,.T.);
#7380 = EDGE_CURVE('',#7373,#7347,#7381,.T.);
#7381 = B_SPLINE_CURVE_WITH_KNOTS('',2,(#7382,#7383,#7384),
  .UNSPECIFIED.,.F.,.F.,(3,3),(0.,1.),.PIECEWISE_BEZIER_KNOTS.);
#7382 = CARTESIAN_POINT('',(-5.596666666667,11.411306818182,4.2));
#7383 = CARTESIAN_POINT('',(-5.596666666667,12.608513257576,4.2));
#7384 = CARTESIAN_POINT('',(-4.950359848485,13.287017045455,4.2));
#7385 = ORIENTED_EDGE('',*,*,#7346,.F.);
#7386 = SURFACE_OF_LINEAR_EXTRUSION('',#7387,#7391);
#7387 = B_SPLINE_CURVE_WITH_KNOTS('',2,(#7388,#7389,#7390),
  .UNSPECIFIED.,.F.,.F.,(3,3),(0.,1.),.PIECEWISE_BEZIER_KNOTS.);
#7388 = CARTESIAN_POINT('',(-5.596666666667,11.411306818182,4.7));
#7389 = CARTESIAN_POINT('',(-5.596666666667,12.608513257576,4.7));
#7390 = CARTESIAN_POINT('',(-4.950359848485,13.287017045455,4.7));
#7391 = VECTOR('',#7392,1.);
#7392 = DIRECTION('',(0.,0.,1.));
#7393 = ADVANCED_FACE('',(#7394),#7412,.T.);
#7394 = FACE_BOUND('',#7395,.T.);
#7395 = EDGE_LOOP('',(#7396,#7397,#7405,#7411));
#7396 = ORIENTED_EDGE('',*,*,#1797,.T.);
#7397 = ORIENTED_EDGE('',*,*,#7398,.T.);
#7398 = EDGE_CURVE('',#1783,#7399,#7401,.T.);
#7399 = VERTEX_POINT('',#7400);
#7400 = CARTESIAN_POINT('',(-5.307367424242,10.027310606061,4.2));
#7401 = LINE('',#7402,#7403);
#7402 = CARTESIAN_POINT('',(-5.307367424242,10.027310606061,4.7));
#7403 = VECTOR('',#7404,1.);
#7404 = DIRECTION('',(-0.,-0.,-1.));
#7405 = ORIENTED_EDGE('',*,*,#7406,.T.);
#7406 = EDGE_CURVE('',#7399,#7373,#7407,.T.);
#7407 = B_SPLINE_CURVE_WITH_KNOTS('',2,(#7408,#7409,#7410),
  .UNSPECIFIED.,.F.,.F.,(3,3),(0.,1.),.PIECEWISE_BEZIER_KNOTS.);
#7408 = CARTESIAN_POINT('',(-5.307367424242,10.027310606061,4.2));
#7409 = CARTESIAN_POINT('',(-5.596666666667,10.611827651515,4.2));
#7410 = CARTESIAN_POINT('',(-5.596666666667,11.411306818182,4.2));
#7411 = ORIENTED_EDGE('',*,*,#7372,.F.);
#7412 = SURFACE_OF_LINEAR_EXTRUSION('',#7413,#7417);
#7413 = B_SPLINE_CURVE_WITH_KNOTS('',2,(#7414,#7415,#7416),
  .UNSPECIFIED.,.F.,.F.,(3,3),(0.,1.),.PIECEWISE_BEZIER_KNOTS.);
#7414 = CARTESIAN_POINT('',(-5.307367424242,10.027310606061,4.7));
#7415 = CARTESIAN_POINT('',(-5.596666666667,10.611827651515,4.7));
#7416 = CARTESIAN_POINT('',(-5.596666666667,11.411306818182,4.7));
#7417 = VECTOR('',#7418,1.);
#7418 = DIRECTION('',(0.,0.,1.));
#7419 = ADVANCED_FACE('',(#7420),#7438,.T.);
#7420 = FACE_BOUND('',#7421,.T.);
#7421 = EDGE_LOOP('',(#7422,#7423,#7431,#7437));
#7422 = ORIENTED_EDGE('',*,*,#1782,.T.);
#7423 = ORIENTED_EDGE('',*,*,#7424,.T.);
#7424 = EDGE_CURVE('',#1768,#7425,#7427,.T.);
#7425 = VERTEX_POINT('',#7426);
#7426 = CARTESIAN_POINT('',(-4.465748106061,9.128636363636,4.2));
#7427 = LINE('',#7428,#7429);
#7428 = CARTESIAN_POINT('',(-4.465748106061,9.128636363636,4.7));
#7429 = VECTOR('',#7430,1.);
#7430 = DIRECTION('',(-0.,-0.,-1.));
#7431 = ORIENTED_EDGE('',*,*,#7432,.T.);
#7432 = EDGE_CURVE('',#7425,#7399,#7433,.T.);
#7433 = B_SPLINE_CURVE_WITH_KNOTS('',2,(#7434,#7435,#7436),
  .UNSPECIFIED.,.F.,.F.,(3,3),(0.,1.),.PIECEWISE_BEZIER_KNOTS.);
#7434 = CARTESIAN_POINT('',(-4.465748106061,9.128636363636,4.2));
#7435 = CARTESIAN_POINT('',(-5.017831439394,9.44303030303,4.2));
#7436 = CARTESIAN_POINT('',(-5.307367424242,10.027310606061,4.2));
#7437 = ORIENTED_EDGE('',*,*,#7398,.F.);
#7438 = SURFACE_OF_LINEAR_EXTRUSION('',#7439,#7443);
#7439 = B_SPLINE_CURVE_WITH_KNOTS('',2,(#7440,#7441,#7442),
  .UNSPECIFIED.,.F.,.F.,(3,3),(0.,1.),.PIECEWISE_BEZIER_KNOTS.);
#7440 = CARTESIAN_POINT('',(-4.465748106061,9.128636363636,4.7));
#7441 = CARTESIAN_POINT('',(-5.017831439394,9.44303030303,4.7));
#7442 = CARTESIAN_POINT('',(-5.307367424242,10.027310606061,4.7));
#7443 = VECTOR('',#7444,1.);
#7444 = DIRECTION('',(0.,0.,1.));
#7445 = ADVANCED_FACE('',(#7446),#7464,.T.);
#7446 = FACE_BOUND('',#7447,.T.);
#7447 = EDGE_LOOP('',(#7448,#7449,#7457,#7463));
#7448 = ORIENTED_EDGE('',*,*,#1767,.T.);
#7449 = ORIENTED_EDGE('',*,*,#7450,.T.);
#7450 = EDGE_CURVE('',#1749,#7451,#7453,.T.);
#7451 = VERTEX_POINT('',#7452);
#7452 = CARTESIAN_POINT('',(-3.157035984848,8.814242424242,4.2));
#7453 = LINE('',#7454,#7455);
#7454 = CARTESIAN_POINT('',(-3.157035984848,8.814242424242,4.7));
#7455 = VECTOR('',#7456,1.);
#7456 = DIRECTION('',(-0.,-0.,-1.));
#7457 = ORIENTED_EDGE('',*,*,#7458,.T.);
#7458 = EDGE_CURVE('',#7451,#7425,#7459,.T.);
#7459 = B_SPLINE_CURVE_WITH_KNOTS('',2,(#7460,#7461,#7462),
  .UNSPECIFIED.,.F.,.F.,(3,3),(0.,1.),.PIECEWISE_BEZIER_KNOTS.);
#7460 = CARTESIAN_POINT('',(-3.157035984848,8.814242424242,4.2));
#7461 = CARTESIAN_POINT('',(-3.913428030303,8.814242424242,4.2));
#7462 = CARTESIAN_POINT('',(-4.465748106061,9.128636363636,4.2));
#7463 = ORIENTED_EDGE('',*,*,#7424,.F.);
#7464 = SURFACE_OF_LINEAR_EXTRUSION('',#7465,#7469);
#7465 = B_SPLINE_CURVE_WITH_KNOTS('',2,(#7466,#7467,#7468),
  .UNSPECIFIED.,.F.,.F.,(3,3),(0.,1.),.PIECEWISE_BEZIER_KNOTS.);
#7466 = CARTESIAN_POINT('',(-3.157035984848,8.814242424242,4.7));
#7467 = CARTESIAN_POINT('',(-3.913428030303,8.814242424242,4.7));
#7468 = CARTESIAN_POINT('',(-4.465748106061,9.128636363636,4.7));
#7469 = VECTOR('',#7470,1.);
#7470 = DIRECTION('',(0.,0.,1.));
#7471 = ADVANCED_FACE('',(#7472),#7490,.T.);
#7472 = FACE_BOUND('',#7473,.T.);
#7473 = EDGE_LOOP('',(#7474,#7475,#7483,#7489));
#7474 = ORIENTED_EDGE('',*,*,#1748,.T.);
#7475 = ORIENTED_EDGE('',*,*,#7476,.T.);
#7476 = EDGE_CURVE('',#1732,#7477,#7479,.T.);
#7477 = VERTEX_POINT('',#7478);
#7478 = CARTESIAN_POINT('',(-1.859214015152,9.149943181818,4.2));
#7479 = LINE('',#7480,#7481);
#7480 = CARTESIAN_POINT('',(-1.859214015152,9.149943181818,4.7));
#7481 = VECTOR('',#7482,1.);
#7482 = DIRECTION('',(-0.,-0.,-1.));
#7483 = ORIENTED_EDGE('',*,*,#7484,.T.);
#7484 = EDGE_CURVE('',#7477,#7451,#7485,.T.);
#7485 = B_SPLINE_CURVE_WITH_KNOTS('',2,(#7486,#7487,#7488),
  .UNSPECIFIED.,.F.,.F.,(3,3),(0.,1.),.PIECEWISE_BEZIER_KNOTS.);
#7486 = CARTESIAN_POINT('',(-1.859214015152,9.149943181818,4.2));
#7487 = CARTESIAN_POINT('',(-2.418399621212,8.814242424242,4.2));
#7488 = CARTESIAN_POINT('',(-3.157035984848,8.814242424242,4.2));
#7489 = ORIENTED_EDGE('',*,*,#7450,.F.);
#7490 = SURFACE_OF_LINEAR_EXTRUSION('',#7491,#7495);
#7491 = B_SPLINE_CURVE_WITH_KNOTS('',2,(#7492,#7493,#7494),
  .UNSPECIFIED.,.F.,.F.,(3,3),(0.,1.),.PIECEWISE_BEZIER_KNOTS.);
#7492 = CARTESIAN_POINT('',(-1.859214015152,9.149943181818,4.7));
#7493 = CARTESIAN_POINT('',(-2.418399621212,8.814242424242,4.7));
#7494 = CARTESIAN_POINT('',(-3.157035984848,8.814242424242,4.7));
#7495 = VECTOR('',#7496,1.);
#7496 = DIRECTION('',(0.,0.,1.));
#7497 = ADVANCED_FACE('',(#7498),#7516,.T.);
#7498 = FACE_BOUND('',#7499,.T.);
#7499 = EDGE_LOOP('',(#7500,#7501,#7509,#7515));
#7500 = ORIENTED_EDGE('',*,*,#1731,.T.);
#7501 = ORIENTED_EDGE('',*,*,#7502,.T.);
#7502 = EDGE_CURVE('',#1724,#7503,#7505,.T.);
#7503 = VERTEX_POINT('',#7504);
#7504 = CARTESIAN_POINT('',(-0.99084280303,10.129346590909,4.2));
#7505 = LINE('',#7506,#7507);
#7506 = CARTESIAN_POINT('',(-0.99084280303,10.129346590909,4.7));
#7507 = VECTOR('',#7508,1.);
#7508 = DIRECTION('',(-0.,-0.,-1.));
#7509 = ORIENTED_EDGE('',*,*,#7510,.T.);
#7510 = EDGE_CURVE('',#7503,#7477,#7511,.T.);
#7511 = B_SPLINE_CURVE_WITH_KNOTS('',2,(#7512,#7513,#7514),
  .UNSPECIFIED.,.F.,.F.,(3,3),(0.,1.),.PIECEWISE_BEZIER_KNOTS.);
#7512 = CARTESIAN_POINT('',(-0.99084280303,10.129346590909,4.2));
#7513 = CARTESIAN_POINT('',(-1.299791666667,9.485880681818,4.2));
#7514 = CARTESIAN_POINT('',(-1.859214015152,9.149943181818,4.2));
#7515 = ORIENTED_EDGE('',*,*,#7476,.F.);
#7516 = SURFACE_OF_LINEAR_EXTRUSION('',#7517,#7521);
#7517 = B_SPLINE_CURVE_WITH_KNOTS('',2,(#7518,#7519,#7520),
  .UNSPECIFIED.,.F.,.F.,(3,3),(0.,1.),.PIECEWISE_BEZIER_KNOTS.);
#7518 = CARTESIAN_POINT('',(-0.99084280303,10.129346590909,4.7));
#7519 = CARTESIAN_POINT('',(-1.299791666667,9.485880681818,4.7));
#7520 = CARTESIAN_POINT('',(-1.859214015152,9.149943181818,4.7));
#7521 = VECTOR('',#7522,1.);
#7522 = DIRECTION('',(0.,0.,1.));
#7523 = ADVANCED_FACE('',(#7524),#7542,.T.);
#7524 = FACE_BOUND('',#7525,.T.);
#7525 = EDGE_LOOP('',(#7526,#7527,#7535,#7541));
#7526 = ORIENTED_EDGE('',*,*,#1723,.F.);
#7527 = ORIENTED_EDGE('',*,*,#7528,.T.);
#7528 = EDGE_CURVE('',#1697,#7529,#7531,.T.);
#7529 = VERTEX_POINT('',#7530);
#7530 = CARTESIAN_POINT('',(-1.544820075758,10.405151515152,4.2));
#7531 = LINE('',#7532,#7533);
#7532 = CARTESIAN_POINT('',(-1.544820075758,10.405151515152,4.7));
#7533 = VECTOR('',#7534,1.);
#7534 = DIRECTION('',(-0.,-0.,-1.));
#7535 = ORIENTED_EDGE('',*,*,#7536,.T.);
#7536 = EDGE_CURVE('',#7529,#7503,#7537,.T.);
#7537 = LINE('',#7538,#7539);
#7538 = CARTESIAN_POINT('',(-1.544820075758,10.405151515152,4.2));
#7539 = VECTOR('',#7540,1.);
#7540 = DIRECTION('',(0.895191002499,-0.445682699962,0.));
#7541 = ORIENTED_EDGE('',*,*,#7502,.F.);
#7542 = PLANE('',#7543);
#7543 = AXIS2_PLACEMENT_3D('',#7544,#7545,#7546);
#7544 = CARTESIAN_POINT('',(-1.544820075758,10.405151515152,4.7));
#7545 = DIRECTION('',(-0.445682699962,-0.895191002499,0.));
#7546 = DIRECTION('',(0.895191002499,-0.445682699962,0.));
#7547 = ADVANCED_FACE('',(#7548),#7566,.T.);
#7548 = FACE_BOUND('',#7549,.T.);
#7549 = EDGE_LOOP('',(#7550,#7551,#7559,#7565));
#7550 = ORIENTED_EDGE('',*,*,#1696,.T.);
#7551 = ORIENTED_EDGE('',*,*,#7552,.T.);
#7552 = EDGE_CURVE('',#1678,#7553,#7555,.T.);
#7553 = VERTEX_POINT('',#7554);
#7554 = CARTESIAN_POINT('',(-3.125075757576,9.371770833333,4.2));
#7555 = LINE('',#7556,#7557);
#7556 = CARTESIAN_POINT('',(-3.125075757576,9.371770833333,4.7));
#7557 = VECTOR('',#7558,1.);
#7558 = DIRECTION('',(-0.,-0.,-1.));
#7559 = ORIENTED_EDGE('',*,*,#7560,.T.);
#7560 = EDGE_CURVE('',#7553,#7529,#7561,.T.);
#7561 = B_SPLINE_CURVE_WITH_KNOTS('',2,(#7562,#7563,#7564),
  .UNSPECIFIED.,.F.,.F.,(3,3),(0.,1.),.PIECEWISE_BEZIER_KNOTS.);
#7562 = CARTESIAN_POINT('',(-3.125075757576,9.371770833333,4.2));
#7563 = CARTESIAN_POINT('',(-2.073939393939,9.371770833333,4.2));
#7564 = CARTESIAN_POINT('',(-1.544820075758,10.405151515152,4.2));
#7565 = ORIENTED_EDGE('',*,*,#7528,.F.);
#7566 = SURFACE_OF_LINEAR_EXTRUSION('',#7567,#7571);
#7567 = B_SPLINE_CURVE_WITH_KNOTS('',2,(#7568,#7569,#7570),
  .UNSPECIFIED.,.F.,.F.,(3,3),(0.,1.),.PIECEWISE_BEZIER_KNOTS.);
#7568 = CARTESIAN_POINT('',(-3.125075757576,9.371770833333,4.7));
#7569 = CARTESIAN_POINT('',(-2.073939393939,9.371770833333,4.7));
#7570 = CARTESIAN_POINT('',(-1.544820075758,10.405151515152,4.7));
#7571 = VECTOR('',#7572,1.);
#7572 = DIRECTION('',(0.,0.,1.));
#7573 = ADVANCED_FACE('',(#7574),#7592,.T.);
#7574 = FACE_BOUND('',#7575,.T.);
#7575 = EDGE_LOOP('',(#7576,#7577,#7585,#7591));
#7576 = ORIENTED_EDGE('',*,*,#1677,.T.);
#7577 = ORIENTED_EDGE('',*,*,#7578,.T.);
#7578 = EDGE_CURVE('',#1655,#7579,#7581,.T.);
#7579 = VERTEX_POINT('',#7580);
#7580 = CARTESIAN_POINT('',(-4.426685606061,9.931429924242,4.2));
#7581 = LINE('',#7582,#7583);
#7582 = CARTESIAN_POINT('',(-4.426685606061,9.931429924242,4.7));
#7583 = VECTOR('',#7584,1.);
#7584 = DIRECTION('',(-0.,-0.,-1.));
#7585 = ORIENTED_EDGE('',*,*,#7586,.T.);
#7586 = EDGE_CURVE('',#7579,#7553,#7587,.T.);
#7587 = B_SPLINE_CURVE_WITH_KNOTS('',2,(#7588,#7589,#7590),
  .UNSPECIFIED.,.F.,.F.,(3,3),(0.,1.),.PIECEWISE_BEZIER_KNOTS.);
#7588 = CARTESIAN_POINT('',(-4.426685606061,9.931429924242,4.2));
#7589 = CARTESIAN_POINT('',(-3.945388257576,9.371770833333,4.2));
#7590 = CARTESIAN_POINT('',(-3.125075757576,9.371770833333,4.2));
#7591 = ORIENTED_EDGE('',*,*,#7552,.F.);
#7592 = SURFACE_OF_LINEAR_EXTRUSION('',#7593,#7597);
#7593 = B_SPLINE_CURVE_WITH_KNOTS('',2,(#7594,#7595,#7596),
  .UNSPECIFIED.,.F.,.F.,(3,3),(0.,1.),.PIECEWISE_BEZIER_KNOTS.);
#7594 = CARTESIAN_POINT('',(-4.426685606061,9.931429924242,4.7));
#7595 = CARTESIAN_POINT('',(-3.945388257576,9.371770833333,4.7));
#7596 = CARTESIAN_POINT('',(-3.125075757576,9.371770833333,4.7));
#7597 = VECTOR('',#7598,1.);
#7598 = DIRECTION('',(0.,0.,1.));
#7599 = ADVANCED_FACE('',(#7600),#7618,.T.);
#7600 = FACE_BOUND('',#7601,.T.);
#7601 = EDGE_LOOP('',(#7602,#7603,#7611,#7617));
#7602 = ORIENTED_EDGE('',*,*,#1654,.T.);
#7603 = ORIENTED_EDGE('',*,*,#7604,.T.);
#7604 = EDGE_CURVE('',#1633,#7605,#7607,.T.);
#7605 = VERTEX_POINT('',#7606);
#7606 = CARTESIAN_POINT('',(-4.907746212121,11.411306818182,4.2));
#7607 = LINE('',#7608,#7609);
#7608 = CARTESIAN_POINT('',(-4.907746212121,11.411306818182,4.7));
#7609 = VECTOR('',#7610,1.);
#7610 = DIRECTION('',(-0.,-0.,-1.));
#7611 = ORIENTED_EDGE('',*,*,#7612,.T.);
#7612 = EDGE_CURVE('',#7605,#7579,#7613,.T.);
#7613 = B_SPLINE_CURVE_WITH_KNOTS('',2,(#7614,#7615,#7616),
  .UNSPECIFIED.,.F.,.F.,(3,3),(0.,1.),.PIECEWISE_BEZIER_KNOTS.);
#7614 = CARTESIAN_POINT('',(-4.907746212121,11.411306818182,4.2));
#7615 = CARTESIAN_POINT('',(-4.907746212121,10.491089015152,4.2));
#7616 = CARTESIAN_POINT('',(-4.426685606061,9.931429924242,4.2));
#7617 = ORIENTED_EDGE('',*,*,#7578,.F.);
#7618 = SURFACE_OF_LINEAR_EXTRUSION('',#7619,#7623);
#7619 = B_SPLINE_CURVE_WITH_KNOTS('',2,(#7620,#7621,#7622),
  .UNSPECIFIED.,.F.,.F.,(3,3),(0.,1.),.PIECEWISE_BEZIER_KNOTS.);
#7620 = CARTESIAN_POINT('',(-4.907746212121,11.411306818182,4.7));
#7621 = CARTESIAN_POINT('',(-4.907746212121,10.491089015152,4.7));
#7622 = CARTESIAN_POINT('',(-4.426685606061,9.931429924242,4.7));
#7623 = VECTOR('',#7624,1.);
#7624 = DIRECTION('',(0.,0.,1.));
#7625 = ADVANCED_FACE('',(#7626),#7637,.T.);
#7626 = FACE_BOUND('',#7627,.T.);
#7627 = EDGE_LOOP('',(#7628,#7629,#7630,#7636));
#7628 = ORIENTED_EDGE('',*,*,#1632,.T.);
#7629 = ORIENTED_EDGE('',*,*,#7201,.T.);
#7630 = ORIENTED_EDGE('',*,*,#7631,.T.);
#7631 = EDGE_CURVE('',#7194,#7605,#7632,.T.);
#7632 = B_SPLINE_CURVE_WITH_KNOTS('',2,(#7633,#7634,#7635),
  .UNSPECIFIED.,.F.,.F.,(3,3),(0.,1.),.PIECEWISE_BEZIER_KNOTS.);
#7633 = CARTESIAN_POINT('',(-4.446098484848,12.876979166667,4.2));
#7634 = CARTESIAN_POINT('',(-4.907746212121,12.342178030303,4.2));
#7635 = CARTESIAN_POINT('',(-4.907746212121,11.411306818182,4.2));
#7636 = ORIENTED_EDGE('',*,*,#7604,.F.);
#7637 = SURFACE_OF_LINEAR_EXTRUSION('',#7638,#7642);
#7638 = B_SPLINE_CURVE_WITH_KNOTS('',2,(#7639,#7640,#7641),
  .UNSPECIFIED.,.F.,.F.,(3,3),(0.,1.),.PIECEWISE_BEZIER_KNOTS.);
#7639 = CARTESIAN_POINT('',(-4.446098484848,12.876979166667,4.7));
#7640 = CARTESIAN_POINT('',(-4.907746212121,12.342178030303,4.7));
#7641 = CARTESIAN_POINT('',(-4.907746212121,11.411306818182,4.7));
#7642 = VECTOR('',#7643,1.);
#7643 = DIRECTION('',(0.,0.,1.));
#7644 = ADVANCED_FACE('',(#7645),#7670,.T.);
#7645 = FACE_BOUND('',#7646,.T.);
#7646 = EDGE_LOOP('',(#7647,#7648,#7656,#7664));
#7647 = ORIENTED_EDGE('',*,*,#1934,.T.);
#7648 = ORIENTED_EDGE('',*,*,#7649,.T.);
#7649 = EDGE_CURVE('',#1937,#7650,#7652,.T.);
#7650 = VERTEX_POINT('',#7651);
#7651 = CARTESIAN_POINT('',(3.016732954545,10.266420454545,4.2));
#7652 = LINE('',#7653,#7654);
#7653 = CARTESIAN_POINT('',(3.016732954545,10.266420454545,4.7));
#7654 = VECTOR('',#7655,1.);
#7655 = DIRECTION('',(-0.,-0.,-1.));
#7656 = ORIENTED_EDGE('',*,*,#7657,.T.);
#7657 = EDGE_CURVE('',#7650,#7658,#7660,.T.);
#7658 = VERTEX_POINT('',#7659);
#7659 = CARTESIAN_POINT('',(2.576392045455,9.194214015152,4.2));
#7660 = B_SPLINE_CURVE_WITH_KNOTS('',2,(#7661,#7662,#7663),
  .UNSPECIFIED.,.F.,.F.,(3,3),(0.,1.),.PIECEWISE_BEZIER_KNOTS.);
#7661 = CARTESIAN_POINT('',(3.016732954545,10.266420454545,4.2));
#7662 = CARTESIAN_POINT('',(3.016732954545,9.574185606061,4.2));
#7663 = CARTESIAN_POINT('',(2.576392045455,9.194214015152,4.2));
#7664 = ORIENTED_EDGE('',*,*,#7665,.F.);
#7665 = EDGE_CURVE('',#1935,#7658,#7666,.T.);
#7666 = LINE('',#7667,#7668);
#7667 = CARTESIAN_POINT('',(2.576392045455,9.194214015152,4.7));
#7668 = VECTOR('',#7669,1.);
#7669 = DIRECTION('',(-0.,-0.,-1.));
#7670 = SURFACE_OF_LINEAR_EXTRUSION('',#7671,#7675);
#7671 = B_SPLINE_CURVE_WITH_KNOTS('',2,(#7672,#7673,#7674),
  .UNSPECIFIED.,.F.,.F.,(3,3),(0.,1.),.PIECEWISE_BEZIER_KNOTS.);
#7672 = CARTESIAN_POINT('',(3.016732954545,10.266420454545,4.7));
#7673 = CARTESIAN_POINT('',(3.016732954545,9.574185606061,4.7));
#7674 = CARTESIAN_POINT('',(2.576392045455,9.194214015152,4.7));
#7675 = VECTOR('',#7676,1.);
#7676 = DIRECTION('',(0.,0.,1.));
#7677 = ADVANCED_FACE('',(#7678),#7696,.T.);
#7678 = FACE_BOUND('',#7679,.T.);
#7679 = EDGE_LOOP('',(#7680,#7681,#7689,#7695));
#7680 = ORIENTED_EDGE('',*,*,#2381,.T.);
#7681 = ORIENTED_EDGE('',*,*,#7682,.T.);
#7682 = EDGE_CURVE('',#2365,#7683,#7685,.T.);
#7683 = VERTEX_POINT('',#7684);
#7684 = CARTESIAN_POINT('',(2.704232954545,11.061875,4.2));
#7685 = LINE('',#7686,#7687);
#7686 = CARTESIAN_POINT('',(2.704232954545,11.061875,4.7));
#7687 = VECTOR('',#7688,1.);
#7688 = DIRECTION('',(-0.,-0.,-1.));
#7689 = ORIENTED_EDGE('',*,*,#7690,.T.);
#7690 = EDGE_CURVE('',#7683,#7650,#7691,.T.);
#7691 = B_SPLINE_CURVE_WITH_KNOTS('',2,(#7692,#7693,#7694),
  .UNSPECIFIED.,.F.,.F.,(3,3),(0.,1.),.PIECEWISE_BEZIER_KNOTS.);
#7692 = CARTESIAN_POINT('',(2.704232954545,11.061875,4.2));
#7693 = CARTESIAN_POINT('',(3.016732954545,10.745823863636,4.2));
#7694 = CARTESIAN_POINT('',(3.016732954545,10.266420454545,4.2));
#7695 = ORIENTED_EDGE('',*,*,#7649,.F.);
#7696 = SURFACE_OF_LINEAR_EXTRUSION('',#7697,#7701);
#7697 = B_SPLINE_CURVE_WITH_KNOTS('',2,(#7698,#7699,#7700),
  .UNSPECIFIED.,.F.,.F.,(3,3),(0.,1.),.PIECEWISE_BEZIER_KNOTS.);
#7698 = CARTESIAN_POINT('',(2.704232954545,11.061875,4.7));
#7699 = CARTESIAN_POINT('',(3.016732954545,10.745823863636,4.7));
#7700 = CARTESIAN_POINT('',(3.016732954545,10.266420454545,4.7));
#7701 = VECTOR('',#7702,1.);
#7702 = DIRECTION('',(0.,0.,1.));
#7703 = ADVANCED_FACE('',(#7704),#7722,.T.);
#7704 = FACE_BOUND('',#7705,.T.);
#7705 = EDGE_LOOP('',(#7706,#7707,#7715,#7721));
#7706 = ORIENTED_EDGE('',*,*,#2364,.T.);
#7707 = ORIENTED_EDGE('',*,*,#7708,.T.);
#7708 = EDGE_CURVE('',#2357,#7709,#7711,.T.);
#7709 = VERTEX_POINT('',#7710);
#7710 = CARTESIAN_POINT('',(1.830653409091,11.438295454545,4.2));
#7711 = LINE('',#7712,#7713);
#7712 = CARTESIAN_POINT('',(1.830653409091,11.438295454545,4.7));
#7713 = VECTOR('',#7714,1.);
#7714 = DIRECTION('',(-0.,-0.,-1.));
#7715 = ORIENTED_EDGE('',*,*,#7716,.T.);
#7716 = EDGE_CURVE('',#7709,#7683,#7717,.T.);
#7717 = B_SPLINE_CURVE_WITH_KNOTS('',2,(#7718,#7719,#7720),
  .UNSPECIFIED.,.F.,.F.,(3,3),(0.,1.),.PIECEWISE_BEZIER_KNOTS.);
#7718 = CARTESIAN_POINT('',(1.830653409091,11.438295454545,4.2));
#7719 = CARTESIAN_POINT('',(2.391732954545,11.377926136364,4.2));
#7720 = CARTESIAN_POINT('',(2.704232954545,11.061875,4.2));
#7721 = ORIENTED_EDGE('',*,*,#7682,.F.);
#7722 = SURFACE_OF_LINEAR_EXTRUSION('',#7723,#7727);
#7723 = B_SPLINE_CURVE_WITH_KNOTS('',2,(#7724,#7725,#7726),
  .UNSPECIFIED.,.F.,.F.,(3,3),(0.,1.),.PIECEWISE_BEZIER_KNOTS.);
#7724 = CARTESIAN_POINT('',(1.830653409091,11.438295454545,4.7));
#7725 = CARTESIAN_POINT('',(2.391732954545,11.377926136364,4.7));
#7726 = CARTESIAN_POINT('',(2.704232954545,11.061875,4.7));
#7727 = VECTOR('',#7728,1.);
#7728 = DIRECTION('',(0.,0.,1.));
#7729 = ADVANCED_FACE('',(#7730),#7748,.T.);
#7730 = FACE_BOUND('',#7731,.T.);
#7731 = EDGE_LOOP('',(#7732,#7733,#7741,#7747));
#7732 = ORIENTED_EDGE('',*,*,#2356,.F.);
#7733 = ORIENTED_EDGE('',*,*,#7734,.T.);
#7734 = EDGE_CURVE('',#2342,#7735,#7737,.T.);
#7735 = VERTEX_POINT('',#7736);
#7736 = CARTESIAN_POINT('',(1.830653409091,11.4525,4.2));
#7737 = LINE('',#7738,#7739);
#7738 = CARTESIAN_POINT('',(1.830653409091,11.4525,4.7));
#7739 = VECTOR('',#7740,1.);
#7740 = DIRECTION('',(-0.,-0.,-1.));
#7741 = ORIENTED_EDGE('',*,*,#7742,.T.);
#7742 = EDGE_CURVE('',#7735,#7709,#7743,.T.);
#7743 = LINE('',#7744,#7745);
#7744 = CARTESIAN_POINT('',(1.830653409091,11.4525,4.2));
#7745 = VECTOR('',#7746,1.);
#7746 = DIRECTION('',(0.,-1.,0.));
#7747 = ORIENTED_EDGE('',*,*,#7708,.F.);
#7748 = PLANE('',#7749);
#7749 = AXIS2_PLACEMENT_3D('',#7750,#7751,#7752);
#7750 = CARTESIAN_POINT('',(1.830653409091,11.4525,4.7));
#7751 = DIRECTION('',(-1.,0.,0.));
#7752 = DIRECTION('',(0.,-1.,0.));
#7753 = ADVANCED_FACE('',(#7754),#7772,.T.);
#7754 = FACE_BOUND('',#7755,.T.);
#7755 = EDGE_LOOP('',(#7756,#7757,#7765,#7771));
#7756 = ORIENTED_EDGE('',*,*,#2341,.T.);
#7757 = ORIENTED_EDGE('',*,*,#7758,.T.);
#7758 = EDGE_CURVE('',#2325,#7759,#7761,.T.);
#7759 = VERTEX_POINT('',#7760);
#7760 = CARTESIAN_POINT('',(2.610009469697,11.859460227273,4.2));
#7761 = LINE('',#7762,#7763);
#7762 = CARTESIAN_POINT('',(2.610009469697,11.859460227273,4.7));
#7763 = VECTOR('',#7764,1.);
#7764 = DIRECTION('',(-0.,-0.,-1.));
#7765 = ORIENTED_EDGE('',*,*,#7766,.T.);
#7766 = EDGE_CURVE('',#7759,#7735,#7767,.T.);
#7767 = B_SPLINE_CURVE_WITH_KNOTS('',2,(#7768,#7769,#7770),
  .UNSPECIFIED.,.F.,.F.,(3,3),(0.,1.),.PIECEWISE_BEZIER_KNOTS.);
#7768 = CARTESIAN_POINT('',(2.610009469697,11.859460227273,4.2));
#7769 = CARTESIAN_POINT('',(2.342017045455,11.559034090909,4.2));
#7770 = CARTESIAN_POINT('',(1.830653409091,11.4525,4.2));
#7771 = ORIENTED_EDGE('',*,*,#7734,.F.);
#7772 = SURFACE_OF_LINEAR_EXTRUSION('',#7773,#7777);
#7773 = B_SPLINE_CURVE_WITH_KNOTS('',2,(#7774,#7775,#7776),
  .UNSPECIFIED.,.F.,.F.,(3,3),(0.,1.),.PIECEWISE_BEZIER_KNOTS.);
#7774 = CARTESIAN_POINT('',(2.610009469697,11.859460227273,4.7));
#7775 = CARTESIAN_POINT('',(2.342017045455,11.559034090909,4.7));
#7776 = CARTESIAN_POINT('',(1.830653409091,11.4525,4.7));
#7777 = VECTOR('',#7778,1.);
#7778 = DIRECTION('',(0.,0.,1.));
#7779 = ADVANCED_FACE('',(#7780),#7798,.T.);
#7780 = FACE_BOUND('',#7781,.T.);
#7781 = EDGE_LOOP('',(#7782,#7783,#7791,#7797));
#7782 = ORIENTED_EDGE('',*,*,#2324,.T.);
#7783 = ORIENTED_EDGE('',*,*,#7784,.T.);
#7784 = EDGE_CURVE('',#2306,#7785,#7787,.T.);
#7785 = VERTEX_POINT('',#7786);
#7786 = CARTESIAN_POINT('',(2.878238636364,12.639763257576,4.2));
#7787 = LINE('',#7788,#7789);
#7788 = CARTESIAN_POINT('',(2.878238636364,12.639763257576,4.7));
#7789 = VECTOR('',#7790,1.);
#7790 = DIRECTION('',(-0.,-0.,-1.));
#7791 = ORIENTED_EDGE('',*,*,#7792,.T.);
#7792 = EDGE_CURVE('',#7785,#7759,#7793,.T.);
#7793 = B_SPLINE_CURVE_WITH_KNOTS('',2,(#7794,#7795,#7796),
  .UNSPECIFIED.,.F.,.F.,(3,3),(0.,1.),.PIECEWISE_BEZIER_KNOTS.);
#7794 = CARTESIAN_POINT('',(2.878238636364,12.639763257576,4.2));
#7795 = CARTESIAN_POINT('',(2.878238636364,12.159886363636,4.2));
#7796 = CARTESIAN_POINT('',(2.610009469697,11.859460227273,4.2));
#7797 = ORIENTED_EDGE('',*,*,#7758,.F.);
#7798 = SURFACE_OF_LINEAR_EXTRUSION('',#7799,#7803);
#7799 = B_SPLINE_CURVE_WITH_KNOTS('',2,(#7800,#7801,#7802),
  .UNSPECIFIED.,.F.,.F.,(3,3),(0.,1.),.PIECEWISE_BEZIER_KNOTS.);
#7800 = CARTESIAN_POINT('',(2.878238636364,12.639763257576,4.7));
#7801 = CARTESIAN_POINT('',(2.878238636364,12.159886363636,4.7));
#7802 = CARTESIAN_POINT('',(2.610009469697,11.859460227273,4.7));
#7803 = VECTOR('',#7804,1.);
#7804 = DIRECTION('',(0.,0.,1.));
#7805 = ADVANCED_FACE('',(#7806),#7824,.T.);
#7806 = FACE_BOUND('',#7807,.T.);
#7807 = EDGE_LOOP('',(#7808,#7809,#7817,#7823));
#7808 = ORIENTED_EDGE('',*,*,#2305,.T.);
#7809 = ORIENTED_EDGE('',*,*,#7810,.T.);
#7810 = EDGE_CURVE('',#2289,#7811,#7813,.T.);
#7811 = VERTEX_POINT('',#7812);
#7812 = CARTESIAN_POINT('',(2.460861742424,13.615615530303,4.2));
#7813 = LINE('',#7814,#7815);
#7814 = CARTESIAN_POINT('',(2.460861742424,13.615615530303,4.7));
#7815 = VECTOR('',#7816,1.);
#7816 = DIRECTION('',(-0.,-0.,-1.));
#7817 = ORIENTED_EDGE('',*,*,#7818,.T.);
#7818 = EDGE_CURVE('',#7811,#7785,#7819,.T.);
#7819 = B_SPLINE_CURVE_WITH_KNOTS('',2,(#7820,#7821,#7822),
  .UNSPECIFIED.,.F.,.F.,(3,3),(0.,1.),.PIECEWISE_BEZIER_KNOTS.);
#7820 = CARTESIAN_POINT('',(2.460861742424,13.615615530303,4.2));
#7821 = CARTESIAN_POINT('',(2.878238636364,13.265473484848,4.2));
#7822 = CARTESIAN_POINT('',(2.878238636364,12.639763257576,4.2));
#7823 = ORIENTED_EDGE('',*,*,#7784,.F.);
#7824 = SURFACE_OF_LINEAR_EXTRUSION('',#7825,#7829);
#7825 = B_SPLINE_CURVE_WITH_KNOTS('',2,(#7826,#7827,#7828),
  .UNSPECIFIED.,.F.,.F.,(3,3),(0.,1.),.PIECEWISE_BEZIER_KNOTS.);
#7826 = CARTESIAN_POINT('',(2.460861742424,13.615615530303,4.7));
#7827 = CARTESIAN_POINT('',(2.878238636364,13.265473484848,4.7));
#7828 = CARTESIAN_POINT('',(2.878238636364,12.639763257576,4.7));
#7829 = VECTOR('',#7830,1.);
#7830 = DIRECTION('',(0.,0.,1.));
#7831 = ADVANCED_FACE('',(#7832),#7850,.T.);
#7832 = FACE_BOUND('',#7833,.T.);
#7833 = EDGE_LOOP('',(#7834,#7835,#7843,#7849));
#7834 = ORIENTED_EDGE('',*,*,#2288,.T.);
#7835 = ORIENTED_EDGE('',*,*,#7836,.T.);
#7836 = EDGE_CURVE('',#2272,#7837,#7839,.T.);
#7837 = VERTEX_POINT('',#7838);
#7838 = CARTESIAN_POINT('',(1.290880681818,13.965757575758,4.2));
#7839 = LINE('',#7840,#7841);
#7840 = CARTESIAN_POINT('',(1.290880681818,13.965757575758,4.7));
#7841 = VECTOR('',#7842,1.);
#7842 = DIRECTION('',(-0.,-0.,-1.));
#7843 = ORIENTED_EDGE('',*,*,#7844,.T.);
#7844 = EDGE_CURVE('',#7837,#7811,#7845,.T.);
#7845 = B_SPLINE_CURVE_WITH_KNOTS('',2,(#7846,#7847,#7848),
  .UNSPECIFIED.,.F.,.F.,(3,3),(0.,1.),.PIECEWISE_BEZIER_KNOTS.);
#7846 = CARTESIAN_POINT('',(1.290880681818,13.965757575758,4.2));
#7847 = CARTESIAN_POINT('',(2.043721590909,13.965757575758,4.2));
#7848 = CARTESIAN_POINT('',(2.460861742424,13.615615530303,4.2));
#7849 = ORIENTED_EDGE('',*,*,#7810,.F.);
#7850 = SURFACE_OF_LINEAR_EXTRUSION('',#7851,#7855);
#7851 = B_SPLINE_CURVE_WITH_KNOTS('',2,(#7852,#7853,#7854),
  .UNSPECIFIED.,.F.,.F.,(3,3),(0.,1.),.PIECEWISE_BEZIER_KNOTS.);
#7852 = CARTESIAN_POINT('',(1.290880681818,13.965757575758,4.7));
#7853 = CARTESIAN_POINT('',(2.043721590909,13.965757575758,4.7));
#7854 = CARTESIAN_POINT('',(2.460861742424,13.615615530303,4.7));
#7855 = VECTOR('',#7856,1.);
#7856 = DIRECTION('',(0.,0.,1.));
#7857 = ADVANCED_FACE('',(#7858),#7876,.T.);
#7858 = FACE_BOUND('',#7859,.T.);
#7859 = EDGE_LOOP('',(#7860,#7861,#7869,#7875));
#7860 = ORIENTED_EDGE('',*,*,#2271,.T.);
#7861 = ORIENTED_EDGE('',*,*,#7862,.T.);
#7862 = EDGE_CURVE('',#2255,#7863,#7865,.T.);
#7863 = VERTEX_POINT('',#7864);
#7864 = CARTESIAN_POINT('',(0.163276515152,13.621297348485,4.2));
#7865 = LINE('',#7866,#7867);
#7866 = CARTESIAN_POINT('',(0.163276515152,13.621297348485,4.7));
#7867 = VECTOR('',#7868,1.);
#7868 = DIRECTION('',(-0.,-0.,-1.));
#7869 = ORIENTED_EDGE('',*,*,#7870,.T.);
#7870 = EDGE_CURVE('',#7863,#7837,#7871,.T.);
#7871 = B_SPLINE_CURVE_WITH_KNOTS('',2,(#7872,#7873,#7874),
  .UNSPECIFIED.,.F.,.F.,(3,3),(0.,1.),.PIECEWISE_BEZIER_KNOTS.);
#7872 = CARTESIAN_POINT('',(0.163276515152,13.621297348485,4.2));
#7873 = CARTESIAN_POINT('',(0.601960227273,13.965757575758,4.2));
#7874 = CARTESIAN_POINT('',(1.290880681818,13.965757575758,4.2));
#7875 = ORIENTED_EDGE('',*,*,#7836,.F.);
#7876 = SURFACE_OF_LINEAR_EXTRUSION('',#7877,#7881);
#7877 = B_SPLINE_CURVE_WITH_KNOTS('',2,(#7878,#7879,#7880),
  .UNSPECIFIED.,.F.,.F.,(3,3),(0.,1.),.PIECEWISE_BEZIER_KNOTS.);
#7878 = CARTESIAN_POINT('',(0.163276515152,13.621297348485,4.7));
#7879 = CARTESIAN_POINT('',(0.601960227273,13.965757575758,4.7));
#7880 = CARTESIAN_POINT('',(1.290880681818,13.965757575758,4.7));
#7881 = VECTOR('',#7882,1.);
#7882 = DIRECTION('',(0.,0.,1.));
#7883 = ADVANCED_FACE('',(#7884),#7902,.T.);
#7884 = FACE_BOUND('',#7885,.T.);
#7885 = EDGE_LOOP('',(#7886,#7887,#7895,#7901));
#7886 = ORIENTED_EDGE('',*,*,#2254,.T.);
#7887 = ORIENTED_EDGE('',*,*,#7888,.T.);
#7888 = EDGE_CURVE('',#2247,#7889,#7891,.T.);
#7889 = VERTEX_POINT('',#7890);
#7890 = CARTESIAN_POINT('',(-0.346193181818,12.662490530303,4.2));
#7891 = LINE('',#7892,#7893);
#7892 = CARTESIAN_POINT('',(-0.346193181818,12.662490530303,4.7));
#7893 = VECTOR('',#7894,1.);
#7894 = DIRECTION('',(-0.,-0.,-1.));
#7895 = ORIENTED_EDGE('',*,*,#7896,.T.);
#7896 = EDGE_CURVE('',#7889,#7863,#7897,.T.);
#7897 = B_SPLINE_CURVE_WITH_KNOTS('',2,(#7898,#7899,#7900),
  .UNSPECIFIED.,.F.,.F.,(3,3),(0.,1.),.PIECEWISE_BEZIER_KNOTS.);
#7898 = CARTESIAN_POINT('',(-0.346193181818,12.662490530303,4.2));
#7899 = CARTESIAN_POINT('',(-0.275170454545,13.276837121212,4.2));
#7900 = CARTESIAN_POINT('',(0.163276515152,13.621297348485,4.2));
#7901 = ORIENTED_EDGE('',*,*,#7862,.F.);
#7902 = SURFACE_OF_LINEAR_EXTRUSION('',#7903,#7907);
#7903 = B_SPLINE_CURVE_WITH_KNOTS('',2,(#7904,#7905,#7906),
  .UNSPECIFIED.,.F.,.F.,(3,3),(0.,1.),.PIECEWISE_BEZIER_KNOTS.);
#7904 = CARTESIAN_POINT('',(-0.346193181818,12.662490530303,4.7));
#7905 = CARTESIAN_POINT('',(-0.275170454545,13.276837121212,4.7));
#7906 = CARTESIAN_POINT('',(0.163276515152,13.621297348485,4.7));
#7907 = VECTOR('',#7908,1.);
#7908 = DIRECTION('',(0.,0.,1.));
#7909 = ADVANCED_FACE('',(#7910),#7928,.T.);
#7910 = FACE_BOUND('',#7911,.T.);
#7911 = EDGE_LOOP('',(#7912,#7913,#7921,#7927));
#7912 = ORIENTED_EDGE('',*,*,#2246,.F.);
#7913 = ORIENTED_EDGE('',*,*,#7914,.T.);
#7914 = EDGE_CURVE('',#2230,#7915,#7917,.T.);
#7915 = VERTEX_POINT('',#7916);
#7916 = CARTESIAN_POINT('',(0.2965625,12.612774621212,4.2));
#7917 = LINE('',#7918,#7919);
#7918 = CARTESIAN_POINT('',(0.2965625,12.612774621212,4.7));
#7919 = VECTOR('',#7920,1.);
#7920 = DIRECTION('',(-0.,-0.,-1.));
#7921 = ORIENTED_EDGE('',*,*,#7922,.T.);
#7922 = EDGE_CURVE('',#7915,#7889,#7923,.T.);
#7923 = LINE('',#7924,#7925);
#7924 = CARTESIAN_POINT('',(0.2965625,12.612774621212,4.2));
#7925 = VECTOR('',#7926,1.);
#7926 = DIRECTION('',(-0.997021994117,7.711772330186E-02,0.));
#7927 = ORIENTED_EDGE('',*,*,#7888,.F.);
#7928 = PLANE('',#7929);
#7929 = AXIS2_PLACEMENT_3D('',#7930,#7931,#7932);
#7930 = CARTESIAN_POINT('',(0.2965625,12.612774621212,4.7));
#7931 = DIRECTION('',(7.711772330186E-02,0.997021994117,0.));
#7932 = DIRECTION('',(-0.997021994117,7.711772330186E-02,0.));
#7933 = ADVANCED_FACE('',(#7934),#7952,.T.);
#7934 = FACE_BOUND('',#7935,.T.);
#7935 = EDGE_LOOP('',(#7936,#7937,#7945,#7951));
#7936 = ORIENTED_EDGE('',*,*,#2229,.T.);
#7937 = ORIENTED_EDGE('',*,*,#7938,.T.);
#7938 = EDGE_CURVE('',#2211,#7939,#7941,.T.);
#7939 = VERTEX_POINT('',#7940);
#7940 = CARTESIAN_POINT('',(0.600066287879,13.223570075758,4.2));
#7941 = LINE('',#7942,#7943);
#7942 = CARTESIAN_POINT('',(0.600066287879,13.223570075758,4.7));
#7943 = VECTOR('',#7944,1.);
#7944 = DIRECTION('',(-0.,-0.,-1.));
#7945 = ORIENTED_EDGE('',*,*,#7946,.T.);
#7946 = EDGE_CURVE('',#7939,#7915,#7947,.T.);
#7947 = B_SPLINE_CURVE_WITH_KNOTS('',2,(#7948,#7949,#7950),
  .UNSPECIFIED.,.F.,.F.,(3,3),(0.,1.),.PIECEWISE_BEZIER_KNOTS.);
#7948 = CARTESIAN_POINT('',(0.600066287879,13.223570075758,4.2));
#7949 = CARTESIAN_POINT('',(0.339176136364,13.006950757576,4.2));
#7950 = CARTESIAN_POINT('',(0.2965625,12.612774621212,4.2));
#7951 = ORIENTED_EDGE('',*,*,#7914,.F.);
#7952 = SURFACE_OF_LINEAR_EXTRUSION('',#7953,#7957);
#7953 = B_SPLINE_CURVE_WITH_KNOTS('',2,(#7954,#7955,#7956),
  .UNSPECIFIED.,.F.,.F.,(3,3),(0.,1.),.PIECEWISE_BEZIER_KNOTS.);
#7954 = CARTESIAN_POINT('',(0.600066287879,13.223570075758,4.7));
#7955 = CARTESIAN_POINT('',(0.339176136364,13.006950757576,4.7));
#7956 = CARTESIAN_POINT('',(0.2965625,12.612774621212,4.7));
#7957 = VECTOR('',#7958,1.);
#7958 = DIRECTION('',(0.,0.,1.));
#7959 = ADVANCED_FACE('',(#7960),#7978,.T.);
#7960 = FACE_BOUND('',#7961,.T.);
#7961 = EDGE_LOOP('',(#7962,#7963,#7971,#7977));
#7962 = ORIENTED_EDGE('',*,*,#2210,.T.);
#7963 = ORIENTED_EDGE('',*,*,#7964,.T.);
#7964 = EDGE_CURVE('',#2194,#7965,#7967,.T.);
#7965 = VERTEX_POINT('',#7966);
#7966 = CARTESIAN_POINT('',(1.283778409091,13.440189393939,4.2));
#7967 = LINE('',#7968,#7969);
#7968 = CARTESIAN_POINT('',(1.283778409091,13.440189393939,4.7));
#7969 = VECTOR('',#7970,1.);
#7970 = DIRECTION('',(-0.,-0.,-1.));
#7971 = ORIENTED_EDGE('',*,*,#7972,.T.);
#7972 = EDGE_CURVE('',#7965,#7939,#7973,.T.);
#7973 = B_SPLINE_CURVE_WITH_KNOTS('',2,(#7974,#7975,#7976),
  .UNSPECIFIED.,.F.,.F.,(3,3),(0.,1.),.PIECEWISE_BEZIER_KNOTS.);
#7974 = CARTESIAN_POINT('',(1.283778409091,13.440189393939,4.2));
#7975 = CARTESIAN_POINT('',(0.861193181818,13.440189393939,4.2));
#7976 = CARTESIAN_POINT('',(0.600066287879,13.223570075758,4.2));
#7977 = ORIENTED_EDGE('',*,*,#7938,.F.);
#7978 = SURFACE_OF_LINEAR_EXTRUSION('',#7979,#7983);
#7979 = B_SPLINE_CURVE_WITH_KNOTS('',2,(#7980,#7981,#7982),
  .UNSPECIFIED.,.F.,.F.,(3,3),(0.,1.),.PIECEWISE_BEZIER_KNOTS.);
#7980 = CARTESIAN_POINT('',(1.283778409091,13.440189393939,4.7));
#7981 = CARTESIAN_POINT('',(0.861193181818,13.440189393939,4.7));
#7982 = CARTESIAN_POINT('',(0.600066287879,13.223570075758,4.7));
#7983 = VECTOR('',#7984,1.);
#7984 = DIRECTION('',(0.,0.,1.));
#7985 = ADVANCED_FACE('',(#7986),#8004,.T.);
#7986 = FACE_BOUND('',#7987,.T.);
#7987 = EDGE_LOOP('',(#7988,#7989,#7997,#8003));
#7988 = ORIENTED_EDGE('',*,*,#2193,.T.);
#7989 = ORIENTED_EDGE('',*,*,#7990,.T.);
#7990 = EDGE_CURVE('',#2177,#7991,#7993,.T.);
#7991 = VERTEX_POINT('',#7992);
#7992 = CARTESIAN_POINT('',(1.985009469697,13.207234848485,4.2));
#7993 = LINE('',#7994,#7995);
#7994 = CARTESIAN_POINT('',(1.985009469697,13.207234848485,4.7));
#7995 = VECTOR('',#7996,1.);
#7996 = DIRECTION('',(-0.,-0.,-1.));
#7997 = ORIENTED_EDGE('',*,*,#7998,.T.);
#7998 = EDGE_CURVE('',#7991,#7965,#7999,.T.);
#7999 = B_SPLINE_CURVE_WITH_KNOTS('',2,(#8000,#8001,#8002),
  .UNSPECIFIED.,.F.,.F.,(3,3),(0.,1.),.PIECEWISE_BEZIER_KNOTS.);
#8000 = CARTESIAN_POINT('',(1.985009469697,13.207234848485,4.2));
#8001 = CARTESIAN_POINT('',(1.748977272727,13.440189393939,4.2));
#8002 = CARTESIAN_POINT('',(1.283778409091,13.440189393939,4.2));
#8003 = ORIENTED_EDGE('',*,*,#7964,.F.);
#8004 = SURFACE_OF_LINEAR_EXTRUSION('',#8005,#8009);
#8005 = B_SPLINE_CURVE_WITH_KNOTS('',2,(#8006,#8007,#8008),
  .UNSPECIFIED.,.F.,.F.,(3,3),(0.,1.),.PIECEWISE_BEZIER_KNOTS.);
#8006 = CARTESIAN_POINT('',(1.985009469697,13.207234848485,4.7));
#8007 = CARTESIAN_POINT('',(1.748977272727,13.440189393939,4.7));
#8008 = CARTESIAN_POINT('',(1.283778409091,13.440189393939,4.7));
#8009 = VECTOR('',#8010,1.);
#8010 = DIRECTION('',(0.,0.,1.));
#8011 = ADVANCED_FACE('',(#8012),#8030,.T.);
#8012 = FACE_BOUND('',#8013,.T.);
#8013 = EDGE_LOOP('',(#8014,#8015,#8023,#8029));
#8014 = ORIENTED_EDGE('',*,*,#2176,.T.);
#8015 = ORIENTED_EDGE('',*,*,#8016,.T.);
#8016 = EDGE_CURVE('',#2162,#8017,#8019,.T.);
#8017 = VERTEX_POINT('',#8018);
#8018 = CARTESIAN_POINT('',(2.221278409091,12.572291666667,4.2));
#8019 = LINE('',#8020,#8021);
#8020 = CARTESIAN_POINT('',(2.221278409091,12.572291666667,4.7));
#8021 = VECTOR('',#8022,1.);
#8022 = DIRECTION('',(-0.,-0.,-1.));
#8023 = ORIENTED_EDGE('',*,*,#8024,.T.);
#8024 = EDGE_CURVE('',#8017,#7991,#8025,.T.);
#8025 = B_SPLINE_CURVE_WITH_KNOTS('',2,(#8026,#8027,#8028),
  .UNSPECIFIED.,.F.,.F.,(3,3),(0.,1.),.PIECEWISE_BEZIER_KNOTS.);
#8026 = CARTESIAN_POINT('',(2.221278409091,12.572291666667,4.2));
#8027 = CARTESIAN_POINT('',(2.221278409091,12.97428030303,4.2));
#8028 = CARTESIAN_POINT('',(1.985009469697,13.207234848485,4.2));
#8029 = ORIENTED_EDGE('',*,*,#7990,.F.);
#8030 = SURFACE_OF_LINEAR_EXTRUSION('',#8031,#8035);
#8031 = B_SPLINE_CURVE_WITH_KNOTS('',2,(#8032,#8033,#8034),
  .UNSPECIFIED.,.F.,.F.,(3,3),(0.,1.),.PIECEWISE_BEZIER_KNOTS.);
#8032 = CARTESIAN_POINT('',(2.221278409091,12.572291666667,4.7));
#8033 = CARTESIAN_POINT('',(2.221278409091,12.97428030303,4.7));
#8034 = CARTESIAN_POINT('',(1.985009469697,13.207234848485,4.7));
#8035 = VECTOR('',#8036,1.);
#8036 = DIRECTION('',(0.,0.,1.));
#8037 = ADVANCED_FACE('',(#8038),#8056,.T.);
#8038 = FACE_BOUND('',#8039,.T.);
#8039 = EDGE_LOOP('',(#8040,#8041,#8049,#8055));
#8040 = ORIENTED_EDGE('',*,*,#2161,.T.);
#8041 = ORIENTED_EDGE('',*,*,#8042,.T.);
#8042 = EDGE_CURVE('',#2145,#8043,#8045,.T.);
#8043 = VERTEX_POINT('',#8044);
#8044 = CARTESIAN_POINT('',(1.931742424242,11.937585227273,4.2));
#8045 = LINE('',#8046,#8047);
#8046 = CARTESIAN_POINT('',(1.931742424242,11.937585227273,4.7));
#8047 = VECTOR('',#8048,1.);
#8048 = DIRECTION('',(-0.,-0.,-1.));
#8049 = ORIENTED_EDGE('',*,*,#8050,.T.);
#8050 = EDGE_CURVE('',#8043,#8017,#8051,.T.);
#8051 = B_SPLINE_CURVE_WITH_KNOTS('',2,(#8052,#8053,#8054),
  .UNSPECIFIED.,.F.,.F.,(3,3),(0.,1.),.PIECEWISE_BEZIER_KNOTS.);
#8052 = CARTESIAN_POINT('',(1.931742424242,11.937585227273,4.2));
#8053 = CARTESIAN_POINT('',(2.221278409091,12.166988636364,4.2));
#8054 = CARTESIAN_POINT('',(2.221278409091,12.572291666667,4.2));
#8055 = ORIENTED_EDGE('',*,*,#8016,.F.);
#8056 = SURFACE_OF_LINEAR_EXTRUSION('',#8057,#8061);
#8057 = B_SPLINE_CURVE_WITH_KNOTS('',2,(#8058,#8059,#8060),
  .UNSPECIFIED.,.F.,.F.,(3,3),(0.,1.),.PIECEWISE_BEZIER_KNOTS.);
#8058 = CARTESIAN_POINT('',(1.931742424242,11.937585227273,4.7));
#8059 = CARTESIAN_POINT('',(2.221278409091,12.166988636364,4.7));
#8060 = CARTESIAN_POINT('',(2.221278409091,12.572291666667,4.7));
#8061 = VECTOR('',#8062,1.);
#8062 = DIRECTION('',(0.,0.,1.));
#8063 = ADVANCED_FACE('',(#8064),#8082,.T.);
#8064 = FACE_BOUND('',#8065,.T.);
#8065 = EDGE_LOOP('',(#8066,#8067,#8075,#8081));
#8066 = ORIENTED_EDGE('',*,*,#2144,.T.);
#8067 = ORIENTED_EDGE('',*,*,#8068,.T.);
#8068 = EDGE_CURVE('',#2137,#8069,#8071,.T.);
#8069 = VERTEX_POINT('',#8070);
#8070 = CARTESIAN_POINT('',(1.116875,11.708181818182,4.2));
#8071 = LINE('',#8072,#8073);
#8072 = CARTESIAN_POINT('',(1.116875,11.708181818182,4.7));
#8073 = VECTOR('',#8074,1.);
#8074 = DIRECTION('',(-0.,-0.,-1.));
#8075 = ORIENTED_EDGE('',*,*,#8076,.T.);
#8076 = EDGE_CURVE('',#8069,#8043,#8077,.T.);
#8077 = B_SPLINE_CURVE_WITH_KNOTS('',2,(#8078,#8079,#8080),
  .UNSPECIFIED.,.F.,.F.,(3,3),(0.,1.),.PIECEWISE_BEZIER_KNOTS.);
#8078 = CARTESIAN_POINT('',(1.116875,11.708181818182,4.2));
#8079 = CARTESIAN_POINT('',(1.642443181818,11.708181818182,4.2));
#8080 = CARTESIAN_POINT('',(1.931742424242,11.937585227273,4.2));
#8081 = ORIENTED_EDGE('',*,*,#8042,.F.);
#8082 = SURFACE_OF_LINEAR_EXTRUSION('',#8083,#8087);
#8083 = B_SPLINE_CURVE_WITH_KNOTS('',2,(#8084,#8085,#8086),
  .UNSPECIFIED.,.F.,.F.,(3,3),(0.,1.),.PIECEWISE_BEZIER_KNOTS.);
#8084 = CARTESIAN_POINT('',(1.116875,11.708181818182,4.7));
#8085 = CARTESIAN_POINT('',(1.642443181818,11.708181818182,4.7));
#8086 = CARTESIAN_POINT('',(1.931742424242,11.937585227273,4.7));
#8087 = VECTOR('',#8088,1.);
#8088 = DIRECTION('',(0.,0.,1.));
#8089 = ADVANCED_FACE('',(#8090),#8108,.T.);
#8090 = FACE_BOUND('',#8091,.T.);
#8091 = EDGE_LOOP('',(#8092,#8093,#8101,#8107));
#8092 = ORIENTED_EDGE('',*,*,#2136,.F.);
#8093 = ORIENTED_EDGE('',*,*,#8094,.T.);
#8094 = EDGE_CURVE('',#2129,#8095,#8097,.T.);
#8095 = VERTEX_POINT('',#8096);
#8096 = CARTESIAN_POINT('',(0.768863636364,11.708181818182,4.2));
#8097 = LINE('',#8098,#8099);
#8098 = CARTESIAN_POINT('',(0.768863636364,11.708181818182,4.7));
#8099 = VECTOR('',#8100,1.);
#8100 = DIRECTION('',(-0.,-0.,-1.));
#8101 = ORIENTED_EDGE('',*,*,#8102,.T.);
#8102 = EDGE_CURVE('',#8095,#8069,#8103,.T.);
#8103 = LINE('',#8104,#8105);
#8104 = CARTESIAN_POINT('',(0.768863636364,11.708181818182,4.2));
#8105 = VECTOR('',#8106,1.);
#8106 = DIRECTION('',(1.,0.,0.));
#8107 = ORIENTED_EDGE('',*,*,#8068,.F.);
#8108 = PLANE('',#8109);
#8109 = AXIS2_PLACEMENT_3D('',#8110,#8111,#8112);
#8110 = CARTESIAN_POINT('',(0.768863636364,11.708181818182,4.7));
#8111 = DIRECTION('',(0.,-1.,0.));
#8112 = DIRECTION('',(1.,0.,0.));
#8113 = ADVANCED_FACE('',(#8114),#8132,.T.);
#8114 = FACE_BOUND('',#8115,.T.);
#8115 = EDGE_LOOP('',(#8116,#8117,#8125,#8131));
#8116 = ORIENTED_EDGE('',*,*,#2128,.F.);
#8117 = ORIENTED_EDGE('',*,*,#8118,.T.);
#8118 = EDGE_CURVE('',#2121,#8119,#8121,.T.);
#8119 = VERTEX_POINT('',#8120);
#8120 = CARTESIAN_POINT('',(0.768863636364,11.154204545455,4.2));
#8121 = LINE('',#8122,#8123);
#8122 = CARTESIAN_POINT('',(0.768863636364,11.154204545455,4.7));
#8123 = VECTOR('',#8124,1.);
#8124 = DIRECTION('',(-0.,-0.,-1.));
#8125 = ORIENTED_EDGE('',*,*,#8126,.T.);
#8126 = EDGE_CURVE('',#8119,#8095,#8127,.T.);
#8127 = LINE('',#8128,#8129);
#8128 = CARTESIAN_POINT('',(0.768863636364,11.154204545455,4.2));
#8129 = VECTOR('',#8130,1.);
#8130 = DIRECTION('',(0.,1.,0.));
#8131 = ORIENTED_EDGE('',*,*,#8094,.F.);
#8132 = PLANE('',#8133);
#8133 = AXIS2_PLACEMENT_3D('',#8134,#8135,#8136);
#8134 = CARTESIAN_POINT('',(0.768863636364,11.154204545455,4.7));
#8135 = DIRECTION('',(1.,0.,0.));
#8136 = DIRECTION('',(0.,1.,0.));
#8137 = ADVANCED_FACE('',(#8138),#8156,.T.);
#8138 = FACE_BOUND('',#8139,.T.);
#8139 = EDGE_LOOP('',(#8140,#8141,#8149,#8155));
#8140 = ORIENTED_EDGE('',*,*,#2120,.F.);
#8141 = ORIENTED_EDGE('',*,*,#8142,.T.);
#8142 = EDGE_CURVE('',#2104,#8143,#8145,.T.);
#8143 = VERTEX_POINT('',#8144);
#8144 = CARTESIAN_POINT('',(1.131079545455,11.154204545455,4.2));
#8145 = LINE('',#8146,#8147);
#8146 = CARTESIAN_POINT('',(1.131079545455,11.154204545455,4.7));
#8147 = VECTOR('',#8148,1.);
#8148 = DIRECTION('',(-0.,-0.,-1.));
#8149 = ORIENTED_EDGE('',*,*,#8150,.T.);
#8150 = EDGE_CURVE('',#8143,#8119,#8151,.T.);
#8151 = LINE('',#8152,#8153);
#8152 = CARTESIAN_POINT('',(1.131079545455,11.154204545455,4.2));
#8153 = VECTOR('',#8154,1.);
#8154 = DIRECTION('',(-1.,0.,0.));
#8155 = ORIENTED_EDGE('',*,*,#8118,.F.);
#8156 = PLANE('',#8157);
#8157 = AXIS2_PLACEMENT_3D('',#8158,#8159,#8160);
#8158 = CARTESIAN_POINT('',(1.131079545455,11.154204545455,4.7));
#8159 = DIRECTION('',(0.,1.,0.));
#8160 = DIRECTION('',(-1.,0.,0.));
#8161 = ADVANCED_FACE('',(#8162),#8180,.T.);
#8162 = FACE_BOUND('',#8163,.T.);
#8163 = EDGE_LOOP('',(#8164,#8165,#8173,#8179));
#8164 = ORIENTED_EDGE('',*,*,#2103,.T.);
#8165 = ORIENTED_EDGE('',*,*,#8166,.T.);
#8166 = EDGE_CURVE('',#2089,#8167,#8169,.T.);
#8167 = VERTEX_POINT('',#8168);
#8168 = CARTESIAN_POINT('',(2.038276515152,10.925037878788,4.2));
#8169 = LINE('',#8170,#8171);
#8170 = CARTESIAN_POINT('',(2.038276515152,10.925037878788,4.7));
#8171 = VECTOR('',#8172,1.);
#8172 = DIRECTION('',(-0.,-0.,-1.));
#8173 = ORIENTED_EDGE('',*,*,#8174,.T.);
#8174 = EDGE_CURVE('',#8167,#8143,#8175,.T.);
#8175 = B_SPLINE_CURVE_WITH_KNOTS('',2,(#8176,#8177,#8178),
  .UNSPECIFIED.,.F.,.F.,(3,3),(0.,1.),.PIECEWISE_BEZIER_KNOTS.);
#8176 = CARTESIAN_POINT('',(2.038276515152,10.925037878788,4.2));
#8177 = CARTESIAN_POINT('',(1.724119318182,11.154204545455,4.2));
#8178 = CARTESIAN_POINT('',(1.131079545455,11.154204545455,4.2));
#8179 = ORIENTED_EDGE('',*,*,#8142,.F.);
#8180 = SURFACE_OF_LINEAR_EXTRUSION('',#8181,#8185);
#8181 = B_SPLINE_CURVE_WITH_KNOTS('',2,(#8182,#8183,#8184),
  .UNSPECIFIED.,.F.,.F.,(3,3),(0.,1.),.PIECEWISE_BEZIER_KNOTS.);
#8182 = CARTESIAN_POINT('',(2.038276515152,10.925037878788,4.7));
#8183 = CARTESIAN_POINT('',(1.724119318182,11.154204545455,4.7));
#8184 = CARTESIAN_POINT('',(1.131079545455,11.154204545455,4.7));
#8185 = VECTOR('',#8186,1.);
#8186 = DIRECTION('',(0.,0.,1.));
#8187 = ADVANCED_FACE('',(#8188),#8206,.T.);
#8188 = FACE_BOUND('',#8189,.T.);
#8189 = EDGE_LOOP('',(#8190,#8191,#8199,#8205));
#8190 = ORIENTED_EDGE('',*,*,#2088,.T.);
#8191 = ORIENTED_EDGE('',*,*,#8192,.T.);
#8192 = EDGE_CURVE('',#2072,#8193,#8195,.T.);
#8193 = VERTEX_POINT('',#8194);
#8194 = CARTESIAN_POINT('',(2.352670454545,10.287727272727,4.2));
#8195 = LINE('',#8196,#8197);
#8196 = CARTESIAN_POINT('',(2.352670454545,10.287727272727,4.7));
#8197 = VECTOR('',#8198,1.);
#8198 = DIRECTION('',(-0.,-0.,-1.));
#8199 = ORIENTED_EDGE('',*,*,#8200,.T.);
#8200 = EDGE_CURVE('',#8193,#8167,#8201,.T.);
#8201 = B_SPLINE_CURVE_WITH_KNOTS('',2,(#8202,#8203,#8204),
  .UNSPECIFIED.,.F.,.F.,(3,3),(0.,1.),.PIECEWISE_BEZIER_KNOTS.);
#8202 = CARTESIAN_POINT('',(2.352670454545,10.287727272727,4.2));
#8203 = CARTESIAN_POINT('',(2.352670454545,10.696107954545,4.2));
#8204 = CARTESIAN_POINT('',(2.038276515152,10.925037878788,4.2));
#8205 = ORIENTED_EDGE('',*,*,#8166,.F.);
#8206 = SURFACE_OF_LINEAR_EXTRUSION('',#8207,#8211);
#8207 = B_SPLINE_CURVE_WITH_KNOTS('',2,(#8208,#8209,#8210),
  .UNSPECIFIED.,.F.,.F.,(3,3),(0.,1.),.PIECEWISE_BEZIER_KNOTS.);
#8208 = CARTESIAN_POINT('',(2.352670454545,10.287727272727,4.7));
#8209 = CARTESIAN_POINT('',(2.352670454545,10.696107954545,4.7));
#8210 = CARTESIAN_POINT('',(2.038276515152,10.925037878788,4.7));
#8211 = VECTOR('',#8212,1.);
#8212 = DIRECTION('',(0.,0.,1.));
#8213 = ADVANCED_FACE('',(#8214),#8232,.T.);
#8214 = FACE_BOUND('',#8215,.T.);
#8215 = EDGE_LOOP('',(#8216,#8217,#8225,#8231));
#8216 = ORIENTED_EDGE('',*,*,#2071,.T.);
#8217 = ORIENTED_EDGE('',*,*,#8218,.T.);
#8218 = EDGE_CURVE('',#2057,#8219,#8221,.T.);
#8219 = VERTEX_POINT('',#8220);
#8220 = CARTESIAN_POINT('',(2.077339015152,9.581287878788,4.2));
#8221 = LINE('',#8222,#8223);
#8222 = CARTESIAN_POINT('',(2.077339015152,9.581287878788,4.7));
#8223 = VECTOR('',#8224,1.);
#8224 = DIRECTION('',(-0.,-0.,-1.));
#8225 = ORIENTED_EDGE('',*,*,#8226,.T.);
#8226 = EDGE_CURVE('',#8219,#8193,#8227,.T.);
#8227 = B_SPLINE_CURVE_WITH_KNOTS('',2,(#8228,#8229,#8230),
  .UNSPECIFIED.,.F.,.F.,(3,3),(0.,1.),.PIECEWISE_BEZIER_KNOTS.);
#8228 = CARTESIAN_POINT('',(2.077339015152,9.581287878788,4.2));
#8229 = CARTESIAN_POINT('',(2.352670454545,9.819214015152,4.2));
#8230 = CARTESIAN_POINT('',(2.352670454545,10.287727272727,4.2));
#8231 = ORIENTED_EDGE('',*,*,#8192,.F.);
#8232 = SURFACE_OF_LINEAR_EXTRUSION('',#8233,#8237);
#8233 = B_SPLINE_CURVE_WITH_KNOTS('',2,(#8234,#8235,#8236),
  .UNSPECIFIED.,.F.,.F.,(3,3),(0.,1.),.PIECEWISE_BEZIER_KNOTS.);
#8234 = CARTESIAN_POINT('',(2.077339015152,9.581287878788,4.7));
#8235 = CARTESIAN_POINT('',(2.352670454545,9.819214015152,4.7));
#8236 = CARTESIAN_POINT('',(2.352670454545,10.287727272727,4.7));
#8237 = VECTOR('',#8238,1.);
#8238 = DIRECTION('',(0.,0.,1.));
#8239 = ADVANCED_FACE('',(#8240),#8258,.T.);
#8240 = FACE_BOUND('',#8241,.T.);
#8241 = EDGE_LOOP('',(#8242,#8243,#8251,#8257));
#8242 = ORIENTED_EDGE('',*,*,#2056,.T.);
#8243 = ORIENTED_EDGE('',*,*,#8244,.T.);
#8244 = EDGE_CURVE('',#2026,#8245,#8247,.T.);
#8245 = VERTEX_POINT('',#8246);
#8246 = CARTESIAN_POINT('',(1.319289772727,9.343361742424,4.2));
#8247 = LINE('',#8248,#8249);
#8248 = CARTESIAN_POINT('',(1.319289772727,9.343361742424,4.7));
#8249 = VECTOR('',#8250,1.);
#8250 = DIRECTION('',(-0.,-0.,-1.));
#8251 = ORIENTED_EDGE('',*,*,#8252,.T.);
#8252 = EDGE_CURVE('',#8245,#8219,#8253,.T.);
#8253 = B_SPLINE_CURVE_WITH_KNOTS('',2,(#8254,#8255,#8256),
  .UNSPECIFIED.,.F.,.F.,(3,3),(0.,1.),.PIECEWISE_BEZIER_KNOTS.);
#8254 = CARTESIAN_POINT('',(1.319289772727,9.343361742424,4.2));
#8255 = CARTESIAN_POINT('',(1.802244318182,9.343361742424,4.2));
#8256 = CARTESIAN_POINT('',(2.077339015152,9.581287878788,4.2));
#8257 = ORIENTED_EDGE('',*,*,#8218,.F.);
#8258 = SURFACE_OF_LINEAR_EXTRUSION('',#8259,#8263);
#8259 = B_SPLINE_CURVE_WITH_KNOTS('',2,(#8260,#8261,#8262),
  .UNSPECIFIED.,.F.,.F.,(3,3),(0.,1.),.PIECEWISE_BEZIER_KNOTS.);
#8260 = CARTESIAN_POINT('',(1.319289772727,9.343361742424,4.7));
#8261 = CARTESIAN_POINT('',(1.802244318182,9.343361742424,4.7));
#8262 = CARTESIAN_POINT('',(2.077339015152,9.581287878788,4.7));
#8263 = VECTOR('',#8264,1.);
#8264 = DIRECTION('',(0.,0.,1.));
#8265 = ADVANCED_FACE('',(#8266),#8284,.T.);
#8266 = FACE_BOUND('',#8267,.T.);
#8267 = EDGE_LOOP('',(#8268,#8269,#8277,#8283));
#8268 = ORIENTED_EDGE('',*,*,#2025,.T.);
#8269 = ORIENTED_EDGE('',*,*,#8270,.T.);
#8270 = EDGE_CURVE('',#2018,#8271,#8273,.T.);
#8271 = VERTEX_POINT('',#8272);
#8272 = CARTESIAN_POINT('',(0.229090909091,10.231145833333,4.2));
#8273 = LINE('',#8274,#8275);
#8274 = CARTESIAN_POINT('',(0.229090909091,10.231145833333,4.7));
#8275 = VECTOR('',#8276,1.);
#8276 = DIRECTION('',(-0.,-0.,-1.));
#8277 = ORIENTED_EDGE('',*,*,#8278,.T.);
#8278 = EDGE_CURVE('',#8271,#8245,#8279,.T.);
#8279 = B_SPLINE_CURVE_WITH_KNOTS('',2,(#8280,#8281,#8282),
  .UNSPECIFIED.,.F.,.F.,(3,3),(0.,1.),.PIECEWISE_BEZIER_KNOTS.);
#8280 = CARTESIAN_POINT('',(0.229090909091,10.231145833333,4.2));
#8281 = CARTESIAN_POINT('',(0.356931818182,9.343361742424,4.2));
#8282 = CARTESIAN_POINT('',(1.319289772727,9.343361742424,4.2));
#8283 = ORIENTED_EDGE('',*,*,#8244,.F.);
#8284 = SURFACE_OF_LINEAR_EXTRUSION('',#8285,#8289);
#8285 = B_SPLINE_CURVE_WITH_KNOTS('',2,(#8286,#8287,#8288),
  .UNSPECIFIED.,.F.,.F.,(3,3),(0.,1.),.PIECEWISE_BEZIER_KNOTS.);
#8286 = CARTESIAN_POINT('',(0.229090909091,10.231145833333,4.7));
#8287 = CARTESIAN_POINT('',(0.356931818182,9.343361742424,4.7));
#8288 = CARTESIAN_POINT('',(1.319289772727,9.343361742424,4.7));
#8289 = VECTOR('',#8290,1.);
#8290 = DIRECTION('',(0.,0.,1.));
#8291 = ADVANCED_FACE('',(#8292),#8310,.T.);
#8292 = FACE_BOUND('',#8293,.T.);
#8293 = EDGE_LOOP('',(#8294,#8295,#8303,#8309));
#8294 = ORIENTED_EDGE('',*,*,#2017,.F.);
#8295 = ORIENTED_EDGE('',*,*,#8296,.T.);
#8296 = EDGE_CURVE('',#1999,#8297,#8299,.T.);
#8297 = VERTEX_POINT('',#8298);
#8298 = CARTESIAN_POINT('',(-0.431420454545,10.170776515152,4.2));
#8299 = LINE('',#8300,#8301);
#8300 = CARTESIAN_POINT('',(-0.431420454545,10.170776515152,4.7));
#8301 = VECTOR('',#8302,1.);
#8302 = DIRECTION('',(-0.,-0.,-1.));
#8303 = ORIENTED_EDGE('',*,*,#8304,.T.);
#8304 = EDGE_CURVE('',#8297,#8271,#8305,.T.);
#8305 = LINE('',#8306,#8307);
#8306 = CARTESIAN_POINT('',(-0.431420454545,10.170776515152,4.2));
#8307 = VECTOR('',#8308,1.);
#8308 = DIRECTION('',(0.995849203993,9.101847563376E-02,0.));
#8309 = ORIENTED_EDGE('',*,*,#8270,.F.);
#8310 = PLANE('',#8311);
#8311 = AXIS2_PLACEMENT_3D('',#8312,#8313,#8314);
#8312 = CARTESIAN_POINT('',(-0.431420454545,10.170776515152,4.7));
#8313 = DIRECTION('',(9.101847563376E-02,-0.995849203993,0.));
#8314 = DIRECTION('',(0.995849203993,9.101847563376E-02,0.));
#8315 = ADVANCED_FACE('',(#8316),#8334,.T.);
#8316 = FACE_BOUND('',#8317,.T.);
#8317 = EDGE_LOOP('',(#8318,#8319,#8327,#8333));
#8318 = ORIENTED_EDGE('',*,*,#1998,.T.);
#8319 = ORIENTED_EDGE('',*,*,#8320,.T.);
#8320 = EDGE_CURVE('',#1982,#8321,#8323,.T.);
#8321 = VERTEX_POINT('',#8322);
#8322 = CARTESIAN_POINT('',(0.106458333333,9.156808712121,4.2));
#8323 = LINE('',#8324,#8325);
#8324 = CARTESIAN_POINT('',(0.106458333333,9.156808712121,4.7));
#8325 = VECTOR('',#8326,1.);
#8326 = DIRECTION('',(-0.,-0.,-1.));
#8327 = ORIENTED_EDGE('',*,*,#8328,.T.);
#8328 = EDGE_CURVE('',#8321,#8297,#8329,.T.);
#8329 = B_SPLINE_CURVE_WITH_KNOTS('',2,(#8330,#8331,#8332),
  .UNSPECIFIED.,.F.,.F.,(3,3),(0.,1.),.PIECEWISE_BEZIER_KNOTS.);
#8330 = CARTESIAN_POINT('',(0.106458333333,9.156808712121,4.2));
#8331 = CARTESIAN_POINT('',(-0.346193181818,9.499611742424,4.2));
#8332 = CARTESIAN_POINT('',(-0.431420454545,10.170776515152,4.2));
#8333 = ORIENTED_EDGE('',*,*,#8296,.F.);
#8334 = SURFACE_OF_LINEAR_EXTRUSION('',#8335,#8339);
#8335 = B_SPLINE_CURVE_WITH_KNOTS('',2,(#8336,#8337,#8338),
  .UNSPECIFIED.,.F.,.F.,(3,3),(0.,1.),.PIECEWISE_BEZIER_KNOTS.);
#8336 = CARTESIAN_POINT('',(0.106458333333,9.156808712121,4.7));
#8337 = CARTESIAN_POINT('',(-0.346193181818,9.499611742424,4.7));
#8338 = CARTESIAN_POINT('',(-0.431420454545,10.170776515152,4.7));
#8339 = VECTOR('',#8340,1.);
#8340 = DIRECTION('',(0.,0.,1.));
#8341 = ADVANCED_FACE('',(#8342),#8360,.T.);
#8342 = FACE_BOUND('',#8343,.T.);
#8343 = EDGE_LOOP('',(#8344,#8345,#8353,#8359));
#8344 = ORIENTED_EDGE('',*,*,#1981,.T.);
#8345 = ORIENTED_EDGE('',*,*,#8346,.T.);
#8346 = EDGE_CURVE('',#1960,#8347,#8349,.T.);
#8347 = VERTEX_POINT('',#8348);
#8348 = CARTESIAN_POINT('',(1.319289772727,8.814242424242,4.2));
#8349 = LINE('',#8350,#8351);
#8350 = CARTESIAN_POINT('',(1.319289772727,8.814242424242,4.7));
#8351 = VECTOR('',#8352,1.);
#8352 = DIRECTION('',(-0.,-0.,-1.));
#8353 = ORIENTED_EDGE('',*,*,#8354,.T.);
#8354 = EDGE_CURVE('',#8347,#8321,#8355,.T.);
#8355 = B_SPLINE_CURVE_WITH_KNOTS('',2,(#8356,#8357,#8358),
  .UNSPECIFIED.,.F.,.F.,(3,3),(0.,1.),.PIECEWISE_BEZIER_KNOTS.);
#8356 = CARTESIAN_POINT('',(1.319289772727,8.814242424242,4.2));
#8357 = CARTESIAN_POINT('',(0.559346590909,8.814242424242,4.2));
#8358 = CARTESIAN_POINT('',(0.106458333333,9.156808712121,4.2));
#8359 = ORIENTED_EDGE('',*,*,#8320,.F.);
#8360 = SURFACE_OF_LINEAR_EXTRUSION('',#8361,#8365);
#8361 = B_SPLINE_CURVE_WITH_KNOTS('',2,(#8362,#8363,#8364),
  .UNSPECIFIED.,.F.,.F.,(3,3),(0.,1.),.PIECEWISE_BEZIER_KNOTS.);
#8362 = CARTESIAN_POINT('',(1.319289772727,8.814242424242,4.7));
#8363 = CARTESIAN_POINT('',(0.559346590909,8.814242424242,4.7));
#8364 = CARTESIAN_POINT('',(0.106458333333,9.156808712121,4.7));
#8365 = VECTOR('',#8366,1.);
#8366 = DIRECTION('',(0.,0.,1.));
#8367 = ADVANCED_FACE('',(#8368),#8379,.T.);
#8368 = FACE_BOUND('',#8369,.T.);
#8369 = EDGE_LOOP('',(#8370,#8371,#8372,#8378));
#8370 = ORIENTED_EDGE('',*,*,#1959,.T.);
#8371 = ORIENTED_EDGE('',*,*,#7665,.T.);
#8372 = ORIENTED_EDGE('',*,*,#8373,.T.);
#8373 = EDGE_CURVE('',#7658,#8347,#8374,.T.);
#8374 = B_SPLINE_CURVE_WITH_KNOTS('',2,(#8375,#8376,#8377),
  .UNSPECIFIED.,.F.,.F.,(3,3),(0.,1.),.PIECEWISE_BEZIER_KNOTS.);
#8375 = CARTESIAN_POINT('',(2.576392045455,9.194214015152,4.2));
#8376 = CARTESIAN_POINT('',(2.136051136364,8.814242424242,4.2));
#8377 = CARTESIAN_POINT('',(1.319289772727,8.814242424242,4.2));
#8378 = ORIENTED_EDGE('',*,*,#8346,.F.);
#8379 = SURFACE_OF_LINEAR_EXTRUSION('',#8380,#8384);
#8380 = B_SPLINE_CURVE_WITH_KNOTS('',2,(#8381,#8382,#8383),
  .UNSPECIFIED.,.F.,.F.,(3,3),(0.,1.),.PIECEWISE_BEZIER_KNOTS.);
#8381 = CARTESIAN_POINT('',(2.576392045455,9.194214015152,4.7));
#8382 = CARTESIAN_POINT('',(2.136051136364,8.814242424242,4.7));
#8383 = CARTESIAN_POINT('',(1.319289772727,8.814242424242,4.7));
#8384 = VECTOR('',#8385,1.);
#8385 = DIRECTION('',(0.,0.,1.));
#8386 = ADVANCED_FACE('',(#8387),#8412,.T.);
#8387 = FACE_BOUND('',#8388,.T.);
#8388 = EDGE_LOOP('',(#8389,#8390,#8398,#8406));
#8389 = ORIENTED_EDGE('',*,*,#2396,.T.);
#8390 = ORIENTED_EDGE('',*,*,#8391,.T.);
#8391 = EDGE_CURVE('',#2399,#8392,#8394,.T.);
#8392 = VERTEX_POINT('',#8393);
#8393 = CARTESIAN_POINT('',(9.869242424242,10.267367424242,4.2));
#8394 = LINE('',#8395,#8396);
#8395 = CARTESIAN_POINT('',(9.869242424242,10.267367424242,4.7));
#8396 = VECTOR('',#8397,1.);
#8397 = DIRECTION('',(-0.,-0.,-1.));
#8398 = ORIENTED_EDGE('',*,*,#8399,.T.);
#8399 = EDGE_CURVE('',#8392,#8400,#8402,.T.);
#8400 = VERTEX_POINT('',#8401);
#8401 = CARTESIAN_POINT('',(9.327575757576,9.194214015152,4.2));
#8402 = B_SPLINE_CURVE_WITH_KNOTS('',2,(#8403,#8404,#8405),
  .UNSPECIFIED.,.F.,.F.,(3,3),(0.,1.),.PIECEWISE_BEZIER_KNOTS.);
#8403 = CARTESIAN_POINT('',(9.869242424242,10.267367424242,4.2));
#8404 = CARTESIAN_POINT('',(9.869242424242,9.574422348485,4.2));
#8405 = CARTESIAN_POINT('',(9.327575757576,9.194214015152,4.2));
#8406 = ORIENTED_EDGE('',*,*,#8407,.F.);
#8407 = EDGE_CURVE('',#2397,#8400,#8408,.T.);
#8408 = LINE('',#8409,#8410);
#8409 = CARTESIAN_POINT('',(9.327575757576,9.194214015152,4.7));
#8410 = VECTOR('',#8411,1.);
#8411 = DIRECTION('',(-0.,-0.,-1.));
#8412 = SURFACE_OF_LINEAR_EXTRUSION('',#8413,#8417);
#8413 = B_SPLINE_CURVE_WITH_KNOTS('',2,(#8414,#8415,#8416),
  .UNSPECIFIED.,.F.,.F.,(3,3),(0.,1.),.PIECEWISE_BEZIER_KNOTS.);
#8414 = CARTESIAN_POINT('',(9.869242424242,10.267367424242,4.7));
#8415 = CARTESIAN_POINT('',(9.869242424242,9.574422348485,4.7));
#8416 = CARTESIAN_POINT('',(9.327575757576,9.194214015152,4.7));
#8417 = VECTOR('',#8418,1.);
#8418 = DIRECTION('',(0.,0.,1.));
#8419 = ADVANCED_FACE('',(#8420),#8438,.T.);
#8420 = FACE_BOUND('',#8421,.T.);
#8421 = EDGE_LOOP('',(#8422,#8423,#8431,#8437));
#8422 = ORIENTED_EDGE('',*,*,#2887,.T.);
#8423 = ORIENTED_EDGE('',*,*,#8424,.T.);
#8424 = EDGE_CURVE('',#2877,#8425,#8427,.T.);
#8425 = VERTEX_POINT('',#8426);
#8426 = CARTESIAN_POINT('',(9.792774621212,10.74321969697,4.2));
#8427 = LINE('',#8428,#8429);
#8428 = CARTESIAN_POINT('',(9.792774621212,10.74321969697,4.7));
#8429 = VECTOR('',#8430,1.);
#8430 = DIRECTION('',(-0.,-0.,-1.));
#8431 = ORIENTED_EDGE('',*,*,#8432,.T.);
#8432 = EDGE_CURVE('',#8425,#8392,#8433,.T.);
#8433 = B_SPLINE_CURVE_WITH_KNOTS('',2,(#8434,#8435,#8436),
  .UNSPECIFIED.,.F.,.F.,(3,3),(0.,1.),.PIECEWISE_BEZIER_KNOTS.);
#8434 = CARTESIAN_POINT('',(9.792774621212,10.74321969697,4.2));
#8435 = CARTESIAN_POINT('',(9.869242424242,10.540804924242,4.2));
#8436 = CARTESIAN_POINT('',(9.869242424242,10.267367424242,4.2));
#8437 = ORIENTED_EDGE('',*,*,#8391,.F.);
#8438 = SURFACE_OF_LINEAR_EXTRUSION('',#8439,#8443);
#8439 = B_SPLINE_CURVE_WITH_KNOTS('',2,(#8440,#8441,#8442),
  .UNSPECIFIED.,.F.,.F.,(3,3),(0.,1.),.PIECEWISE_BEZIER_KNOTS.);
#8440 = CARTESIAN_POINT('',(9.792774621212,10.74321969697,4.7));
#8441 = CARTESIAN_POINT('',(9.869242424242,10.540804924242,4.7));
#8442 = CARTESIAN_POINT('',(9.869242424242,10.267367424242,4.7));
#8443 = VECTOR('',#8444,1.);
#8444 = DIRECTION('',(0.,0.,1.));
#8445 = ADVANCED_FACE('',(#8446),#8464,.T.);
#8446 = FACE_BOUND('',#8447,.T.);
#8447 = EDGE_LOOP('',(#8448,#8449,#8457,#8463));
#8448 = ORIENTED_EDGE('',*,*,#2876,.T.);
#8449 = ORIENTED_EDGE('',*,*,#8450,.T.);
#8450 = EDGE_CURVE('',#2864,#8451,#8453,.T.);
#8451 = VERTEX_POINT('',#8452);
#8452 = CARTESIAN_POINT('',(9.581600378788,11.095018939394,4.2));
#8453 = LINE('',#8454,#8455);
#8454 = CARTESIAN_POINT('',(9.581600378788,11.095018939394,4.7));
#8455 = VECTOR('',#8456,1.);
#8456 = DIRECTION('',(-0.,-0.,-1.));
#8457 = ORIENTED_EDGE('',*,*,#8458,.T.);
#8458 = EDGE_CURVE('',#8451,#8425,#8459,.T.);
#8459 = B_SPLINE_CURVE_WITH_KNOTS('',2,(#8460,#8461,#8462),
  .UNSPECIFIED.,.F.,.F.,(3,3),(0.,1.),.PIECEWISE_BEZIER_KNOTS.);
#8460 = CARTESIAN_POINT('',(9.581600378788,11.095018939394,4.2));
#8461 = CARTESIAN_POINT('',(9.716543560606,10.945871212121,4.2));
#8462 = CARTESIAN_POINT('',(9.792774621212,10.74321969697,4.2));
#8463 = ORIENTED_EDGE('',*,*,#8424,.F.);
#8464 = SURFACE_OF_LINEAR_EXTRUSION('',#8465,#8469);
#8465 = B_SPLINE_CURVE_WITH_KNOTS('',2,(#8466,#8467,#8468),
  .UNSPECIFIED.,.F.,.F.,(3,3),(0.,1.),.PIECEWISE_BEZIER_KNOTS.);
#8466 = CARTESIAN_POINT('',(9.581600378788,11.095018939394,4.7));
#8467 = CARTESIAN_POINT('',(9.716543560606,10.945871212121,4.7));
#8468 = CARTESIAN_POINT('',(9.792774621212,10.74321969697,4.7));
#8469 = VECTOR('',#8470,1.);
#8470 = DIRECTION('',(0.,0.,1.));
#8471 = ADVANCED_FACE('',(#8472),#8490,.T.);
#8472 = FACE_BOUND('',#8473,.T.);
#8473 = EDGE_LOOP('',(#8474,#8475,#8483,#8489));
#8474 = ORIENTED_EDGE('',*,*,#2863,.T.);
#8475 = ORIENTED_EDGE('',*,*,#8476,.T.);
#8476 = EDGE_CURVE('',#2854,#8477,#8479,.T.);
#8477 = VERTEX_POINT('',#8478);
#8478 = CARTESIAN_POINT('',(9.26365530303,11.347149621212,4.2));
#8479 = LINE('',#8480,#8481);
#8480 = CARTESIAN_POINT('',(9.26365530303,11.347149621212,4.7));
#8481 = VECTOR('',#8482,1.);
#8482 = DIRECTION('',(-0.,-0.,-1.));
#8483 = ORIENTED_EDGE('',*,*,#8484,.T.);
#8484 = EDGE_CURVE('',#8477,#8451,#8485,.T.);
#8485 = B_SPLINE_CURVE_WITH_KNOTS('',2,(#8486,#8487,#8488),
  .UNSPECIFIED.,.F.,.F.,(3,3),(0.,1.),.PIECEWISE_BEZIER_KNOTS.);
#8486 = CARTESIAN_POINT('',(9.26365530303,11.347149621212,4.2));
#8487 = CARTESIAN_POINT('',(9.44665719697,11.244166666667,4.2));
#8488 = CARTESIAN_POINT('',(9.581600378788,11.095018939394,4.2));
#8489 = ORIENTED_EDGE('',*,*,#8450,.F.);
#8490 = SURFACE_OF_LINEAR_EXTRUSION('',#8491,#8495);
#8491 = B_SPLINE_CURVE_WITH_KNOTS('',2,(#8492,#8493,#8494),
  .UNSPECIFIED.,.F.,.F.,(3,3),(0.,1.),.PIECEWISE_BEZIER_KNOTS.);
#8492 = CARTESIAN_POINT('',(9.26365530303,11.347149621212,4.7));
#8493 = CARTESIAN_POINT('',(9.44665719697,11.244166666667,4.7));
#8494 = CARTESIAN_POINT('',(9.581600378788,11.095018939394,4.7));
#8495 = VECTOR('',#8496,1.);
#8496 = DIRECTION('',(0.,0.,1.));
#8497 = ADVANCED_FACE('',(#8498),#8516,.T.);
#8498 = FACE_BOUND('',#8499,.T.);
#8499 = EDGE_LOOP('',(#8500,#8501,#8509,#8515));
#8500 = ORIENTED_EDGE('',*,*,#2853,.T.);
#8501 = ORIENTED_EDGE('',*,*,#8502,.T.);
#8502 = EDGE_CURVE('',#2844,#8503,#8505,.T.);
#8503 = VERTEX_POINT('',#8504);
#8504 = CARTESIAN_POINT('',(8.871373106061,11.526600378788,4.2));
#8505 = LINE('',#8506,#8507);
#8506 = CARTESIAN_POINT('',(8.871373106061,11.526600378788,4.7));
#8507 = VECTOR('',#8508,1.);
#8508 = DIRECTION('',(-0.,-0.,-1.));
#8509 = ORIENTED_EDGE('',*,*,#8510,.T.);
#8510 = EDGE_CURVE('',#8503,#8477,#8511,.T.);
#8511 = B_SPLINE_CURVE_WITH_KNOTS('',2,(#8512,#8513,#8514),
  .UNSPECIFIED.,.F.,.F.,(3,3),(0.,1.),.PIECEWISE_BEZIER_KNOTS.);
#8512 = CARTESIAN_POINT('',(8.871373106061,11.526600378788,4.2));
#8513 = CARTESIAN_POINT('',(9.080890151515,11.450369318182,4.2));
#8514 = CARTESIAN_POINT('',(9.26365530303,11.347149621212,4.2));
#8515 = ORIENTED_EDGE('',*,*,#8476,.F.);
#8516 = SURFACE_OF_LINEAR_EXTRUSION('',#8517,#8521);
#8517 = B_SPLINE_CURVE_WITH_KNOTS('',2,(#8518,#8519,#8520),
  .UNSPECIFIED.,.F.,.F.,(3,3),(0.,1.),.PIECEWISE_BEZIER_KNOTS.);
#8518 = CARTESIAN_POINT('',(8.871373106061,11.526600378788,4.7));
#8519 = CARTESIAN_POINT('',(9.080890151515,11.450369318182,4.7));
#8520 = CARTESIAN_POINT('',(9.26365530303,11.347149621212,4.7));
#8521 = VECTOR('',#8522,1.);
#8522 = DIRECTION('',(0.,0.,1.));
#8523 = ADVANCED_FACE('',(#8524),#8542,.T.);
#8524 = FACE_BOUND('',#8525,.T.);
#8525 = EDGE_LOOP('',(#8526,#8527,#8535,#8541));
#8526 = ORIENTED_EDGE('',*,*,#2843,.T.);
#8527 = ORIENTED_EDGE('',*,*,#8528,.T.);
#8528 = EDGE_CURVE('',#2834,#8529,#8531,.T.);
#8529 = VERTEX_POINT('',#8530);
#8530 = CARTESIAN_POINT('',(8.432689393939,11.657992424242,4.2));
#8531 = LINE('',#8532,#8533);
#8532 = CARTESIAN_POINT('',(8.432689393939,11.657992424242,4.7));
#8533 = VECTOR('',#8534,1.);
#8534 = DIRECTION('',(-0.,-0.,-1.));
#8535 = ORIENTED_EDGE('',*,*,#8536,.T.);
#8536 = EDGE_CURVE('',#8529,#8503,#8537,.T.);
#8537 = B_SPLINE_CURVE_WITH_KNOTS('',2,(#8538,#8539,#8540),
  .UNSPECIFIED.,.F.,.F.,(3,3),(0.,1.),.PIECEWISE_BEZIER_KNOTS.);
#8538 = CARTESIAN_POINT('',(8.432689393939,11.657992424242,4.2));
#8539 = CARTESIAN_POINT('',(8.661856060606,11.603068181818,4.2));
#8540 = CARTESIAN_POINT('',(8.871373106061,11.526600378788,4.2));
#8541 = ORIENTED_EDGE('',*,*,#8502,.F.);
#8542 = SURFACE_OF_LINEAR_EXTRUSION('',#8543,#8547);
#8543 = B_SPLINE_CURVE_WITH_KNOTS('',2,(#8544,#8545,#8546),
  .UNSPECIFIED.,.F.,.F.,(3,3),(0.,1.),.PIECEWISE_BEZIER_KNOTS.);
#8544 = CARTESIAN_POINT('',(8.432689393939,11.657992424242,4.7));
#8545 = CARTESIAN_POINT('',(8.661856060606,11.603068181818,4.7));
#8546 = CARTESIAN_POINT('',(8.871373106061,11.526600378788,4.7));
#8547 = VECTOR('',#8548,1.);
#8548 = DIRECTION('',(0.,0.,1.));
#8549 = ADVANCED_FACE('',(#8550),#8568,.T.);
#8550 = FACE_BOUND('',#8551,.T.);
#8551 = EDGE_LOOP('',(#8552,#8553,#8561,#8567));
#8552 = ORIENTED_EDGE('',*,*,#2833,.T.);
#8553 = ORIENTED_EDGE('',*,*,#8554,.T.);
#8554 = EDGE_CURVE('',#2815,#8555,#8557,.T.);
#8555 = VERTEX_POINT('',#8556);
#8556 = CARTESIAN_POINT('',(7.972935606061,11.766420454545,4.2));
#8557 = LINE('',#8558,#8559);
#8558 = CARTESIAN_POINT('',(7.972935606061,11.766420454545,4.7));
#8559 = VECTOR('',#8560,1.);
#8560 = DIRECTION('',(-0.,-0.,-1.));
#8561 = ORIENTED_EDGE('',*,*,#8562,.T.);
#8562 = EDGE_CURVE('',#8555,#8529,#8563,.T.);
#8563 = B_SPLINE_CURVE_WITH_KNOTS('',2,(#8564,#8565,#8566),
  .UNSPECIFIED.,.F.,.F.,(3,3),(0.,1.),.PIECEWISE_BEZIER_KNOTS.);
#8564 = CARTESIAN_POINT('',(7.972935606061,11.766420454545,4.2));
#8565 = CARTESIAN_POINT('',(8.203759469697,11.713153409091,4.2));
#8566 = CARTESIAN_POINT('',(8.432689393939,11.657992424242,4.2));
#8567 = ORIENTED_EDGE('',*,*,#8528,.F.);
#8568 = SURFACE_OF_LINEAR_EXTRUSION('',#8569,#8573);
#8569 = B_SPLINE_CURVE_WITH_KNOTS('',2,(#8570,#8571,#8572),
  .UNSPECIFIED.,.F.,.F.,(3,3),(0.,1.),.PIECEWISE_BEZIER_KNOTS.);
#8570 = CARTESIAN_POINT('',(7.972935606061,11.766420454545,4.7));
#8571 = CARTESIAN_POINT('',(8.203759469697,11.713153409091,4.7));
#8572 = CARTESIAN_POINT('',(8.432689393939,11.657992424242,4.7));
#8573 = VECTOR('',#8574,1.);
#8574 = DIRECTION('',(0.,0.,1.));
#8575 = ADVANCED_FACE('',(#8576),#8594,.T.);
#8576 = FACE_BOUND('',#8577,.T.);
#8577 = EDGE_LOOP('',(#8578,#8579,#8587,#8593));
#8578 = ORIENTED_EDGE('',*,*,#2814,.T.);
#8579 = ORIENTED_EDGE('',*,*,#8580,.T.);
#8580 = EDGE_CURVE('',#2804,#8581,#8583,.T.);
#8581 = VERTEX_POINT('',#8582);
#8582 = CARTESIAN_POINT('',(7.053191287879,12.023996212121,4.2));
#8583 = LINE('',#8584,#8585);
#8584 = CARTESIAN_POINT('',(7.053191287879,12.023996212121,4.7));
#8585 = VECTOR('',#8586,1.);
#8586 = DIRECTION('',(-0.,-0.,-1.));
#8587 = ORIENTED_EDGE('',*,*,#8588,.T.);
#8588 = EDGE_CURVE('',#8581,#8555,#8589,.T.);
#8589 = B_SPLINE_CURVE_WITH_KNOTS('',2,(#8590,#8591,#8592),
  .UNSPECIFIED.,.F.,.F.,(3,3),(0.,1.),.PIECEWISE_BEZIER_KNOTS.);
#8590 = CARTESIAN_POINT('',(7.053191287879,12.023996212121,4.2));
#8591 = CARTESIAN_POINT('',(7.284015151515,11.919356060606,4.2));
#8592 = CARTESIAN_POINT('',(7.972935606061,11.766420454545,4.2));
#8593 = ORIENTED_EDGE('',*,*,#8554,.F.);
#8594 = SURFACE_OF_LINEAR_EXTRUSION('',#8595,#8599);
#8595 = B_SPLINE_CURVE_WITH_KNOTS('',2,(#8596,#8597,#8598),
  .UNSPECIFIED.,.F.,.F.,(3,3),(0.,1.),.PIECEWISE_BEZIER_KNOTS.);
#8596 = CARTESIAN_POINT('',(7.053191287879,12.023996212121,4.7));
#8597 = CARTESIAN_POINT('',(7.284015151515,11.919356060606,4.7));
#8598 = CARTESIAN_POINT('',(7.972935606061,11.766420454545,4.7));
#8599 = VECTOR('',#8600,1.);
#8600 = DIRECTION('',(0.,0.,1.));
#8601 = ADVANCED_FACE('',(#8602),#8620,.T.);
#8602 = FACE_BOUND('',#8603,.T.);
#8603 = EDGE_LOOP('',(#8604,#8605,#8613,#8619));
#8604 = ORIENTED_EDGE('',*,*,#2803,.T.);
#8605 = ORIENTED_EDGE('',*,*,#8606,.T.);
#8606 = EDGE_CURVE('',#2789,#8607,#8609,.T.);
#8607 = VERTEX_POINT('',#8608);
#8608 = CARTESIAN_POINT('',(6.699734848485,12.279914772727,4.2));
#8609 = LINE('',#8610,#8611);
#8610 = CARTESIAN_POINT('',(6.699734848485,12.279914772727,4.7));
#8611 = VECTOR('',#8612,1.);
#8612 = DIRECTION('',(-0.,-0.,-1.));
#8613 = ORIENTED_EDGE('',*,*,#8614,.T.);
#8614 = EDGE_CURVE('',#8607,#8581,#8615,.T.);
#8615 = B_SPLINE_CURVE_WITH_KNOTS('',2,(#8616,#8617,#8618),
  .UNSPECIFIED.,.F.,.F.,(3,3),(0.,1.),.PIECEWISE_BEZIER_KNOTS.);
#8616 = CARTESIAN_POINT('',(6.699734848485,12.279914772727,4.2));
#8617 = CARTESIAN_POINT('',(6.822367424242,12.128873106061,4.2));
#8618 = CARTESIAN_POINT('',(7.053191287879,12.023996212121,4.2));
#8619 = ORIENTED_EDGE('',*,*,#8580,.F.);
#8620 = SURFACE_OF_LINEAR_EXTRUSION('',#8621,#8625);
#8621 = B_SPLINE_CURVE_WITH_KNOTS('',2,(#8622,#8623,#8624),
  .UNSPECIFIED.,.F.,.F.,(3,3),(0.,1.),.PIECEWISE_BEZIER_KNOTS.);
#8622 = CARTESIAN_POINT('',(6.699734848485,12.279914772727,4.7));
#8623 = CARTESIAN_POINT('',(6.822367424242,12.128873106061,4.7));
#8624 = CARTESIAN_POINT('',(7.053191287879,12.023996212121,4.7));
#8625 = VECTOR('',#8626,1.);
#8626 = DIRECTION('',(0.,0.,1.));
#8627 = ADVANCED_FACE('',(#8628),#8646,.T.);
#8628 = FACE_BOUND('',#8629,.T.);
#8629 = EDGE_LOOP('',(#8630,#8631,#8639,#8645));
#8630 = ORIENTED_EDGE('',*,*,#2788,.T.);
#8631 = ORIENTED_EDGE('',*,*,#8632,.T.);
#8632 = EDGE_CURVE('',#2774,#8633,#8635,.T.);
#8633 = VERTEX_POINT('',#8634);
#8634 = CARTESIAN_POINT('',(6.577339015152,12.66178030303,4.2));
#8635 = LINE('',#8636,#8637);
#8636 = CARTESIAN_POINT('',(6.577339015152,12.66178030303,4.7));
#8637 = VECTOR('',#8638,1.);
#8638 = DIRECTION('',(-0.,-0.,-1.));
#8639 = ORIENTED_EDGE('',*,*,#8640,.T.);
#8640 = EDGE_CURVE('',#8633,#8607,#8641,.T.);
#8641 = B_SPLINE_CURVE_WITH_KNOTS('',2,(#8642,#8643,#8644),
  .UNSPECIFIED.,.F.,.F.,(3,3),(0.,1.),.PIECEWISE_BEZIER_KNOTS.);
#8642 = CARTESIAN_POINT('',(6.577339015152,12.66178030303,4.2));
#8643 = CARTESIAN_POINT('',(6.577339015152,12.430956439394,4.2));
#8644 = CARTESIAN_POINT('',(6.699734848485,12.279914772727,4.2));
#8645 = ORIENTED_EDGE('',*,*,#8606,.F.);
#8646 = SURFACE_OF_LINEAR_EXTRUSION('',#8647,#8651);
#8647 = B_SPLINE_CURVE_WITH_KNOTS('',2,(#8648,#8649,#8650),
  .UNSPECIFIED.,.F.,.F.,(3,3),(0.,1.),.PIECEWISE_BEZIER_KNOTS.);
#8648 = CARTESIAN_POINT('',(6.577339015152,12.66178030303,4.7));
#8649 = CARTESIAN_POINT('',(6.577339015152,12.430956439394,4.7));
#8650 = CARTESIAN_POINT('',(6.699734848485,12.279914772727,4.7));
#8651 = VECTOR('',#8652,1.);
#8652 = DIRECTION('',(0.,0.,1.));
#8653 = ADVANCED_FACE('',(#8654),#8672,.T.);
#8654 = FACE_BOUND('',#8655,.T.);
#8655 = EDGE_LOOP('',(#8656,#8657,#8665,#8671));
#8656 = ORIENTED_EDGE('',*,*,#2773,.T.);
#8657 = ORIENTED_EDGE('',*,*,#8658,.T.);
#8658 = EDGE_CURVE('',#2757,#8659,#8661,.T.);
#8659 = VERTEX_POINT('',#8660);
#8660 = CARTESIAN_POINT('',(6.893390151515,13.255293560606,4.2));
#8661 = LINE('',#8662,#8663);
#8662 = CARTESIAN_POINT('',(6.893390151515,13.255293560606,4.7));
#8663 = VECTOR('',#8664,1.);
#8664 = DIRECTION('',(-0.,-0.,-1.));
#8665 = ORIENTED_EDGE('',*,*,#8666,.T.);
#8666 = EDGE_CURVE('',#8659,#8633,#8667,.T.);
#8667 = B_SPLINE_CURVE_WITH_KNOTS('',2,(#8668,#8669,#8670),
  .UNSPECIFIED.,.F.,.F.,(3,3),(0.,1.),.PIECEWISE_BEZIER_KNOTS.);
#8668 = CARTESIAN_POINT('',(6.893390151515,13.255293560606,4.2));
#8669 = CARTESIAN_POINT('',(6.577339015152,13.056193181818,4.2));
#8670 = CARTESIAN_POINT('',(6.577339015152,12.66178030303,4.2));
#8671 = ORIENTED_EDGE('',*,*,#8632,.F.);
#8672 = SURFACE_OF_LINEAR_EXTRUSION('',#8673,#8677);
#8673 = B_SPLINE_CURVE_WITH_KNOTS('',2,(#8674,#8675,#8676),
  .UNSPECIFIED.,.F.,.F.,(3,3),(0.,1.),.PIECEWISE_BEZIER_KNOTS.);
#8674 = CARTESIAN_POINT('',(6.893390151515,13.255293560606,4.7));
#8675 = CARTESIAN_POINT('',(6.577339015152,13.056193181818,4.7));
#8676 = CARTESIAN_POINT('',(6.577339015152,12.66178030303,4.7));
#8677 = VECTOR('',#8678,1.);
#8678 = DIRECTION('',(0.,0.,1.));
#8679 = ADVANCED_FACE('',(#8680),#8698,.T.);
#8680 = FACE_BOUND('',#8681,.T.);
#8681 = EDGE_LOOP('',(#8682,#8683,#8691,#8697));
#8682 = ORIENTED_EDGE('',*,*,#2756,.T.);
#8683 = ORIENTED_EDGE('',*,*,#8684,.T.);
#8684 = EDGE_CURVE('',#2742,#8685,#8687,.T.);
#8685 = VERTEX_POINT('',#8686);
#8686 = CARTESIAN_POINT('',(7.809583333333,13.454393939394,4.2));
#8687 = LINE('',#8688,#8689);
#8688 = CARTESIAN_POINT('',(7.809583333333,13.454393939394,4.7));
#8689 = VECTOR('',#8690,1.);
#8690 = DIRECTION('',(-0.,-0.,-1.));
#8691 = ORIENTED_EDGE('',*,*,#8692,.T.);
#8692 = EDGE_CURVE('',#8685,#8659,#8693,.T.);
#8693 = B_SPLINE_CURVE_WITH_KNOTS('',2,(#8694,#8695,#8696),
  .UNSPECIFIED.,.F.,.F.,(3,3),(0.,1.),.PIECEWISE_BEZIER_KNOTS.);
#8694 = CARTESIAN_POINT('',(7.809583333333,13.454393939394,4.2));
#8695 = CARTESIAN_POINT('',(7.209441287879,13.454393939394,4.2));
#8696 = CARTESIAN_POINT('',(6.893390151515,13.255293560606,4.2));
#8697 = ORIENTED_EDGE('',*,*,#8658,.F.);
#8698 = SURFACE_OF_LINEAR_EXTRUSION('',#8699,#8703);
#8699 = B_SPLINE_CURVE_WITH_KNOTS('',2,(#8700,#8701,#8702),
  .UNSPECIFIED.,.F.,.F.,(3,3),(0.,1.),.PIECEWISE_BEZIER_KNOTS.);
#8700 = CARTESIAN_POINT('',(7.809583333333,13.454393939394,4.7));
#8701 = CARTESIAN_POINT('',(7.209441287879,13.454393939394,4.7));
#8702 = CARTESIAN_POINT('',(6.893390151515,13.255293560606,4.7));
#8703 = VECTOR('',#8704,1.);
#8704 = DIRECTION('',(0.,0.,1.));
#8705 = ADVANCED_FACE('',(#8706),#8724,.T.);
#8706 = FACE_BOUND('',#8707,.T.);
#8707 = EDGE_LOOP('',(#8708,#8709,#8717,#8723));
#8708 = ORIENTED_EDGE('',*,*,#2741,.T.);
#8709 = ORIENTED_EDGE('',*,*,#8710,.T.);
#8710 = EDGE_CURVE('',#2725,#8711,#8713,.T.);
#8711 = VERTEX_POINT('',#8712);
#8712 = CARTESIAN_POINT('',(8.66540719697,13.274943181818,4.2));
#8713 = LINE('',#8714,#8715);
#8714 = CARTESIAN_POINT('',(8.66540719697,13.274943181818,4.7));
#8715 = VECTOR('',#8716,1.);
#8716 = DIRECTION('',(-0.,-0.,-1.));
#8717 = ORIENTED_EDGE('',*,*,#8718,.T.);
#8718 = EDGE_CURVE('',#8711,#8685,#8719,.T.);
#8719 = B_SPLINE_CURVE_WITH_KNOTS('',2,(#8720,#8721,#8722),
  .UNSPECIFIED.,.F.,.F.,(3,3),(0.,1.),.PIECEWISE_BEZIER_KNOTS.);
#8720 = CARTESIAN_POINT('',(8.66540719697,13.274943181818,4.2));
#8721 = CARTESIAN_POINT('',(8.356458333333,13.454393939394,4.2));
#8722 = CARTESIAN_POINT('',(7.809583333333,13.454393939394,4.2));
#8723 = ORIENTED_EDGE('',*,*,#8684,.F.);
#8724 = SURFACE_OF_LINEAR_EXTRUSION('',#8725,#8729);
#8725 = B_SPLINE_CURVE_WITH_KNOTS('',2,(#8726,#8727,#8728),
  .UNSPECIFIED.,.F.,.F.,(3,3),(0.,1.),.PIECEWISE_BEZIER_KNOTS.);
#8726 = CARTESIAN_POINT('',(8.66540719697,13.274943181818,4.7));
#8727 = CARTESIAN_POINT('',(8.356458333333,13.454393939394,4.7));
#8728 = CARTESIAN_POINT('',(7.809583333333,13.454393939394,4.7));
#8729 = VECTOR('',#8730,1.);
#8730 = DIRECTION('',(0.,0.,1.));
#8731 = ADVANCED_FACE('',(#8732),#8750,.T.);
#8732 = FACE_BOUND('',#8733,.T.);
#8733 = EDGE_LOOP('',(#8734,#8735,#8743,#8749));
#8734 = ORIENTED_EDGE('',*,*,#2724,.T.);
#8735 = ORIENTED_EDGE('',*,*,#8736,.T.);
#8736 = EDGE_CURVE('',#2717,#8737,#8739,.T.);
#8737 = VERTEX_POINT('',#8738);
#8738 = CARTESIAN_POINT('',(9.084441287879,12.698001893939,4.2));
#8739 = LINE('',#8740,#8741);
#8740 = CARTESIAN_POINT('',(9.084441287879,12.698001893939,4.7));
#8741 = VECTOR('',#8742,1.);
#8742 = DIRECTION('',(-0.,-0.,-1.));
#8743 = ORIENTED_EDGE('',*,*,#8744,.T.);
#8744 = EDGE_CURVE('',#8737,#8711,#8745,.T.);
#8745 = B_SPLINE_CURVE_WITH_KNOTS('',2,(#8746,#8747,#8748),
  .UNSPECIFIED.,.F.,.F.,(3,3),(0.,1.),.PIECEWISE_BEZIER_KNOTS.);
#8746 = CARTESIAN_POINT('',(9.084441287879,12.698001893939,4.2));
#8747 = CARTESIAN_POINT('',(8.974356060606,13.095729166667,4.2));
#8748 = CARTESIAN_POINT('',(8.66540719697,13.274943181818,4.2));
#8749 = ORIENTED_EDGE('',*,*,#8710,.F.);
#8750 = SURFACE_OF_LINEAR_EXTRUSION('',#8751,#8755);
#8751 = B_SPLINE_CURVE_WITH_KNOTS('',2,(#8752,#8753,#8754),
  .UNSPECIFIED.,.F.,.F.,(3,3),(0.,1.),.PIECEWISE_BEZIER_KNOTS.);
#8752 = CARTESIAN_POINT('',(9.084441287879,12.698001893939,4.7));
#8753 = CARTESIAN_POINT('',(8.974356060606,13.095729166667,4.7));
#8754 = CARTESIAN_POINT('',(8.66540719697,13.274943181818,4.7));
#8755 = VECTOR('',#8756,1.);
#8756 = DIRECTION('',(0.,0.,1.));
#8757 = ADVANCED_FACE('',(#8758),#8776,.T.);
#8758 = FACE_BOUND('',#8759,.T.);
#8759 = EDGE_LOOP('',(#8760,#8761,#8769,#8775));
#8760 = ORIENTED_EDGE('',*,*,#2716,.F.);
#8761 = ORIENTED_EDGE('',*,*,#8762,.T.);
#8762 = EDGE_CURVE('',#2700,#8763,#8765,.T.);
#8763 = VERTEX_POINT('',#8764);
#8764 = CARTESIAN_POINT('',(9.752054924242,12.815189393939,4.2));
#8765 = LINE('',#8766,#8767);
#8766 = CARTESIAN_POINT('',(9.752054924242,12.815189393939,4.7));
#8767 = VECTOR('',#8768,1.);
#8768 = DIRECTION('',(-0.,-0.,-1.));
#8769 = ORIENTED_EDGE('',*,*,#8770,.T.);
#8770 = EDGE_CURVE('',#8763,#8737,#8771,.T.);
#8771 = LINE('',#8772,#8773);
#8772 = CARTESIAN_POINT('',(9.752054924242,12.815189393939,4.2));
#8773 = VECTOR('',#8774,1.);
#8774 = DIRECTION('',(-0.984941376985,-0.17288864596,0.));
#8775 = ORIENTED_EDGE('',*,*,#8736,.F.);
#8776 = PLANE('',#8777);
#8777 = AXIS2_PLACEMENT_3D('',#8778,#8779,#8780);
#8778 = CARTESIAN_POINT('',(9.752054924242,12.815189393939,4.7));
#8779 = DIRECTION('',(-0.17288864596,0.984941376985,0.));
#8780 = DIRECTION('',(-0.984941376985,-0.17288864596,0.));
#8781 = ADVANCED_FACE('',(#8782),#8800,.T.);
#8782 = FACE_BOUND('',#8783,.T.);
#8783 = EDGE_LOOP('',(#8784,#8785,#8793,#8799));
#8784 = ORIENTED_EDGE('',*,*,#2699,.T.);
#8785 = ORIENTED_EDGE('',*,*,#8786,.T.);
#8786 = EDGE_CURVE('',#2683,#8787,#8789,.T.);
#8787 = VERTEX_POINT('',#8788);
#8788 = CARTESIAN_POINT('',(9.119952651515,13.704630681818,4.2));
#8789 = LINE('',#8790,#8791);
#8790 = CARTESIAN_POINT('',(9.119952651515,13.704630681818,4.7));
#8791 = VECTOR('',#8792,1.);
#8792 = DIRECTION('',(-0.,-0.,-1.));
#8793 = ORIENTED_EDGE('',*,*,#8794,.T.);
#8794 = EDGE_CURVE('',#8787,#8763,#8795,.T.);
#8795 = B_SPLINE_CURVE_WITH_KNOTS('',2,(#8796,#8797,#8798),
  .UNSPECIFIED.,.F.,.F.,(3,3),(0.,1.),.PIECEWISE_BEZIER_KNOTS.);
#8796 = CARTESIAN_POINT('',(9.119952651515,13.704630681818,4.2));
#8797 = CARTESIAN_POINT('',(9.570946969697,13.443740530303,4.2));
#8798 = CARTESIAN_POINT('',(9.752054924242,12.815189393939,4.2));
#8799 = ORIENTED_EDGE('',*,*,#8762,.F.);
#8800 = SURFACE_OF_LINEAR_EXTRUSION('',#8801,#8805);
#8801 = B_SPLINE_CURVE_WITH_KNOTS('',2,(#8802,#8803,#8804),
  .UNSPECIFIED.,.F.,.F.,(3,3),(0.,1.),.PIECEWISE_BEZIER_KNOTS.);
#8802 = CARTESIAN_POINT('',(9.119952651515,13.704630681818,4.7));
#8803 = CARTESIAN_POINT('',(9.570946969697,13.443740530303,4.7));
#8804 = CARTESIAN_POINT('',(9.752054924242,12.815189393939,4.7));
#8805 = VECTOR('',#8806,1.);
#8806 = DIRECTION('',(0.,0.,1.));
#8807 = ADVANCED_FACE('',(#8808),#8826,.T.);
#8808 = FACE_BOUND('',#8809,.T.);
#8809 = EDGE_LOOP('',(#8810,#8811,#8819,#8825));
#8810 = ORIENTED_EDGE('',*,*,#2682,.T.);
#8811 = ORIENTED_EDGE('',*,*,#8812,.T.);
#8812 = EDGE_CURVE('',#2666,#8813,#8815,.T.);
#8813 = VERTEX_POINT('',#8814);
#8814 = CARTESIAN_POINT('',(7.816685606061,13.965757575758,4.2));
#8815 = LINE('',#8816,#8817);
#8816 = CARTESIAN_POINT('',(7.816685606061,13.965757575758,4.7));
#8817 = VECTOR('',#8818,1.);
#8818 = DIRECTION('',(-0.,-0.,-1.));
#8819 = ORIENTED_EDGE('',*,*,#8820,.T.);
#8820 = EDGE_CURVE('',#8813,#8787,#8821,.T.);
#8821 = B_SPLINE_CURVE_WITH_KNOTS('',2,(#8822,#8823,#8824),
  .UNSPECIFIED.,.F.,.F.,(3,3),(0.,1.),.PIECEWISE_BEZIER_KNOTS.);
#8822 = CARTESIAN_POINT('',(7.816685606061,13.965757575758,4.2));
#8823 = CARTESIAN_POINT('',(8.668958333333,13.965757575758,4.2));
#8824 = CARTESIAN_POINT('',(9.119952651515,13.704630681818,4.2));
#8825 = ORIENTED_EDGE('',*,*,#8786,.F.);
#8826 = SURFACE_OF_LINEAR_EXTRUSION('',#8827,#8831);
#8827 = B_SPLINE_CURVE_WITH_KNOTS('',2,(#8828,#8829,#8830),
  .UNSPECIFIED.,.F.,.F.,(3,3),(0.,1.),.PIECEWISE_BEZIER_KNOTS.);
#8828 = CARTESIAN_POINT('',(7.816685606061,13.965757575758,4.7));
#8829 = CARTESIAN_POINT('',(8.668958333333,13.965757575758,4.7));
#8830 = CARTESIAN_POINT('',(9.119952651515,13.704630681818,4.7));
#8831 = VECTOR('',#8832,1.);
#8832 = DIRECTION('',(0.,0.,1.));
#8833 = ADVANCED_FACE('',(#8834),#8852,.T.);
#8834 = FACE_BOUND('',#8835,.T.);
#8835 = EDGE_LOOP('',(#8836,#8837,#8845,#8851));
#8836 = ORIENTED_EDGE('',*,*,#2665,.T.);
#8837 = ORIENTED_EDGE('',*,*,#8838,.T.);
#8838 = EDGE_CURVE('',#2647,#8839,#8841,.T.);
#8839 = VERTEX_POINT('',#8840);
#8840 = CARTESIAN_POINT('',(6.408541666667,13.617509469697,4.2));
#8841 = LINE('',#8842,#8843);
#8842 = CARTESIAN_POINT('',(6.408541666667,13.617509469697,4.7));
#8843 = VECTOR('',#8844,1.);
#8844 = DIRECTION('',(-0.,-0.,-1.));
#8845 = ORIENTED_EDGE('',*,*,#8846,.T.);
#8846 = EDGE_CURVE('',#8839,#8813,#8847,.T.);
#8847 = B_SPLINE_CURVE_WITH_KNOTS('',2,(#8848,#8849,#8850),
  .UNSPECIFIED.,.F.,.F.,(3,3),(0.,1.),.PIECEWISE_BEZIER_KNOTS.);
#8848 = CARTESIAN_POINT('',(6.408541666667,13.617509469697,4.2));
#8849 = CARTESIAN_POINT('',(6.900492424242,13.965757575758,4.2));
#8850 = CARTESIAN_POINT('',(7.816685606061,13.965757575758,4.2));
#8851 = ORIENTED_EDGE('',*,*,#8812,.F.);
#8852 = SURFACE_OF_LINEAR_EXTRUSION('',#8853,#8857);
#8853 = B_SPLINE_CURVE_WITH_KNOTS('',2,(#8854,#8855,#8856),
  .UNSPECIFIED.,.F.,.F.,(3,3),(0.,1.),.PIECEWISE_BEZIER_KNOTS.);
#8854 = CARTESIAN_POINT('',(6.408541666667,13.617509469697,4.7));
#8855 = CARTESIAN_POINT('',(6.900492424242,13.965757575758,4.7));
#8856 = CARTESIAN_POINT('',(7.816685606061,13.965757575758,4.7));
#8857 = VECTOR('',#8858,1.);
#8858 = DIRECTION('',(0.,0.,1.));
#8859 = ADVANCED_FACE('',(#8860),#8878,.T.);
#8860 = FACE_BOUND('',#8861,.T.);
#8861 = EDGE_LOOP('',(#8862,#8863,#8871,#8877));
#8862 = ORIENTED_EDGE('',*,*,#2646,.T.);
#8863 = ORIENTED_EDGE('',*,*,#8864,.T.);
#8864 = EDGE_CURVE('',#2636,#8865,#8867,.T.);
#8865 = VERTEX_POINT('',#8866);
#8866 = CARTESIAN_POINT('',(5.916827651515,12.626268939394,4.2));
#8867 = LINE('',#8868,#8869);
#8868 = CARTESIAN_POINT('',(5.916827651515,12.626268939394,4.7));
#8869 = VECTOR('',#8870,1.);
#8870 = DIRECTION('',(-0.,-0.,-1.));
#8871 = ORIENTED_EDGE('',*,*,#8872,.T.);
#8872 = EDGE_CURVE('',#8865,#8839,#8873,.T.);
#8873 = B_SPLINE_CURVE_WITH_KNOTS('',2,(#8874,#8875,#8876),
  .UNSPECIFIED.,.F.,.F.,(3,3),(0.,1.),.PIECEWISE_BEZIER_KNOTS.);
#8874 = CARTESIAN_POINT('',(5.916827651515,12.626268939394,4.2));
#8875 = CARTESIAN_POINT('',(5.916827651515,13.269498106061,4.2));
#8876 = CARTESIAN_POINT('',(6.408541666667,13.617509469697,4.2));
#8877 = ORIENTED_EDGE('',*,*,#8838,.F.);
#8878 = SURFACE_OF_LINEAR_EXTRUSION('',#8879,#8883);
#8879 = B_SPLINE_CURVE_WITH_KNOTS('',2,(#8880,#8881,#8882),
  .UNSPECIFIED.,.F.,.F.,(3,3),(0.,1.),.PIECEWISE_BEZIER_KNOTS.);
#8880 = CARTESIAN_POINT('',(5.916827651515,12.626268939394,4.7));
#8881 = CARTESIAN_POINT('',(5.916827651515,13.269498106061,4.7));
#8882 = CARTESIAN_POINT('',(6.408541666667,13.617509469697,4.7));
#8883 = VECTOR('',#8884,1.);
#8884 = DIRECTION('',(0.,0.,1.));
#8885 = ADVANCED_FACE('',(#8886),#8904,.T.);
#8886 = FACE_BOUND('',#8887,.T.);
#8887 = EDGE_LOOP('',(#8888,#8889,#8897,#8903));
#8888 = ORIENTED_EDGE('',*,*,#2635,.T.);
#8889 = ORIENTED_EDGE('',*,*,#8890,.T.);
#8890 = EDGE_CURVE('',#2623,#8891,#8893,.T.);
#8891 = VERTEX_POINT('',#8892);
#8892 = CARTESIAN_POINT('',(6.010814393939,12.128873106061,4.2));
#8893 = LINE('',#8894,#8895);
#8894 = CARTESIAN_POINT('',(6.010814393939,12.128873106061,4.7));
#8895 = VECTOR('',#8896,1.);
#8896 = DIRECTION('',(-0.,-0.,-1.));
#8897 = ORIENTED_EDGE('',*,*,#8898,.T.);
#8898 = EDGE_CURVE('',#8891,#8865,#8899,.T.);
#8899 = B_SPLINE_CURVE_WITH_KNOTS('',2,(#8900,#8901,#8902),
  .UNSPECIFIED.,.F.,.F.,(3,3),(0.,1.),.PIECEWISE_BEZIER_KNOTS.);
#8900 = CARTESIAN_POINT('',(6.010814393939,12.128873106061,4.2));
#8901 = CARTESIAN_POINT('',(5.916827651515,12.345729166667,4.2));
#8902 = CARTESIAN_POINT('',(5.916827651515,12.626268939394,4.2));
#8903 = ORIENTED_EDGE('',*,*,#8864,.F.);
#8904 = SURFACE_OF_LINEAR_EXTRUSION('',#8905,#8909);
#8905 = B_SPLINE_CURVE_WITH_KNOTS('',2,(#8906,#8907,#8908),
  .UNSPECIFIED.,.F.,.F.,(3,3),(0.,1.),.PIECEWISE_BEZIER_KNOTS.);
#8906 = CARTESIAN_POINT('',(6.010814393939,12.128873106061,4.7));
#8907 = CARTESIAN_POINT('',(5.916827651515,12.345729166667,4.7));
#8908 = CARTESIAN_POINT('',(5.916827651515,12.626268939394,4.7));
#8909 = VECTOR('',#8910,1.);
#8910 = DIRECTION('',(0.,0.,1.));
#8911 = ADVANCED_FACE('',(#8912),#8930,.T.);
#8912 = FACE_BOUND('',#8913,.T.);
#8913 = EDGE_LOOP('',(#8914,#8915,#8923,#8929));
#8914 = ORIENTED_EDGE('',*,*,#2622,.T.);
#8915 = ORIENTED_EDGE('',*,*,#8916,.T.);
#8916 = EDGE_CURVE('',#2611,#8917,#8919,.T.);
#8917 = VERTEX_POINT('',#8918);
#8918 = CARTESIAN_POINT('',(6.28259469697,11.750558712121,4.2));
#8919 = LINE('',#8920,#8921);
#8920 = CARTESIAN_POINT('',(6.28259469697,11.750558712121,4.7));
#8921 = VECTOR('',#8922,1.);
#8922 = DIRECTION('',(-0.,-0.,-1.));
#8923 = ORIENTED_EDGE('',*,*,#8924,.T.);
#8924 = EDGE_CURVE('',#8917,#8891,#8925,.T.);
#8925 = B_SPLINE_CURVE_WITH_KNOTS('',2,(#8926,#8927,#8928),
  .UNSPECIFIED.,.F.,.F.,(3,3),(0.,1.),.PIECEWISE_BEZIER_KNOTS.);
#8926 = CARTESIAN_POINT('',(6.28259469697,11.750558712121,4.2));
#8927 = CARTESIAN_POINT('',(6.105037878788,11.912253787879,4.2));
#8928 = CARTESIAN_POINT('',(6.010814393939,12.128873106061,4.2));
#8929 = ORIENTED_EDGE('',*,*,#8890,.F.);
#8930 = SURFACE_OF_LINEAR_EXTRUSION('',#8931,#8935);
#8931 = B_SPLINE_CURVE_WITH_KNOTS('',2,(#8932,#8933,#8934),
  .UNSPECIFIED.,.F.,.F.,(3,3),(0.,1.),.PIECEWISE_BEZIER_KNOTS.);
#8932 = CARTESIAN_POINT('',(6.28259469697,11.750558712121,4.7));
#8933 = CARTESIAN_POINT('',(6.105037878788,11.912253787879,4.7));
#8934 = CARTESIAN_POINT('',(6.010814393939,12.128873106061,4.7));
#8935 = VECTOR('',#8936,1.);
#8936 = DIRECTION('',(0.,0.,1.));
#8937 = ADVANCED_FACE('',(#8938),#8956,.T.);
#8938 = FACE_BOUND('',#8939,.T.);
#8939 = EDGE_LOOP('',(#8940,#8941,#8949,#8955));
#8940 = ORIENTED_EDGE('',*,*,#2610,.T.);
#8941 = ORIENTED_EDGE('',*,*,#8942,.T.);
#8942 = EDGE_CURVE('',#2600,#8943,#8945,.T.);
#8943 = VERTEX_POINT('',#8944);
#8944 = CARTESIAN_POINT('',(6.767206439394,11.457471590909,4.2));
#8945 = LINE('',#8946,#8947);
#8946 = CARTESIAN_POINT('',(6.767206439394,11.457471590909,4.7));
#8947 = VECTOR('',#8948,1.);
#8948 = DIRECTION('',(-0.,-0.,-1.));
#8949 = ORIENTED_EDGE('',*,*,#8950,.T.);
#8950 = EDGE_CURVE('',#8943,#8917,#8951,.T.);
#8951 = B_SPLINE_CURVE_WITH_KNOTS('',2,(#8952,#8953,#8954),
  .UNSPECIFIED.,.F.,.F.,(3,3),(0.,1.),.PIECEWISE_BEZIER_KNOTS.);
#8952 = CARTESIAN_POINT('',(6.767206439394,11.457471590909,4.2));
#8953 = CARTESIAN_POINT('',(6.460151515152,11.589100378788,4.2));
#8954 = CARTESIAN_POINT('',(6.28259469697,11.750558712121,4.2));
#8955 = ORIENTED_EDGE('',*,*,#8916,.F.);
#8956 = SURFACE_OF_LINEAR_EXTRUSION('',#8957,#8961);
#8957 = B_SPLINE_CURVE_WITH_KNOTS('',2,(#8958,#8959,#8960),
  .UNSPECIFIED.,.F.,.F.,(3,3),(0.,1.),.PIECEWISE_BEZIER_KNOTS.);
#8958 = CARTESIAN_POINT('',(6.767206439394,11.457471590909,4.7));
#8959 = CARTESIAN_POINT('',(6.460151515152,11.589100378788,4.7));
#8960 = CARTESIAN_POINT('',(6.28259469697,11.750558712121,4.7));
#8961 = VECTOR('',#8962,1.);
#8962 = DIRECTION('',(0.,0.,1.));
#8963 = ADVANCED_FACE('',(#8964),#8982,.T.);
#8964 = FACE_BOUND('',#8965,.T.);
#8965 = EDGE_LOOP('',(#8966,#8967,#8975,#8981));
#8966 = ORIENTED_EDGE('',*,*,#2599,.T.);
#8967 = ORIENTED_EDGE('',*,*,#8968,.T.);
#8968 = EDGE_CURVE('',#2589,#8969,#8971,.T.);
#8969 = VERTEX_POINT('',#8970);
#8970 = CARTESIAN_POINT('',(7.667537878788,11.1946875,4.2));
#8971 = LINE('',#8972,#8973);
#8972 = CARTESIAN_POINT('',(7.667537878788,11.1946875,4.7));
#8973 = VECTOR('',#8974,1.);
#8974 = DIRECTION('',(-0.,-0.,-1.));
#8975 = ORIENTED_EDGE('',*,*,#8976,.T.);
#8976 = EDGE_CURVE('',#8969,#8943,#8977,.T.);
#8977 = B_SPLINE_CURVE_WITH_KNOTS('',2,(#8978,#8979,#8980),
  .UNSPECIFIED.,.F.,.F.,(3,3),(0.,1.),.PIECEWISE_BEZIER_KNOTS.);
#8978 = CARTESIAN_POINT('',(7.667537878788,11.1946875,4.2));
#8979 = CARTESIAN_POINT('',(7.074498106061,11.326079545455,4.2));
#8980 = CARTESIAN_POINT('',(6.767206439394,11.457471590909,4.2));
#8981 = ORIENTED_EDGE('',*,*,#8942,.F.);
#8982 = SURFACE_OF_LINEAR_EXTRUSION('',#8983,#8987);
#8983 = B_SPLINE_CURVE_WITH_KNOTS('',2,(#8984,#8985,#8986),
  .UNSPECIFIED.,.F.,.F.,(3,3),(0.,1.),.PIECEWISE_BEZIER_KNOTS.);
#8984 = CARTESIAN_POINT('',(7.667537878788,11.1946875,4.7));
#8985 = CARTESIAN_POINT('',(7.074498106061,11.326079545455,4.7));
#8986 = CARTESIAN_POINT('',(6.767206439394,11.457471590909,4.7));
#8987 = VECTOR('',#8988,1.);
#8988 = DIRECTION('',(0.,0.,1.));
#8989 = ADVANCED_FACE('',(#8990),#9008,.T.);
#8990 = FACE_BOUND('',#8991,.T.);
#8991 = EDGE_LOOP('',(#8992,#8993,#9001,#9007));
#8992 = ORIENTED_EDGE('',*,*,#2588,.T.);
#8993 = ORIENTED_EDGE('',*,*,#8994,.T.);
#8994 = EDGE_CURVE('',#2578,#8995,#8997,.T.);
#8995 = VERTEX_POINT('',#8996);
#8996 = CARTESIAN_POINT('',(8.288986742424,11.048854166667,4.2));
#8997 = LINE('',#8998,#8999);
#8998 = CARTESIAN_POINT('',(8.288986742424,11.048854166667,4.7));
#8999 = VECTOR('',#9000,1.);
#9000 = DIRECTION('',(-0.,-0.,-1.));
#9001 = ORIENTED_EDGE('',*,*,#9002,.T.);
#9002 = EDGE_CURVE('',#8995,#8969,#9003,.T.);
#9003 = B_SPLINE_CURVE_WITH_KNOTS('',2,(#9004,#9005,#9006),
  .UNSPECIFIED.,.F.,.F.,(3,3),(0.,1.),.PIECEWISE_BEZIER_KNOTS.);
#9004 = CARTESIAN_POINT('',(8.288986742424,11.048854166667,4.2));
#9005 = CARTESIAN_POINT('',(8.008446969697,11.1165625,4.2));
#9006 = CARTESIAN_POINT('',(7.667537878788,11.1946875,4.2));
#9007 = ORIENTED_EDGE('',*,*,#8968,.F.);
#9008 = SURFACE_OF_LINEAR_EXTRUSION('',#9009,#9013);
#9009 = B_SPLINE_CURVE_WITH_KNOTS('',2,(#9010,#9011,#9012),
  .UNSPECIFIED.,.F.,.F.,(3,3),(0.,1.),.PIECEWISE_BEZIER_KNOTS.);
#9010 = CARTESIAN_POINT('',(8.288986742424,11.048854166667,4.7));
#9011 = CARTESIAN_POINT('',(8.008446969697,11.1165625,4.7));
#9012 = CARTESIAN_POINT('',(7.667537878788,11.1946875,4.7));
#9013 = VECTOR('',#9014,1.);
#9014 = DIRECTION('',(0.,0.,1.));
#9015 = ADVANCED_FACE('',(#9016),#9034,.T.);
#9016 = FACE_BOUND('',#9017,.T.);
#9017 = EDGE_LOOP('',(#9018,#9019,#9027,#9033));
#9018 = ORIENTED_EDGE('',*,*,#2577,.T.);
#9019 = ORIENTED_EDGE('',*,*,#9020,.T.);
#9020 = EDGE_CURVE('',#2567,#9021,#9023,.T.);
#9021 = VERTEX_POINT('',#9022);
#9022 = CARTESIAN_POINT('',(8.771941287879,10.881950757576,4.2));
#9023 = LINE('',#9024,#9025);
#9024 = CARTESIAN_POINT('',(8.771941287879,10.881950757576,4.7));
#9025 = VECTOR('',#9026,1.);
#9026 = DIRECTION('',(-0.,-0.,-1.));
#9027 = ORIENTED_EDGE('',*,*,#9028,.T.);
#9028 = EDGE_CURVE('',#9021,#8995,#9029,.T.);
#9029 = B_SPLINE_CURVE_WITH_KNOTS('',2,(#9030,#9031,#9032),
  .UNSPECIFIED.,.F.,.F.,(3,3),(0.,1.),.PIECEWISE_BEZIER_KNOTS.);
#9030 = CARTESIAN_POINT('',(8.771941287879,10.881950757576,4.2));
#9031 = CARTESIAN_POINT('',(8.569526515152,10.981382575758,4.2));
#9032 = CARTESIAN_POINT('',(8.288986742424,11.048854166667,4.2));
#9033 = ORIENTED_EDGE('',*,*,#8994,.F.);
#9034 = SURFACE_OF_LINEAR_EXTRUSION('',#9035,#9039);
#9035 = B_SPLINE_CURVE_WITH_KNOTS('',2,(#9036,#9037,#9038),
  .UNSPECIFIED.,.F.,.F.,(3,3),(0.,1.),.PIECEWISE_BEZIER_KNOTS.);
#9036 = CARTESIAN_POINT('',(8.771941287879,10.881950757576,4.7));
#9037 = CARTESIAN_POINT('',(8.569526515152,10.981382575758,4.7));
#9038 = CARTESIAN_POINT('',(8.288986742424,11.048854166667,4.7));
#9039 = VECTOR('',#9040,1.);
#9040 = DIRECTION('',(0.,0.,1.));
#9041 = ADVANCED_FACE('',(#9042),#9060,.T.);
#9042 = FACE_BOUND('',#9043,.T.);
#9043 = EDGE_LOOP('',(#9044,#9045,#9053,#9059));
#9044 = ORIENTED_EDGE('',*,*,#2566,.T.);
#9045 = ORIENTED_EDGE('',*,*,#9046,.T.);
#9046 = EDGE_CURVE('',#2556,#9047,#9049,.T.);
#9047 = VERTEX_POINT('',#9048);
#9048 = CARTESIAN_POINT('',(9.086098484848,10.629583333333,4.2));
#9049 = LINE('',#9050,#9051);
#9050 = CARTESIAN_POINT('',(9.086098484848,10.629583333333,4.7));
#9051 = VECTOR('',#9052,1.);
#9052 = DIRECTION('',(-0.,-0.,-1.));
#9053 = ORIENTED_EDGE('',*,*,#9054,.T.);
#9054 = EDGE_CURVE('',#9047,#9021,#9055,.T.);
#9055 = B_SPLINE_CURVE_WITH_KNOTS('',2,(#9056,#9057,#9058),
  .UNSPECIFIED.,.F.,.F.,(3,3),(0.,1.),.PIECEWISE_BEZIER_KNOTS.);
#9056 = CARTESIAN_POINT('',(9.086098484848,10.629583333333,4.2));
#9057 = CARTESIAN_POINT('',(8.974356060606,10.782518939394,4.2));
#9058 = CARTESIAN_POINT('',(8.771941287879,10.881950757576,4.2));
#9059 = ORIENTED_EDGE('',*,*,#9020,.F.);
#9060 = SURFACE_OF_LINEAR_EXTRUSION('',#9061,#9065);
#9061 = B_SPLINE_CURVE_WITH_KNOTS('',2,(#9062,#9063,#9064),
  .UNSPECIFIED.,.F.,.F.,(3,3),(0.,1.),.PIECEWISE_BEZIER_KNOTS.);
#9062 = CARTESIAN_POINT('',(9.086098484848,10.629583333333,4.7));
#9063 = CARTESIAN_POINT('',(8.974356060606,10.782518939394,4.7));
#9064 = CARTESIAN_POINT('',(8.771941287879,10.881950757576,4.7));
#9065 = VECTOR('',#9066,1.);
#9066 = DIRECTION('',(0.,0.,1.));
#9067 = ADVANCED_FACE('',(#9068),#9086,.T.);
#9068 = FACE_BOUND('',#9069,.T.);
#9069 = EDGE_LOOP('',(#9070,#9071,#9079,#9085));
#9070 = ORIENTED_EDGE('',*,*,#2555,.T.);
#9071 = ORIENTED_EDGE('',*,*,#9072,.T.);
#9072 = EDGE_CURVE('',#2537,#9073,#9075,.T.);
#9073 = VERTEX_POINT('',#9074);
#9074 = CARTESIAN_POINT('',(9.198077651515,10.231856060606,4.2));
#9075 = LINE('',#9076,#9077);
#9076 = CARTESIAN_POINT('',(9.198077651515,10.231856060606,4.7));
#9077 = VECTOR('',#9078,1.);
#9078 = DIRECTION('',(-0.,-0.,-1.));
#9079 = ORIENTED_EDGE('',*,*,#9080,.T.);
#9080 = EDGE_CURVE('',#9073,#9047,#9081,.T.);
#9081 = B_SPLINE_CURVE_WITH_KNOTS('',2,(#9082,#9083,#9084),
  .UNSPECIFIED.,.F.,.F.,(3,3),(0.,1.),.PIECEWISE_BEZIER_KNOTS.);
#9082 = CARTESIAN_POINT('',(9.198077651515,10.231856060606,4.2));
#9083 = CARTESIAN_POINT('',(9.198077651515,10.476884469697,4.2));
#9084 = CARTESIAN_POINT('',(9.086098484848,10.629583333333,4.2));
#9085 = ORIENTED_EDGE('',*,*,#9046,.F.);
#9086 = SURFACE_OF_LINEAR_EXTRUSION('',#9087,#9091);
#9087 = B_SPLINE_CURVE_WITH_KNOTS('',2,(#9088,#9089,#9090),
  .UNSPECIFIED.,.F.,.F.,(3,3),(0.,1.),.PIECEWISE_BEZIER_KNOTS.);
#9088 = CARTESIAN_POINT('',(9.198077651515,10.231856060606,4.7));
#9089 = CARTESIAN_POINT('',(9.198077651515,10.476884469697,4.7));
#9090 = CARTESIAN_POINT('',(9.086098484848,10.629583333333,4.7));
#9091 = VECTOR('',#9092,1.);
#9092 = DIRECTION('',(0.,0.,1.));
#9093 = ADVANCED_FACE('',(#9094),#9112,.T.);
#9094 = FACE_BOUND('',#9095,.T.);
#9095 = EDGE_LOOP('',(#9096,#9097,#9105,#9111));
#9096 = ORIENTED_EDGE('',*,*,#2536,.T.);
#9097 = ORIENTED_EDGE('',*,*,#9098,.T.);
#9098 = EDGE_CURVE('',#2520,#9099,#9101,.T.);
#9099 = VERTEX_POINT('',#9100);
#9100 = CARTESIAN_POINT('',(8.841070075758,9.568977272727,4.2));
#9101 = LINE('',#9102,#9103);
#9102 = CARTESIAN_POINT('',(8.841070075758,9.568977272727,4.7));
#9103 = VECTOR('',#9104,1.);
#9104 = DIRECTION('',(-0.,-0.,-1.));
#9105 = ORIENTED_EDGE('',*,*,#9106,.T.);
#9106 = EDGE_CURVE('',#9099,#9073,#9107,.T.);
#9107 = B_SPLINE_CURVE_WITH_KNOTS('',2,(#9108,#9109,#9110),
  .UNSPECIFIED.,.F.,.F.,(3,3),(0.,1.),.PIECEWISE_BEZIER_KNOTS.);
#9108 = CARTESIAN_POINT('',(8.841070075758,9.568977272727,4.2));
#9109 = CARTESIAN_POINT('',(9.198077651515,9.794829545455,4.2));
#9110 = CARTESIAN_POINT('',(9.198077651515,10.231856060606,4.2));
#9111 = ORIENTED_EDGE('',*,*,#9072,.F.);
#9112 = SURFACE_OF_LINEAR_EXTRUSION('',#9113,#9117);
#9113 = B_SPLINE_CURVE_WITH_KNOTS('',2,(#9114,#9115,#9116),
  .UNSPECIFIED.,.F.,.F.,(3,3),(0.,1.),.PIECEWISE_BEZIER_KNOTS.);
#9114 = CARTESIAN_POINT('',(8.841070075758,9.568977272727,4.7));
#9115 = CARTESIAN_POINT('',(9.198077651515,9.794829545455,4.7));
#9116 = CARTESIAN_POINT('',(9.198077651515,10.231856060606,4.7));
#9117 = VECTOR('',#9118,1.);
#9118 = DIRECTION('',(0.,0.,1.));
#9119 = ADVANCED_FACE('',(#9120),#9138,.T.);
#9120 = FACE_BOUND('',#9121,.T.);
#9121 = EDGE_LOOP('',(#9122,#9123,#9131,#9137));
#9122 = ORIENTED_EDGE('',*,*,#2519,.T.);
#9123 = ORIENTED_EDGE('',*,*,#9124,.T.);
#9124 = EDGE_CURVE('',#2503,#9125,#9127,.T.);
#9125 = VERTEX_POINT('',#9126);
#9126 = CARTESIAN_POINT('',(7.827339015152,9.343361742424,4.2));
#9127 = LINE('',#9128,#9129);
#9128 = CARTESIAN_POINT('',(7.827339015152,9.343361742424,4.7));
#9129 = VECTOR('',#9130,1.);
#9130 = DIRECTION('',(-0.,-0.,-1.));
#9131 = ORIENTED_EDGE('',*,*,#9132,.T.);
#9132 = EDGE_CURVE('',#9125,#9099,#9133,.T.);
#9133 = B_SPLINE_CURVE_WITH_KNOTS('',2,(#9134,#9135,#9136),
  .UNSPECIFIED.,.F.,.F.,(3,3),(0.,1.),.PIECEWISE_BEZIER_KNOTS.);
#9134 = CARTESIAN_POINT('',(7.827339015152,9.343361742424,4.2));
#9135 = CARTESIAN_POINT('',(8.484299242424,9.343361742424,4.2));
#9136 = CARTESIAN_POINT('',(8.841070075758,9.568977272727,4.2));
#9137 = ORIENTED_EDGE('',*,*,#9098,.F.);
#9138 = SURFACE_OF_LINEAR_EXTRUSION('',#9139,#9143);
#9139 = B_SPLINE_CURVE_WITH_KNOTS('',2,(#9140,#9141,#9142),
  .UNSPECIFIED.,.F.,.F.,(3,3),(0.,1.),.PIECEWISE_BEZIER_KNOTS.);
#9140 = CARTESIAN_POINT('',(7.827339015152,9.343361742424,4.7));
#9141 = CARTESIAN_POINT('',(8.484299242424,9.343361742424,4.7));
#9142 = CARTESIAN_POINT('',(8.841070075758,9.568977272727,4.7));
#9143 = VECTOR('',#9144,1.);
#9144 = DIRECTION('',(0.,0.,1.));
#9145 = ADVANCED_FACE('',(#9146),#9164,.T.);
#9146 = FACE_BOUND('',#9147,.T.);
#9147 = EDGE_LOOP('',(#9148,#9149,#9157,#9163));
#9148 = ORIENTED_EDGE('',*,*,#2502,.T.);
#9149 = ORIENTED_EDGE('',*,*,#9150,.T.);
#9150 = EDGE_CURVE('',#2486,#9151,#9153,.T.);
#9151 = VERTEX_POINT('',#9152);
#9152 = CARTESIAN_POINT('',(6.822367424242,9.554535984848,4.2));
#9153 = LINE('',#9154,#9155);
#9154 = CARTESIAN_POINT('',(6.822367424242,9.554535984848,4.7));
#9155 = VECTOR('',#9156,1.);
#9156 = DIRECTION('',(-0.,-0.,-1.));
#9157 = ORIENTED_EDGE('',*,*,#9158,.T.);
#9158 = EDGE_CURVE('',#9151,#9125,#9159,.T.);
#9159 = B_SPLINE_CURVE_WITH_KNOTS('',2,(#9160,#9161,#9162),
  .UNSPECIFIED.,.F.,.F.,(3,3),(0.,1.),.PIECEWISE_BEZIER_KNOTS.);
#9160 = CARTESIAN_POINT('',(6.822367424242,9.554535984848,4.2));
#9161 = CARTESIAN_POINT('',(7.191685606061,9.343361742424,4.2));
#9162 = CARTESIAN_POINT('',(7.827339015152,9.343361742424,4.2));
#9163 = ORIENTED_EDGE('',*,*,#9124,.F.);
#9164 = SURFACE_OF_LINEAR_EXTRUSION('',#9165,#9169);
#9165 = B_SPLINE_CURVE_WITH_KNOTS('',2,(#9166,#9167,#9168),
  .UNSPECIFIED.,.F.,.F.,(3,3),(0.,1.),.PIECEWISE_BEZIER_KNOTS.);
#9166 = CARTESIAN_POINT('',(6.822367424242,9.554535984848,4.7));
#9167 = CARTESIAN_POINT('',(7.191685606061,9.343361742424,4.7));
#9168 = CARTESIAN_POINT('',(7.827339015152,9.343361742424,4.7));
#9169 = VECTOR('',#9170,1.);
#9170 = DIRECTION('',(0.,0.,1.));
#9171 = ADVANCED_FACE('',(#9172),#9190,.T.);
#9172 = FACE_BOUND('',#9173,.T.);
#9173 = EDGE_LOOP('',(#9174,#9175,#9183,#9189));
#9174 = ORIENTED_EDGE('',*,*,#2485,.T.);
#9175 = ORIENTED_EDGE('',*,*,#9176,.T.);
#9176 = EDGE_CURVE('',#2478,#9177,#9179,.T.);
#9177 = VERTEX_POINT('',#9178);
#9178 = CARTESIAN_POINT('',(6.339412878788,10.216941287879,4.2));
#9179 = LINE('',#9180,#9181);
#9180 = CARTESIAN_POINT('',(6.339412878788,10.216941287879,4.7));
#9181 = VECTOR('',#9182,1.);
#9182 = DIRECTION('',(-0.,-0.,-1.));
#9183 = ORIENTED_EDGE('',*,*,#9184,.T.);
#9184 = EDGE_CURVE('',#9177,#9151,#9185,.T.);
#9185 = B_SPLINE_CURVE_WITH_KNOTS('',2,(#9186,#9187,#9188),
  .UNSPECIFIED.,.F.,.F.,(3,3),(0.,1.),.PIECEWISE_BEZIER_KNOTS.);
#9186 = CARTESIAN_POINT('',(6.339412878788,10.216941287879,4.2));
#9187 = CARTESIAN_POINT('',(6.453049242424,9.765946969697,4.2));
#9188 = CARTESIAN_POINT('',(6.822367424242,9.554535984848,4.2));
#9189 = ORIENTED_EDGE('',*,*,#9150,.F.);
#9190 = SURFACE_OF_LINEAR_EXTRUSION('',#9191,#9195);
#9191 = B_SPLINE_CURVE_WITH_KNOTS('',2,(#9192,#9193,#9194),
  .UNSPECIFIED.,.F.,.F.,(3,3),(0.,1.),.PIECEWISE_BEZIER_KNOTS.);
#9192 = CARTESIAN_POINT('',(6.339412878788,10.216941287879,4.7));
#9193 = CARTESIAN_POINT('',(6.453049242424,9.765946969697,4.7));
#9194 = CARTESIAN_POINT('',(6.822367424242,9.554535984848,4.7));
#9195 = VECTOR('',#9196,1.);
#9196 = DIRECTION('',(0.,0.,1.));
#9197 = ADVANCED_FACE('',(#9198),#9216,.T.);
#9198 = FACE_BOUND('',#9199,.T.);
#9199 = EDGE_LOOP('',(#9200,#9201,#9209,#9215));
#9200 = ORIENTED_EDGE('',*,*,#2477,.F.);
#9201 = ORIENTED_EDGE('',*,*,#9202,.T.);
#9202 = EDGE_CURVE('',#2441,#9203,#9205,.T.);
#9203 = VERTEX_POINT('',#9204);
#9204 = CARTESIAN_POINT('',(5.682452651515,10.085549242424,4.2));
#9205 = LINE('',#9206,#9207);
#9206 = CARTESIAN_POINT('',(5.682452651515,10.085549242424,4.7));
#9207 = VECTOR('',#9208,1.);
#9208 = DIRECTION('',(-0.,-0.,-1.));
#9209 = ORIENTED_EDGE('',*,*,#9210,.T.);
#9210 = EDGE_CURVE('',#9203,#9177,#9211,.T.);
#9211 = LINE('',#9212,#9213);
#9212 = CARTESIAN_POINT('',(5.682452651515,10.085549242424,4.2));
#9213 = VECTOR('',#9214,1.);
#9214 = DIRECTION('',(0.980580675691,0.196116135138,0.));
#9215 = ORIENTED_EDGE('',*,*,#9176,.F.);
#9216 = PLANE('',#9217);
#9217 = AXIS2_PLACEMENT_3D('',#9218,#9219,#9220);
#9218 = CARTESIAN_POINT('',(5.682452651515,10.085549242424,4.7));
#9219 = DIRECTION('',(0.196116135138,-0.980580675691,0.));
#9220 = DIRECTION('',(0.980580675691,0.196116135138,0.));
#9221 = ADVANCED_FACE('',(#9222),#9240,.T.);
#9222 = FACE_BOUND('',#9223,.T.);
#9223 = EDGE_LOOP('',(#9224,#9225,#9233,#9239));
#9224 = ORIENTED_EDGE('',*,*,#2440,.T.);
#9225 = ORIENTED_EDGE('',*,*,#9226,.T.);
#9226 = EDGE_CURVE('',#2422,#9227,#9229,.T.);
#9227 = VERTEX_POINT('',#9228);
#9228 = CARTESIAN_POINT('',(7.802481060606,8.814242424242,4.2));
#9229 = LINE('',#9230,#9231);
#9230 = CARTESIAN_POINT('',(7.802481060606,8.814242424242,4.7));
#9231 = VECTOR('',#9232,1.);
#9232 = DIRECTION('',(-0.,-0.,-1.));
#9233 = ORIENTED_EDGE('',*,*,#9234,.T.);
#9234 = EDGE_CURVE('',#9227,#9203,#9235,.T.);
#9235 = B_SPLINE_CURVE_WITH_KNOTS('',2,(#9236,#9237,#9238),
  .UNSPECIFIED.,.F.,.F.,(3,3),(0.,1.),.PIECEWISE_BEZIER_KNOTS.);
#9236 = CARTESIAN_POINT('',(7.802481060606,8.814242424242,4.2));
#9237 = CARTESIAN_POINT('',(5.973645833333,8.814242424242,4.2));
#9238 = CARTESIAN_POINT('',(5.682452651515,10.085549242424,4.2));
#9239 = ORIENTED_EDGE('',*,*,#9202,.F.);
#9240 = SURFACE_OF_LINEAR_EXTRUSION('',#9241,#9245);
#9241 = B_SPLINE_CURVE_WITH_KNOTS('',2,(#9242,#9243,#9244),
  .UNSPECIFIED.,.F.,.F.,(3,3),(0.,1.),.PIECEWISE_BEZIER_KNOTS.);
#9242 = CARTESIAN_POINT('',(7.802481060606,8.814242424242,4.7));
#9243 = CARTESIAN_POINT('',(5.973645833333,8.814242424242,4.7));
#9244 = CARTESIAN_POINT('',(5.682452651515,10.085549242424,4.7));
#9245 = VECTOR('',#9246,1.);
#9246 = DIRECTION('',(0.,0.,1.));
#9247 = ADVANCED_FACE('',(#9248),#9259,.T.);
#9248 = FACE_BOUND('',#9249,.T.);
#9249 = EDGE_LOOP('',(#9250,#9251,#9252,#9258));
#9250 = ORIENTED_EDGE('',*,*,#2421,.T.);
#9251 = ORIENTED_EDGE('',*,*,#8407,.T.);
#9252 = ORIENTED_EDGE('',*,*,#9253,.T.);
#9253 = EDGE_CURVE('',#8400,#9227,#9254,.T.);
#9254 = B_SPLINE_CURVE_WITH_KNOTS('',2,(#9255,#9256,#9257),
  .UNSPECIFIED.,.F.,.F.,(3,3),(0.,1.),.PIECEWISE_BEZIER_KNOTS.);
#9255 = CARTESIAN_POINT('',(9.327575757576,9.194214015152,4.2));
#9256 = CARTESIAN_POINT('',(8.786145833333,8.814242424242,4.2));
#9257 = CARTESIAN_POINT('',(7.802481060606,8.814242424242,4.2));
#9258 = ORIENTED_EDGE('',*,*,#9226,.F.);
#9259 = SURFACE_OF_LINEAR_EXTRUSION('',#9260,#9264);
#9260 = B_SPLINE_CURVE_WITH_KNOTS('',2,(#9261,#9262,#9263),
  .UNSPECIFIED.,.F.,.F.,(3,3),(0.,1.),.PIECEWISE_BEZIER_KNOTS.);
#9261 = CARTESIAN_POINT('',(9.327575757576,9.194214015152,4.7));
#9262 = CARTESIAN_POINT('',(8.786145833333,8.814242424242,4.7));
#9263 = CARTESIAN_POINT('',(7.802481060606,8.814242424242,4.7));
#9264 = VECTOR('',#9265,1.);
#9265 = DIRECTION('',(0.,0.,1.));
#9266 = ADVANCED_FACE('',(#9267),#9292,.T.);
#9267 = FACE_BOUND('',#9268,.T.);
#9268 = EDGE_LOOP('',(#9269,#9270,#9278,#9286));
#9269 = ORIENTED_EDGE('',*,*,#2898,.T.);
#9270 = ORIENTED_EDGE('',*,*,#9271,.T.);
#9271 = EDGE_CURVE('',#2901,#9272,#9274,.T.);
#9272 = VERTEX_POINT('',#9273);
#9273 = CARTESIAN_POINT('',(11.180795454545,10.672670454545,4.2));
#9274 = LINE('',#9275,#9276);
#9275 = CARTESIAN_POINT('',(11.180795454545,10.672670454545,4.7));
#9276 = VECTOR('',#9277,1.);
#9277 = DIRECTION('',(-0.,-0.,-1.));
#9278 = ORIENTED_EDGE('',*,*,#9279,.T.);
#9279 = EDGE_CURVE('',#9272,#9280,#9282,.T.);
#9280 = VERTEX_POINT('',#9281);
#9281 = CARTESIAN_POINT('',(11.454232954545,9.652547348485,4.2));
#9282 = B_SPLINE_CURVE_WITH_KNOTS('',2,(#9283,#9284,#9285),
  .UNSPECIFIED.,.F.,.F.,(3,3),(0.,1.),.PIECEWISE_BEZIER_KNOTS.);
#9283 = CARTESIAN_POINT('',(11.180795454545,10.672670454545,4.2));
#9284 = CARTESIAN_POINT('',(11.180795454545,10.011685606061,4.2));
#9285 = CARTESIAN_POINT('',(11.454232954545,9.652547348485,4.2));
#9286 = ORIENTED_EDGE('',*,*,#9287,.F.);
#9287 = EDGE_CURVE('',#2899,#9280,#9288,.T.);
#9288 = LINE('',#9289,#9290);
#9289 = CARTESIAN_POINT('',(11.454232954545,9.652547348485,4.7));
#9290 = VECTOR('',#9291,1.);
#9291 = DIRECTION('',(-0.,-0.,-1.));
#9292 = SURFACE_OF_LINEAR_EXTRUSION('',#9293,#9297);
#9293 = B_SPLINE_CURVE_WITH_KNOTS('',2,(#9294,#9295,#9296),
  .UNSPECIFIED.,.F.,.F.,(3,3),(0.,1.),.PIECEWISE_BEZIER_KNOTS.);
#9294 = CARTESIAN_POINT('',(11.180795454545,10.672670454545,4.7));
#9295 = CARTESIAN_POINT('',(11.180795454545,10.011685606061,4.7));
#9296 = CARTESIAN_POINT('',(11.454232954545,9.652547348485,4.7));
#9297 = VECTOR('',#9298,1.);
#9298 = DIRECTION('',(0.,0.,1.));
#9299 = ADVANCED_FACE('',(#9300),#9318,.T.);
#9300 = FACE_BOUND('',#9301,.T.);
#9301 = EDGE_LOOP('',(#9302,#9303,#9311,#9317));
#9302 = ORIENTED_EDGE('',*,*,#3146,.F.);
#9303 = ORIENTED_EDGE('',*,*,#9304,.T.);
#9304 = EDGE_CURVE('',#3139,#9305,#9307,.T.);
#9305 = VERTEX_POINT('',#9306);
#9306 = CARTESIAN_POINT('',(13.922272727273,10.672670454545,4.2));
#9307 = LINE('',#9308,#9309);
#9308 = CARTESIAN_POINT('',(13.922272727273,10.672670454545,4.7));
#9309 = VECTOR('',#9310,1.);
#9310 = DIRECTION('',(-0.,-0.,-1.));
#9311 = ORIENTED_EDGE('',*,*,#9312,.T.);
#9312 = EDGE_CURVE('',#9305,#9272,#9313,.T.);
#9313 = LINE('',#9314,#9315);
#9314 = CARTESIAN_POINT('',(13.922272727273,10.672670454545,4.2));
#9315 = VECTOR('',#9316,1.);
#9316 = DIRECTION('',(-1.,0.,0.));
#9317 = ORIENTED_EDGE('',*,*,#9271,.F.);
#9318 = PLANE('',#9319);
#9319 = AXIS2_PLACEMENT_3D('',#9320,#9321,#9322);
#9320 = CARTESIAN_POINT('',(13.922272727273,10.672670454545,4.7));
#9321 = DIRECTION('',(0.,1.,0.));
#9322 = DIRECTION('',(-1.,0.,0.));
#9323 = ADVANCED_FACE('',(#9324),#9342,.T.);
#9324 = FACE_BOUND('',#9325,.T.);
#9325 = EDGE_LOOP('',(#9326,#9327,#9335,#9341));
#9326 = ORIENTED_EDGE('',*,*,#3138,.F.);
#9327 = ORIENTED_EDGE('',*,*,#9328,.T.);
#9328 = EDGE_CURVE('',#3097,#9329,#9331,.T.);
#9329 = VERTEX_POINT('',#9330);
#9330 = CARTESIAN_POINT('',(13.922272727273,10.757897727273,4.2));
#9331 = LINE('',#9332,#9333);
#9332 = CARTESIAN_POINT('',(13.922272727273,10.757897727273,4.7));
#9333 = VECTOR('',#9334,1.);
#9334 = DIRECTION('',(-0.,-0.,-1.));
#9335 = ORIENTED_EDGE('',*,*,#9336,.T.);
#9336 = EDGE_CURVE('',#9329,#9305,#9337,.T.);
#9337 = LINE('',#9338,#9339);
#9338 = CARTESIAN_POINT('',(13.922272727273,10.757897727273,4.2));
#9339 = VECTOR('',#9340,1.);
#9340 = DIRECTION('',(0.,-1.,0.));
#9341 = ORIENTED_EDGE('',*,*,#9304,.F.);
#9342 = PLANE('',#9343);
#9343 = AXIS2_PLACEMENT_3D('',#9344,#9345,#9346);
#9344 = CARTESIAN_POINT('',(13.922272727273,10.757897727273,4.7));
#9345 = DIRECTION('',(-1.,0.,0.));
#9346 = DIRECTION('',(0.,-1.,0.));
#9347 = ADVANCED_FACE('',(#9348),#9366,.T.);
#9348 = FACE_BOUND('',#9349,.T.);
#9349 = EDGE_LOOP('',(#9350,#9351,#9359,#9365));
#9350 = ORIENTED_EDGE('',*,*,#3096,.T.);
#9351 = ORIENTED_EDGE('',*,*,#9352,.T.);
#9352 = EDGE_CURVE('',#3074,#9353,#9355,.T.);
#9353 = VERTEX_POINT('',#9354);
#9354 = CARTESIAN_POINT('',(12.228380681818,12.799090909091,4.2));
#9355 = LINE('',#9356,#9357);
#9356 = CARTESIAN_POINT('',(12.228380681818,12.799090909091,4.7));
#9357 = VECTOR('',#9358,1.);
#9358 = DIRECTION('',(-0.,-0.,-1.));
#9359 = ORIENTED_EDGE('',*,*,#9360,.T.);
#9360 = EDGE_CURVE('',#9353,#9329,#9361,.T.);
#9361 = B_SPLINE_CURVE_WITH_KNOTS('',2,(#9362,#9363,#9364),
  .UNSPECIFIED.,.F.,.F.,(3,3),(0.,1.),.PIECEWISE_BEZIER_KNOTS.);
#9362 = CARTESIAN_POINT('',(12.228380681818,12.799090909091,4.2));
#9363 = CARTESIAN_POINT('',(13.922272727273,12.799090909091,4.2));
#9364 = CARTESIAN_POINT('',(13.922272727273,10.757897727273,4.2));
#9365 = ORIENTED_EDGE('',*,*,#9328,.F.);
#9366 = SURFACE_OF_LINEAR_EXTRUSION('',#9367,#9371);
#9367 = B_SPLINE_CURVE_WITH_KNOTS('',2,(#9368,#9369,#9370),
  .UNSPECIFIED.,.F.,.F.,(3,3),(0.,1.),.PIECEWISE_BEZIER_KNOTS.);
#9368 = CARTESIAN_POINT('',(12.228380681818,12.799090909091,4.7));
#9369 = CARTESIAN_POINT('',(13.922272727273,12.799090909091,4.7));
#9370 = CARTESIAN_POINT('',(13.922272727273,10.757897727273,4.7));
#9371 = VECTOR('',#9372,1.);
#9372 = DIRECTION('',(0.,0.,1.));
#9373 = ADVANCED_FACE('',(#9374),#9392,.T.);
#9374 = FACE_BOUND('',#9375,.T.);
#9375 = EDGE_LOOP('',(#9376,#9377,#9385,#9391));
#9376 = ORIENTED_EDGE('',*,*,#3073,.T.);
#9377 = ORIENTED_EDGE('',*,*,#9378,.T.);
#9378 = EDGE_CURVE('',#3052,#9379,#9381,.T.);
#9379 = VERTEX_POINT('',#9380);
#9380 = CARTESIAN_POINT('',(10.955179924242,12.291041666667,4.2));
#9381 = LINE('',#9382,#9383);
#9382 = CARTESIAN_POINT('',(10.955179924242,12.291041666667,4.7));
#9383 = VECTOR('',#9384,1.);
#9384 = DIRECTION('',(-0.,-0.,-1.));
#9385 = ORIENTED_EDGE('',*,*,#9386,.T.);
#9386 = EDGE_CURVE('',#9379,#9353,#9387,.T.);
#9387 = B_SPLINE_CURVE_WITH_KNOTS('',2,(#9388,#9389,#9390),
  .UNSPECIFIED.,.F.,.F.,(3,3),(0.,1.),.PIECEWISE_BEZIER_KNOTS.);
#9388 = CARTESIAN_POINT('',(10.955179924242,12.291041666667,4.2));
#9389 = CARTESIAN_POINT('',(11.400965909091,12.799090909091,4.2));
#9390 = CARTESIAN_POINT('',(12.228380681818,12.799090909091,4.2));
#9391 = ORIENTED_EDGE('',*,*,#9352,.F.);
#9392 = SURFACE_OF_LINEAR_EXTRUSION('',#9393,#9397);
#9393 = B_SPLINE_CURVE_WITH_KNOTS('',2,(#9394,#9395,#9396),
  .UNSPECIFIED.,.F.,.F.,(3,3),(0.,1.),.PIECEWISE_BEZIER_KNOTS.);
#9394 = CARTESIAN_POINT('',(10.955179924242,12.291041666667,4.7));
#9395 = CARTESIAN_POINT('',(11.400965909091,12.799090909091,4.7));
#9396 = CARTESIAN_POINT('',(12.228380681818,12.799090909091,4.7));
#9397 = VECTOR('',#9398,1.);
#9398 = DIRECTION('',(0.,0.,1.));
#9399 = ADVANCED_FACE('',(#9400),#9418,.T.);
#9400 = FACE_BOUND('',#9401,.T.);
#9401 = EDGE_LOOP('',(#9402,#9403,#9411,#9417));
#9402 = ORIENTED_EDGE('',*,*,#3051,.T.);
#9403 = ORIENTED_EDGE('',*,*,#9404,.T.);
#9404 = EDGE_CURVE('',#3030,#9405,#9407,.T.);
#9405 = VERTEX_POINT('',#9406);
#9406 = CARTESIAN_POINT('',(10.509630681818,10.831524621212,4.2));
#9407 = LINE('',#9408,#9409);
#9408 = CARTESIAN_POINT('',(10.509630681818,10.831524621212,4.7));
#9409 = VECTOR('',#9410,1.);
#9410 = DIRECTION('',(-0.,-0.,-1.));
#9411 = ORIENTED_EDGE('',*,*,#9412,.T.);
#9412 = EDGE_CURVE('',#9405,#9379,#9413,.T.);
#9413 = B_SPLINE_CURVE_WITH_KNOTS('',2,(#9414,#9415,#9416),
  .UNSPECIFIED.,.F.,.F.,(3,3),(0.,1.),.PIECEWISE_BEZIER_KNOTS.);
#9414 = CARTESIAN_POINT('',(10.509630681818,10.831524621212,4.2));
#9415 = CARTESIAN_POINT('',(10.509630681818,11.783229166667,4.2));
#9416 = CARTESIAN_POINT('',(10.955179924242,12.291041666667,4.2));
#9417 = ORIENTED_EDGE('',*,*,#9378,.F.);
#9418 = SURFACE_OF_LINEAR_EXTRUSION('',#9419,#9423);
#9419 = B_SPLINE_CURVE_WITH_KNOTS('',2,(#9420,#9421,#9422),
  .UNSPECIFIED.,.F.,.F.,(3,3),(0.,1.),.PIECEWISE_BEZIER_KNOTS.);
#9420 = CARTESIAN_POINT('',(10.509630681818,10.831524621212,4.7));
#9421 = CARTESIAN_POINT('',(10.509630681818,11.783229166667,4.7));
#9422 = CARTESIAN_POINT('',(10.955179924242,12.291041666667,4.7));
#9423 = VECTOR('',#9424,1.);
#9424 = DIRECTION('',(0.,0.,1.));
#9425 = ADVANCED_FACE('',(#9426),#9444,.T.);
#9426 = FACE_BOUND('',#9427,.T.);
#9427 = EDGE_LOOP('',(#9428,#9429,#9437,#9443));
#9428 = ORIENTED_EDGE('',*,*,#3029,.T.);
#9429 = ORIENTED_EDGE('',*,*,#9430,.T.);
#9430 = EDGE_CURVE('',#3007,#9431,#9433,.T.);
#9431 = VERTEX_POINT('',#9432);
#9432 = CARTESIAN_POINT('',(10.955179924242,9.322054924242,4.2));
#9433 = LINE('',#9434,#9435);
#9434 = CARTESIAN_POINT('',(10.955179924242,9.322054924242,4.7));
#9435 = VECTOR('',#9436,1.);
#9436 = DIRECTION('',(-0.,-0.,-1.));
#9437 = ORIENTED_EDGE('',*,*,#9438,.T.);
#9438 = EDGE_CURVE('',#9431,#9405,#9439,.T.);
#9439 = B_SPLINE_CURVE_WITH_KNOTS('',2,(#9440,#9441,#9442),
  .UNSPECIFIED.,.F.,.F.,(3,3),(0.,1.),.PIECEWISE_BEZIER_KNOTS.);
#9440 = CARTESIAN_POINT('',(10.955179924242,9.322054924242,4.2));
#9441 = CARTESIAN_POINT('',(10.509630681818,9.830104166667,4.2));
#9442 = CARTESIAN_POINT('',(10.509630681818,10.831524621212,4.2));
#9443 = ORIENTED_EDGE('',*,*,#9404,.F.);
#9444 = SURFACE_OF_LINEAR_EXTRUSION('',#9445,#9449);
#9445 = B_SPLINE_CURVE_WITH_KNOTS('',2,(#9446,#9447,#9448),
  .UNSPECIFIED.,.F.,.F.,(3,3),(0.,1.),.PIECEWISE_BEZIER_KNOTS.);
#9446 = CARTESIAN_POINT('',(10.955179924242,9.322054924242,4.7));
#9447 = CARTESIAN_POINT('',(10.509630681818,9.830104166667,4.7));
#9448 = CARTESIAN_POINT('',(10.509630681818,10.831524621212,4.7));
#9449 = VECTOR('',#9450,1.);
#9450 = DIRECTION('',(0.,0.,1.));
#9451 = ADVANCED_FACE('',(#9452),#9470,.T.);
#9452 = FACE_BOUND('',#9453,.T.);
#9453 = EDGE_LOOP('',(#9454,#9455,#9463,#9469));
#9454 = ORIENTED_EDGE('',*,*,#3006,.T.);
#9455 = ORIENTED_EDGE('',*,*,#9456,.T.);
#9456 = EDGE_CURVE('',#2975,#9457,#9459,.T.);
#9457 = VERTEX_POINT('',#9458);
#9458 = CARTESIAN_POINT('',(12.253238636364,8.814242424242,4.2));
#9459 = LINE('',#9460,#9461);
#9460 = CARTESIAN_POINT('',(12.253238636364,8.814242424242,4.7));
#9461 = VECTOR('',#9462,1.);
#9462 = DIRECTION('',(-0.,-0.,-1.));
#9463 = ORIENTED_EDGE('',*,*,#9464,.T.);
#9464 = EDGE_CURVE('',#9457,#9431,#9465,.T.);
#9465 = B_SPLINE_CURVE_WITH_KNOTS('',2,(#9466,#9467,#9468),
  .UNSPECIFIED.,.F.,.F.,(3,3),(0.,1.),.PIECEWISE_BEZIER_KNOTS.);
#9466 = CARTESIAN_POINT('',(12.253238636364,8.814242424242,4.2));
#9467 = CARTESIAN_POINT('',(11.400965909091,8.814242424242,4.2));
#9468 = CARTESIAN_POINT('',(10.955179924242,9.322054924242,4.2));
#9469 = ORIENTED_EDGE('',*,*,#9430,.F.);
#9470 = SURFACE_OF_LINEAR_EXTRUSION('',#9471,#9475);
#9471 = B_SPLINE_CURVE_WITH_KNOTS('',2,(#9472,#9473,#9474),
  .UNSPECIFIED.,.F.,.F.,(3,3),(0.,1.),.PIECEWISE_BEZIER_KNOTS.);
#9472 = CARTESIAN_POINT('',(12.253238636364,8.814242424242,4.7));
#9473 = CARTESIAN_POINT('',(11.400965909091,8.814242424242,4.7));
#9474 = CARTESIAN_POINT('',(10.955179924242,9.322054924242,4.7));
#9475 = VECTOR('',#9476,1.);
#9476 = DIRECTION('',(0.,0.,1.));
#9477 = ADVANCED_FACE('',(#9478),#9496,.T.);
#9478 = FACE_BOUND('',#9479,.T.);
#9479 = EDGE_LOOP('',(#9480,#9481,#9489,#9495));
#9480 = ORIENTED_EDGE('',*,*,#2974,.T.);
#9481 = ORIENTED_EDGE('',*,*,#9482,.T.);
#9482 = EDGE_CURVE('',#2967,#9483,#9485,.T.);
#9483 = VERTEX_POINT('',#9484);
#9484 = CARTESIAN_POINT('',(13.819289772727,9.729251893939,4.2));
#9485 = LINE('',#9486,#9487);
#9486 = CARTESIAN_POINT('',(13.819289772727,9.729251893939,4.7));
#9487 = VECTOR('',#9488,1.);
#9488 = DIRECTION('',(-0.,-0.,-1.));
#9489 = ORIENTED_EDGE('',*,*,#9490,.T.);
#9490 = EDGE_CURVE('',#9483,#9457,#9491,.T.);
#9491 = B_SPLINE_CURVE_WITH_KNOTS('',2,(#9492,#9493,#9494),
  .UNSPECIFIED.,.F.,.F.,(3,3),(0.,1.),.PIECEWISE_BEZIER_KNOTS.);
#9492 = CARTESIAN_POINT('',(13.819289772727,9.729251893939,4.2));
#9493 = CARTESIAN_POINT('',(13.474829545455,8.814242424242,4.2));
#9494 = CARTESIAN_POINT('',(12.253238636364,8.814242424242,4.2));
#9495 = ORIENTED_EDGE('',*,*,#9456,.F.);
#9496 = SURFACE_OF_LINEAR_EXTRUSION('',#9497,#9501);
#9497 = B_SPLINE_CURVE_WITH_KNOTS('',2,(#9498,#9499,#9500),
  .UNSPECIFIED.,.F.,.F.,(3,3),(0.,1.),.PIECEWISE_BEZIER_KNOTS.);
#9498 = CARTESIAN_POINT('',(13.819289772727,9.729251893939,4.7));
#9499 = CARTESIAN_POINT('',(13.474829545455,8.814242424242,4.7));
#9500 = CARTESIAN_POINT('',(12.253238636364,8.814242424242,4.7));
#9501 = VECTOR('',#9502,1.);
#9502 = DIRECTION('',(0.,0.,1.));
#9503 = ADVANCED_FACE('',(#9504),#9522,.T.);
#9504 = FACE_BOUND('',#9505,.T.);
#9505 = EDGE_LOOP('',(#9506,#9507,#9515,#9521));
#9506 = ORIENTED_EDGE('',*,*,#2966,.F.);
#9507 = ORIENTED_EDGE('',*,*,#9508,.T.);
#9508 = EDGE_CURVE('',#2952,#9509,#9511,.T.);
#9509 = VERTEX_POINT('',#9510);
#9510 = CARTESIAN_POINT('',(13.258210227273,9.89,4.2));
#9511 = LINE('',#9512,#9513);
#9512 = CARTESIAN_POINT('',(13.258210227273,9.89,4.7));
#9513 = VECTOR('',#9514,1.);
#9514 = DIRECTION('',(-0.,-0.,-1.));
#9515 = ORIENTED_EDGE('',*,*,#9516,.T.);
#9516 = EDGE_CURVE('',#9509,#9483,#9517,.T.);
#9517 = LINE('',#9518,#9519);
#9518 = CARTESIAN_POINT('',(13.258210227273,9.89,4.2));
#9519 = VECTOR('',#9520,1.);
#9520 = DIRECTION('',(0.961324710922,-0.275417501568,0.));
#9521 = ORIENTED_EDGE('',*,*,#9482,.F.);
#9522 = PLANE('',#9523);
#9523 = AXIS2_PLACEMENT_3D('',#9524,#9525,#9526);
#9524 = CARTESIAN_POINT('',(13.258210227273,9.89,4.7));
#9525 = DIRECTION('',(-0.275417501568,-0.961324710922,0.));
#9526 = DIRECTION('',(0.961324710922,-0.275417501568,0.));
#9527 = ADVANCED_FACE('',(#9528),#9546,.T.);
#9528 = FACE_BOUND('',#9529,.T.);
#9529 = EDGE_LOOP('',(#9530,#9531,#9539,#9545));
#9530 = ORIENTED_EDGE('',*,*,#2951,.T.);
#9531 = ORIENTED_EDGE('',*,*,#9532,.T.);
#9532 = EDGE_CURVE('',#2937,#9533,#9535,.T.);
#9533 = VERTEX_POINT('',#9534);
#9534 = CARTESIAN_POINT('',(12.918958333333,9.462443181818,4.2));
#9535 = LINE('',#9536,#9537);
#9536 = CARTESIAN_POINT('',(12.918958333333,9.462443181818,4.7));
#9537 = VECTOR('',#9538,1.);
#9538 = DIRECTION('',(-0.,-0.,-1.));
#9539 = ORIENTED_EDGE('',*,*,#9540,.T.);
#9540 = EDGE_CURVE('',#9533,#9509,#9541,.T.);
#9541 = B_SPLINE_CURVE_WITH_KNOTS('',2,(#9542,#9543,#9544),
  .UNSPECIFIED.,.F.,.F.,(3,3),(0.,1.),.PIECEWISE_BEZIER_KNOTS.);
#9542 = CARTESIAN_POINT('',(12.918958333333,9.462443181818,4.2));
#9543 = CARTESIAN_POINT('',(13.169431818182,9.631240530303,4.2));
#9544 = CARTESIAN_POINT('',(13.258210227273,9.89,4.2));
#9545 = ORIENTED_EDGE('',*,*,#9508,.F.);
#9546 = SURFACE_OF_LINEAR_EXTRUSION('',#9547,#9551);
#9547 = B_SPLINE_CURVE_WITH_KNOTS('',2,(#9548,#9549,#9550),
  .UNSPECIFIED.,.F.,.F.,(3,3),(0.,1.),.PIECEWISE_BEZIER_KNOTS.);
#9548 = CARTESIAN_POINT('',(12.918958333333,9.462443181818,4.7));
#9549 = CARTESIAN_POINT('',(13.169431818182,9.631240530303,4.7));
#9550 = CARTESIAN_POINT('',(13.258210227273,9.89,4.7));
#9551 = VECTOR('',#9552,1.);
#9552 = DIRECTION('',(0.,0.,1.));
#9553 = ADVANCED_FACE('',(#9554),#9572,.T.);
#9554 = FACE_BOUND('',#9555,.T.);
#9555 = EDGE_LOOP('',(#9556,#9557,#9565,#9571));
#9556 = ORIENTED_EDGE('',*,*,#2936,.T.);
#9557 = ORIENTED_EDGE('',*,*,#9558,.T.);
#9558 = EDGE_CURVE('',#2918,#9559,#9561,.T.);
#9559 = VERTEX_POINT('',#9560);
#9560 = CARTESIAN_POINT('',(12.253238636364,9.293645833333,4.2));
#9561 = LINE('',#9562,#9563);
#9562 = CARTESIAN_POINT('',(12.253238636364,9.293645833333,4.7));
#9563 = VECTOR('',#9564,1.);
#9564 = DIRECTION('',(-0.,-0.,-1.));
#9565 = ORIENTED_EDGE('',*,*,#9566,.T.);
#9566 = EDGE_CURVE('',#9559,#9533,#9567,.T.);
#9567 = B_SPLINE_CURVE_WITH_KNOTS('',2,(#9568,#9569,#9570),
  .UNSPECIFIED.,.F.,.F.,(3,3),(0.,1.),.PIECEWISE_BEZIER_KNOTS.);
#9568 = CARTESIAN_POINT('',(12.253238636364,9.293645833333,4.2));
#9569 = CARTESIAN_POINT('',(12.668721590909,9.293645833333,4.2));
#9570 = CARTESIAN_POINT('',(12.918958333333,9.462443181818,4.2));
#9571 = ORIENTED_EDGE('',*,*,#9532,.F.);
#9572 = SURFACE_OF_LINEAR_EXTRUSION('',#9573,#9577);
#9573 = B_SPLINE_CURVE_WITH_KNOTS('',2,(#9574,#9575,#9576),
  .UNSPECIFIED.,.F.,.F.,(3,3),(0.,1.),.PIECEWISE_BEZIER_KNOTS.);
#9574 = CARTESIAN_POINT('',(12.253238636364,9.293645833333,4.7));
#9575 = CARTESIAN_POINT('',(12.668721590909,9.293645833333,4.7));
#9576 = CARTESIAN_POINT('',(12.918958333333,9.462443181818,4.7));
#9577 = VECTOR('',#9578,1.);
#9578 = DIRECTION('',(0.,0.,1.));
#9579 = ADVANCED_FACE('',(#9580),#9591,.T.);
#9580 = FACE_BOUND('',#9581,.T.);
#9581 = EDGE_LOOP('',(#9582,#9583,#9584,#9590));
#9582 = ORIENTED_EDGE('',*,*,#2917,.T.);
#9583 = ORIENTED_EDGE('',*,*,#9287,.T.);
#9584 = ORIENTED_EDGE('',*,*,#9585,.T.);
#9585 = EDGE_CURVE('',#9280,#9559,#9586,.T.);
#9586 = B_SPLINE_CURVE_WITH_KNOTS('',2,(#9587,#9588,#9589),
  .UNSPECIFIED.,.F.,.F.,(3,3),(0.,1.),.PIECEWISE_BEZIER_KNOTS.);
#9587 = CARTESIAN_POINT('',(11.454232954545,9.652547348485,4.2));
#9588 = CARTESIAN_POINT('',(11.727670454545,9.293645833333,4.2));
#9589 = CARTESIAN_POINT('',(12.253238636364,9.293645833333,4.2));
#9590 = ORIENTED_EDGE('',*,*,#9558,.F.);
#9591 = SURFACE_OF_LINEAR_EXTRUSION('',#9592,#9596);
#9592 = B_SPLINE_CURVE_WITH_KNOTS('',2,(#9593,#9594,#9595),
  .UNSPECIFIED.,.F.,.F.,(3,3),(0.,1.),.PIECEWISE_BEZIER_KNOTS.);
#9593 = CARTESIAN_POINT('',(11.454232954545,9.652547348485,4.7));
#9594 = CARTESIAN_POINT('',(11.727670454545,9.293645833333,4.7));
#9595 = CARTESIAN_POINT('',(12.253238636364,9.293645833333,4.7));
#9596 = VECTOR('',#9597,1.);
#9597 = DIRECTION('',(0.,0.,1.));
#9598 = ADVANCED_FACE('',(#9599),#9624,.T.);
#9599 = FACE_BOUND('',#9600,.T.);
#9600 = EDGE_LOOP('',(#9601,#9602,#9610,#9618));
#9601 = ORIENTED_EDGE('',*,*,#3154,.F.);
#9602 = ORIENTED_EDGE('',*,*,#9603,.T.);
#9603 = EDGE_CURVE('',#3155,#9604,#9606,.T.);
#9604 = VERTEX_POINT('',#9605);
#9605 = CARTESIAN_POINT('',(17.818579545455,8.89,4.2));
#9606 = LINE('',#9607,#9608);
#9607 = CARTESIAN_POINT('',(17.818579545455,8.89,4.7));
#9608 = VECTOR('',#9609,1.);
#9609 = DIRECTION('',(-0.,-0.,-1.));
#9610 = ORIENTED_EDGE('',*,*,#9611,.T.);
#9611 = EDGE_CURVE('',#9604,#9612,#9614,.T.);
#9612 = VERTEX_POINT('',#9613);
#9613 = CARTESIAN_POINT('',(17.175823863636,8.89,4.2));
#9614 = LINE('',#9615,#9616);
#9615 = CARTESIAN_POINT('',(17.818579545455,8.89,4.2));
#9616 = VECTOR('',#9617,1.);
#9617 = DIRECTION('',(-1.,0.,0.));
#9618 = ORIENTED_EDGE('',*,*,#9619,.F.);
#9619 = EDGE_CURVE('',#3157,#9612,#9620,.T.);
#9620 = LINE('',#9621,#9622);
#9621 = CARTESIAN_POINT('',(17.175823863636,8.89,4.7));
#9622 = VECTOR('',#9623,1.);
#9623 = DIRECTION('',(-0.,-0.,-1.));
#9624 = PLANE('',#9625);
#9625 = AXIS2_PLACEMENT_3D('',#9626,#9627,#9628);
#9626 = CARTESIAN_POINT('',(17.818579545455,8.89,4.7));
#9627 = DIRECTION('',(0.,1.,0.));
#9628 = DIRECTION('',(-1.,0.,0.));
#9629 = ADVANCED_FACE('',(#9630),#9648,.T.);
#9630 = FACE_BOUND('',#9631,.T.);
#9631 = EDGE_LOOP('',(#9632,#9633,#9641,#9647));
#9632 = ORIENTED_EDGE('',*,*,#3401,.F.);
#9633 = ORIENTED_EDGE('',*,*,#9634,.T.);
#9634 = EDGE_CURVE('',#3385,#9635,#9637,.T.);
#9635 = VERTEX_POINT('',#9636);
#9636 = CARTESIAN_POINT('',(17.818579545455,11.447528409091,4.2));
#9637 = LINE('',#9638,#9639);
#9638 = CARTESIAN_POINT('',(17.818579545455,11.447528409091,4.7));
#9639 = VECTOR('',#9640,1.);
#9640 = DIRECTION('',(-0.,-0.,-1.));
#9641 = ORIENTED_EDGE('',*,*,#9642,.T.);
#9642 = EDGE_CURVE('',#9635,#9604,#9643,.T.);
#9643 = LINE('',#9644,#9645);
#9644 = CARTESIAN_POINT('',(17.818579545455,11.447528409091,4.2));
#9645 = VECTOR('',#9646,1.);
#9646 = DIRECTION('',(0.,-1.,0.));
#9647 = ORIENTED_EDGE('',*,*,#9603,.F.);
#9648 = PLANE('',#9649);
#9649 = AXIS2_PLACEMENT_3D('',#9650,#9651,#9652);
#9650 = CARTESIAN_POINT('',(17.818579545455,11.447528409091,4.7));
#9651 = DIRECTION('',(-1.,0.,0.));
#9652 = DIRECTION('',(0.,-1.,0.));
#9653 = ADVANCED_FACE('',(#9654),#9672,.T.);
#9654 = FACE_BOUND('',#9655,.T.);
#9655 = EDGE_LOOP('',(#9656,#9657,#9665,#9671));
#9656 = ORIENTED_EDGE('',*,*,#3384,.T.);
#9657 = ORIENTED_EDGE('',*,*,#9658,.T.);
#9658 = EDGE_CURVE('',#3368,#9659,#9661,.T.);
#9659 = VERTEX_POINT('',#9660);
#9660 = CARTESIAN_POINT('',(17.525492424242,12.485170454545,4.2));
#9661 = LINE('',#9662,#9663);
#9662 = CARTESIAN_POINT('',(17.525492424242,12.485170454545,4.7));
#9663 = VECTOR('',#9664,1.);
#9664 = DIRECTION('',(-0.,-0.,-1.));
#9665 = ORIENTED_EDGE('',*,*,#9666,.T.);
#9666 = EDGE_CURVE('',#9659,#9635,#9667,.T.);
#9667 = B_SPLINE_CURVE_WITH_KNOTS('',2,(#9668,#9669,#9670),
  .UNSPECIFIED.,.F.,.F.,(3,3),(0.,1.),.PIECEWISE_BEZIER_KNOTS.);
#9668 = CARTESIAN_POINT('',(17.525492424242,12.485170454545,4.2));
#9669 = CARTESIAN_POINT('',(17.818579545455,12.17125,4.2));
#9670 = CARTESIAN_POINT('',(17.818579545455,11.447528409091,4.2));
#9671 = ORIENTED_EDGE('',*,*,#9634,.F.);
#9672 = SURFACE_OF_LINEAR_EXTRUSION('',#9673,#9677);
#9673 = B_SPLINE_CURVE_WITH_KNOTS('',2,(#9674,#9675,#9676),
  .UNSPECIFIED.,.F.,.F.,(3,3),(0.,1.),.PIECEWISE_BEZIER_KNOTS.);
#9674 = CARTESIAN_POINT('',(17.525492424242,12.485170454545,4.7));
#9675 = CARTESIAN_POINT('',(17.818579545455,12.17125,4.7));
#9676 = CARTESIAN_POINT('',(17.818579545455,11.447528409091,4.7));
#9677 = VECTOR('',#9678,1.);
#9678 = DIRECTION('',(0.,0.,1.));
#9679 = ADVANCED_FACE('',(#9680),#9698,.T.);
#9680 = FACE_BOUND('',#9681,.T.);
#9681 = EDGE_LOOP('',(#9682,#9683,#9691,#9697));
#9682 = ORIENTED_EDGE('',*,*,#3367,.T.);
#9683 = ORIENTED_EDGE('',*,*,#9684,.T.);
#9684 = EDGE_CURVE('',#3353,#9685,#9687,.T.);
#9685 = VERTEX_POINT('',#9686);
#9686 = CARTESIAN_POINT('',(16.600539772727,12.799090909091,4.2));
#9687 = LINE('',#9688,#9689);
#9688 = CARTESIAN_POINT('',(16.600539772727,12.799090909091,4.7));
#9689 = VECTOR('',#9690,1.);
#9690 = DIRECTION('',(-0.,-0.,-1.));
#9691 = ORIENTED_EDGE('',*,*,#9692,.T.);
#9692 = EDGE_CURVE('',#9685,#9659,#9693,.T.);
#9693 = B_SPLINE_CURVE_WITH_KNOTS('',2,(#9694,#9695,#9696),
  .UNSPECIFIED.,.F.,.F.,(3,3),(0.,1.),.PIECEWISE_BEZIER_KNOTS.);
#9694 = CARTESIAN_POINT('',(16.600539772727,12.799090909091,4.2));
#9695 = CARTESIAN_POINT('',(17.232642045455,12.799090909091,4.2));
#9696 = CARTESIAN_POINT('',(17.525492424242,12.485170454545,4.2));
#9697 = ORIENTED_EDGE('',*,*,#9658,.F.);
#9698 = SURFACE_OF_LINEAR_EXTRUSION('',#9699,#9703);
#9699 = B_SPLINE_CURVE_WITH_KNOTS('',2,(#9700,#9701,#9702),
  .UNSPECIFIED.,.F.,.F.,(3,3),(0.,1.),.PIECEWISE_BEZIER_KNOTS.);
#9700 = CARTESIAN_POINT('',(16.600539772727,12.799090909091,4.7));
#9701 = CARTESIAN_POINT('',(17.232642045455,12.799090909091,4.7));
#9702 = CARTESIAN_POINT('',(17.525492424242,12.485170454545,4.7));
#9703 = VECTOR('',#9704,1.);
#9704 = DIRECTION('',(0.,0.,1.));
#9705 = ADVANCED_FACE('',(#9706),#9724,.T.);
#9706 = FACE_BOUND('',#9707,.T.);
#9707 = EDGE_LOOP('',(#9708,#9709,#9717,#9723));
#9708 = ORIENTED_EDGE('',*,*,#3352,.T.);
#9709 = ORIENTED_EDGE('',*,*,#9710,.T.);
#9710 = EDGE_CURVE('',#3338,#9711,#9713,.T.);
#9711 = VERTEX_POINT('',#9712);
#9712 = CARTESIAN_POINT('',(15.881316287879,12.634081439394,4.2));
#9713 = LINE('',#9714,#9715);
#9714 = CARTESIAN_POINT('',(15.881316287879,12.634081439394,4.7));
#9715 = VECTOR('',#9716,1.);
#9716 = DIRECTION('',(-0.,-0.,-1.));
#9717 = ORIENTED_EDGE('',*,*,#9718,.T.);
#9718 = EDGE_CURVE('',#9711,#9685,#9719,.T.);
#9719 = B_SPLINE_CURVE_WITH_KNOTS('',2,(#9720,#9721,#9722),
  .UNSPECIFIED.,.F.,.F.,(3,3),(0.,1.),.PIECEWISE_BEZIER_KNOTS.);
#9720 = CARTESIAN_POINT('',(15.881316287879,12.634081439394,4.2));
#9721 = CARTESIAN_POINT('',(16.170852272727,12.799090909091,4.2));
#9722 = CARTESIAN_POINT('',(16.600539772727,12.799090909091,4.2));
#9723 = ORIENTED_EDGE('',*,*,#9684,.F.);
#9724 = SURFACE_OF_LINEAR_EXTRUSION('',#9725,#9729);
#9725 = B_SPLINE_CURVE_WITH_KNOTS('',2,(#9726,#9727,#9728),
  .UNSPECIFIED.,.F.,.F.,(3,3),(0.,1.),.PIECEWISE_BEZIER_KNOTS.);
#9726 = CARTESIAN_POINT('',(15.881316287879,12.634081439394,4.7));
#9727 = CARTESIAN_POINT('',(16.170852272727,12.799090909091,4.7));
#9728 = CARTESIAN_POINT('',(16.600539772727,12.799090909091,4.7));
#9729 = VECTOR('',#9730,1.);
#9730 = DIRECTION('',(0.,0.,1.));
#9731 = ADVANCED_FACE('',(#9732),#9750,.T.);
#9732 = FACE_BOUND('',#9733,.T.);
#9733 = EDGE_LOOP('',(#9734,#9735,#9743,#9749));
#9734 = ORIENTED_EDGE('',*,*,#3337,.T.);
#9735 = ORIENTED_EDGE('',*,*,#9736,.T.);
#9736 = EDGE_CURVE('',#3330,#9737,#9739,.T.);
#9737 = VERTEX_POINT('',#9738);
#9738 = CARTESIAN_POINT('',(15.371846590909,12.071818181818,4.2));
#9739 = LINE('',#9740,#9741);
#9740 = CARTESIAN_POINT('',(15.371846590909,12.071818181818,4.7));
#9741 = VECTOR('',#9742,1.);
#9742 = DIRECTION('',(-0.,-0.,-1.));
#9743 = ORIENTED_EDGE('',*,*,#9744,.T.);
#9744 = EDGE_CURVE('',#9737,#9711,#9745,.T.);
#9745 = B_SPLINE_CURVE_WITH_KNOTS('',2,(#9746,#9747,#9748),
  .UNSPECIFIED.,.F.,.F.,(3,3),(0.,1.),.PIECEWISE_BEZIER_KNOTS.);
#9746 = CARTESIAN_POINT('',(15.371846590909,12.071818181818,4.2));
#9747 = CARTESIAN_POINT('',(15.592017045455,12.469071969697,4.2));
#9748 = CARTESIAN_POINT('',(15.881316287879,12.634081439394,4.2));
#9749 = ORIENTED_EDGE('',*,*,#9710,.F.);
#9750 = SURFACE_OF_LINEAR_EXTRUSION('',#9751,#9755);
#9751 = B_SPLINE_CURVE_WITH_KNOTS('',2,(#9752,#9753,#9754),
  .UNSPECIFIED.,.F.,.F.,(3,3),(0.,1.),.PIECEWISE_BEZIER_KNOTS.);
#9752 = CARTESIAN_POINT('',(15.371846590909,12.071818181818,4.7));
#9753 = CARTESIAN_POINT('',(15.592017045455,12.469071969697,4.7));
#9754 = CARTESIAN_POINT('',(15.881316287879,12.634081439394,4.7));
#9755 = VECTOR('',#9756,1.);
#9756 = DIRECTION('',(0.,0.,1.));
#9757 = ADVANCED_FACE('',(#9758),#9776,.T.);
#9758 = FACE_BOUND('',#9759,.T.);
#9759 = EDGE_LOOP('',(#9760,#9761,#9769,#9775));
#9760 = ORIENTED_EDGE('',*,*,#3329,.F.);
#9761 = ORIENTED_EDGE('',*,*,#9762,.T.);
#9762 = EDGE_CURVE('',#3318,#9763,#9765,.T.);
#9763 = VERTEX_POINT('',#9764);
#9764 = CARTESIAN_POINT('',(15.361193181818,12.071818181818,4.2));
#9765 = LINE('',#9766,#9767);
#9766 = CARTESIAN_POINT('',(15.361193181818,12.071818181818,4.7));
#9767 = VECTOR('',#9768,1.);
#9768 = DIRECTION('',(-0.,-0.,-1.));
#9769 = ORIENTED_EDGE('',*,*,#9770,.T.);
#9770 = EDGE_CURVE('',#9763,#9737,#9771,.T.);
#9771 = LINE('',#9772,#9773);
#9772 = CARTESIAN_POINT('',(15.361193181818,12.071818181818,4.2));
#9773 = VECTOR('',#9774,1.);
#9774 = DIRECTION('',(1.,0.,0.));
#9775 = ORIENTED_EDGE('',*,*,#9736,.F.);
#9776 = PLANE('',#9777);
#9777 = AXIS2_PLACEMENT_3D('',#9778,#9779,#9780);
#9778 = CARTESIAN_POINT('',(15.361193181818,12.071818181818,4.7));
#9779 = DIRECTION('',(0.,-1.,0.));
#9780 = DIRECTION('',(1.,0.,0.));
#9781 = ADVANCED_FACE('',(#9782),#9800,.T.);
#9782 = FACE_BOUND('',#9783,.T.);
#9783 = EDGE_LOOP('',(#9784,#9785,#9793,#9799));
#9784 = ORIENTED_EDGE('',*,*,#3317,.T.);
#9785 = ORIENTED_EDGE('',*,*,#9786,.T.);
#9786 = EDGE_CURVE('',#3308,#9787,#9789,.T.);
#9787 = VERTEX_POINT('',#9788);
#9788 = CARTESIAN_POINT('',(15.348645833333,12.459128787879,4.2));
#9789 = LINE('',#9790,#9791);
#9790 = CARTESIAN_POINT('',(15.348645833333,12.459128787879,4.7));
#9791 = VECTOR('',#9792,1.);
#9792 = DIRECTION('',(-0.,-0.,-1.));
#9793 = ORIENTED_EDGE('',*,*,#9794,.T.);
#9794 = EDGE_CURVE('',#9787,#9763,#9795,.T.);
#9795 = B_SPLINE_CURVE_WITH_KNOTS('',2,(#9796,#9797,#9798),
  .UNSPECIFIED.,.F.,.F.,(3,3),(0.,1.),.PIECEWISE_BEZIER_KNOTS.);
#9796 = CARTESIAN_POINT('',(15.348645833333,12.459128787879,4.2));
#9797 = CARTESIAN_POINT('',(15.354090909091,12.356619318182,4.2));
#9798 = CARTESIAN_POINT('',(15.361193181818,12.071818181818,4.2));
#9799 = ORIENTED_EDGE('',*,*,#9762,.F.);
#9800 = SURFACE_OF_LINEAR_EXTRUSION('',#9801,#9805);
#9801 = B_SPLINE_CURVE_WITH_KNOTS('',2,(#9802,#9803,#9804),
  .UNSPECIFIED.,.F.,.F.,(3,3),(0.,1.),.PIECEWISE_BEZIER_KNOTS.);
#9802 = CARTESIAN_POINT('',(15.348645833333,12.459128787879,4.7));
#9803 = CARTESIAN_POINT('',(15.354090909091,12.356619318182,4.7));
#9804 = CARTESIAN_POINT('',(15.361193181818,12.071818181818,4.7));
#9805 = VECTOR('',#9806,1.);
#9806 = DIRECTION('',(0.,0.,1.));
#9807 = ADVANCED_FACE('',(#9808),#9826,.T.);
#9808 = FACE_BOUND('',#9809,.T.);
#9809 = EDGE_LOOP('',(#9810,#9811,#9819,#9825));
#9810 = ORIENTED_EDGE('',*,*,#3307,.T.);
#9811 = ORIENTED_EDGE('',*,*,#9812,.T.);
#9812 = EDGE_CURVE('',#3297,#9813,#9815,.T.);
#9813 = VERTEX_POINT('',#9814);
#9814 = CARTESIAN_POINT('',(15.339886363636,12.641183712121,4.2));
#9815 = LINE('',#9816,#9817);
#9816 = CARTESIAN_POINT('',(15.339886363636,12.641183712121,4.7));
#9817 = VECTOR('',#9818,1.);
#9818 = DIRECTION('',(-0.,-0.,-1.));
#9819 = ORIENTED_EDGE('',*,*,#9820,.T.);
#9820 = EDGE_CURVE('',#9813,#9787,#9821,.T.);
#9821 = B_SPLINE_CURVE_WITH_KNOTS('',2,(#9822,#9823,#9824),
  .UNSPECIFIED.,.F.,.F.,(3,3),(0.,1.),.PIECEWISE_BEZIER_KNOTS.);
#9822 = CARTESIAN_POINT('',(15.339886363636,12.641183712121,4.2));
#9823 = CARTESIAN_POINT('',(15.3434375,12.561875,4.2));
#9824 = CARTESIAN_POINT('',(15.348645833333,12.459128787879,4.2));
#9825 = ORIENTED_EDGE('',*,*,#9786,.F.);
#9826 = SURFACE_OF_LINEAR_EXTRUSION('',#9827,#9831);
#9827 = B_SPLINE_CURVE_WITH_KNOTS('',2,(#9828,#9829,#9830),
  .UNSPECIFIED.,.F.,.F.,(3,3),(0.,1.),.PIECEWISE_BEZIER_KNOTS.);
#9828 = CARTESIAN_POINT('',(15.339886363636,12.641183712121,4.7));
#9829 = CARTESIAN_POINT('',(15.3434375,12.561875,4.7));
#9830 = CARTESIAN_POINT('',(15.348645833333,12.459128787879,4.7));
#9831 = VECTOR('',#9832,1.);
#9832 = DIRECTION('',(0.,0.,1.));
#9833 = ADVANCED_FACE('',(#9834),#9852,.T.);
#9834 = FACE_BOUND('',#9835,.T.);
#9835 = EDGE_LOOP('',(#9836,#9837,#9845,#9851));
#9836 = ORIENTED_EDGE('',*,*,#3296,.T.);
#9837 = ORIENTED_EDGE('',*,*,#9838,.T.);
#9838 = EDGE_CURVE('',#3289,#9839,#9841,.T.);
#9839 = VERTEX_POINT('',#9840);
#9840 = CARTESIAN_POINT('',(15.332784090909,12.738484848485,4.2));
#9841 = LINE('',#9842,#9843);
#9842 = CARTESIAN_POINT('',(15.332784090909,12.738484848485,4.7));
#9843 = VECTOR('',#9844,1.);
#9844 = DIRECTION('',(-0.,-0.,-1.));
#9845 = ORIENTED_EDGE('',*,*,#9846,.T.);
#9846 = EDGE_CURVE('',#9839,#9813,#9847,.T.);
#9847 = B_SPLINE_CURVE_WITH_KNOTS('',2,(#9848,#9849,#9850),
  .UNSPECIFIED.,.F.,.F.,(3,3),(0.,1.),.PIECEWISE_BEZIER_KNOTS.);
#9848 = CARTESIAN_POINT('',(15.332784090909,12.738484848485,4.2));
#9849 = CARTESIAN_POINT('',(15.336335227273,12.720492424242,4.2));
#9850 = CARTESIAN_POINT('',(15.339886363636,12.641183712121,4.2));
#9851 = ORIENTED_EDGE('',*,*,#9812,.F.);
#9852 = SURFACE_OF_LINEAR_EXTRUSION('',#9853,#9857);
#9853 = B_SPLINE_CURVE_WITH_KNOTS('',2,(#9854,#9855,#9856),
  .UNSPECIFIED.,.F.,.F.,(3,3),(0.,1.),.PIECEWISE_BEZIER_KNOTS.);
#9854 = CARTESIAN_POINT('',(15.332784090909,12.738484848485,4.7));
#9855 = CARTESIAN_POINT('',(15.336335227273,12.720492424242,4.7));
#9856 = CARTESIAN_POINT('',(15.339886363636,12.641183712121,4.7));
#9857 = VECTOR('',#9858,1.);
#9858 = DIRECTION('',(0.,0.,1.));
#9859 = ADVANCED_FACE('',(#9860),#9878,.T.);
#9860 = FACE_BOUND('',#9861,.T.);
#9861 = EDGE_LOOP('',(#9862,#9863,#9871,#9877));
#9862 = ORIENTED_EDGE('',*,*,#3288,.F.);
#9863 = ORIENTED_EDGE('',*,*,#9864,.T.);
#9864 = EDGE_CURVE('',#3270,#9865,#9867,.T.);
#9865 = VERTEX_POINT('',#9866);
#9866 = CARTESIAN_POINT('',(14.729090909091,12.738484848485,4.2));
#9867 = LINE('',#9868,#9869);
#9868 = CARTESIAN_POINT('',(14.729090909091,12.738484848485,4.7));
#9869 = VECTOR('',#9870,1.);
#9870 = DIRECTION('',(-0.,-0.,-1.));
#9871 = ORIENTED_EDGE('',*,*,#9872,.T.);
#9872 = EDGE_CURVE('',#9865,#9839,#9873,.T.);
#9873 = LINE('',#9874,#9875);
#9874 = CARTESIAN_POINT('',(14.729090909091,12.738484848485,4.2));
#9875 = VECTOR('',#9876,1.);
#9876 = DIRECTION('',(1.,0.,0.));
#9877 = ORIENTED_EDGE('',*,*,#9838,.F.);
#9878 = PLANE('',#9879);
#9879 = AXIS2_PLACEMENT_3D('',#9880,#9881,#9882);
#9880 = CARTESIAN_POINT('',(14.729090909091,12.738484848485,4.7));
#9881 = DIRECTION('',(0.,-1.,0.));
#9882 = DIRECTION('',(1.,0.,0.));
#9883 = ADVANCED_FACE('',(#9884),#9902,.T.);
#9884 = FACE_BOUND('',#9885,.T.);
#9885 = EDGE_LOOP('',(#9886,#9887,#9895,#9901));
#9886 = ORIENTED_EDGE('',*,*,#3269,.T.);
#9887 = ORIENTED_EDGE('',*,*,#9888,.T.);
#9888 = EDGE_CURVE('',#3262,#9889,#9891,.T.);
#9889 = VERTEX_POINT('',#9890);
#9890 = CARTESIAN_POINT('',(14.750397727273,11.916751893939,4.2));
#9891 = LINE('',#9892,#9893);
#9892 = CARTESIAN_POINT('',(14.750397727273,11.916751893939,4.7));
#9893 = VECTOR('',#9894,1.);
#9894 = DIRECTION('',(-0.,-0.,-1.));
#9895 = ORIENTED_EDGE('',*,*,#9896,.T.);
#9896 = EDGE_CURVE('',#9889,#9865,#9897,.T.);
#9897 = B_SPLINE_CURVE_WITH_KNOTS('',2,(#9898,#9899,#9900),
  .UNSPECIFIED.,.F.,.F.,(3,3),(0.,1.),.PIECEWISE_BEZIER_KNOTS.);
#9898 = CARTESIAN_POINT('',(14.750397727273,11.916751893939,4.2));
#9899 = CARTESIAN_POINT('',(14.750397727273,12.589100378788,4.2));
#9900 = CARTESIAN_POINT('',(14.729090909091,12.738484848485,4.2));
#9901 = ORIENTED_EDGE('',*,*,#9864,.F.);
#9902 = SURFACE_OF_LINEAR_EXTRUSION('',#9903,#9907);
#9903 = B_SPLINE_CURVE_WITH_KNOTS('',2,(#9904,#9905,#9906),
  .UNSPECIFIED.,.F.,.F.,(3,3),(0.,1.),.PIECEWISE_BEZIER_KNOTS.);
#9904 = CARTESIAN_POINT('',(14.750397727273,11.916751893939,4.7));
#9905 = CARTESIAN_POINT('',(14.750397727273,12.589100378788,4.7));
#9906 = CARTESIAN_POINT('',(14.729090909091,12.738484848485,4.7));
#9907 = VECTOR('',#9908,1.);
#9908 = DIRECTION('',(0.,0.,1.));
#9909 = ADVANCED_FACE('',(#9910),#9928,.T.);
#9910 = FACE_BOUND('',#9911,.T.);
#9911 = EDGE_LOOP('',(#9912,#9913,#9921,#9927));
#9912 = ORIENTED_EDGE('',*,*,#3261,.F.);
#9913 = ORIENTED_EDGE('',*,*,#9914,.T.);
#9914 = EDGE_CURVE('',#3254,#9915,#9917,.T.);
#9915 = VERTEX_POINT('',#9916);
#9916 = CARTESIAN_POINT('',(14.750397727273,8.89,4.2));
#9917 = LINE('',#9918,#9919);
#9918 = CARTESIAN_POINT('',(14.750397727273,8.89,4.7));
#9919 = VECTOR('',#9920,1.);
#9920 = DIRECTION('',(-0.,-0.,-1.));
#9921 = ORIENTED_EDGE('',*,*,#9922,.T.);
#9922 = EDGE_CURVE('',#9915,#9889,#9923,.T.);
#9923 = LINE('',#9924,#9925);
#9924 = CARTESIAN_POINT('',(14.750397727273,8.89,4.2));
#9925 = VECTOR('',#9926,1.);
#9926 = DIRECTION('',(0.,1.,0.));
#9927 = ORIENTED_EDGE('',*,*,#9888,.F.);
#9928 = PLANE('',#9929);
#9929 = AXIS2_PLACEMENT_3D('',#9930,#9931,#9932);
#9930 = CARTESIAN_POINT('',(14.750397727273,8.89,4.7));
#9931 = DIRECTION('',(1.,0.,0.));
#9932 = DIRECTION('',(0.,1.,0.));
#9933 = ADVANCED_FACE('',(#9934),#9952,.T.);
#9934 = FACE_BOUND('',#9935,.T.);
#9935 = EDGE_LOOP('',(#9936,#9937,#9945,#9951));
#9936 = ORIENTED_EDGE('',*,*,#3253,.F.);
#9937 = ORIENTED_EDGE('',*,*,#9938,.T.);
#9938 = EDGE_CURVE('',#3246,#9939,#9941,.T.);
#9939 = VERTEX_POINT('',#9940);
#9940 = CARTESIAN_POINT('',(15.389602272727,8.89,4.2));
#9941 = LINE('',#9942,#9943);
#9942 = CARTESIAN_POINT('',(15.389602272727,8.89,4.7));
#9943 = VECTOR('',#9944,1.);
#9944 = DIRECTION('',(-0.,-0.,-1.));
#9945 = ORIENTED_EDGE('',*,*,#9946,.T.);
#9946 = EDGE_CURVE('',#9939,#9915,#9947,.T.);
#9947 = LINE('',#9948,#9949);
#9948 = CARTESIAN_POINT('',(15.389602272727,8.89,4.2));
#9949 = VECTOR('',#9950,1.);
#9950 = DIRECTION('',(-1.,0.,0.));
#9951 = ORIENTED_EDGE('',*,*,#9914,.F.);
#9952 = PLANE('',#9953);
#9953 = AXIS2_PLACEMENT_3D('',#9954,#9955,#9956);
#9954 = CARTESIAN_POINT('',(15.389602272727,8.89,4.7));
#9955 = DIRECTION('',(0.,1.,0.));
#9956 = DIRECTION('',(-1.,0.,0.));
#9957 = ADVANCED_FACE('',(#9958),#9976,.T.);
#9958 = FACE_BOUND('',#9959,.T.);
#9959 = EDGE_LOOP('',(#9960,#9961,#9969,#9975));
#9960 = ORIENTED_EDGE('',*,*,#3245,.F.);
#9961 = ORIENTED_EDGE('',*,*,#9962,.T.);
#9962 = EDGE_CURVE('',#3229,#9963,#9965,.T.);
#9963 = VERTEX_POINT('',#9964);
#9964 = CARTESIAN_POINT('',(15.389602272727,11.113721590909,4.2));
#9965 = LINE('',#9966,#9967);
#9966 = CARTESIAN_POINT('',(15.389602272727,11.113721590909,4.7));
#9967 = VECTOR('',#9968,1.);
#9968 = DIRECTION('',(-0.,-0.,-1.));
#9969 = ORIENTED_EDGE('',*,*,#9970,.T.);
#9970 = EDGE_CURVE('',#9963,#9939,#9971,.T.);
#9971 = LINE('',#9972,#9973);
#9972 = CARTESIAN_POINT('',(15.389602272727,11.113721590909,4.2));
#9973 = VECTOR('',#9974,1.);
#9974 = DIRECTION('',(0.,-1.,0.));
#9975 = ORIENTED_EDGE('',*,*,#9938,.F.);
#9976 = PLANE('',#9977);
#9977 = AXIS2_PLACEMENT_3D('',#9978,#9979,#9980);
#9978 = CARTESIAN_POINT('',(15.389602272727,11.113721590909,4.7));
#9979 = DIRECTION('',(-1.,0.,0.));
#9980 = DIRECTION('',(0.,-1.,0.));
#9981 = ADVANCED_FACE('',(#9982),#10000,.T.);
#9982 = FACE_BOUND('',#9983,.T.);
#9983 = EDGE_LOOP('',(#9984,#9985,#9993,#9999));
#9984 = ORIENTED_EDGE('',*,*,#3228,.T.);
#9985 = ORIENTED_EDGE('',*,*,#9986,.T.);
#9986 = EDGE_CURVE('',#3212,#9987,#9989,.T.);
#9987 = VERTEX_POINT('',#9988);
#9988 = CARTESIAN_POINT('',(15.6559375,11.989668560606,4.2));
#9989 = LINE('',#9990,#9991);
#9990 = CARTESIAN_POINT('',(15.6559375,11.989668560606,4.7));
#9991 = VECTOR('',#9992,1.);
#9992 = DIRECTION('',(-0.,-0.,-1.));
#9993 = ORIENTED_EDGE('',*,*,#9994,.T.);
#9994 = EDGE_CURVE('',#9987,#9963,#9995,.T.);
#9995 = B_SPLINE_CURVE_WITH_KNOTS('',2,(#9996,#9997,#9998),
  .UNSPECIFIED.,.F.,.F.,(3,3),(0.,1.),.PIECEWISE_BEZIER_KNOTS.);
#9996 = CARTESIAN_POINT('',(15.6559375,11.989668560606,4.2));
#9997 = CARTESIAN_POINT('',(15.389602272727,11.674090909091,4.2));
#9998 = CARTESIAN_POINT('',(15.389602272727,11.113721590909,4.2));
#9999 = ORIENTED_EDGE('',*,*,#9962,.F.);
#10000 = SURFACE_OF_LINEAR_EXTRUSION('',#10001,#10005);
#10001 = B_SPLINE_CURVE_WITH_KNOTS('',2,(#10002,#10003,#10004),
  .UNSPECIFIED.,.F.,.F.,(3,3),(0.,1.),.PIECEWISE_BEZIER_KNOTS.);
#10002 = CARTESIAN_POINT('',(15.6559375,11.989668560606,4.7));
#10003 = CARTESIAN_POINT('',(15.389602272727,11.674090909091,4.7));
#10004 = CARTESIAN_POINT('',(15.389602272727,11.113721590909,4.7));
#10005 = VECTOR('',#10006,1.);
#10006 = DIRECTION('',(0.,0.,1.));
#10007 = ADVANCED_FACE('',(#10008),#10026,.T.);
#10008 = FACE_BOUND('',#10009,.T.);
#10009 = EDGE_LOOP('',(#10010,#10011,#10019,#10025));
#10010 = ORIENTED_EDGE('',*,*,#3211,.T.);
#10011 = ORIENTED_EDGE('',*,*,#10012,.T.);
#10012 = EDGE_CURVE('',#3200,#10013,#10015,.T.);
#10013 = VERTEX_POINT('',#10014);
#10014 = CARTESIAN_POINT('',(16.383920454545,12.305482954545,4.2));
#10015 = LINE('',#10016,#10017);
#10016 = CARTESIAN_POINT('',(16.383920454545,12.305482954545,4.7));
#10017 = VECTOR('',#10018,1.);
#10018 = DIRECTION('',(-0.,-0.,-1.));
#10019 = ORIENTED_EDGE('',*,*,#10020,.T.);
#10020 = EDGE_CURVE('',#10013,#9987,#10021,.T.);
#10021 = B_SPLINE_CURVE_WITH_KNOTS('',2,(#10022,#10023,#10024),
  .UNSPECIFIED.,.F.,.F.,(3,3),(0.,1.),.PIECEWISE_BEZIER_KNOTS.);
#10022 = CARTESIAN_POINT('',(16.383920454545,12.305482954545,4.2));
#10023 = CARTESIAN_POINT('',(15.922272727273,12.305482954545,4.2));
#10024 = CARTESIAN_POINT('',(15.6559375,11.989668560606,4.2));
#10025 = ORIENTED_EDGE('',*,*,#9986,.F.);
#10026 = SURFACE_OF_LINEAR_EXTRUSION('',#10027,#10031);
#10027 = B_SPLINE_CURVE_WITH_KNOTS('',2,(#10028,#10029,#10030),
  .UNSPECIFIED.,.F.,.F.,(3,3),(0.,1.),.PIECEWISE_BEZIER_KNOTS.);
#10028 = CARTESIAN_POINT('',(16.383920454545,12.305482954545,4.7));
#10029 = CARTESIAN_POINT('',(15.922272727273,12.305482954545,4.7));
#10030 = CARTESIAN_POINT('',(15.6559375,11.989668560606,4.7));
#10031 = VECTOR('',#10032,1.);
#10032 = DIRECTION('',(0.,0.,1.));
#10033 = ADVANCED_FACE('',(#10034),#10052,.T.);
#10034 = FACE_BOUND('',#10035,.T.);
#10035 = EDGE_LOOP('',(#10036,#10037,#10045,#10051));
#10036 = ORIENTED_EDGE('',*,*,#3199,.T.);
#10037 = ORIENTED_EDGE('',*,*,#10038,.T.);
#10038 = EDGE_CURVE('',#3185,#10039,#10041,.T.);
#10039 = VERTEX_POINT('',#10040);
#10040 = CARTESIAN_POINT('',(16.863323863636,12.213153409091,4.2));
#10041 = LINE('',#10042,#10043);
#10042 = CARTESIAN_POINT('',(16.863323863636,12.213153409091,4.7));
#10043 = VECTOR('',#10044,1.);
#10044 = DIRECTION('',(-0.,-0.,-1.));
#10045 = ORIENTED_EDGE('',*,*,#10046,.T.);
#10046 = EDGE_CURVE('',#10039,#10013,#10047,.T.);
#10047 = B_SPLINE_CURVE_WITH_KNOTS('',2,(#10048,#10049,#10050),
  .UNSPECIFIED.,.F.,.F.,(3,3),(0.,1.),.PIECEWISE_BEZIER_KNOTS.);
#10048 = CARTESIAN_POINT('',(16.863323863636,12.213153409091,4.2));
#10049 = CARTESIAN_POINT('',(16.699971590909,12.305482954545,4.2));
#10050 = CARTESIAN_POINT('',(16.383920454545,12.305482954545,4.2));
#10051 = ORIENTED_EDGE('',*,*,#10012,.F.);
#10052 = SURFACE_OF_LINEAR_EXTRUSION('',#10053,#10057);
#10053 = B_SPLINE_CURVE_WITH_KNOTS('',2,(#10054,#10055,#10056),
  .UNSPECIFIED.,.F.,.F.,(3,3),(0.,1.),.PIECEWISE_BEZIER_KNOTS.);
#10054 = CARTESIAN_POINT('',(16.863323863636,12.213153409091,4.7));
#10055 = CARTESIAN_POINT('',(16.699971590909,12.305482954545,4.7));
#10056 = CARTESIAN_POINT('',(16.383920454545,12.305482954545,4.7));
#10057 = VECTOR('',#10058,1.);
#10058 = DIRECTION('',(0.,0.,1.));
#10059 = ADVANCED_FACE('',(#10060),#10078,.T.);
#10060 = FACE_BOUND('',#10061,.T.);
#10061 = EDGE_LOOP('',(#10062,#10063,#10071,#10077));
#10062 = ORIENTED_EDGE('',*,*,#3184,.T.);
#10063 = ORIENTED_EDGE('',*,*,#10064,.T.);
#10064 = EDGE_CURVE('',#3173,#10065,#10067,.T.);
#10065 = VERTEX_POINT('',#10066);
#10066 = CARTESIAN_POINT('',(17.10125,11.91178030303,4.2));
#10067 = LINE('',#10068,#10069);
#10068 = CARTESIAN_POINT('',(17.10125,11.91178030303,4.7));
#10069 = VECTOR('',#10070,1.);
#10070 = DIRECTION('',(-0.,-0.,-1.));
#10071 = ORIENTED_EDGE('',*,*,#10072,.T.);
#10072 = EDGE_CURVE('',#10065,#10039,#10073,.T.);
#10073 = B_SPLINE_CURVE_WITH_KNOTS('',2,(#10074,#10075,#10076),
  .UNSPECIFIED.,.F.,.F.,(3,3),(0.,1.),.PIECEWISE_BEZIER_KNOTS.);
#10074 = CARTESIAN_POINT('',(17.10125,11.91178030303,4.2));
#10075 = CARTESIAN_POINT('',(17.026676136364,12.121060606061,4.2));
#10076 = CARTESIAN_POINT('',(16.863323863636,12.213153409091,4.2));
#10077 = ORIENTED_EDGE('',*,*,#10038,.F.);
#10078 = SURFACE_OF_LINEAR_EXTRUSION('',#10079,#10083);
#10079 = B_SPLINE_CURVE_WITH_KNOTS('',2,(#10080,#10081,#10082),
  .UNSPECIFIED.,.F.,.F.,(3,3),(0.,1.),.PIECEWISE_BEZIER_KNOTS.);
#10080 = CARTESIAN_POINT('',(17.10125,11.91178030303,4.7));
#10081 = CARTESIAN_POINT('',(17.026676136364,12.121060606061,4.7));
#10082 = CARTESIAN_POINT('',(16.863323863636,12.213153409091,4.7));
#10083 = VECTOR('',#10084,1.);
#10084 = DIRECTION('',(0.,0.,1.));
#10085 = ADVANCED_FACE('',(#10086),#10104,.T.);
#10086 = FACE_BOUND('',#10087,.T.);
#10087 = EDGE_LOOP('',(#10088,#10089,#10097,#10103));
#10088 = ORIENTED_EDGE('',*,*,#3172,.T.);
#10089 = ORIENTED_EDGE('',*,*,#10090,.T.);
#10090 = EDGE_CURVE('',#3165,#10091,#10093,.T.);
#10091 = VERTEX_POINT('',#10092);
#10092 = CARTESIAN_POINT('',(17.175823863636,11.323001893939,4.2));
#10093 = LINE('',#10094,#10095);
#10094 = CARTESIAN_POINT('',(17.175823863636,11.323001893939,4.7));
#10095 = VECTOR('',#10096,1.);
#10096 = DIRECTION('',(-0.,-0.,-1.));
#10097 = ORIENTED_EDGE('',*,*,#10098,.T.);
#10098 = EDGE_CURVE('',#10091,#10065,#10099,.T.);
#10099 = B_SPLINE_CURVE_WITH_KNOTS('',2,(#10100,#10101,#10102),
  .UNSPECIFIED.,.F.,.F.,(3,3),(0.,1.),.PIECEWISE_BEZIER_KNOTS.);
#10100 = CARTESIAN_POINT('',(17.175823863636,11.323001893939,4.2));
#10101 = CARTESIAN_POINT('',(17.175823863636,11.7025,4.2));
#10102 = CARTESIAN_POINT('',(17.10125,11.91178030303,4.2));
#10103 = ORIENTED_EDGE('',*,*,#10064,.F.);
#10104 = SURFACE_OF_LINEAR_EXTRUSION('',#10105,#10109);
#10105 = B_SPLINE_CURVE_WITH_KNOTS('',2,(#10106,#10107,#10108),
  .UNSPECIFIED.,.F.,.F.,(3,3),(0.,1.),.PIECEWISE_BEZIER_KNOTS.);
#10106 = CARTESIAN_POINT('',(17.175823863636,11.323001893939,4.7));
#10107 = CARTESIAN_POINT('',(17.175823863636,11.7025,4.7));
#10108 = CARTESIAN_POINT('',(17.10125,11.91178030303,4.7));
#10109 = VECTOR('',#10110,1.);
#10110 = DIRECTION('',(0.,0.,1.));
#10111 = ADVANCED_FACE('',(#10112),#10123,.T.);
#10112 = FACE_BOUND('',#10113,.T.);
#10113 = EDGE_LOOP('',(#10114,#10115,#10116,#10122));
#10114 = ORIENTED_EDGE('',*,*,#3164,.F.);
#10115 = ORIENTED_EDGE('',*,*,#9619,.T.);
#10116 = ORIENTED_EDGE('',*,*,#10117,.T.);
#10117 = EDGE_CURVE('',#9612,#10091,#10118,.T.);
#10118 = LINE('',#10119,#10120);
#10119 = CARTESIAN_POINT('',(17.175823863636,8.89,4.2));
#10120 = VECTOR('',#10121,1.);
#10121 = DIRECTION('',(0.,1.,0.));
#10122 = ORIENTED_EDGE('',*,*,#10090,.F.);
#10123 = PLANE('',#10124);
#10124 = AXIS2_PLACEMENT_3D('',#10125,#10126,#10127);
#10125 = CARTESIAN_POINT('',(17.175823863636,8.89,4.7));
#10126 = DIRECTION('',(1.,0.,0.));
#10127 = DIRECTION('',(0.,1.,0.));
#10128 = ADVANCED_FACE('',(#10129),#10154,.T.);
#10129 = FACE_BOUND('',#10130,.T.);
#10130 = EDGE_LOOP('',(#10131,#10132,#10140,#10148));
#10131 = ORIENTED_EDGE('',*,*,#3409,.T.);
#10132 = ORIENTED_EDGE('',*,*,#10133,.T.);
#10133 = EDGE_CURVE('',#3412,#10134,#10136,.T.);
#10134 = VERTEX_POINT('',#10135);
#10135 = CARTESIAN_POINT('',(21.665170454545,9.950132575758,4.2));
#10136 = LINE('',#10137,#10138);
#10137 = CARTESIAN_POINT('',(21.665170454545,9.950132575758,4.7));
#10138 = VECTOR('',#10139,1.);
#10139 = DIRECTION('',(-0.,-0.,-1.));
#10140 = ORIENTED_EDGE('',*,*,#10141,.T.);
#10141 = EDGE_CURVE('',#10134,#10142,#10144,.T.);
#10142 = VERTEX_POINT('',#10143);
#10143 = CARTESIAN_POINT('',(21.254895833333,9.109696969697,4.2));
#10144 = B_SPLINE_CURVE_WITH_KNOTS('',2,(#10145,#10146,#10147),
  .UNSPECIFIED.,.F.,.F.,(3,3),(0.,1.),.PIECEWISE_BEZIER_KNOTS.);
#10145 = CARTESIAN_POINT('',(21.665170454545,9.950132575758,4.2));
#10146 = CARTESIAN_POINT('',(21.665170454545,9.405388257576,4.2));
#10147 = CARTESIAN_POINT('',(21.254895833333,9.109696969697,4.2));
#10148 = ORIENTED_EDGE('',*,*,#10149,.F.);
#10149 = EDGE_CURVE('',#3410,#10142,#10150,.T.);
#10150 = LINE('',#10151,#10152);
#10151 = CARTESIAN_POINT('',(21.254895833333,9.109696969697,4.7));
#10152 = VECTOR('',#10153,1.);
#10153 = DIRECTION('',(-0.,-0.,-1.));
#10154 = SURFACE_OF_LINEAR_EXTRUSION('',#10155,#10159);
#10155 = B_SPLINE_CURVE_WITH_KNOTS('',2,(#10156,#10157,#10158),
  .UNSPECIFIED.,.F.,.F.,(3,3),(0.,1.),.PIECEWISE_BEZIER_KNOTS.);
#10156 = CARTESIAN_POINT('',(21.665170454545,9.950132575758,4.7));
#10157 = CARTESIAN_POINT('',(21.665170454545,9.405388257576,4.7));
#10158 = CARTESIAN_POINT('',(21.254895833333,9.109696969697,4.7));
#10159 = VECTOR('',#10160,1.);
#10160 = DIRECTION('',(0.,0.,1.));
#10161 = ADVANCED_FACE('',(#10162),#10180,.T.);
#10162 = FACE_BOUND('',#10163,.T.);
#10163 = EDGE_LOOP('',(#10164,#10165,#10173,#10179));
#10164 = ORIENTED_EDGE('',*,*,#3828,.T.);
#10165 = ORIENTED_EDGE('',*,*,#10166,.T.);
#10166 = EDGE_CURVE('',#3816,#10167,#10169,.T.);
#10167 = VERTEX_POINT('',#10168);
#10168 = CARTESIAN_POINT('',(21.594147727273,10.343598484848,4.2));
#10169 = LINE('',#10170,#10171);
#10170 = CARTESIAN_POINT('',(21.594147727273,10.343598484848,4.7));
#10171 = VECTOR('',#10172,1.);
#10172 = DIRECTION('',(-0.,-0.,-1.));
#10173 = ORIENTED_EDGE('',*,*,#10174,.T.);
#10174 = EDGE_CURVE('',#10167,#10134,#10175,.T.);
#10175 = B_SPLINE_CURVE_WITH_KNOTS('',2,(#10176,#10177,#10178),
  .UNSPECIFIED.,.F.,.F.,(3,3),(0.,1.),.PIECEWISE_BEZIER_KNOTS.);
#10176 = CARTESIAN_POINT('',(21.594147727273,10.343598484848,4.2));
#10177 = CARTESIAN_POINT('',(21.665170454545,10.171013257576,4.2));
#10178 = CARTESIAN_POINT('',(21.665170454545,9.950132575758,4.2));
#10179 = ORIENTED_EDGE('',*,*,#10133,.F.);
#10180 = SURFACE_OF_LINEAR_EXTRUSION('',#10181,#10185);
#10181 = B_SPLINE_CURVE_WITH_KNOTS('',2,(#10182,#10183,#10184),
  .UNSPECIFIED.,.F.,.F.,(3,3),(0.,1.),.PIECEWISE_BEZIER_KNOTS.);
#10182 = CARTESIAN_POINT('',(21.594147727273,10.343598484848,4.7));
#10183 = CARTESIAN_POINT('',(21.665170454545,10.171013257576,4.7));
#10184 = CARTESIAN_POINT('',(21.665170454545,9.950132575758,4.7));
#10185 = VECTOR('',#10186,1.);
#10186 = DIRECTION('',(0.,0.,1.));
#10187 = ADVANCED_FACE('',(#10188),#10206,.T.);
#10188 = FACE_BOUND('',#10189,.T.);
#10189 = EDGE_LOOP('',(#10190,#10191,#10199,#10205));
#10190 = ORIENTED_EDGE('',*,*,#3815,.T.);
#10191 = ORIENTED_EDGE('',*,*,#10192,.T.);
#10192 = EDGE_CURVE('',#3805,#10193,#10195,.T.);
#10193 = VERTEX_POINT('',#10194);
#10194 = CARTESIAN_POINT('',(21.393390151515,10.648049242424,4.2));
#10195 = LINE('',#10196,#10197);
#10196 = CARTESIAN_POINT('',(21.393390151515,10.648049242424,4.7));
#10197 = VECTOR('',#10198,1.);
#10198 = DIRECTION('',(-0.,-0.,-1.));
#10199 = ORIENTED_EDGE('',*,*,#10200,.T.);
#10200 = EDGE_CURVE('',#10193,#10167,#10201,.T.);
#10201 = B_SPLINE_CURVE_WITH_KNOTS('',2,(#10202,#10203,#10204),
  .UNSPECIFIED.,.F.,.F.,(3,3),(0.,1.),.PIECEWISE_BEZIER_KNOTS.);
#10202 = CARTESIAN_POINT('',(21.393390151515,10.648049242424,4.2));
#10203 = CARTESIAN_POINT('',(21.523125,10.516420454545,4.2));
#10204 = CARTESIAN_POINT('',(21.594147727273,10.343598484848,4.2));
#10205 = ORIENTED_EDGE('',*,*,#10166,.F.);
#10206 = SURFACE_OF_LINEAR_EXTRUSION('',#10207,#10211);
#10207 = B_SPLINE_CURVE_WITH_KNOTS('',2,(#10208,#10209,#10210),
  .UNSPECIFIED.,.F.,.F.,(3,3),(0.,1.),.PIECEWISE_BEZIER_KNOTS.);
#10208 = CARTESIAN_POINT('',(21.393390151515,10.648049242424,4.7));
#10209 = CARTESIAN_POINT('',(21.523125,10.516420454545,4.7));
#10210 = CARTESIAN_POINT('',(21.594147727273,10.343598484848,4.7));
#10211 = VECTOR('',#10212,1.);
#10212 = DIRECTION('',(0.,0.,1.));
#10213 = ADVANCED_FACE('',(#10214),#10232,.T.);
#10214 = FACE_BOUND('',#10215,.T.);
#10215 = EDGE_LOOP('',(#10216,#10217,#10225,#10231));
#10216 = ORIENTED_EDGE('',*,*,#3804,.T.);
#10217 = ORIENTED_EDGE('',*,*,#10218,.T.);
#10218 = EDGE_CURVE('',#3792,#10219,#10221,.T.);
#10219 = VERTEX_POINT('',#10220);
#10220 = CARTESIAN_POINT('',(21.040170454545,10.888579545455,4.2));
#10221 = LINE('',#10222,#10223);
#10222 = CARTESIAN_POINT('',(21.040170454545,10.888579545455,4.7));
#10223 = VECTOR('',#10224,1.);
#10224 = DIRECTION('',(-0.,-0.,-1.));
#10225 = ORIENTED_EDGE('',*,*,#10226,.T.);
#10226 = EDGE_CURVE('',#10219,#10193,#10227,.T.);
#10227 = B_SPLINE_CURVE_WITH_KNOTS('',2,(#10228,#10229,#10230),
  .UNSPECIFIED.,.F.,.F.,(3,3),(0.,1.),.PIECEWISE_BEZIER_KNOTS.);
#10228 = CARTESIAN_POINT('',(21.040170454545,10.888579545455,4.2));
#10229 = CARTESIAN_POINT('',(21.263892045455,10.779914772727,4.2));
#10230 = CARTESIAN_POINT('',(21.393390151515,10.648049242424,4.2));
#10231 = ORIENTED_EDGE('',*,*,#10192,.F.);
#10232 = SURFACE_OF_LINEAR_EXTRUSION('',#10233,#10237);
#10233 = B_SPLINE_CURVE_WITH_KNOTS('',2,(#10234,#10235,#10236),
  .UNSPECIFIED.,.F.,.F.,(3,3),(0.,1.),.PIECEWISE_BEZIER_KNOTS.);
#10234 = CARTESIAN_POINT('',(21.040170454545,10.888579545455,4.7));
#10235 = CARTESIAN_POINT('',(21.263892045455,10.779914772727,4.7));
#10236 = CARTESIAN_POINT('',(21.393390151515,10.648049242424,4.7));
#10237 = VECTOR('',#10238,1.);
#10238 = DIRECTION('',(0.,0.,1.));
#10239 = ADVANCED_FACE('',(#10240),#10258,.T.);
#10240 = FACE_BOUND('',#10241,.T.);
#10241 = EDGE_LOOP('',(#10242,#10243,#10251,#10257));
#10242 = ORIENTED_EDGE('',*,*,#3791,.T.);
#10243 = ORIENTED_EDGE('',*,*,#10244,.T.);
#10244 = EDGE_CURVE('',#3778,#10245,#10247,.T.);
#10245 = VERTEX_POINT('',#10246);
#10246 = CARTESIAN_POINT('',(20.308636363636,11.125321969697,4.2));
#10247 = LINE('',#10248,#10249);
#10248 = CARTESIAN_POINT('',(20.308636363636,11.125321969697,4.7));
#10249 = VECTOR('',#10250,1.);
#10250 = DIRECTION('',(-0.,-0.,-1.));
#10251 = ORIENTED_EDGE('',*,*,#10252,.T.);
#10252 = EDGE_CURVE('',#10245,#10219,#10253,.T.);
#10253 = B_SPLINE_CURVE_WITH_KNOTS('',2,(#10254,#10255,#10256),
  .UNSPECIFIED.,.F.,.F.,(3,3),(0.,1.),.PIECEWISE_BEZIER_KNOTS.);
#10254 = CARTESIAN_POINT('',(20.308636363636,11.125321969697,4.2));
#10255 = CARTESIAN_POINT('',(20.816448863636,10.997244318182,4.2));
#10256 = CARTESIAN_POINT('',(21.040170454545,10.888579545455,4.2));
#10257 = ORIENTED_EDGE('',*,*,#10218,.F.);
#10258 = SURFACE_OF_LINEAR_EXTRUSION('',#10259,#10263);
#10259 = B_SPLINE_CURVE_WITH_KNOTS('',2,(#10260,#10261,#10262),
  .UNSPECIFIED.,.F.,.F.,(3,3),(0.,1.),.PIECEWISE_BEZIER_KNOTS.);
#10260 = CARTESIAN_POINT('',(20.308636363636,11.125321969697,4.7));
#10261 = CARTESIAN_POINT('',(20.816448863636,10.997244318182,4.7));
#10262 = CARTESIAN_POINT('',(21.040170454545,10.888579545455,4.7));
#10263 = VECTOR('',#10264,1.);
#10264 = DIRECTION('',(0.,0.,1.));
#10265 = ADVANCED_FACE('',(#10266),#10284,.T.);
#10266 = FACE_BOUND('',#10267,.T.);
#10267 = EDGE_LOOP('',(#10268,#10269,#10277,#10283));
#10268 = ORIENTED_EDGE('',*,*,#3777,.T.);
#10269 = ORIENTED_EDGE('',*,*,#10270,.T.);
#10270 = EDGE_CURVE('',#3767,#10271,#10273,.T.);
#10271 = VERTEX_POINT('',#10272);
#10272 = CARTESIAN_POINT('',(19.605511363636,11.331998106061,4.2));
#10273 = LINE('',#10274,#10275);
#10274 = CARTESIAN_POINT('',(19.605511363636,11.331998106061,4.7));
#10275 = VECTOR('',#10276,1.);
#10276 = DIRECTION('',(-0.,-0.,-1.));
#10277 = ORIENTED_EDGE('',*,*,#10278,.T.);
#10278 = EDGE_CURVE('',#10271,#10245,#10279,.T.);
#10279 = B_SPLINE_CURVE_WITH_KNOTS('',2,(#10280,#10281,#10282),
  .UNSPECIFIED.,.F.,.F.,(3,3),(0.,1.),.PIECEWISE_BEZIER_KNOTS.);
#10280 = CARTESIAN_POINT('',(19.605511363636,11.331998106061,4.2));
#10281 = CARTESIAN_POINT('',(19.772414772727,11.2571875,4.2));
#10282 = CARTESIAN_POINT('',(20.308636363636,11.125321969697,4.2));
#10283 = ORIENTED_EDGE('',*,*,#10244,.F.);
#10284 = SURFACE_OF_LINEAR_EXTRUSION('',#10285,#10289);
#10285 = B_SPLINE_CURVE_WITH_KNOTS('',2,(#10286,#10287,#10288),
  .UNSPECIFIED.,.F.,.F.,(3,3),(0.,1.),.PIECEWISE_BEZIER_KNOTS.);
#10286 = CARTESIAN_POINT('',(19.605511363636,11.331998106061,4.7));
#10287 = CARTESIAN_POINT('',(19.772414772727,11.2571875,4.7));
#10288 = CARTESIAN_POINT('',(20.308636363636,11.125321969697,4.7));
#10289 = VECTOR('',#10290,1.);
#10290 = DIRECTION('',(0.,0.,1.));
#10291 = ADVANCED_FACE('',(#10292),#10310,.T.);
#10292 = FACE_BOUND('',#10293,.T.);
#10293 = EDGE_LOOP('',(#10294,#10295,#10303,#10309));
#10294 = ORIENTED_EDGE('',*,*,#3766,.T.);
#10295 = ORIENTED_EDGE('',*,*,#10296,.T.);
#10296 = EDGE_CURVE('',#3752,#10297,#10299,.T.);
#10297 = VERTEX_POINT('',#10298);
#10298 = CARTESIAN_POINT('',(19.353380681818,11.513579545455,4.2));
#10299 = LINE('',#10300,#10301);
#10300 = CARTESIAN_POINT('',(19.353380681818,11.513579545455,4.7));
#10301 = VECTOR('',#10302,1.);
#10302 = DIRECTION('',(-0.,-0.,-1.));
#10303 = ORIENTED_EDGE('',*,*,#10304,.T.);
#10304 = EDGE_CURVE('',#10297,#10271,#10305,.T.);
#10305 = B_SPLINE_CURVE_WITH_KNOTS('',2,(#10306,#10307,#10308),
  .UNSPECIFIED.,.F.,.F.,(3,3),(0.,1.),.PIECEWISE_BEZIER_KNOTS.);
#10306 = CARTESIAN_POINT('',(19.353380681818,11.513579545455,4.2));
#10307 = CARTESIAN_POINT('',(19.438607954545,11.406808712121,4.2));
#10308 = CARTESIAN_POINT('',(19.605511363636,11.331998106061,4.2));
#10309 = ORIENTED_EDGE('',*,*,#10270,.F.);
#10310 = SURFACE_OF_LINEAR_EXTRUSION('',#10311,#10315);
#10311 = B_SPLINE_CURVE_WITH_KNOTS('',2,(#10312,#10313,#10314),
  .UNSPECIFIED.,.F.,.F.,(3,3),(0.,1.),.PIECEWISE_BEZIER_KNOTS.);
#10312 = CARTESIAN_POINT('',(19.353380681818,11.513579545455,4.7));
#10313 = CARTESIAN_POINT('',(19.438607954545,11.406808712121,4.7));
#10314 = CARTESIAN_POINT('',(19.605511363636,11.331998106061,4.7));
#10315 = VECTOR('',#10316,1.);
#10316 = DIRECTION('',(0.,0.,1.));
#10317 = ADVANCED_FACE('',(#10318),#10336,.T.);
#10318 = FACE_BOUND('',#10319,.T.);
#10319 = EDGE_LOOP('',(#10320,#10321,#10329,#10335));
#10320 = ORIENTED_EDGE('',*,*,#3751,.T.);
#10321 = ORIENTED_EDGE('',*,*,#10322,.T.);
#10322 = EDGE_CURVE('',#3737,#10323,#10325,.T.);
#10323 = VERTEX_POINT('',#10324);
#10324 = CARTESIAN_POINT('',(19.268153409091,11.784176136364,4.2));
#10325 = LINE('',#10326,#10327);
#10326 = CARTESIAN_POINT('',(19.268153409091,11.784176136364,4.7));
#10327 = VECTOR('',#10328,1.);
#10328 = DIRECTION('',(-0.,-0.,-1.));
#10329 = ORIENTED_EDGE('',*,*,#10330,.T.);
#10330 = EDGE_CURVE('',#10323,#10297,#10331,.T.);
#10331 = B_SPLINE_CURVE_WITH_KNOTS('',2,(#10332,#10333,#10334),
  .UNSPECIFIED.,.F.,.F.,(3,3),(0.,1.),.PIECEWISE_BEZIER_KNOTS.);
#10332 = CARTESIAN_POINT('',(19.268153409091,11.784176136364,4.2));
#10333 = CARTESIAN_POINT('',(19.268153409091,11.620350378788,4.2));
#10334 = CARTESIAN_POINT('',(19.353380681818,11.513579545455,4.2));
#10335 = ORIENTED_EDGE('',*,*,#10296,.F.);
#10336 = SURFACE_OF_LINEAR_EXTRUSION('',#10337,#10341);
#10337 = B_SPLINE_CURVE_WITH_KNOTS('',2,(#10338,#10339,#10340),
  .UNSPECIFIED.,.F.,.F.,(3,3),(0.,1.),.PIECEWISE_BEZIER_KNOTS.);
#10338 = CARTESIAN_POINT('',(19.268153409091,11.784176136364,4.7));
#10339 = CARTESIAN_POINT('',(19.268153409091,11.620350378788,4.7));
#10340 = CARTESIAN_POINT('',(19.353380681818,11.513579545455,4.7));
#10341 = VECTOR('',#10342,1.);
#10342 = DIRECTION('',(0.,0.,1.));
#10343 = ADVANCED_FACE('',(#10344),#10362,.T.);
#10344 = FACE_BOUND('',#10345,.T.);
#10345 = EDGE_LOOP('',(#10346,#10347,#10355,#10361));
#10346 = ORIENTED_EDGE('',*,*,#3736,.T.);
#10347 = ORIENTED_EDGE('',*,*,#10348,.T.);
#10348 = EDGE_CURVE('',#3724,#10349,#10351,.T.);
#10349 = VERTEX_POINT('',#10350);
#10350 = CARTESIAN_POINT('',(19.474119318182,12.184034090909,4.2));
#10351 = LINE('',#10352,#10353);
#10352 = CARTESIAN_POINT('',(19.474119318182,12.184034090909,4.7));
#10353 = VECTOR('',#10354,1.);
#10354 = DIRECTION('',(-0.,-0.,-1.));
#10355 = ORIENTED_EDGE('',*,*,#10356,.T.);
#10356 = EDGE_CURVE('',#10349,#10323,#10357,.T.);
#10357 = B_SPLINE_CURVE_WITH_KNOTS('',2,(#10358,#10359,#10360),
  .UNSPECIFIED.,.F.,.F.,(3,3),(0.,1.),.PIECEWISE_BEZIER_KNOTS.);
#10358 = CARTESIAN_POINT('',(19.474119318182,12.184034090909,4.2));
#10359 = CARTESIAN_POINT('',(19.268153409091,12.051931818182,4.2));
#10360 = CARTESIAN_POINT('',(19.268153409091,11.784176136364,4.2));
#10361 = ORIENTED_EDGE('',*,*,#10322,.F.);
#10362 = SURFACE_OF_LINEAR_EXTRUSION('',#10363,#10367);
#10363 = B_SPLINE_CURVE_WITH_KNOTS('',2,(#10364,#10365,#10366),
  .UNSPECIFIED.,.F.,.F.,(3,3),(0.,1.),.PIECEWISE_BEZIER_KNOTS.);
#10364 = CARTESIAN_POINT('',(19.474119318182,12.184034090909,4.7));
#10365 = CARTESIAN_POINT('',(19.268153409091,12.051931818182,4.7));
#10366 = CARTESIAN_POINT('',(19.268153409091,11.784176136364,4.7));
#10367 = VECTOR('',#10368,1.);
#10368 = DIRECTION('',(0.,0.,1.));
#10369 = ADVANCED_FACE('',(#10370),#10388,.T.);
#10370 = FACE_BOUND('',#10371,.T.);
#10371 = EDGE_LOOP('',(#10372,#10373,#10381,#10387));
#10372 = ORIENTED_EDGE('',*,*,#3723,.T.);
#10373 = ORIENTED_EDGE('',*,*,#10374,.T.);
#10374 = EDGE_CURVE('',#3712,#10375,#10377,.T.);
#10375 = VERTEX_POINT('',#10376);
#10376 = CARTESIAN_POINT('',(20.113323863636,12.316136363636,4.2));
#10377 = LINE('',#10378,#10379);
#10378 = CARTESIAN_POINT('',(20.113323863636,12.316136363636,4.7));
#10379 = VECTOR('',#10380,1.);
#10380 = DIRECTION('',(-0.,-0.,-1.));
#10381 = ORIENTED_EDGE('',*,*,#10382,.T.);
#10382 = EDGE_CURVE('',#10375,#10349,#10383,.T.);
#10383 = B_SPLINE_CURVE_WITH_KNOTS('',2,(#10384,#10385,#10386),
  .UNSPECIFIED.,.F.,.F.,(3,3),(0.,1.),.PIECEWISE_BEZIER_KNOTS.);
#10384 = CARTESIAN_POINT('',(20.113323863636,12.316136363636,4.2));
#10385 = CARTESIAN_POINT('',(19.680085227273,12.316136363636,4.2));
#10386 = CARTESIAN_POINT('',(19.474119318182,12.184034090909,4.2));
#10387 = ORIENTED_EDGE('',*,*,#10348,.F.);
#10388 = SURFACE_OF_LINEAR_EXTRUSION('',#10389,#10393);
#10389 = B_SPLINE_CURVE_WITH_KNOTS('',2,(#10390,#10391,#10392),
  .UNSPECIFIED.,.F.,.F.,(3,3),(0.,1.),.PIECEWISE_BEZIER_KNOTS.);
#10390 = CARTESIAN_POINT('',(20.113323863636,12.316136363636,4.7));
#10391 = CARTESIAN_POINT('',(19.680085227273,12.316136363636,4.7));
#10392 = CARTESIAN_POINT('',(19.474119318182,12.184034090909,4.7));
#10393 = VECTOR('',#10394,1.);
#10394 = DIRECTION('',(0.,0.,1.));
#10395 = ADVANCED_FACE('',(#10396),#10414,.T.);
#10396 = FACE_BOUND('',#10397,.T.);
#10397 = EDGE_LOOP('',(#10398,#10399,#10407,#10413));
#10398 = ORIENTED_EDGE('',*,*,#3711,.T.);
#10399 = ORIENTED_EDGE('',*,*,#10400,.T.);
#10400 = EDGE_CURVE('',#3697,#10401,#10403,.T.);
#10401 = VERTEX_POINT('',#10402);
#10402 = CARTESIAN_POINT('',(20.736429924242,12.179299242424,4.2));
#10403 = LINE('',#10404,#10405);
#10404 = CARTESIAN_POINT('',(20.736429924242,12.179299242424,4.7));
#10405 = VECTOR('',#10406,1.);
#10406 = DIRECTION('',(-0.,-0.,-1.));
#10407 = ORIENTED_EDGE('',*,*,#10408,.T.);
#10408 = EDGE_CURVE('',#10401,#10375,#10409,.T.);
#10409 = B_SPLINE_CURVE_WITH_KNOTS('',2,(#10410,#10411,#10412),
  .UNSPECIFIED.,.F.,.F.,(3,3),(0.,1.),.PIECEWISE_BEZIER_KNOTS.);
#10410 = CARTESIAN_POINT('',(20.736429924242,12.179299242424,4.2));
#10411 = CARTESIAN_POINT('',(20.503948863636,12.316136363636,4.2));
#10412 = CARTESIAN_POINT('',(20.113323863636,12.316136363636,4.2));
#10413 = ORIENTED_EDGE('',*,*,#10374,.F.);
#10414 = SURFACE_OF_LINEAR_EXTRUSION('',#10415,#10419);
#10415 = B_SPLINE_CURVE_WITH_KNOTS('',2,(#10416,#10417,#10418),
  .UNSPECIFIED.,.F.,.F.,(3,3),(0.,1.),.PIECEWISE_BEZIER_KNOTS.);
#10416 = CARTESIAN_POINT('',(20.736429924242,12.179299242424,4.7));
#10417 = CARTESIAN_POINT('',(20.503948863636,12.316136363636,4.7));
#10418 = CARTESIAN_POINT('',(20.113323863636,12.316136363636,4.7));
#10419 = VECTOR('',#10420,1.);
#10420 = DIRECTION('',(0.,0.,1.));
#10421 = ADVANCED_FACE('',(#10422),#10440,.T.);
#10422 = FACE_BOUND('',#10423,.T.);
#10423 = EDGE_LOOP('',(#10424,#10425,#10433,#10439));
#10424 = ORIENTED_EDGE('',*,*,#3696,.T.);
#10425 = ORIENTED_EDGE('',*,*,#10426,.T.);
#10426 = EDGE_CURVE('',#3689,#10427,#10429,.T.);
#10427 = VERTEX_POINT('',#10428);
#10428 = CARTESIAN_POINT('',(21.022414772727,11.787017045455,4.2));
#10429 = LINE('',#10430,#10431);
#10430 = CARTESIAN_POINT('',(21.022414772727,11.787017045455,4.7));
#10431 = VECTOR('',#10432,1.);
#10432 = DIRECTION('',(-0.,-0.,-1.));
#10433 = ORIENTED_EDGE('',*,*,#10434,.T.);
#10434 = EDGE_CURVE('',#10427,#10401,#10435,.T.);
#10435 = B_SPLINE_CURVE_WITH_KNOTS('',2,(#10436,#10437,#10438),
  .UNSPECIFIED.,.F.,.F.,(3,3),(0.,1.),.PIECEWISE_BEZIER_KNOTS.);
#10436 = CARTESIAN_POINT('',(21.022414772727,11.787017045455,4.2));
#10437 = CARTESIAN_POINT('',(20.969147727273,12.042698863636,4.2));
#10438 = CARTESIAN_POINT('',(20.736429924242,12.179299242424,4.2));
#10439 = ORIENTED_EDGE('',*,*,#10400,.F.);
#10440 = SURFACE_OF_LINEAR_EXTRUSION('',#10441,#10445);
#10441 = B_SPLINE_CURVE_WITH_KNOTS('',2,(#10442,#10443,#10444),
  .UNSPECIFIED.,.F.,.F.,(3,3),(0.,1.),.PIECEWISE_BEZIER_KNOTS.);
#10442 = CARTESIAN_POINT('',(21.022414772727,11.787017045455,4.7));
#10443 = CARTESIAN_POINT('',(20.969147727273,12.042698863636,4.7));
#10444 = CARTESIAN_POINT('',(20.736429924242,12.179299242424,4.7));
#10445 = VECTOR('',#10446,1.);
#10446 = DIRECTION('',(0.,0.,1.));
#10447 = ADVANCED_FACE('',(#10448),#10466,.T.);
#10448 = FACE_BOUND('',#10449,.T.);
#10449 = EDGE_LOOP('',(#10450,#10451,#10459,#10465));
#10450 = ORIENTED_EDGE('',*,*,#3688,.F.);
#10451 = ORIENTED_EDGE('',*,*,#10452,.T.);
#10452 = EDGE_CURVE('',#3672,#10453,#10455,.T.);
#10453 = VERTEX_POINT('',#10454);
#10454 = CARTESIAN_POINT('',(21.597698863636,11.858039772727,4.2));
#10455 = LINE('',#10456,#10457);
#10456 = CARTESIAN_POINT('',(21.597698863636,11.858039772727,4.7));
#10457 = VECTOR('',#10458,1.);
#10458 = DIRECTION('',(-0.,-0.,-1.));
#10459 = ORIENTED_EDGE('',*,*,#10460,.T.);
#10460 = EDGE_CURVE('',#10453,#10427,#10461,.T.);
#10461 = LINE('',#10462,#10463);
#10462 = CARTESIAN_POINT('',(21.597698863636,11.858039772727,4.2));
#10463 = VECTOR('',#10464,1.);
#10464 = DIRECTION('',(-0.992465233221,-0.122526572003,0.));
#10465 = ORIENTED_EDGE('',*,*,#10426,.F.);
#10466 = PLANE('',#10467);
#10467 = AXIS2_PLACEMENT_3D('',#10468,#10469,#10470);
#10468 = CARTESIAN_POINT('',(21.597698863636,11.858039772727,4.7));
#10469 = DIRECTION('',(-0.122526572003,0.992465233221,0.));
#10470 = DIRECTION('',(-0.992465233221,-0.122526572003,0.));
#10471 = ADVANCED_FACE('',(#10472),#10490,.T.);
#10472 = FACE_BOUND('',#10473,.T.);
#10473 = EDGE_LOOP('',(#10474,#10475,#10483,#10489));
#10474 = ORIENTED_EDGE('',*,*,#3671,.T.);
#10475 = ORIENTED_EDGE('',*,*,#10476,.T.);
#10476 = EDGE_CURVE('',#3655,#10477,#10479,.T.);
#10477 = VERTEX_POINT('',#10478);
#10478 = CARTESIAN_POINT('',(21.123503787879,12.575369318182,4.2));
#10479 = LINE('',#10480,#10481);
#10480 = CARTESIAN_POINT('',(21.123503787879,12.575369318182,4.7));
#10481 = VECTOR('',#10482,1.);
#10482 = DIRECTION('',(-0.,-0.,-1.));
#10483 = ORIENTED_EDGE('',*,*,#10484,.T.);
#10484 = EDGE_CURVE('',#10477,#10453,#10485,.T.);
#10485 = B_SPLINE_CURVE_WITH_KNOTS('',2,(#10486,#10487,#10488),
  .UNSPECIFIED.,.F.,.F.,(3,3),(0.,1.),.PIECEWISE_BEZIER_KNOTS.);
#10486 = CARTESIAN_POINT('',(21.123503787879,12.575369318182,4.2));
#10487 = CARTESIAN_POINT('',(21.498267045455,12.351647727273,4.2));
#10488 = CARTESIAN_POINT('',(21.597698863636,11.858039772727,4.2));
#10489 = ORIENTED_EDGE('',*,*,#10452,.F.);
#10490 = SURFACE_OF_LINEAR_EXTRUSION('',#10491,#10495);
#10491 = B_SPLINE_CURVE_WITH_KNOTS('',2,(#10492,#10493,#10494),
  .UNSPECIFIED.,.F.,.F.,(3,3),(0.,1.),.PIECEWISE_BEZIER_KNOTS.);
#10492 = CARTESIAN_POINT('',(21.123503787879,12.575369318182,4.7));
#10493 = CARTESIAN_POINT('',(21.498267045455,12.351647727273,4.7));
#10494 = CARTESIAN_POINT('',(21.597698863636,11.858039772727,4.7));
#10495 = VECTOR('',#10496,1.);
#10496 = DIRECTION('',(0.,0.,1.));
#10497 = ADVANCED_FACE('',(#10498),#10516,.T.);
#10498 = FACE_BOUND('',#10499,.T.);
#10499 = EDGE_LOOP('',(#10500,#10501,#10509,#10515));
#10500 = ORIENTED_EDGE('',*,*,#3654,.T.);
#10501 = ORIENTED_EDGE('',*,*,#10502,.T.);
#10502 = EDGE_CURVE('',#3638,#10503,#10505,.T.);
#10503 = VERTEX_POINT('',#10504);
#10504 = CARTESIAN_POINT('',(20.113323863636,12.799090909091,4.2));
#10505 = LINE('',#10506,#10507);
#10506 = CARTESIAN_POINT('',(20.113323863636,12.799090909091,4.7));
#10507 = VECTOR('',#10508,1.);
#10508 = DIRECTION('',(-0.,-0.,-1.));
#10509 = ORIENTED_EDGE('',*,*,#10510,.T.);
#10510 = EDGE_CURVE('',#10503,#10477,#10511,.T.);
#10511 = B_SPLINE_CURVE_WITH_KNOTS('',2,(#10512,#10513,#10514),
  .UNSPECIFIED.,.F.,.F.,(3,3),(0.,1.),.PIECEWISE_BEZIER_KNOTS.);
#10512 = CARTESIAN_POINT('',(20.113323863636,12.799090909091,4.2));
#10513 = CARTESIAN_POINT('',(20.748977272727,12.799090909091,4.2));
#10514 = CARTESIAN_POINT('',(21.123503787879,12.575369318182,4.2));
#10515 = ORIENTED_EDGE('',*,*,#10476,.F.);
#10516 = SURFACE_OF_LINEAR_EXTRUSION('',#10517,#10521);
#10517 = B_SPLINE_CURVE_WITH_KNOTS('',2,(#10518,#10519,#10520),
  .UNSPECIFIED.,.F.,.F.,(3,3),(0.,1.),.PIECEWISE_BEZIER_KNOTS.);
#10518 = CARTESIAN_POINT('',(20.113323863636,12.799090909091,4.7));
#10519 = CARTESIAN_POINT('',(20.748977272727,12.799090909091,4.7));
#10520 = CARTESIAN_POINT('',(21.123503787879,12.575369318182,4.7));
#10521 = VECTOR('',#10522,1.);
#10522 = DIRECTION('',(0.,0.,1.));
#10523 = ADVANCED_FACE('',(#10524),#10542,.T.);
#10524 = FACE_BOUND('',#10525,.T.);
#10525 = EDGE_LOOP('',(#10526,#10527,#10535,#10541));
#10526 = ORIENTED_EDGE('',*,*,#3637,.T.);
#10527 = ORIENTED_EDGE('',*,*,#10528,.T.);
#10528 = EDGE_CURVE('',#3619,#10529,#10531,.T.);
#10529 = VERTEX_POINT('',#10530);
#10530 = CARTESIAN_POINT('',(19.021231060606,12.523049242424,4.2));
#10531 = LINE('',#10532,#10533);
#10532 = CARTESIAN_POINT('',(19.021231060606,12.523049242424,4.7));
#10533 = VECTOR('',#10534,1.);
#10534 = DIRECTION('',(-0.,-0.,-1.));
#10535 = ORIENTED_EDGE('',*,*,#10536,.T.);
#10536 = EDGE_CURVE('',#10529,#10503,#10537,.T.);
#10537 = B_SPLINE_CURVE_WITH_KNOTS('',2,(#10538,#10539,#10540),
  .UNSPECIFIED.,.F.,.F.,(3,3),(0.,1.),.PIECEWISE_BEZIER_KNOTS.);
#10538 = CARTESIAN_POINT('',(19.021231060606,12.523049242424,4.2));
#10539 = CARTESIAN_POINT('',(19.395994318182,12.799090909091,4.2));
#10540 = CARTESIAN_POINT('',(20.113323863636,12.799090909091,4.2));
#10541 = ORIENTED_EDGE('',*,*,#10502,.F.);
#10542 = SURFACE_OF_LINEAR_EXTRUSION('',#10543,#10547);
#10543 = B_SPLINE_CURVE_WITH_KNOTS('',2,(#10544,#10545,#10546),
  .UNSPECIFIED.,.F.,.F.,(3,3),(0.,1.),.PIECEWISE_BEZIER_KNOTS.);
#10544 = CARTESIAN_POINT('',(19.021231060606,12.523049242424,4.7));
#10545 = CARTESIAN_POINT('',(19.395994318182,12.799090909091,4.7));
#10546 = CARTESIAN_POINT('',(20.113323863636,12.799090909091,4.7));
#10547 = VECTOR('',#10548,1.);
#10548 = DIRECTION('',(0.,0.,1.));
#10549 = ADVANCED_FACE('',(#10550),#10568,.T.);
#10550 = FACE_BOUND('',#10551,.T.);
#10551 = EDGE_LOOP('',(#10552,#10553,#10561,#10567));
#10552 = ORIENTED_EDGE('',*,*,#3618,.T.);
#10553 = ORIENTED_EDGE('',*,*,#10554,.T.);
#10554 = EDGE_CURVE('',#3608,#10555,#10557,.T.);
#10555 = VERTEX_POINT('',#10556);
#10556 = CARTESIAN_POINT('',(18.646704545455,11.720018939394,4.2));
#10557 = LINE('',#10558,#10559);
#10558 = CARTESIAN_POINT('',(18.646704545455,11.720018939394,4.7));
#10559 = VECTOR('',#10560,1.);
#10560 = DIRECTION('',(-0.,-0.,-1.));
#10561 = ORIENTED_EDGE('',*,*,#10562,.T.);
#10562 = EDGE_CURVE('',#10555,#10529,#10563,.T.);
#10563 = B_SPLINE_CURVE_WITH_KNOTS('',2,(#10564,#10565,#10566),
  .UNSPECIFIED.,.F.,.F.,(3,3),(0.,1.),.PIECEWISE_BEZIER_KNOTS.);
#10564 = CARTESIAN_POINT('',(18.646704545455,11.720018939394,4.2));
#10565 = CARTESIAN_POINT('',(18.646704545455,12.247244318182,4.2));
#10566 = CARTESIAN_POINT('',(19.021231060606,12.523049242424,4.2));
#10567 = ORIENTED_EDGE('',*,*,#10528,.F.);
#10568 = SURFACE_OF_LINEAR_EXTRUSION('',#10569,#10573);
#10569 = B_SPLINE_CURVE_WITH_KNOTS('',2,(#10570,#10571,#10572),
  .UNSPECIFIED.,.F.,.F.,(3,3),(0.,1.),.PIECEWISE_BEZIER_KNOTS.);
#10570 = CARTESIAN_POINT('',(18.646704545455,11.720018939394,4.7));
#10571 = CARTESIAN_POINT('',(18.646704545455,12.247244318182,4.7));
#10572 = CARTESIAN_POINT('',(19.021231060606,12.523049242424,4.7));
#10573 = VECTOR('',#10574,1.);
#10574 = DIRECTION('',(0.,0.,1.));
#10575 = ADVANCED_FACE('',(#10576),#10594,.T.);
#10576 = FACE_BOUND('',#10577,.T.);
#10577 = EDGE_LOOP('',(#10578,#10579,#10587,#10593));
#10578 = ORIENTED_EDGE('',*,*,#3607,.T.);
#10579 = ORIENTED_EDGE('',*,*,#10580,.T.);
#10580 = EDGE_CURVE('',#3597,#10581,#10583,.T.);
#10581 = VERTEX_POINT('',#10582);
#10582 = CARTESIAN_POINT('',(18.778096590909,11.239195075758,4.2));
#10583 = LINE('',#10584,#10585);
#10584 = CARTESIAN_POINT('',(18.778096590909,11.239195075758,4.7));
#10585 = VECTOR('',#10586,1.);
#10586 = DIRECTION('',(-0.,-0.,-1.));
#10587 = ORIENTED_EDGE('',*,*,#10588,.T.);
#10588 = EDGE_CURVE('',#10581,#10555,#10589,.T.);
#10589 = B_SPLINE_CURVE_WITH_KNOTS('',2,(#10590,#10591,#10592),
  .UNSPECIFIED.,.F.,.F.,(3,3),(0.,1.),.PIECEWISE_BEZIER_KNOTS.);
#10590 = CARTESIAN_POINT('',(18.778096590909,11.239195075758,4.2));
#10591 = CARTESIAN_POINT('',(18.646704545455,11.43521780303,4.2));
#10592 = CARTESIAN_POINT('',(18.646704545455,11.720018939394,4.2));
#10593 = ORIENTED_EDGE('',*,*,#10554,.F.);
#10594 = SURFACE_OF_LINEAR_EXTRUSION('',#10595,#10599);
#10595 = B_SPLINE_CURVE_WITH_KNOTS('',2,(#10596,#10597,#10598),
  .UNSPECIFIED.,.F.,.F.,(3,3),(0.,1.),.PIECEWISE_BEZIER_KNOTS.);
#10596 = CARTESIAN_POINT('',(18.778096590909,11.239195075758,4.7));
#10597 = CARTESIAN_POINT('',(18.646704545455,11.43521780303,4.7));
#10598 = CARTESIAN_POINT('',(18.646704545455,11.720018939394,4.7));
#10599 = VECTOR('',#10600,1.);
#10600 = DIRECTION('',(0.,0.,1.));
#10601 = ADVANCED_FACE('',(#10602),#10620,.T.);
#10602 = FACE_BOUND('',#10603,.T.);
#10603 = EDGE_LOOP('',(#10604,#10605,#10613,#10619));
#10604 = ORIENTED_EDGE('',*,*,#3596,.T.);
#10605 = ORIENTED_EDGE('',*,*,#10606,.T.);
#10606 = EDGE_CURVE('',#3584,#10607,#10609,.T.);
#10607 = VERTEX_POINT('',#10608);
#10608 = CARTESIAN_POINT('',(19.14196969697,10.906335227273,4.2));
#10609 = LINE('',#10610,#10611);
#10610 = CARTESIAN_POINT('',(19.14196969697,10.906335227273,4.7));
#10611 = VECTOR('',#10612,1.);
#10612 = DIRECTION('',(-0.,-0.,-1.));
#10613 = ORIENTED_EDGE('',*,*,#10614,.T.);
#10614 = EDGE_CURVE('',#10607,#10581,#10615,.T.);
#10615 = B_SPLINE_CURVE_WITH_KNOTS('',2,(#10616,#10617,#10618),
  .UNSPECIFIED.,.F.,.F.,(3,3),(0.,1.),.PIECEWISE_BEZIER_KNOTS.);
#10616 = CARTESIAN_POINT('',(19.14196969697,10.906335227273,4.2));
#10617 = CARTESIAN_POINT('',(18.909488636364,11.043409090909,4.2));
#10618 = CARTESIAN_POINT('',(18.778096590909,11.239195075758,4.2));
#10619 = ORIENTED_EDGE('',*,*,#10580,.F.);
#10620 = SURFACE_OF_LINEAR_EXTRUSION('',#10621,#10625);
#10621 = B_SPLINE_CURVE_WITH_KNOTS('',2,(#10622,#10623,#10624),
  .UNSPECIFIED.,.F.,.F.,(3,3),(0.,1.),.PIECEWISE_BEZIER_KNOTS.);
#10622 = CARTESIAN_POINT('',(19.14196969697,10.906335227273,4.7));
#10623 = CARTESIAN_POINT('',(18.909488636364,11.043409090909,4.7));
#10624 = CARTESIAN_POINT('',(18.778096590909,11.239195075758,4.7));
#10625 = VECTOR('',#10626,1.);
#10626 = DIRECTION('',(0.,0.,1.));
#10627 = ADVANCED_FACE('',(#10628),#10646,.T.);
#10628 = FACE_BOUND('',#10629,.T.);
#10629 = EDGE_LOOP('',(#10630,#10631,#10639,#10645));
#10630 = ORIENTED_EDGE('',*,*,#3583,.T.);
#10631 = ORIENTED_EDGE('',*,*,#10632,.T.);
#10632 = EDGE_CURVE('',#3576,#10633,#10635,.T.);
#10633 = VERTEX_POINT('',#10634);
#10634 = CARTESIAN_POINT('',(19.925113636364,10.626979166667,4.2));
#10635 = LINE('',#10636,#10637);
#10636 = CARTESIAN_POINT('',(19.925113636364,10.626979166667,4.7));
#10637 = VECTOR('',#10638,1.);
#10638 = DIRECTION('',(-0.,-0.,-1.));
#10639 = ORIENTED_EDGE('',*,*,#10640,.T.);
#10640 = EDGE_CURVE('',#10633,#10607,#10641,.T.);
#10641 = B_SPLINE_CURVE_WITH_KNOTS('',2,(#10642,#10643,#10644),
  .UNSPECIFIED.,.F.,.F.,(3,3),(0.,1.),.PIECEWISE_BEZIER_KNOTS.);
#10642 = CARTESIAN_POINT('',(19.925113636364,10.626979166667,4.2));
#10643 = CARTESIAN_POINT('',(19.3746875,10.769261363636,4.2));
#10644 = CARTESIAN_POINT('',(19.14196969697,10.906335227273,4.2));
#10645 = ORIENTED_EDGE('',*,*,#10606,.F.);
#10646 = SURFACE_OF_LINEAR_EXTRUSION('',#10647,#10651);
#10647 = B_SPLINE_CURVE_WITH_KNOTS('',2,(#10648,#10649,#10650),
  .UNSPECIFIED.,.F.,.F.,(3,3),(0.,1.),.PIECEWISE_BEZIER_KNOTS.);
#10648 = CARTESIAN_POINT('',(19.925113636364,10.626979166667,4.7));
#10649 = CARTESIAN_POINT('',(19.3746875,10.769261363636,4.7));
#10650 = CARTESIAN_POINT('',(19.14196969697,10.906335227273,4.7));
#10651 = VECTOR('',#10652,1.);
#10652 = DIRECTION('',(0.,0.,1.));
#10653 = ADVANCED_FACE('',(#10654),#10672,.T.);
#10654 = FACE_BOUND('',#10655,.T.);
#10655 = EDGE_LOOP('',(#10656,#10657,#10665,#10671));
#10656 = ORIENTED_EDGE('',*,*,#3575,.F.);
#10657 = ORIENTED_EDGE('',*,*,#10658,.T.);
#10658 = EDGE_CURVE('',#3564,#10659,#10661,.T.);
#10659 = VERTEX_POINT('',#10660);
#10660 = CARTESIAN_POINT('',(20.383210227273,10.505767045455,4.2));
#10661 = LINE('',#10662,#10663);
#10662 = CARTESIAN_POINT('',(20.383210227273,10.505767045455,4.7));
#10663 = VECTOR('',#10664,1.);
#10664 = DIRECTION('',(-0.,-0.,-1.));
#10665 = ORIENTED_EDGE('',*,*,#10666,.T.);
#10666 = EDGE_CURVE('',#10659,#10633,#10667,.T.);
#10667 = LINE('',#10668,#10669);
#10668 = CARTESIAN_POINT('',(20.383210227273,10.505767045455,4.2));
#10669 = VECTOR('',#10670,1.);
#10670 = DIRECTION('',(-0.966730667668,0.255796435062,0.));
#10671 = ORIENTED_EDGE('',*,*,#10632,.F.);
#10672 = PLANE('',#10673);
#10673 = AXIS2_PLACEMENT_3D('',#10674,#10675,#10676);
#10674 = CARTESIAN_POINT('',(20.383210227273,10.505767045455,4.7));
#10675 = DIRECTION('',(0.255796435062,0.966730667668,0.));
#10676 = DIRECTION('',(-0.966730667668,0.255796435062,0.));
#10677 = ADVANCED_FACE('',(#10678),#10696,.T.);
#10678 = FACE_BOUND('',#10679,.T.);
#10679 = EDGE_LOOP('',(#10680,#10681,#10689,#10695));
#10680 = ORIENTED_EDGE('',*,*,#3563,.T.);
#10681 = ORIENTED_EDGE('',*,*,#10682,.T.);
#10682 = EDGE_CURVE('',#3549,#10683,#10685,.T.);
#10683 = VERTEX_POINT('',#10684);
#10684 = CARTESIAN_POINT('',(20.887471590909,10.270681818182,4.2));
#10685 = LINE('',#10686,#10687);
#10686 = CARTESIAN_POINT('',(20.887471590909,10.270681818182,4.7));
#10687 = VECTOR('',#10688,1.);
#10688 = DIRECTION('',(-0.,-0.,-1.));
#10689 = ORIENTED_EDGE('',*,*,#10690,.T.);
#10690 = EDGE_CURVE('',#10683,#10659,#10691,.T.);
#10691 = B_SPLINE_CURVE_WITH_KNOTS('',2,(#10692,#10693,#10694),
  .UNSPECIFIED.,.F.,.F.,(3,3),(0.,1.),.PIECEWISE_BEZIER_KNOTS.);
#10692 = CARTESIAN_POINT('',(20.887471590909,10.270681818182,4.2));
#10693 = CARTESIAN_POINT('',(20.731221590909,10.413200757576,4.2));
#10694 = CARTESIAN_POINT('',(20.383210227273,10.505767045455,4.2));
#10695 = ORIENTED_EDGE('',*,*,#10658,.F.);
#10696 = SURFACE_OF_LINEAR_EXTRUSION('',#10697,#10701);
#10697 = B_SPLINE_CURVE_WITH_KNOTS('',2,(#10698,#10699,#10700),
  .UNSPECIFIED.,.F.,.F.,(3,3),(0.,1.),.PIECEWISE_BEZIER_KNOTS.);
#10698 = CARTESIAN_POINT('',(20.887471590909,10.270681818182,4.7));
#10699 = CARTESIAN_POINT('',(20.731221590909,10.413200757576,4.7));
#10700 = CARTESIAN_POINT('',(20.383210227273,10.505767045455,4.7));
#10701 = VECTOR('',#10702,1.);
#10702 = DIRECTION('',(0.,0.,1.));
#10703 = ADVANCED_FACE('',(#10704),#10722,.T.);
#10704 = FACE_BOUND('',#10705,.T.);
#10705 = EDGE_LOOP('',(#10706,#10707,#10715,#10721));
#10706 = ORIENTED_EDGE('',*,*,#3548,.T.);
#10707 = ORIENTED_EDGE('',*,*,#10708,.T.);
#10708 = EDGE_CURVE('',#3534,#10709,#10711,.T.);
#10709 = VERTEX_POINT('',#10710);
#10710 = CARTESIAN_POINT('',(21.043721590909,9.900416666667,4.2));
#10711 = LINE('',#10712,#10713);
#10712 = CARTESIAN_POINT('',(21.043721590909,9.900416666667,4.7));
#10713 = VECTOR('',#10714,1.);
#10714 = DIRECTION('',(-0.,-0.,-1.));
#10715 = ORIENTED_EDGE('',*,*,#10716,.T.);
#10716 = EDGE_CURVE('',#10709,#10683,#10717,.T.);
#10717 = B_SPLINE_CURVE_WITH_KNOTS('',2,(#10718,#10719,#10720),
  .UNSPECIFIED.,.F.,.F.,(3,3),(0.,1.),.PIECEWISE_BEZIER_KNOTS.);
#10718 = CARTESIAN_POINT('',(21.043721590909,9.900416666667,4.2));
#10719 = CARTESIAN_POINT('',(21.043721590909,10.128399621212,4.2));
#10720 = CARTESIAN_POINT('',(20.887471590909,10.270681818182,4.2));
#10721 = ORIENTED_EDGE('',*,*,#10682,.F.);
#10722 = SURFACE_OF_LINEAR_EXTRUSION('',#10723,#10727);
#10723 = B_SPLINE_CURVE_WITH_KNOTS('',2,(#10724,#10725,#10726),
  .UNSPECIFIED.,.F.,.F.,(3,3),(0.,1.),.PIECEWISE_BEZIER_KNOTS.);
#10724 = CARTESIAN_POINT('',(21.043721590909,9.900416666667,4.7));
#10725 = CARTESIAN_POINT('',(21.043721590909,10.128399621212,4.7));
#10726 = CARTESIAN_POINT('',(20.887471590909,10.270681818182,4.7));
#10727 = VECTOR('',#10728,1.);
#10728 = DIRECTION('',(0.,0.,1.));
#10729 = ADVANCED_FACE('',(#10730),#10748,.T.);
#10730 = FACE_BOUND('',#10731,.T.);
#10731 = EDGE_LOOP('',(#10732,#10733,#10741,#10747));
#10732 = ORIENTED_EDGE('',*,*,#3533,.T.);
#10733 = ORIENTED_EDGE('',*,*,#10734,.T.);
#10734 = EDGE_CURVE('',#3517,#10735,#10737,.T.);
#10735 = VERTEX_POINT('',#10736);
#10736 = CARTESIAN_POINT('',(20.818106060606,9.450606060606,4.2));
#10737 = LINE('',#10738,#10739);
#10738 = CARTESIAN_POINT('',(20.818106060606,9.450606060606,4.7));
#10739 = VECTOR('',#10740,1.);
#10740 = DIRECTION('',(-0.,-0.,-1.));
#10741 = ORIENTED_EDGE('',*,*,#10742,.T.);
#10742 = EDGE_CURVE('',#10735,#10709,#10743,.T.);
#10743 = B_SPLINE_CURVE_WITH_KNOTS('',2,(#10744,#10745,#10746),
  .UNSPECIFIED.,.F.,.F.,(3,3),(0.,1.),.PIECEWISE_BEZIER_KNOTS.);
#10744 = CARTESIAN_POINT('',(20.818106060606,9.450606060606,4.2));
#10745 = CARTESIAN_POINT('',(21.043721590909,9.600464015152,4.2));
#10746 = CARTESIAN_POINT('',(21.043721590909,9.900416666667,4.2));
#10747 = ORIENTED_EDGE('',*,*,#10708,.F.);
#10748 = SURFACE_OF_LINEAR_EXTRUSION('',#10749,#10753);
#10749 = B_SPLINE_CURVE_WITH_KNOTS('',2,(#10750,#10751,#10752),
  .UNSPECIFIED.,.F.,.F.,(3,3),(0.,1.),.PIECEWISE_BEZIER_KNOTS.);
#10750 = CARTESIAN_POINT('',(20.818106060606,9.450606060606,4.7));
#10751 = CARTESIAN_POINT('',(21.043721590909,9.600464015152,4.7));
#10752 = CARTESIAN_POINT('',(21.043721590909,9.900416666667,4.7));
#10753 = VECTOR('',#10754,1.);
#10754 = DIRECTION('',(0.,0.,1.));
#10755 = ADVANCED_FACE('',(#10756),#10774,.T.);
#10756 = FACE_BOUND('',#10757,.T.);
#10757 = EDGE_LOOP('',(#10758,#10759,#10767,#10773));
#10758 = ORIENTED_EDGE('',*,*,#3516,.T.);
#10759 = ORIENTED_EDGE('',*,*,#10760,.T.);
#10760 = EDGE_CURVE('',#3505,#10761,#10763,.T.);
#10761 = VERTEX_POINT('',#10762);
#10762 = CARTESIAN_POINT('',(20.106221590909,9.300748106061,4.2));
#10763 = LINE('',#10764,#10765);
#10764 = CARTESIAN_POINT('',(20.106221590909,9.300748106061,4.7));
#10765 = VECTOR('',#10766,1.);
#10766 = DIRECTION('',(-0.,-0.,-1.));
#10767 = ORIENTED_EDGE('',*,*,#10768,.T.);
#10768 = EDGE_CURVE('',#10761,#10735,#10769,.T.);
#10769 = B_SPLINE_CURVE_WITH_KNOTS('',2,(#10770,#10771,#10772),
  .UNSPECIFIED.,.F.,.F.,(3,3),(0.,1.),.PIECEWISE_BEZIER_KNOTS.);
#10770 = CARTESIAN_POINT('',(20.106221590909,9.300748106061,4.2));
#10771 = CARTESIAN_POINT('',(20.592727272727,9.300748106061,4.2));
#10772 = CARTESIAN_POINT('',(20.818106060606,9.450606060606,4.2));
#10773 = ORIENTED_EDGE('',*,*,#10734,.F.);
#10774 = SURFACE_OF_LINEAR_EXTRUSION('',#10775,#10779);
#10775 = B_SPLINE_CURVE_WITH_KNOTS('',2,(#10776,#10777,#10778),
  .UNSPECIFIED.,.F.,.F.,(3,3),(0.,1.),.PIECEWISE_BEZIER_KNOTS.);
#10776 = CARTESIAN_POINT('',(20.106221590909,9.300748106061,4.7));
#10777 = CARTESIAN_POINT('',(20.592727272727,9.300748106061,4.7));
#10778 = CARTESIAN_POINT('',(20.818106060606,9.450606060606,4.7));
#10779 = VECTOR('',#10780,1.);
#10780 = DIRECTION('',(0.,0.,1.));
#10781 = ADVANCED_FACE('',(#10782),#10800,.T.);
#10782 = FACE_BOUND('',#10783,.T.);
#10783 = EDGE_LOOP('',(#10784,#10785,#10793,#10799));
#10784 = ORIENTED_EDGE('',*,*,#3504,.T.);
#10785 = ORIENTED_EDGE('',*,*,#10786,.T.);
#10786 = EDGE_CURVE('',#3490,#10787,#10789,.T.);
#10787 = VERTEX_POINT('',#10788);
#10788 = CARTESIAN_POINT('',(19.395994318182,9.444450757576,4.2));
#10789 = LINE('',#10790,#10791);
#10790 = CARTESIAN_POINT('',(19.395994318182,9.444450757576,4.7));
#10791 = VECTOR('',#10792,1.);
#10792 = DIRECTION('',(-0.,-0.,-1.));
#10793 = ORIENTED_EDGE('',*,*,#10794,.T.);
#10794 = EDGE_CURVE('',#10787,#10761,#10795,.T.);
#10795 = B_SPLINE_CURVE_WITH_KNOTS('',2,(#10796,#10797,#10798),
  .UNSPECIFIED.,.F.,.F.,(3,3),(0.,1.),.PIECEWISE_BEZIER_KNOTS.);
#10796 = CARTESIAN_POINT('',(19.395994318182,9.444450757576,4.2));
#10797 = CARTESIAN_POINT('',(19.651676136364,9.300748106061,4.2));
#10798 = CARTESIAN_POINT('',(20.106221590909,9.300748106061,4.2));
#10799 = ORIENTED_EDGE('',*,*,#10760,.F.);
#10800 = SURFACE_OF_LINEAR_EXTRUSION('',#10801,#10805);
#10801 = B_SPLINE_CURVE_WITH_KNOTS('',2,(#10802,#10803,#10804),
  .UNSPECIFIED.,.F.,.F.,(3,3),(0.,1.),.PIECEWISE_BEZIER_KNOTS.);
#10802 = CARTESIAN_POINT('',(19.395994318182,9.444450757576,4.7));
#10803 = CARTESIAN_POINT('',(19.651676136364,9.300748106061,4.7));
#10804 = CARTESIAN_POINT('',(20.106221590909,9.300748106061,4.7));
#10805 = VECTOR('',#10806,1.);
#10806 = DIRECTION('',(0.,0.,1.));
#10807 = ADVANCED_FACE('',(#10808),#10826,.T.);
#10808 = FACE_BOUND('',#10809,.T.);
#10809 = EDGE_LOOP('',(#10810,#10811,#10819,#10825));
#10810 = ORIENTED_EDGE('',*,*,#3489,.T.);
#10811 = ORIENTED_EDGE('',*,*,#10812,.T.);
#10812 = EDGE_CURVE('',#3482,#10813,#10815,.T.);
#10813 = VERTEX_POINT('',#10814);
#10814 = CARTESIAN_POINT('',(19.058636363636,9.897339015152,4.2));
#10815 = LINE('',#10816,#10817);
#10816 = CARTESIAN_POINT('',(19.058636363636,9.897339015152,4.7));
#10817 = VECTOR('',#10818,1.);
#10818 = DIRECTION('',(-0.,-0.,-1.));
#10819 = ORIENTED_EDGE('',*,*,#10820,.T.);
#10820 = EDGE_CURVE('',#10813,#10787,#10821,.T.);
#10821 = B_SPLINE_CURVE_WITH_KNOTS('',2,(#10822,#10823,#10824),
  .UNSPECIFIED.,.F.,.F.,(3,3),(0.,1.),.PIECEWISE_BEZIER_KNOTS.);
#10822 = CARTESIAN_POINT('',(19.058636363636,9.897339015152,4.2));
#10823 = CARTESIAN_POINT('',(19.1403125,9.588390151515,4.2));
#10824 = CARTESIAN_POINT('',(19.395994318182,9.444450757576,4.2));
#10825 = ORIENTED_EDGE('',*,*,#10786,.F.);
#10826 = SURFACE_OF_LINEAR_EXTRUSION('',#10827,#10831);
#10827 = B_SPLINE_CURVE_WITH_KNOTS('',2,(#10828,#10829,#10830),
  .UNSPECIFIED.,.F.,.F.,(3,3),(0.,1.),.PIECEWISE_BEZIER_KNOTS.);
#10828 = CARTESIAN_POINT('',(19.058636363636,9.897339015152,4.7));
#10829 = CARTESIAN_POINT('',(19.1403125,9.588390151515,4.7));
#10830 = CARTESIAN_POINT('',(19.395994318182,9.444450757576,4.7));
#10831 = VECTOR('',#10832,1.);
#10832 = DIRECTION('',(0.,0.,1.));
#10833 = ADVANCED_FACE('',(#10834),#10852,.T.);
#10834 = FACE_BOUND('',#10835,.T.);
#10835 = EDGE_LOOP('',(#10836,#10837,#10845,#10851));
#10836 = ORIENTED_EDGE('',*,*,#3481,.F.);
#10837 = ORIENTED_EDGE('',*,*,#10838,.T.);
#10838 = EDGE_CURVE('',#3465,#10839,#10841,.T.);
#10839 = VERTEX_POINT('',#10840);
#10840 = CARTESIAN_POINT('',(18.494005681818,9.787253787879,4.2));
#10841 = LINE('',#10842,#10843);
#10842 = CARTESIAN_POINT('',(18.494005681818,9.787253787879,4.7));
#10843 = VECTOR('',#10844,1.);
#10844 = DIRECTION('',(-0.,-0.,-1.));
#10845 = ORIENTED_EDGE('',*,*,#10846,.T.);
#10846 = EDGE_CURVE('',#10839,#10813,#10847,.T.);
#10847 = LINE('',#10848,#10849);
#10848 = CARTESIAN_POINT('',(18.494005681818,9.787253787879,4.2));
#10849 = VECTOR('',#10850,1.);
#10850 = DIRECTION('',(0.981518881938,0.191365316604,0.));
#10851 = ORIENTED_EDGE('',*,*,#10812,.F.);
#10852 = PLANE('',#10853);
#10853 = AXIS2_PLACEMENT_3D('',#10854,#10855,#10856);
#10854 = CARTESIAN_POINT('',(18.494005681818,9.787253787879,4.7));
#10855 = DIRECTION('',(0.191365316604,-0.981518881938,0.));
#10856 = DIRECTION('',(0.981518881938,0.191365316604,0.));
#10857 = ADVANCED_FACE('',(#10858),#10876,.T.);
#10858 = FACE_BOUND('',#10859,.T.);
#10859 = EDGE_LOOP('',(#10860,#10861,#10869,#10875));
#10860 = ORIENTED_EDGE('',*,*,#3464,.T.);
#10861 = ORIENTED_EDGE('',*,*,#10862,.T.);
#10862 = EDGE_CURVE('',#3448,#10863,#10865,.T.);
#10863 = VERTEX_POINT('',#10864);
#10864 = CARTESIAN_POINT('',(18.999924242424,9.050274621212,4.2));
#10865 = LINE('',#10866,#10867);
#10866 = CARTESIAN_POINT('',(18.999924242424,9.050274621212,4.7));
#10867 = VECTOR('',#10868,1.);
#10868 = DIRECTION('',(-0.,-0.,-1.));
#10869 = ORIENTED_EDGE('',*,*,#10870,.T.);
#10870 = EDGE_CURVE('',#10863,#10839,#10871,.T.);
#10871 = B_SPLINE_CURVE_WITH_KNOTS('',2,(#10872,#10873,#10874),
  .UNSPECIFIED.,.F.,.F.,(3,3),(0.,1.),.PIECEWISE_BEZIER_KNOTS.);
#10872 = CARTESIAN_POINT('',(18.999924242424,9.050274621212,4.2));
#10873 = CARTESIAN_POINT('',(18.611193181818,9.286543560606,4.2));
#10874 = CARTESIAN_POINT('',(18.494005681818,9.787253787879,4.2));
#10875 = ORIENTED_EDGE('',*,*,#10838,.F.);
#10876 = SURFACE_OF_LINEAR_EXTRUSION('',#10877,#10881);
#10877 = B_SPLINE_CURVE_WITH_KNOTS('',2,(#10878,#10879,#10880),
  .UNSPECIFIED.,.F.,.F.,(3,3),(0.,1.),.PIECEWISE_BEZIER_KNOTS.);
#10878 = CARTESIAN_POINT('',(18.999924242424,9.050274621212,4.7));
#10879 = CARTESIAN_POINT('',(18.611193181818,9.286543560606,4.7));
#10880 = CARTESIAN_POINT('',(18.494005681818,9.787253787879,4.7));
#10881 = VECTOR('',#10882,1.);
#10882 = DIRECTION('',(0.,0.,1.));
#10883 = ADVANCED_FACE('',(#10884),#10902,.T.);
#10884 = FACE_BOUND('',#10885,.T.);
#10885 = EDGE_LOOP('',(#10886,#10887,#10895,#10901));
#10886 = ORIENTED_EDGE('',*,*,#3447,.T.);
#10887 = ORIENTED_EDGE('',*,*,#10888,.T.);
#10888 = EDGE_CURVE('',#3431,#10889,#10891,.T.);
#10889 = VERTEX_POINT('',#10890);
#10890 = CARTESIAN_POINT('',(20.106221590909,8.814242424242,4.2));
#10891 = LINE('',#10892,#10893);
#10892 = CARTESIAN_POINT('',(20.106221590909,8.814242424242,4.7));
#10893 = VECTOR('',#10894,1.);
#10894 = DIRECTION('',(-0.,-0.,-1.));
#10895 = ORIENTED_EDGE('',*,*,#10896,.T.);
#10896 = EDGE_CURVE('',#10889,#10863,#10897,.T.);
#10897 = B_SPLINE_CURVE_WITH_KNOTS('',2,(#10898,#10899,#10900),
  .UNSPECIFIED.,.F.,.F.,(3,3),(0.,1.),.PIECEWISE_BEZIER_KNOTS.);
#10898 = CARTESIAN_POINT('',(20.106221590909,8.814242424242,4.2));
#10899 = CARTESIAN_POINT('',(19.388892045455,8.814242424242,4.2));
#10900 = CARTESIAN_POINT('',(18.999924242424,9.050274621212,4.2));
#10901 = ORIENTED_EDGE('',*,*,#10862,.F.);
#10902 = SURFACE_OF_LINEAR_EXTRUSION('',#10903,#10907);
#10903 = B_SPLINE_CURVE_WITH_KNOTS('',2,(#10904,#10905,#10906),
  .UNSPECIFIED.,.F.,.F.,(3,3),(0.,1.),.PIECEWISE_BEZIER_KNOTS.);
#10904 = CARTESIAN_POINT('',(20.106221590909,8.814242424242,4.7));
#10905 = CARTESIAN_POINT('',(19.388892045455,8.814242424242,4.7));
#10906 = CARTESIAN_POINT('',(18.999924242424,9.050274621212,4.7));
#10907 = VECTOR('',#10908,1.);
#10908 = DIRECTION('',(0.,0.,1.));
#10909 = ADVANCED_FACE('',(#10910),#10921,.T.);
#10910 = FACE_BOUND('',#10911,.T.);
#10911 = EDGE_LOOP('',(#10912,#10913,#10914,#10920));
#10912 = ORIENTED_EDGE('',*,*,#3430,.T.);
#10913 = ORIENTED_EDGE('',*,*,#10149,.T.);
#10914 = ORIENTED_EDGE('',*,*,#10915,.T.);
#10915 = EDGE_CURVE('',#10142,#10889,#10916,.T.);
#10916 = B_SPLINE_CURVE_WITH_KNOTS('',2,(#10917,#10918,#10919),
  .UNSPECIFIED.,.F.,.F.,(3,3),(0.,1.),.PIECEWISE_BEZIER_KNOTS.);
#10917 = CARTESIAN_POINT('',(21.254895833333,9.109696969697,4.2));
#10918 = CARTESIAN_POINT('',(20.844857954545,8.814242424242,4.2));
#10919 = CARTESIAN_POINT('',(20.106221590909,8.814242424242,4.2));
#10920 = ORIENTED_EDGE('',*,*,#10888,.F.);
#10921 = SURFACE_OF_LINEAR_EXTRUSION('',#10922,#10926);
#10922 = B_SPLINE_CURVE_WITH_KNOTS('',2,(#10923,#10924,#10925),
  .UNSPECIFIED.,.F.,.F.,(3,3),(0.,1.),.PIECEWISE_BEZIER_KNOTS.);
#10923 = CARTESIAN_POINT('',(21.254895833333,9.109696969697,4.7));
#10924 = CARTESIAN_POINT('',(20.844857954545,8.814242424242,4.7));
#10925 = CARTESIAN_POINT('',(20.106221590909,8.814242424242,4.7));
#10926 = VECTOR('',#10927,1.);
#10927 = DIRECTION('',(0.,0.,1.));
#10928 = ADVANCED_FACE('',(#10929),#10954,.T.);
#10929 = FACE_BOUND('',#10930,.T.);
#10930 = EDGE_LOOP('',(#10931,#10932,#10940,#10948));
#10931 = ORIENTED_EDGE('',*,*,#3839,.T.);
#10932 = ORIENTED_EDGE('',*,*,#10933,.T.);
#10933 = EDGE_CURVE('',#3842,#10934,#10936,.T.);
#10934 = VERTEX_POINT('',#10935);
#10935 = CARTESIAN_POINT('',(25.667301136364,10.81021780303,4.2));
#10936 = LINE('',#10937,#10938);
#10937 = CARTESIAN_POINT('',(25.667301136364,10.81021780303,4.7));
#10938 = VECTOR('',#10939,1.);
#10939 = DIRECTION('',(-0.,-0.,-1.));
#10940 = ORIENTED_EDGE('',*,*,#10941,.T.);
#10941 = EDGE_CURVE('',#10934,#10942,#10944,.T.);
#10942 = VERTEX_POINT('',#10943);
#10943 = CARTESIAN_POINT('',(25.223409090909,9.307850378788,4.2));
#10944 = B_SPLINE_CURVE_WITH_KNOTS('',2,(#10945,#10946,#10947),
  .UNSPECIFIED.,.F.,.F.,(3,3),(0.,1.),.PIECEWISE_BEZIER_KNOTS.);
#10945 = CARTESIAN_POINT('',(25.667301136364,10.81021780303,4.2));
#10946 = CARTESIAN_POINT('',(25.667301136364,9.801458333333,4.2));
#10947 = CARTESIAN_POINT('',(25.223409090909,9.307850378788,4.2));
#10948 = ORIENTED_EDGE('',*,*,#10949,.F.);
#10949 = EDGE_CURVE('',#3840,#10942,#10950,.T.);
#10950 = LINE('',#10951,#10952);
#10951 = CARTESIAN_POINT('',(25.223409090909,9.307850378788,4.7));
#10952 = VECTOR('',#10953,1.);
#10953 = DIRECTION('',(-0.,-0.,-1.));
#10954 = SURFACE_OF_LINEAR_EXTRUSION('',#10955,#10959);
#10955 = B_SPLINE_CURVE_WITH_KNOTS('',2,(#10956,#10957,#10958),
  .UNSPECIFIED.,.F.,.F.,(3,3),(0.,1.),.PIECEWISE_BEZIER_KNOTS.);
#10956 = CARTESIAN_POINT('',(25.667301136364,10.81021780303,4.7));
#10957 = CARTESIAN_POINT('',(25.667301136364,9.801458333333,4.7));
#10958 = CARTESIAN_POINT('',(25.223409090909,9.307850378788,4.7));
#10959 = VECTOR('',#10960,1.);
#10960 = DIRECTION('',(0.,0.,1.));
#10961 = ADVANCED_FACE('',(#10962),#10980,.T.);
#10962 = FACE_BOUND('',#10963,.T.);
#10963 = EDGE_LOOP('',(#10964,#10965,#10973,#10979));
#10964 = ORIENTED_EDGE('',*,*,#4000,.T.);
#10965 = ORIENTED_EDGE('',*,*,#10966,.T.);
#10966 = EDGE_CURVE('',#3974,#10967,#10969,.T.);
#10967 = VERTEX_POINT('',#10968);
#10968 = CARTESIAN_POINT('',(25.251818181818,12.314242424242,4.2));
#10969 = LINE('',#10970,#10971);
#10970 = CARTESIAN_POINT('',(25.251818181818,12.314242424242,4.7));
#10971 = VECTOR('',#10972,1.);
#10972 = DIRECTION('',(-0.,-0.,-1.));
#10973 = ORIENTED_EDGE('',*,*,#10974,.T.);
#10974 = EDGE_CURVE('',#10967,#10934,#10975,.T.);
#10975 = B_SPLINE_CURVE_WITH_KNOTS('',2,(#10976,#10977,#10978),
  .UNSPECIFIED.,.F.,.F.,(3,3),(0.,1.),.PIECEWISE_BEZIER_KNOTS.);
#10976 = CARTESIAN_POINT('',(25.251818181818,12.314242424242,4.2));
#10977 = CARTESIAN_POINT('',(25.667301136364,11.829630681818,4.2));
#10978 = CARTESIAN_POINT('',(25.667301136364,10.81021780303,4.2));
#10979 = ORIENTED_EDGE('',*,*,#10933,.F.);
#10980 = SURFACE_OF_LINEAR_EXTRUSION('',#10981,#10985);
#10981 = B_SPLINE_CURVE_WITH_KNOTS('',2,(#10982,#10983,#10984),
  .UNSPECIFIED.,.F.,.F.,(3,3),(0.,1.),.PIECEWISE_BEZIER_KNOTS.);
#10982 = CARTESIAN_POINT('',(25.251818181818,12.314242424242,4.7));
#10983 = CARTESIAN_POINT('',(25.667301136364,11.829630681818,4.7));
#10984 = CARTESIAN_POINT('',(25.667301136364,10.81021780303,4.7));
#10985 = VECTOR('',#10986,1.);
#10986 = DIRECTION('',(0.,0.,1.));
#10987 = ADVANCED_FACE('',(#10988),#11006,.T.);
#10988 = FACE_BOUND('',#10989,.T.);
#10989 = EDGE_LOOP('',(#10990,#10991,#10999,#11005));
#10990 = ORIENTED_EDGE('',*,*,#3973,.T.);
#10991 = ORIENTED_EDGE('',*,*,#10992,.T.);
#10992 = EDGE_CURVE('',#3932,#10993,#10995,.T.);
#10993 = VERTEX_POINT('',#10994);
#10994 = CARTESIAN_POINT('',(23.955653409091,12.799090909091,4.2));
#10995 = LINE('',#10996,#10997);
#10996 = CARTESIAN_POINT('',(23.955653409091,12.799090909091,4.7));
#10997 = VECTOR('',#10998,1.);
#10998 = DIRECTION('',(-0.,-0.,-1.));
#10999 = ORIENTED_EDGE('',*,*,#11000,.T.);
#11000 = EDGE_CURVE('',#10993,#10967,#11001,.T.);
#11001 = B_SPLINE_CURVE_WITH_KNOTS('',2,(#11002,#11003,#11004),
  .UNSPECIFIED.,.F.,.F.,(3,3),(0.,1.),.PIECEWISE_BEZIER_KNOTS.);
#11002 = CARTESIAN_POINT('',(23.955653409091,12.799090909091,4.2));
#11003 = CARTESIAN_POINT('',(24.836335227273,12.799090909091,4.2));
#11004 = CARTESIAN_POINT('',(25.251818181818,12.314242424242,4.2));
#11005 = ORIENTED_EDGE('',*,*,#10966,.F.);
#11006 = SURFACE_OF_LINEAR_EXTRUSION('',#11007,#11011);
#11007 = B_SPLINE_CURVE_WITH_KNOTS('',2,(#11008,#11009,#11010),
  .UNSPECIFIED.,.F.,.F.,(3,3),(0.,1.),.PIECEWISE_BEZIER_KNOTS.);
#11008 = CARTESIAN_POINT('',(23.955653409091,12.799090909091,4.7));
#11009 = CARTESIAN_POINT('',(24.836335227273,12.799090909091,4.7));
#11010 = CARTESIAN_POINT('',(25.251818181818,12.314242424242,4.7));
#11011 = VECTOR('',#11012,1.);
#11012 = DIRECTION('',(0.,0.,1.));
#11013 = ADVANCED_FACE('',(#11014),#11032,.T.);
#11014 = FACE_BOUND('',#11015,.T.);
#11015 = EDGE_LOOP('',(#11016,#11017,#11025,#11031));
#11016 = ORIENTED_EDGE('',*,*,#3931,.T.);
#11017 = ORIENTED_EDGE('',*,*,#11018,.T.);
#11018 = EDGE_CURVE('',#3910,#11019,#11021,.T.);
#11019 = VERTEX_POINT('',#11020);
#11020 = CARTESIAN_POINT('',(22.233352272727,10.81021780303,4.2));
#11021 = LINE('',#11022,#11023);
#11022 = CARTESIAN_POINT('',(22.233352272727,10.81021780303,4.7));
#11023 = VECTOR('',#11024,1.);
#11024 = DIRECTION('',(-0.,-0.,-1.));
#11025 = ORIENTED_EDGE('',*,*,#11026,.T.);
#11026 = EDGE_CURVE('',#11019,#10993,#11027,.T.);
#11027 = B_SPLINE_CURVE_WITH_KNOTS('',2,(#11028,#11029,#11030),
  .UNSPECIFIED.,.F.,.F.,(3,3),(0.,1.),.PIECEWISE_BEZIER_KNOTS.);
#11028 = CARTESIAN_POINT('',(22.233352272727,10.81021780303,4.2));
#11029 = CARTESIAN_POINT('',(22.233352272727,12.799090909091,4.2));
#11030 = CARTESIAN_POINT('',(23.955653409091,12.799090909091,4.2));
#11031 = ORIENTED_EDGE('',*,*,#10992,.F.);
#11032 = SURFACE_OF_LINEAR_EXTRUSION('',#11033,#11037);
#11033 = B_SPLINE_CURVE_WITH_KNOTS('',2,(#11034,#11035,#11036),
  .UNSPECIFIED.,.F.,.F.,(3,3),(0.,1.),.PIECEWISE_BEZIER_KNOTS.);
#11034 = CARTESIAN_POINT('',(22.233352272727,10.81021780303,4.7));
#11035 = CARTESIAN_POINT('',(22.233352272727,12.799090909091,4.7));
#11036 = CARTESIAN_POINT('',(23.955653409091,12.799090909091,4.7));
#11037 = VECTOR('',#11038,1.);
#11038 = DIRECTION('',(0.,0.,1.));
#11039 = ADVANCED_FACE('',(#11040),#11058,.T.);
#11040 = FACE_BOUND('',#11041,.T.);
#11041 = EDGE_LOOP('',(#11042,#11043,#11051,#11057));
#11042 = ORIENTED_EDGE('',*,*,#3909,.T.);
#11043 = ORIENTED_EDGE('',*,*,#11044,.T.);
#11044 = EDGE_CURVE('',#3887,#11045,#11047,.T.);
#11045 = VERTEX_POINT('',#11046);
#11046 = CARTESIAN_POINT('',(22.663039772727,9.3275,4.2));
#11047 = LINE('',#11048,#11049);
#11048 = CARTESIAN_POINT('',(22.663039772727,9.3275,4.7));
#11049 = VECTOR('',#11050,1.);
#11050 = DIRECTION('',(-0.,-0.,-1.));
#11051 = ORIENTED_EDGE('',*,*,#11052,.T.);
#11052 = EDGE_CURVE('',#11045,#11019,#11053,.T.);
#11053 = B_SPLINE_CURVE_WITH_KNOTS('',2,(#11054,#11055,#11056),
  .UNSPECIFIED.,.F.,.F.,(3,3),(0.,1.),.PIECEWISE_BEZIER_KNOTS.);
#11054 = CARTESIAN_POINT('',(22.663039772727,9.3275,4.2));
#11055 = CARTESIAN_POINT('',(22.233352272727,9.840757575758,4.2));
#11056 = CARTESIAN_POINT('',(22.233352272727,10.81021780303,4.2));
#11057 = ORIENTED_EDGE('',*,*,#11018,.F.);
#11058 = SURFACE_OF_LINEAR_EXTRUSION('',#11059,#11063);
#11059 = B_SPLINE_CURVE_WITH_KNOTS('',2,(#11060,#11061,#11062),
  .UNSPECIFIED.,.F.,.F.,(3,3),(0.,1.),.PIECEWISE_BEZIER_KNOTS.);
#11060 = CARTESIAN_POINT('',(22.663039772727,9.3275,4.7));
#11061 = CARTESIAN_POINT('',(22.233352272727,9.840757575758,4.7));
#11062 = CARTESIAN_POINT('',(22.233352272727,10.81021780303,4.7));
#11063 = VECTOR('',#11064,1.);
#11064 = DIRECTION('',(0.,0.,1.));
#11065 = ADVANCED_FACE('',(#11066),#11084,.T.);
#11066 = FACE_BOUND('',#11067,.T.);
#11067 = EDGE_LOOP('',(#11068,#11069,#11077,#11083));
#11068 = ORIENTED_EDGE('',*,*,#3886,.T.);
#11069 = ORIENTED_EDGE('',*,*,#11070,.T.);
#11070 = EDGE_CURVE('',#3864,#11071,#11073,.T.);
#11071 = VERTEX_POINT('',#11072);
#11072 = CARTESIAN_POINT('',(23.934346590909,8.814242424242,4.2));
#11073 = LINE('',#11074,#11075);
#11074 = CARTESIAN_POINT('',(23.934346590909,8.814242424242,4.7));
#11075 = VECTOR('',#11076,1.);
#11076 = DIRECTION('',(-0.,-0.,-1.));
#11077 = ORIENTED_EDGE('',*,*,#11078,.T.);
#11078 = EDGE_CURVE('',#11071,#11045,#11079,.T.);
#11079 = B_SPLINE_CURVE_WITH_KNOTS('',2,(#11080,#11081,#11082),
  .UNSPECIFIED.,.F.,.F.,(3,3),(0.,1.),.PIECEWISE_BEZIER_KNOTS.);
#11080 = CARTESIAN_POINT('',(23.934346590909,8.814242424242,4.2));
#11081 = CARTESIAN_POINT('',(23.092727272727,8.814242424242,4.2));
#11082 = CARTESIAN_POINT('',(22.663039772727,9.3275,4.2));
#11083 = ORIENTED_EDGE('',*,*,#11044,.F.);
#11084 = SURFACE_OF_LINEAR_EXTRUSION('',#11085,#11089);
#11085 = B_SPLINE_CURVE_WITH_KNOTS('',2,(#11086,#11087,#11088),
  .UNSPECIFIED.,.F.,.F.,(3,3),(0.,1.),.PIECEWISE_BEZIER_KNOTS.);
#11086 = CARTESIAN_POINT('',(23.934346590909,8.814242424242,4.7));
#11087 = CARTESIAN_POINT('',(23.092727272727,8.814242424242,4.7));
#11088 = CARTESIAN_POINT('',(22.663039772727,9.3275,4.7));
#11089 = VECTOR('',#11090,1.);
#11090 = DIRECTION('',(0.,0.,1.));
#11091 = ADVANCED_FACE('',(#11092),#11103,.T.);
#11092 = FACE_BOUND('',#11093,.T.);
#11093 = EDGE_LOOP('',(#11094,#11095,#11096,#11102));
#11094 = ORIENTED_EDGE('',*,*,#3863,.T.);
#11095 = ORIENTED_EDGE('',*,*,#10949,.T.);
#11096 = ORIENTED_EDGE('',*,*,#11097,.T.);
#11097 = EDGE_CURVE('',#10942,#11071,#11098,.T.);
#11098 = B_SPLINE_CURVE_WITH_KNOTS('',2,(#11099,#11100,#11101),
  .UNSPECIFIED.,.F.,.F.,(3,3),(0.,1.),.PIECEWISE_BEZIER_KNOTS.);
#11099 = CARTESIAN_POINT('',(25.223409090909,9.307850378788,4.2));
#11100 = CARTESIAN_POINT('',(24.779517045455,8.814242424242,4.2));
#11101 = CARTESIAN_POINT('',(23.934346590909,8.814242424242,4.2));
#11102 = ORIENTED_EDGE('',*,*,#11070,.F.);
#11103 = SURFACE_OF_LINEAR_EXTRUSION('',#11104,#11108);
#11104 = B_SPLINE_CURVE_WITH_KNOTS('',2,(#11105,#11106,#11107),
  .UNSPECIFIED.,.F.,.F.,(3,3),(0.,1.),.PIECEWISE_BEZIER_KNOTS.);
#11105 = CARTESIAN_POINT('',(25.223409090909,9.307850378788,4.7));
#11106 = CARTESIAN_POINT('',(24.779517045455,8.814242424242,4.7));
#11107 = CARTESIAN_POINT('',(23.934346590909,8.814242424242,4.7));
#11108 = VECTOR('',#11109,1.);
#11109 = DIRECTION('',(0.,0.,1.));
#11110 = ADVANCED_FACE('',(#11111),#11136,.T.);
#11111 = FACE_BOUND('',#11112,.T.);
#11112 = EDGE_LOOP('',(#11113,#11114,#11122,#11130));
#11113 = ORIENTED_EDGE('',*,*,#4022,.F.);
#11114 = ORIENTED_EDGE('',*,*,#11115,.T.);
#11115 = EDGE_CURVE('',#4023,#11116,#11118,.T.);
#11116 = VERTEX_POINT('',#11117);
#11117 = CARTESIAN_POINT('',(27.116875,8.89,4.2));
#11118 = LINE('',#11119,#11120);
#11119 = CARTESIAN_POINT('',(27.116875,8.89,4.7));
#11120 = VECTOR('',#11121,1.);
#11121 = DIRECTION('',(-0.,-0.,-1.));
#11122 = ORIENTED_EDGE('',*,*,#11123,.T.);
#11123 = EDGE_CURVE('',#11116,#11124,#11126,.T.);
#11124 = VERTEX_POINT('',#11125);
#11125 = CARTESIAN_POINT('',(26.477670454545,8.89,4.2));
#11126 = LINE('',#11127,#11128);
#11127 = CARTESIAN_POINT('',(27.116875,8.89,4.2));
#11128 = VECTOR('',#11129,1.);
#11129 = DIRECTION('',(-1.,0.,0.));
#11130 = ORIENTED_EDGE('',*,*,#11131,.F.);
#11131 = EDGE_CURVE('',#4025,#11124,#11132,.T.);
#11132 = LINE('',#11133,#11134);
#11133 = CARTESIAN_POINT('',(26.477670454545,8.89,4.7));
#11134 = VECTOR('',#11135,1.);
#11135 = DIRECTION('',(-0.,-0.,-1.));
#11136 = PLANE('',#11137);
#11137 = AXIS2_PLACEMENT_3D('',#11138,#11139,#11140);
#11138 = CARTESIAN_POINT('',(27.116875,8.89,4.7));
#11139 = DIRECTION('',(0.,1.,0.));
#11140 = DIRECTION('',(-1.,0.,0.));
#11141 = ADVANCED_FACE('',(#11142),#11160,.T.);
#11142 = FACE_BOUND('',#11143,.T.);
#11143 = EDGE_LOOP('',(#11144,#11145,#11153,#11159));
#11144 = ORIENTED_EDGE('',*,*,#4178,.F.);
#11145 = ORIENTED_EDGE('',*,*,#11146,.T.);
#11146 = EDGE_CURVE('',#4162,#11147,#11149,.T.);
#11147 = VERTEX_POINT('',#11148);
#11148 = CARTESIAN_POINT('',(27.116875,10.890236742424,4.2));
#11149 = LINE('',#11150,#11151);
#11150 = CARTESIAN_POINT('',(27.116875,10.890236742424,4.7));
#11151 = VECTOR('',#11152,1.);
#11152 = DIRECTION('',(-0.,-0.,-1.));
#11153 = ORIENTED_EDGE('',*,*,#11154,.T.);
#11154 = EDGE_CURVE('',#11147,#11116,#11155,.T.);
#11155 = LINE('',#11156,#11157);
#11156 = CARTESIAN_POINT('',(27.116875,10.890236742424,4.2));
#11157 = VECTOR('',#11158,1.);
#11158 = DIRECTION('',(0.,-1.,0.));
#11159 = ORIENTED_EDGE('',*,*,#11115,.F.);
#11160 = PLANE('',#11161);
#11161 = AXIS2_PLACEMENT_3D('',#11162,#11163,#11164);
#11162 = CARTESIAN_POINT('',(27.116875,10.890236742424,4.7));
#11163 = DIRECTION('',(-1.,0.,0.));
#11164 = DIRECTION('',(0.,-1.,0.));
#11165 = ADVANCED_FACE('',(#11166),#11184,.T.);
#11166 = FACE_BOUND('',#11167,.T.);
#11167 = EDGE_LOOP('',(#11168,#11169,#11177,#11183));
#11168 = ORIENTED_EDGE('',*,*,#4161,.T.);
#11169 = ORIENTED_EDGE('',*,*,#11170,.T.);
#11170 = EDGE_CURVE('',#4143,#11171,#11173,.T.);
#11171 = VERTEX_POINT('',#11172);
#11172 = CARTESIAN_POINT('',(27.326392045455,11.870823863636,4.2));
#11173 = LINE('',#11174,#11175);
#11174 = CARTESIAN_POINT('',(27.326392045455,11.870823863636,4.7));
#11175 = VECTOR('',#11176,1.);
#11176 = DIRECTION('',(-0.,-0.,-1.));
#11177 = ORIENTED_EDGE('',*,*,#11178,.T.);
#11178 = EDGE_CURVE('',#11171,#11147,#11179,.T.);
#11179 = B_SPLINE_CURVE_WITH_KNOTS('',2,(#11180,#11181,#11182),
  .UNSPECIFIED.,.F.,.F.,(3,3),(0.,1.),.PIECEWISE_BEZIER_KNOTS.);
#11180 = CARTESIAN_POINT('',(27.326392045455,11.870823863636,4.2));
#11181 = CARTESIAN_POINT('',(27.116875,11.528731060606,4.2));
#11182 = CARTESIAN_POINT('',(27.116875,10.890236742424,4.2));
#11183 = ORIENTED_EDGE('',*,*,#11146,.F.);
#11184 = SURFACE_OF_LINEAR_EXTRUSION('',#11185,#11189);
#11185 = B_SPLINE_CURVE_WITH_KNOTS('',2,(#11186,#11187,#11188),
  .UNSPECIFIED.,.F.,.F.,(3,3),(0.,1.),.PIECEWISE_BEZIER_KNOTS.);
#11186 = CARTESIAN_POINT('',(27.326392045455,11.870823863636,4.7));
#11187 = CARTESIAN_POINT('',(27.116875,11.528731060606,4.7));
#11188 = CARTESIAN_POINT('',(27.116875,10.890236742424,4.7));
#11189 = VECTOR('',#11190,1.);
#11190 = DIRECTION('',(0.,0.,1.));
#11191 = ADVANCED_FACE('',(#11192),#11210,.T.);
#11192 = FACE_BOUND('',#11193,.T.);
#11193 = EDGE_LOOP('',(#11194,#11195,#11203,#11209));
#11194 = ORIENTED_EDGE('',*,*,#4142,.T.);
#11195 = ORIENTED_EDGE('',*,*,#11196,.T.);
#11196 = EDGE_CURVE('',#4132,#11197,#11199,.T.);
#11197 = VERTEX_POINT('',#11198);
#11198 = CARTESIAN_POINT('',(27.933636363636,12.213153409091,4.2));
#11199 = LINE('',#11200,#11201);
#11200 = CARTESIAN_POINT('',(27.933636363636,12.213153409091,4.7));
#11201 = VECTOR('',#11202,1.);
#11202 = DIRECTION('',(-0.,-0.,-1.));
#11203 = ORIENTED_EDGE('',*,*,#11204,.T.);
#11204 = EDGE_CURVE('',#11197,#11171,#11205,.T.);
#11205 = B_SPLINE_CURVE_WITH_KNOTS('',2,(#11206,#11207,#11208),
  .UNSPECIFIED.,.F.,.F.,(3,3),(0.,1.),.PIECEWISE_BEZIER_KNOTS.);
#11206 = CARTESIAN_POINT('',(27.933636363636,12.213153409091,4.2));
#11207 = CARTESIAN_POINT('',(27.535909090909,12.213153409091,4.2));
#11208 = CARTESIAN_POINT('',(27.326392045455,11.870823863636,4.2));
#11209 = ORIENTED_EDGE('',*,*,#11170,.F.);
#11210 = SURFACE_OF_LINEAR_EXTRUSION('',#11211,#11215);
#11211 = B_SPLINE_CURVE_WITH_KNOTS('',2,(#11212,#11213,#11214),
  .UNSPECIFIED.,.F.,.F.,(3,3),(0.,1.),.PIECEWISE_BEZIER_KNOTS.);
#11212 = CARTESIAN_POINT('',(27.933636363636,12.213153409091,4.7));
#11213 = CARTESIAN_POINT('',(27.535909090909,12.213153409091,4.7));
#11214 = CARTESIAN_POINT('',(27.326392045455,11.870823863636,4.7));
#11215 = VECTOR('',#11216,1.);
#11216 = DIRECTION('',(0.,0.,1.));
#11217 = ADVANCED_FACE('',(#11218),#11236,.T.);
#11218 = FACE_BOUND('',#11219,.T.);
#11219 = EDGE_LOOP('',(#11220,#11221,#11229,#11235));
#11220 = ORIENTED_EDGE('',*,*,#4131,.T.);
#11221 = ORIENTED_EDGE('',*,*,#11222,.T.);
#11222 = EDGE_CURVE('',#4124,#11223,#11225,.T.);
#11223 = VERTEX_POINT('',#11224);
#11224 = CARTESIAN_POINT('',(28.274545454545,12.177642045455,4.2));
#11225 = LINE('',#11226,#11227);
#11226 = CARTESIAN_POINT('',(28.274545454545,12.177642045455,4.7));
#11227 = VECTOR('',#11228,1.);
#11228 = DIRECTION('',(-0.,-0.,-1.));
#11229 = ORIENTED_EDGE('',*,*,#11230,.T.);
#11230 = EDGE_CURVE('',#11223,#11197,#11231,.T.);
#11231 = B_SPLINE_CURVE_WITH_KNOTS('',2,(#11232,#11233,#11234),
  .UNSPECIFIED.,.F.,.F.,(3,3),(0.,1.),.PIECEWISE_BEZIER_KNOTS.);
#11232 = CARTESIAN_POINT('',(28.274545454545,12.177642045455,4.2));
#11233 = CARTESIAN_POINT('',(28.146704545455,12.213153409091,4.2));
#11234 = CARTESIAN_POINT('',(27.933636363636,12.213153409091,4.2));
#11235 = ORIENTED_EDGE('',*,*,#11196,.F.);
#11236 = SURFACE_OF_LINEAR_EXTRUSION('',#11237,#11241);
#11237 = B_SPLINE_CURVE_WITH_KNOTS('',2,(#11238,#11239,#11240),
  .UNSPECIFIED.,.F.,.F.,(3,3),(0.,1.),.PIECEWISE_BEZIER_KNOTS.);
#11238 = CARTESIAN_POINT('',(28.274545454545,12.177642045455,4.7));
#11239 = CARTESIAN_POINT('',(28.146704545455,12.213153409091,4.7));
#11240 = CARTESIAN_POINT('',(27.933636363636,12.213153409091,4.7));
#11241 = VECTOR('',#11242,1.);
#11242 = DIRECTION('',(0.,0.,1.));
#11243 = ADVANCED_FACE('',(#11244),#11262,.T.);
#11244 = FACE_BOUND('',#11245,.T.);
#11245 = EDGE_LOOP('',(#11246,#11247,#11255,#11261));
#11246 = ORIENTED_EDGE('',*,*,#4123,.F.);
#11247 = ORIENTED_EDGE('',*,*,#11248,.T.);
#11248 = EDGE_CURVE('',#4114,#11249,#11251,.T.);
#11249 = VERTEX_POINT('',#11250);
#11250 = CARTESIAN_POINT('',(28.274545454545,12.763579545455,4.2));
#11251 = LINE('',#11252,#11253);
#11252 = CARTESIAN_POINT('',(28.274545454545,12.763579545455,4.7));
#11253 = VECTOR('',#11254,1.);
#11254 = DIRECTION('',(-0.,-0.,-1.));
#11255 = ORIENTED_EDGE('',*,*,#11256,.T.);
#11256 = EDGE_CURVE('',#11249,#11223,#11257,.T.);
#11257 = LINE('',#11258,#11259);
#11258 = CARTESIAN_POINT('',(28.274545454545,12.763579545455,4.2));
#11259 = VECTOR('',#11260,1.);
#11260 = DIRECTION('',(0.,-1.,0.));
#11261 = ORIENTED_EDGE('',*,*,#11222,.F.);
#11262 = PLANE('',#11263);
#11263 = AXIS2_PLACEMENT_3D('',#11264,#11265,#11266);
#11264 = CARTESIAN_POINT('',(28.274545454545,12.763579545455,4.7));
#11265 = DIRECTION('',(-1.,0.,0.));
#11266 = DIRECTION('',(0.,-1.,0.));
#11267 = ADVANCED_FACE('',(#11268),#11286,.T.);
#11268 = FACE_BOUND('',#11269,.T.);
#11269 = EDGE_LOOP('',(#11270,#11271,#11279,#11285));
#11270 = ORIENTED_EDGE('',*,*,#4113,.T.);
#11271 = ORIENTED_EDGE('',*,*,#11272,.T.);
#11272 = EDGE_CURVE('',#4099,#11273,#11275,.T.);
#11273 = VERTEX_POINT('',#11274);
#11274 = CARTESIAN_POINT('',(28.0153125,12.799090909091,4.2));
#11275 = LINE('',#11276,#11277);
#11276 = CARTESIAN_POINT('',(28.0153125,12.799090909091,4.7));
#11277 = VECTOR('',#11278,1.);
#11278 = DIRECTION('',(-0.,-0.,-1.));
#11279 = ORIENTED_EDGE('',*,*,#11280,.T.);
#11280 = EDGE_CURVE('',#11273,#11249,#11281,.T.);
#11281 = B_SPLINE_CURVE_WITH_KNOTS('',2,(#11282,#11283,#11284),
  .UNSPECIFIED.,.F.,.F.,(3,3),(0.,1.),.PIECEWISE_BEZIER_KNOTS.);
#11282 = CARTESIAN_POINT('',(28.0153125,12.799090909091,4.2));
#11283 = CARTESIAN_POINT('',(28.143153409091,12.799090909091,4.2));
#11284 = CARTESIAN_POINT('',(28.274545454545,12.763579545455,4.2));
#11285 = ORIENTED_EDGE('',*,*,#11248,.F.);
#11286 = SURFACE_OF_LINEAR_EXTRUSION('',#11287,#11291);
#11287 = B_SPLINE_CURVE_WITH_KNOTS('',2,(#11288,#11289,#11290),
  .UNSPECIFIED.,.F.,.F.,(3,3),(0.,1.),.PIECEWISE_BEZIER_KNOTS.);
#11288 = CARTESIAN_POINT('',(28.0153125,12.799090909091,4.7));
#11289 = CARTESIAN_POINT('',(28.143153409091,12.799090909091,4.7));
#11290 = CARTESIAN_POINT('',(28.274545454545,12.763579545455,4.7));
#11291 = VECTOR('',#11292,1.);
#11292 = DIRECTION('',(0.,0.,1.));
#11293 = ADVANCED_FACE('',(#11294),#11312,.T.);
#11294 = FACE_BOUND('',#11295,.T.);
#11295 = EDGE_LOOP('',(#11296,#11297,#11305,#11311));
#11296 = ORIENTED_EDGE('',*,*,#4098,.T.);
#11297 = ORIENTED_EDGE('',*,*,#11298,.T.);
#11298 = EDGE_CURVE('',#4086,#11299,#11301,.T.);
#11299 = VERTEX_POINT('',#11300);
#11300 = CARTESIAN_POINT('',(27.454232954545,12.617982954545,4.2));
#11301 = LINE('',#11302,#11303);
#11302 = CARTESIAN_POINT('',(27.454232954545,12.617982954545,4.7));
#11303 = VECTOR('',#11304,1.);
#11304 = DIRECTION('',(-0.,-0.,-1.));
#11305 = ORIENTED_EDGE('',*,*,#11306,.T.);
#11306 = EDGE_CURVE('',#11299,#11273,#11307,.T.);
#11307 = B_SPLINE_CURVE_WITH_KNOTS('',2,(#11308,#11309,#11310),
  .UNSPECIFIED.,.F.,.F.,(3,3),(0.,1.),.PIECEWISE_BEZIER_KNOTS.);
#11308 = CARTESIAN_POINT('',(27.454232954545,12.617982954545,4.2));
#11309 = CARTESIAN_POINT('',(27.653096590909,12.799090909091,4.2));
#11310 = CARTESIAN_POINT('',(28.0153125,12.799090909091,4.2));
#11311 = ORIENTED_EDGE('',*,*,#11272,.F.);
#11312 = SURFACE_OF_LINEAR_EXTRUSION('',#11313,#11317);
#11313 = B_SPLINE_CURVE_WITH_KNOTS('',2,(#11314,#11315,#11316),
  .UNSPECIFIED.,.F.,.F.,(3,3),(0.,1.),.PIECEWISE_BEZIER_KNOTS.);
#11314 = CARTESIAN_POINT('',(27.454232954545,12.617982954545,4.7));
#11315 = CARTESIAN_POINT('',(27.653096590909,12.799090909091,4.7));
#11316 = CARTESIAN_POINT('',(28.0153125,12.799090909091,4.7));
#11317 = VECTOR('',#11318,1.);
#11318 = DIRECTION('',(0.,0.,1.));
#11319 = ADVANCED_FACE('',(#11320),#11338,.T.);
#11320 = FACE_BOUND('',#11321,.T.);
#11321 = EDGE_LOOP('',(#11322,#11323,#11331,#11337));
#11322 = ORIENTED_EDGE('',*,*,#4085,.T.);
#11323 = ORIENTED_EDGE('',*,*,#11324,.T.);
#11324 = EDGE_CURVE('',#4078,#11325,#11327,.T.);
#11325 = VERTEX_POINT('',#11326);
#11326 = CARTESIAN_POINT('',(27.102670454545,11.943267045455,4.2));
#11327 = LINE('',#11328,#11329);
#11328 = CARTESIAN_POINT('',(27.102670454545,11.943267045455,4.7));
#11329 = VECTOR('',#11330,1.);
#11330 = DIRECTION('',(-0.,-0.,-1.));
#11331 = ORIENTED_EDGE('',*,*,#11332,.T.);
#11332 = EDGE_CURVE('',#11325,#11299,#11333,.T.);
#11333 = B_SPLINE_CURVE_WITH_KNOTS('',2,(#11334,#11335,#11336),
  .UNSPECIFIED.,.F.,.F.,(3,3),(0.,1.),.PIECEWISE_BEZIER_KNOTS.);
#11334 = CARTESIAN_POINT('',(27.102670454545,11.943267045455,4.2));
#11335 = CARTESIAN_POINT('',(27.255369318182,12.436875,4.2));
#11336 = CARTESIAN_POINT('',(27.454232954545,12.617982954545,4.2));
#11337 = ORIENTED_EDGE('',*,*,#11298,.F.);
#11338 = SURFACE_OF_LINEAR_EXTRUSION('',#11339,#11343);
#11339 = B_SPLINE_CURVE_WITH_KNOTS('',2,(#11340,#11341,#11342),
  .UNSPECIFIED.,.F.,.F.,(3,3),(0.,1.),.PIECEWISE_BEZIER_KNOTS.);
#11340 = CARTESIAN_POINT('',(27.102670454545,11.943267045455,4.7));
#11341 = CARTESIAN_POINT('',(27.255369318182,12.436875,4.7));
#11342 = CARTESIAN_POINT('',(27.454232954545,12.617982954545,4.7));
#11343 = VECTOR('',#11344,1.);
#11344 = DIRECTION('',(0.,0.,1.));
#11345 = ADVANCED_FACE('',(#11346),#11364,.T.);
#11346 = FACE_BOUND('',#11347,.T.);
#11347 = EDGE_LOOP('',(#11348,#11349,#11357,#11363));
#11348 = ORIENTED_EDGE('',*,*,#4077,.F.);
#11349 = ORIENTED_EDGE('',*,*,#11350,.T.);
#11350 = EDGE_CURVE('',#4059,#11351,#11353,.T.);
#11351 = VERTEX_POINT('',#11352);
#11352 = CARTESIAN_POINT('',(27.088465909091,11.943267045455,4.2));
#11353 = LINE('',#11354,#11355);
#11354 = CARTESIAN_POINT('',(27.088465909091,11.943267045455,4.7));
#11355 = VECTOR('',#11356,1.);
#11356 = DIRECTION('',(-0.,-0.,-1.));
#11357 = ORIENTED_EDGE('',*,*,#11358,.T.);
#11358 = EDGE_CURVE('',#11351,#11325,#11359,.T.);
#11359 = LINE('',#11360,#11361);
#11360 = CARTESIAN_POINT('',(27.088465909091,11.943267045455,4.2));
#11361 = VECTOR('',#11362,1.);
#11362 = DIRECTION('',(1.,0.,0.));
#11363 = ORIENTED_EDGE('',*,*,#11324,.F.);
#11364 = PLANE('',#11365);
#11365 = AXIS2_PLACEMENT_3D('',#11366,#11367,#11368);
#11366 = CARTESIAN_POINT('',(27.088465909091,11.943267045455,4.7));
#11367 = DIRECTION('',(0.,-1.,0.));
#11368 = DIRECTION('',(1.,0.,0.));
#11369 = ADVANCED_FACE('',(#11370),#11388,.T.);
#11370 = FACE_BOUND('',#11371,.T.);
#11371 = EDGE_LOOP('',(#11372,#11373,#11381,#11387));
#11372 = ORIENTED_EDGE('',*,*,#4058,.T.);
#11373 = ORIENTED_EDGE('',*,*,#11374,.T.);
#11374 = EDGE_CURVE('',#4051,#11375,#11377,.T.);
#11375 = VERTEX_POINT('',#11376);
#11376 = CARTESIAN_POINT('',(27.060056818182,12.738484848485,4.2));
#11377 = LINE('',#11378,#11379);
#11378 = CARTESIAN_POINT('',(27.060056818182,12.738484848485,4.7));
#11379 = VECTOR('',#11380,1.);
#11380 = DIRECTION('',(-0.,-0.,-1.));
#11381 = ORIENTED_EDGE('',*,*,#11382,.T.);
#11382 = EDGE_CURVE('',#11375,#11351,#11383,.T.);
#11383 = B_SPLINE_CURVE_WITH_KNOTS('',2,(#11384,#11385,#11386),
  .UNSPECIFIED.,.F.,.F.,(3,3),(0.,1.),.PIECEWISE_BEZIER_KNOTS.);
#11384 = CARTESIAN_POINT('',(27.060056818182,12.738484848485,4.2));
#11385 = CARTESIAN_POINT('',(27.088465909091,12.076316287879,4.2));
#11386 = CARTESIAN_POINT('',(27.088465909091,11.943267045455,4.2));
#11387 = ORIENTED_EDGE('',*,*,#11350,.F.);
#11388 = SURFACE_OF_LINEAR_EXTRUSION('',#11389,#11393);
#11389 = B_SPLINE_CURVE_WITH_KNOTS('',2,(#11390,#11391,#11392),
  .UNSPECIFIED.,.F.,.F.,(3,3),(0.,1.),.PIECEWISE_BEZIER_KNOTS.);
#11390 = CARTESIAN_POINT('',(27.060056818182,12.738484848485,4.7));
#11391 = CARTESIAN_POINT('',(27.088465909091,12.076316287879,4.7));
#11392 = CARTESIAN_POINT('',(27.088465909091,11.943267045455,4.7));
#11393 = VECTOR('',#11394,1.);
#11394 = DIRECTION('',(0.,0.,1.));
#11395 = ADVANCED_FACE('',(#11396),#11414,.T.);
#11396 = FACE_BOUND('',#11397,.T.);
#11397 = EDGE_LOOP('',(#11398,#11399,#11407,#11413));
#11398 = ORIENTED_EDGE('',*,*,#4050,.F.);
#11399 = ORIENTED_EDGE('',*,*,#11400,.T.);
#11400 = EDGE_CURVE('',#4041,#11401,#11403,.T.);
#11401 = VERTEX_POINT('',#11402);
#11402 = CARTESIAN_POINT('',(26.456363636364,12.738484848485,4.2));
#11403 = LINE('',#11404,#11405);
#11404 = CARTESIAN_POINT('',(26.456363636364,12.738484848485,4.7));
#11405 = VECTOR('',#11406,1.);
#11406 = DIRECTION('',(-0.,-0.,-1.));
#11407 = ORIENTED_EDGE('',*,*,#11408,.T.);
#11408 = EDGE_CURVE('',#11401,#11375,#11409,.T.);
#11409 = LINE('',#11410,#11411);
#11410 = CARTESIAN_POINT('',(26.456363636364,12.738484848485,4.2));
#11411 = VECTOR('',#11412,1.);
#11412 = DIRECTION('',(1.,0.,0.));
#11413 = ORIENTED_EDGE('',*,*,#11374,.F.);
#11414 = PLANE('',#11415);
#11415 = AXIS2_PLACEMENT_3D('',#11416,#11417,#11418);
#11416 = CARTESIAN_POINT('',(26.456363636364,12.738484848485,4.7));
#11417 = DIRECTION('',(0.,-1.,0.));
#11418 = DIRECTION('',(1.,0.,0.));
#11419 = ADVANCED_FACE('',(#11420),#11438,.T.);
#11420 = FACE_BOUND('',#11421,.T.);
#11421 = EDGE_LOOP('',(#11422,#11423,#11431,#11437));
#11422 = ORIENTED_EDGE('',*,*,#4040,.T.);
#11423 = ORIENTED_EDGE('',*,*,#11424,.T.);
#11424 = EDGE_CURVE('',#4033,#11425,#11427,.T.);
#11425 = VERTEX_POINT('',#11426);
#11426 = CARTESIAN_POINT('',(26.477670454545,11.842178030303,4.2));
#11427 = LINE('',#11428,#11429);
#11428 = CARTESIAN_POINT('',(26.477670454545,11.842178030303,4.7));
#11429 = VECTOR('',#11430,1.);
#11430 = DIRECTION('',(-0.,-0.,-1.));
#11431 = ORIENTED_EDGE('',*,*,#11432,.T.);
#11432 = EDGE_CURVE('',#11425,#11401,#11433,.T.);
#11433 = B_SPLINE_CURVE_WITH_KNOTS('',2,(#11434,#11435,#11436),
  .UNSPECIFIED.,.F.,.F.,(3,3),(0.,1.),.PIECEWISE_BEZIER_KNOTS.);
#11434 = CARTESIAN_POINT('',(26.477670454545,11.842178030303,4.2));
#11435 = CARTESIAN_POINT('',(26.477670454545,12.24771780303,4.2));
#11436 = CARTESIAN_POINT('',(26.456363636364,12.738484848485,4.2));
#11437 = ORIENTED_EDGE('',*,*,#11400,.F.);
#11438 = SURFACE_OF_LINEAR_EXTRUSION('',#11439,#11443);
#11439 = B_SPLINE_CURVE_WITH_KNOTS('',2,(#11440,#11441,#11442),
  .UNSPECIFIED.,.F.,.F.,(3,3),(0.,1.),.PIECEWISE_BEZIER_KNOTS.);
#11440 = CARTESIAN_POINT('',(26.477670454545,11.842178030303,4.7));
#11441 = CARTESIAN_POINT('',(26.477670454545,12.24771780303,4.7));
#11442 = CARTESIAN_POINT('',(26.456363636364,12.738484848485,4.7));
#11443 = VECTOR('',#11444,1.);
#11444 = DIRECTION('',(0.,0.,1.));
#11445 = ADVANCED_FACE('',(#11446),#11457,.T.);
#11446 = FACE_BOUND('',#11447,.T.);
#11447 = EDGE_LOOP('',(#11448,#11449,#11450,#11456));
#11448 = ORIENTED_EDGE('',*,*,#4032,.F.);
#11449 = ORIENTED_EDGE('',*,*,#11131,.T.);
#11450 = ORIENTED_EDGE('',*,*,#11451,.T.);
#11451 = EDGE_CURVE('',#11124,#11425,#11452,.T.);
#11452 = LINE('',#11453,#11454);
#11453 = CARTESIAN_POINT('',(26.477670454545,8.89,4.2));
#11454 = VECTOR('',#11455,1.);
#11455 = DIRECTION('',(0.,1.,0.));
#11456 = ORIENTED_EDGE('',*,*,#11424,.F.);
#11457 = PLANE('',#11458);
#11458 = AXIS2_PLACEMENT_3D('',#11459,#11460,#11461);
#11459 = CARTESIAN_POINT('',(26.477670454545,8.89,4.7));
#11460 = DIRECTION('',(1.,0.,0.));
#11461 = DIRECTION('',(0.,1.,0.));
#11462 = ADVANCED_FACE('',(#11463),#11489,.F.);
#11463 = FACE_BOUND('',#11464,.T.);
#11464 = EDGE_LOOP('',(#11465,#11476,#11482,#11483));
#11465 = ORIENTED_EDGE('',*,*,#11466,.T.);
#11466 = EDGE_CURVE('',#11467,#11469,#11471,.T.);
#11467 = VERTEX_POINT('',#11468);
#11468 = CARTESIAN_POINT('',(16.9,41.588562083862,3.));
#11469 = VERTEX_POINT('',#11470);
#11470 = CARTESIAN_POINT('',(9.5,34.6,3.));
#11471 = CIRCLE('',#11472,7.);
#11472 = AXIS2_PLACEMENT_3D('',#11473,#11474,#11475);
#11473 = CARTESIAN_POINT('',(16.5,34.6,3.));
#11474 = DIRECTION('',(0.,0.,-1.));
#11475 = DIRECTION('',(1.,0.,0.));
#11476 = ORIENTED_EDGE('',*,*,#11477,.T.);
#11477 = EDGE_CURVE('',#11469,#4187,#11478,.T.);
#11478 = LINE('',#11479,#11480);
#11479 = CARTESIAN_POINT('',(9.5,34.6,0.));
#11480 = VECTOR('',#11481,1.);
#11481 = DIRECTION('',(0.,0.,1.));
#11482 = ORIENTED_EDGE('',*,*,#4186,.T.);
#11483 = ORIENTED_EDGE('',*,*,#11484,.F.);
#11484 = EDGE_CURVE('',#11467,#4189,#11485,.T.);
#11485 = LINE('',#11486,#11487);
#11486 = CARTESIAN_POINT('',(16.9,41.588562083862,0.));
#11487 = VECTOR('',#11488,1.);
#11488 = DIRECTION('',(0.,0.,1.));
#11489 = CYLINDRICAL_SURFACE('',#11490,7.);
#11490 = AXIS2_PLACEMENT_3D('',#11491,#11492,#11493);
#11491 = CARTESIAN_POINT('',(16.5,34.6,0.));
#11492 = DIRECTION('',(-0.,-0.,-1.));
#11493 = DIRECTION('',(1.,0.,0.));
#11494 = ADVANCED_FACE('',(#11495),#11513,.T.);
#11495 = FACE_BOUND('',#11496,.T.);
#11496 = EDGE_LOOP('',(#11497,#11505,#11511,#11512));
#11497 = ORIENTED_EDGE('',*,*,#11498,.T.);
#11498 = EDGE_CURVE('',#11469,#11499,#11501,.T.);
#11499 = VERTEX_POINT('',#11500);
#11500 = CARTESIAN_POINT('',(-9.5,34.6,3.));
#11501 = LINE('',#11502,#11503);
#11502 = CARTESIAN_POINT('',(-4.75,34.6,3.));
#11503 = VECTOR('',#11504,1.);
#11504 = DIRECTION('',(-1.,0.,0.));
#11505 = ORIENTED_EDGE('',*,*,#11506,.T.);
#11506 = EDGE_CURVE('',#11499,#4198,#11507,.T.);
#11507 = LINE('',#11508,#11509);
#11508 = CARTESIAN_POINT('',(-9.5,34.6,0.));
#11509 = VECTOR('',#11510,1.);
#11510 = DIRECTION('',(0.,0.,1.));
#11511 = ORIENTED_EDGE('',*,*,#4197,.T.);
#11512 = ORIENTED_EDGE('',*,*,#11477,.F.);
#11513 = PLANE('',#11514);
#11514 = AXIS2_PLACEMENT_3D('',#11515,#11516,#11517);
#11515 = CARTESIAN_POINT('',(-9.5,34.6,0.));
#11516 = DIRECTION('',(0.,1.,0.));
#11517 = DIRECTION('',(1.,0.,0.));
#11518 = ADVANCED_FACE('',(#11519),#11537,.T.);
#11519 = FACE_BOUND('',#11520,.T.);
#11520 = EDGE_LOOP('',(#11521,#11529,#11530,#11531));
#11521 = ORIENTED_EDGE('',*,*,#11522,.T.);
#11522 = EDGE_CURVE('',#11523,#11467,#11525,.T.);
#11523 = VERTEX_POINT('',#11524);
#11524 = CARTESIAN_POINT('',(16.9,89.7,3.));
#11525 = LINE('',#11526,#11527);
#11526 = CARTESIAN_POINT('',(16.9,48.347747587232,3.));
#11527 = VECTOR('',#11528,1.);
#11528 = DIRECTION('',(0.,-1.,0.));
#11529 = ORIENTED_EDGE('',*,*,#11484,.T.);
#11530 = ORIENTED_EDGE('',*,*,#4230,.T.);
#11531 = ORIENTED_EDGE('',*,*,#11532,.F.);
#11532 = EDGE_CURVE('',#11523,#4223,#11533,.T.);
#11533 = LINE('',#11534,#11535);
#11534 = CARTESIAN_POINT('',(16.9,89.7,0.));
#11535 = VECTOR('',#11536,1.);
#11536 = DIRECTION('',(0.,0.,1.));
#11537 = PLANE('',#11538);
#11538 = AXIS2_PLACEMENT_3D('',#11539,#11540,#11541);
#11539 = CARTESIAN_POINT('',(16.9,41.588562083862,0.));
#11540 = DIRECTION('',(-1.,0.,0.));
#11541 = DIRECTION('',(0.,1.,0.));
#11542 = ADVANCED_FACE('',(#11543),#11562,.F.);
#11543 = FACE_BOUND('',#11544,.T.);
#11544 = EDGE_LOOP('',(#11545,#11554,#11560,#11561));
#11545 = ORIENTED_EDGE('',*,*,#11546,.T.);
#11546 = EDGE_CURVE('',#11499,#11547,#11549,.T.);
#11547 = VERTEX_POINT('',#11548);
#11548 = CARTESIAN_POINT('',(-16.9,41.588562083862,3.));
#11549 = CIRCLE('',#11550,7.);
#11550 = AXIS2_PLACEMENT_3D('',#11551,#11552,#11553);
#11551 = CARTESIAN_POINT('',(-16.5,34.6,3.));
#11552 = DIRECTION('',(0.,0.,-1.));
#11553 = DIRECTION('',(1.,0.,0.));
#11554 = ORIENTED_EDGE('',*,*,#11555,.T.);
#11555 = EDGE_CURVE('',#11547,#4206,#11556,.T.);
#11556 = LINE('',#11557,#11558);
#11557 = CARTESIAN_POINT('',(-16.9,41.588562083862,0.));
#11558 = VECTOR('',#11559,1.);
#11559 = DIRECTION('',(0.,0.,1.));
#11560 = ORIENTED_EDGE('',*,*,#4205,.T.);
#11561 = ORIENTED_EDGE('',*,*,#11506,.F.);
#11562 = CYLINDRICAL_SURFACE('',#11563,7.);
#11563 = AXIS2_PLACEMENT_3D('',#11564,#11565,#11566);
#11564 = CARTESIAN_POINT('',(-16.5,34.6,0.));
#11565 = DIRECTION('',(-0.,-0.,-1.));
#11566 = DIRECTION('',(1.,0.,0.));
#11567 = ADVANCED_FACE('',(#11568),#11586,.T.);
#11568 = FACE_BOUND('',#11569,.T.);
#11569 = EDGE_LOOP('',(#11570,#11578,#11579,#11580));
#11570 = ORIENTED_EDGE('',*,*,#11571,.T.);
#11571 = EDGE_CURVE('',#11572,#11523,#11574,.T.);
#11572 = VERTEX_POINT('',#11573);
#11573 = CARTESIAN_POINT('',(-16.9,89.7,3.));
#11574 = LINE('',#11575,#11576);
#11575 = CARTESIAN_POINT('',(8.45,89.7,3.));
#11576 = VECTOR('',#11577,1.);
#11577 = DIRECTION('',(1.,0.,0.));
#11578 = ORIENTED_EDGE('',*,*,#11532,.T.);
#11579 = ORIENTED_EDGE('',*,*,#4222,.T.);
#11580 = ORIENTED_EDGE('',*,*,#11581,.F.);
#11581 = EDGE_CURVE('',#11572,#4215,#11582,.T.);
#11582 = LINE('',#11583,#11584);
#11583 = CARTESIAN_POINT('',(-16.9,89.7,0.));
#11584 = VECTOR('',#11585,1.);
#11585 = DIRECTION('',(0.,0.,1.));
#11586 = PLANE('',#11587);
#11587 = AXIS2_PLACEMENT_3D('',#11588,#11589,#11590);
#11588 = CARTESIAN_POINT('',(16.9,89.7,0.));
#11589 = DIRECTION('',(0.,-1.,0.));
#11590 = DIRECTION('',(-1.,0.,0.));
#11591 = ADVANCED_FACE('',(#11592),#11603,.T.);
#11592 = FACE_BOUND('',#11593,.T.);
#11593 = EDGE_LOOP('',(#11594,#11600,#11601,#11602));
#11594 = ORIENTED_EDGE('',*,*,#11595,.T.);
#11595 = EDGE_CURVE('',#11547,#11572,#11596,.T.);
#11596 = LINE('',#11597,#11598);
#11597 = CARTESIAN_POINT('',(-16.9,72.403466545301,3.));
#11598 = VECTOR('',#11599,1.);
#11599 = DIRECTION('',(0.,1.,0.));
#11600 = ORIENTED_EDGE('',*,*,#11581,.T.);
#11601 = ORIENTED_EDGE('',*,*,#4214,.T.);
#11602 = ORIENTED_EDGE('',*,*,#11555,.F.);
#11603 = PLANE('',#11604);
#11604 = AXIS2_PLACEMENT_3D('',#11605,#11606,#11607);
#11605 = CARTESIAN_POINT('',(-16.9,89.7,0.));
#11606 = DIRECTION('',(1.,0.,0.));
#11607 = DIRECTION('',(0.,-1.,0.));
#11608 = ADVANCED_FACE('',(#11609,#11615,#11651,#11687,#11698,#11734),
  #11745,.T.);
#11609 = FACE_BOUND('',#11610,.T.);
#11610 = EDGE_LOOP('',(#11611,#11612,#11613,#11614));
#11611 = ORIENTED_EDGE('',*,*,#4275,.F.);
#11612 = ORIENTED_EDGE('',*,*,#4323,.F.);
#11613 = ORIENTED_EDGE('',*,*,#4300,.F.);
#11614 = ORIENTED_EDGE('',*,*,#4252,.F.);
#11615 = FACE_BOUND('',#11616,.T.);
#11616 = EDGE_LOOP('',(#11617,#11627,#11636,#11644));
#11617 = ORIENTED_EDGE('',*,*,#11618,.T.);
#11618 = EDGE_CURVE('',#11619,#11621,#11623,.T.);
#11619 = VERTEX_POINT('',#11620);
#11620 = CARTESIAN_POINT('',(14.2,50.98372914118,0.));
#11621 = VERTEX_POINT('',#11622);
#11622 = CARTESIAN_POINT('',(14.2,62.98372914118,0.));
#11623 = LINE('',#11624,#11625);
#11624 = CARTESIAN_POINT('',(14.2,58.54186457059,0.));
#11625 = VECTOR('',#11626,1.);
#11626 = DIRECTION('',(-1.480297366167E-16,1.,0.));
#11627 = ORIENTED_EDGE('',*,*,#11628,.T.);
#11628 = EDGE_CURVE('',#11621,#11629,#11631,.T.);
#11629 = VERTEX_POINT('',#11630);
#11630 = CARTESIAN_POINT('',(10.8,62.98372914118,0.));
#11631 = CIRCLE('',#11632,1.7);
#11632 = AXIS2_PLACEMENT_3D('',#11633,#11634,#11635);
#11633 = CARTESIAN_POINT('',(12.5,62.98372914118,0.));
#11634 = DIRECTION('',(0.,0.,1.));
#11635 = DIRECTION('',(1.,0.,-0.));
#11636 = ORIENTED_EDGE('',*,*,#11637,.F.);
#11637 = EDGE_CURVE('',#11638,#11629,#11640,.T.);
#11638 = VERTEX_POINT('',#11639);
#11639 = CARTESIAN_POINT('',(10.8,50.98372914118,0.));
#11640 = LINE('',#11641,#11642);
#11641 = CARTESIAN_POINT('',(10.8,58.54186457059,0.));
#11642 = VECTOR('',#11643,1.);
#11643 = DIRECTION('',(0.,1.,-0.));
#11644 = ORIENTED_EDGE('',*,*,#11645,.T.);
#11645 = EDGE_CURVE('',#11638,#11619,#11646,.T.);
#11646 = CIRCLE('',#11647,1.7);
#11647 = AXIS2_PLACEMENT_3D('',#11648,#11649,#11650);
#11648 = CARTESIAN_POINT('',(12.5,50.98372914118,0.));
#11649 = DIRECTION('',(0.,0.,1.));
#11650 = DIRECTION('',(1.,0.,-0.));
#11651 = FACE_BOUND('',#11652,.T.);
#11652 = EDGE_LOOP('',(#11653,#11663,#11672,#11680));
#11653 = ORIENTED_EDGE('',*,*,#11654,.T.);
#11654 = EDGE_CURVE('',#11655,#11657,#11659,.T.);
#11655 = VERTEX_POINT('',#11656);
#11656 = CARTESIAN_POINT('',(-11.5,58.962375878293,0.));
#11657 = VERTEX_POINT('',#11658);
#11658 = CARTESIAN_POINT('',(-11.5,62.962375878293,0.));
#11659 = LINE('',#11660,#11661);
#11660 = CARTESIAN_POINT('',(-11.5,58.531187939147,0.));
#11661 = VECTOR('',#11662,1.);
#11662 = DIRECTION('',(0.,1.,-0.));
#11663 = ORIENTED_EDGE('',*,*,#11664,.T.);
#11664 = EDGE_CURVE('',#11657,#11665,#11667,.T.);
#11665 = VERTEX_POINT('',#11666);
#11666 = CARTESIAN_POINT('',(-14.5,62.962375878293,0.));
#11667 = CIRCLE('',#11668,1.5);
#11668 = AXIS2_PLACEMENT_3D('',#11669,#11670,#11671);
#11669 = CARTESIAN_POINT('',(-13.,62.962375878293,0.));
#11670 = DIRECTION('',(0.,0.,1.));
#11671 = DIRECTION('',(1.,0.,-0.));
#11672 = ORIENTED_EDGE('',*,*,#11673,.F.);
#11673 = EDGE_CURVE('',#11674,#11665,#11676,.T.);
#11674 = VERTEX_POINT('',#11675);
#11675 = CARTESIAN_POINT('',(-14.5,58.962375878293,0.));
#11676 = LINE('',#11677,#11678);
#11677 = CARTESIAN_POINT('',(-14.5,58.531187939147,0.));
#11678 = VECTOR('',#11679,1.);
#11679 = DIRECTION('',(0.,1.,-0.));
#11680 = ORIENTED_EDGE('',*,*,#11681,.T.);
#11681 = EDGE_CURVE('',#11674,#11655,#11682,.T.);
#11682 = CIRCLE('',#11683,1.5);
#11683 = AXIS2_PLACEMENT_3D('',#11684,#11685,#11686);
#11684 = CARTESIAN_POINT('',(-13.,58.962375878293,0.));
#11685 = DIRECTION('',(0.,0.,1.));
#11686 = DIRECTION('',(1.,0.,-0.));
#11687 = FACE_BOUND('',#11688,.T.);
#11688 = EDGE_LOOP('',(#11689));
#11689 = ORIENTED_EDGE('',*,*,#11690,.T.);
#11690 = EDGE_CURVE('',#11691,#11691,#11693,.T.);
#11691 = VERTEX_POINT('',#11692);
#11692 = CARTESIAN_POINT('',(15.1,86.5,0.));
#11693 = CIRCLE('',#11694,1.1);
#11694 = AXIS2_PLACEMENT_3D('',#11695,#11696,#11697);
#11695 = CARTESIAN_POINT('',(14.,86.5,0.));
#11696 = DIRECTION('',(0.,0.,1.));
#11697 = DIRECTION('',(1.,0.,0.));
#11698 = FACE_BOUND('',#11699,.T.);
#11699 = EDGE_LOOP('',(#11700,#11710,#11719,#11727));
#11700 = ORIENTED_EDGE('',*,*,#11701,.T.);
#11701 = EDGE_CURVE('',#11702,#11704,#11706,.T.);
#11702 = VERTEX_POINT('',#11703);
#11703 = CARTESIAN_POINT('',(1.55452110694,73.872759336594,0.));
#11704 = VERTEX_POINT('',#11705);
#11705 = CARTESIAN_POINT('',(-5.44547889306,73.872759336594,0.));
#11706 = LINE('',#11707,#11708);
#11707 = CARTESIAN_POINT('',(-2.72273944653,73.872759336594,0.));
#11708 = VECTOR('',#11709,1.);
#11709 = DIRECTION('',(-1.,0.,0.));
#11710 = ORIENTED_EDGE('',*,*,#11711,.T.);
#11711 = EDGE_CURVE('',#11704,#11712,#11714,.T.);
#11712 = VERTEX_POINT('',#11713);
#11713 = CARTESIAN_POINT('',(-5.44547889306,68.872759336594,0.));
#11714 = CIRCLE('',#11715,2.5);
#11715 = AXIS2_PLACEMENT_3D('',#11716,#11717,#11718);
#11716 = CARTESIAN_POINT('',(-5.44547889306,71.372759336594,0.));
#11717 = DIRECTION('',(0.,0.,1.));
#11718 = DIRECTION('',(1.,0.,-0.));
#11719 = ORIENTED_EDGE('',*,*,#11720,.F.);
#11720 = EDGE_CURVE('',#11721,#11712,#11723,.T.);
#11721 = VERTEX_POINT('',#11722);
#11722 = CARTESIAN_POINT('',(1.55452110694,68.872759336594,0.));
#11723 = LINE('',#11724,#11725);
#11724 = CARTESIAN_POINT('',(-2.72273944653,68.872759336594,0.));
#11725 = VECTOR('',#11726,1.);
#11726 = DIRECTION('',(-1.,0.,0.));
#11727 = ORIENTED_EDGE('',*,*,#11728,.T.);
#11728 = EDGE_CURVE('',#11721,#11702,#11729,.T.);
#11729 = CIRCLE('',#11730,2.5);
#11730 = AXIS2_PLACEMENT_3D('',#11731,#11732,#11733);
#11731 = CARTESIAN_POINT('',(1.55452110694,71.372759336594,0.));
#11732 = DIRECTION('',(0.,0.,1.));
#11733 = DIRECTION('',(1.,0.,-0.));
#11734 = FACE_BOUND('',#11735,.T.);
#11735 = EDGE_LOOP('',(#11736));
#11736 = ORIENTED_EDGE('',*,*,#11737,.T.);
#11737 = EDGE_CURVE('',#11738,#11738,#11740,.T.);
#11738 = VERTEX_POINT('',#11739);
#11739 = CARTESIAN_POINT('',(-12.9,86.5,0.));
#11740 = CIRCLE('',#11741,1.1);
#11741 = AXIS2_PLACEMENT_3D('',#11742,#11743,#11744);
#11742 = CARTESIAN_POINT('',(-14.,86.5,0.));
#11743 = DIRECTION('',(0.,0.,1.));
#11744 = DIRECTION('',(1.,0.,0.));
#11745 = PLANE('',#11746);
#11746 = AXIS2_PLACEMENT_3D('',#11747,#11748,#11749);
#11747 = CARTESIAN_POINT('',(0.,54.1,0.));
#11748 = DIRECTION('',(-0.,-0.,-1.));
#11749 = DIRECTION('',(-1.,0.,0.));
#11750 = ADVANCED_FACE('',(#11751),#11765,.T.);
#11751 = FACE_BOUND('',#11752,.T.);
#11752 = EDGE_LOOP('',(#11753,#11754,#11755,#11756,#11757,#11758,#11759,
    #11760,#11761,#11762,#11763,#11764));
#11753 = ORIENTED_EDGE('',*,*,#4613,.F.);
#11754 = ORIENTED_EDGE('',*,*,#4349,.F.);
#11755 = ORIENTED_EDGE('',*,*,#4380,.F.);
#11756 = ORIENTED_EDGE('',*,*,#4404,.F.);
#11757 = ORIENTED_EDGE('',*,*,#4428,.F.);
#11758 = ORIENTED_EDGE('',*,*,#4452,.F.);
#11759 = ORIENTED_EDGE('',*,*,#4476,.F.);
#11760 = ORIENTED_EDGE('',*,*,#4500,.F.);
#11761 = ORIENTED_EDGE('',*,*,#4524,.F.);
#11762 = ORIENTED_EDGE('',*,*,#4548,.F.);
#11763 = ORIENTED_EDGE('',*,*,#4572,.F.);
#11764 = ORIENTED_EDGE('',*,*,#4596,.F.);
#11765 = PLANE('',#11766);
#11766 = AXIS2_PLACEMENT_3D('',#11767,#11768,#11769);
#11767 = CARTESIAN_POINT('',(-28.74661810469,11.382939075736,4.2));
#11768 = DIRECTION('',(0.,0.,1.));
#11769 = DIRECTION('',(1.,0.,0.));
#11770 = ADVANCED_FACE('',(#11771),#11807,.T.);
#11771 = FACE_BOUND('',#11772,.T.);
#11772 = EDGE_LOOP('',(#11773,#11774,#11775,#11776,#11777,#11778,#11779,
    #11780,#11781,#11782,#11783,#11784,#11785,#11786,#11787,#11788,
    #11789,#11790,#11791,#11792,#11793,#11794,#11795,#11796,#11797,
    #11798,#11799,#11800,#11801,#11802,#11803,#11804,#11805,#11806));
#11773 = ORIENTED_EDGE('',*,*,#4637,.F.);
#11774 = ORIENTED_EDGE('',*,*,#4670,.F.);
#11775 = ORIENTED_EDGE('',*,*,#4696,.F.);
#11776 = ORIENTED_EDGE('',*,*,#4722,.F.);
#11777 = ORIENTED_EDGE('',*,*,#4748,.F.);
#11778 = ORIENTED_EDGE('',*,*,#4774,.F.);
#11779 = ORIENTED_EDGE('',*,*,#4800,.F.);
#11780 = ORIENTED_EDGE('',*,*,#4826,.F.);
#11781 = ORIENTED_EDGE('',*,*,#4852,.F.);
#11782 = ORIENTED_EDGE('',*,*,#4878,.F.);
#11783 = ORIENTED_EDGE('',*,*,#4904,.F.);
#11784 = ORIENTED_EDGE('',*,*,#4930,.F.);
#11785 = ORIENTED_EDGE('',*,*,#4956,.F.);
#11786 = ORIENTED_EDGE('',*,*,#4982,.F.);
#11787 = ORIENTED_EDGE('',*,*,#5008,.F.);
#11788 = ORIENTED_EDGE('',*,*,#5032,.F.);
#11789 = ORIENTED_EDGE('',*,*,#5058,.F.);
#11790 = ORIENTED_EDGE('',*,*,#5084,.F.);
#11791 = ORIENTED_EDGE('',*,*,#5110,.F.);
#11792 = ORIENTED_EDGE('',*,*,#5136,.F.);
#11793 = ORIENTED_EDGE('',*,*,#5162,.F.);
#11794 = ORIENTED_EDGE('',*,*,#5188,.F.);
#11795 = ORIENTED_EDGE('',*,*,#5214,.F.);
#11796 = ORIENTED_EDGE('',*,*,#5240,.F.);
#11797 = ORIENTED_EDGE('',*,*,#5266,.F.);
#11798 = ORIENTED_EDGE('',*,*,#5292,.F.);
#11799 = ORIENTED_EDGE('',*,*,#5318,.F.);
#11800 = ORIENTED_EDGE('',*,*,#5344,.F.);
#11801 = ORIENTED_EDGE('',*,*,#5370,.F.);
#11802 = ORIENTED_EDGE('',*,*,#5396,.F.);
#11803 = ORIENTED_EDGE('',*,*,#5422,.F.);
#11804 = ORIENTED_EDGE('',*,*,#5448,.F.);
#11805 = ORIENTED_EDGE('',*,*,#5472,.F.);
#11806 = ORIENTED_EDGE('',*,*,#5491,.F.);
#11807 = PLANE('',#11808);
#11808 = AXIS2_PLACEMENT_3D('',#11809,#11810,#11811);
#11809 = CARTESIAN_POINT('',(-23.69314021679,11.371110137529,4.2));
#11810 = DIRECTION('',(0.,0.,1.));
#11811 = DIRECTION('',(1.,0.,0.));
#11812 = ADVANCED_FACE('',(#11813,#11824),#11866,.T.);
#11813 = FACE_BOUND('',#11814,.T.);
#11814 = EDGE_LOOP('',(#11815,#11816,#11817,#11818,#11819,#11820,#11821,
    #11822,#11823));
#11815 = ORIENTED_EDGE('',*,*,#5517,.F.);
#11816 = ORIENTED_EDGE('',*,*,#5550,.F.);
#11817 = ORIENTED_EDGE('',*,*,#5576,.F.);
#11818 = ORIENTED_EDGE('',*,*,#5602,.F.);
#11819 = ORIENTED_EDGE('',*,*,#5626,.F.);
#11820 = ORIENTED_EDGE('',*,*,#5650,.F.);
#11821 = ORIENTED_EDGE('',*,*,#5674,.F.);
#11822 = ORIENTED_EDGE('',*,*,#5698,.F.);
#11823 = ORIENTED_EDGE('',*,*,#5715,.F.);
#11824 = FACE_BOUND('',#11825,.T.);
#11825 = EDGE_LOOP('',(#11826,#11836,#11844,#11852,#11860));
#11826 = ORIENTED_EDGE('',*,*,#11827,.F.);
#11827 = EDGE_CURVE('',#11828,#11830,#11832,.T.);
#11828 = VERTEX_POINT('',#11829);
#11829 = CARTESIAN_POINT('',(-17.54410984848,12.378399621212,4.2));
#11830 = VERTEX_POINT('',#11831);
#11831 = CARTESIAN_POINT('',(-18.70888257575,13.346676136364,4.2));
#11832 = B_SPLINE_CURVE_WITH_KNOTS('',2,(#11833,#11834,#11835),
  .UNSPECIFIED.,.F.,.F.,(3,3),(0.,1.),.PIECEWISE_BEZIER_KNOTS.);
#11833 = CARTESIAN_POINT('',(-17.54410984848,12.378399621212,4.2));
#11834 = CARTESIAN_POINT('',(-17.54410984848,13.346676136364,4.2));
#11835 = CARTESIAN_POINT('',(-18.70888257575,13.346676136364,4.2));
#11836 = ORIENTED_EDGE('',*,*,#11837,.F.);
#11837 = EDGE_CURVE('',#11838,#11828,#11840,.T.);
#11838 = VERTEX_POINT('',#11839);
#11839 = CARTESIAN_POINT('',(-18.68047348484,11.374848484848,4.2));
#11840 = B_SPLINE_CURVE_WITH_KNOTS('',2,(#11841,#11842,#11843),
  .UNSPECIFIED.,.F.,.F.,(3,3),(0.,1.),.PIECEWISE_BEZIER_KNOTS.);
#11841 = CARTESIAN_POINT('',(-18.68047348484,11.374848484848,4.2));
#11842 = CARTESIAN_POINT('',(-17.54410984848,11.374848484848,4.2));
#11843 = CARTESIAN_POINT('',(-17.54410984848,12.378399621212,4.2));
#11844 = ORIENTED_EDGE('',*,*,#11845,.F.);
#11845 = EDGE_CURVE('',#11846,#11838,#11848,.T.);
#11846 = VERTEX_POINT('',#11847);
#11847 = CARTESIAN_POINT('',(-20.05476325757,11.374848484848,4.2));
#11848 = LINE('',#11849,#11850);
#11849 = CARTESIAN_POINT('',(-20.05476325757,11.374848484848,4.2));
#11850 = VECTOR('',#11851,1.);
#11851 = DIRECTION('',(1.,0.,0.));
#11852 = ORIENTED_EDGE('',*,*,#11853,.F.);
#11853 = EDGE_CURVE('',#11854,#11846,#11856,.T.);
#11854 = VERTEX_POINT('',#11855);
#11855 = CARTESIAN_POINT('',(-20.05476325757,13.346676136364,4.2));
#11856 = LINE('',#11857,#11858);
#11857 = CARTESIAN_POINT('',(-20.05476325757,13.346676136364,4.2));
#11858 = VECTOR('',#11859,1.);
#11859 = DIRECTION('',(0.,-1.,0.));
#11860 = ORIENTED_EDGE('',*,*,#11861,.F.);
#11861 = EDGE_CURVE('',#11830,#11854,#11862,.T.);
#11862 = LINE('',#11863,#11864);
#11863 = CARTESIAN_POINT('',(-18.70888257575,13.346676136364,4.2));
#11864 = VECTOR('',#11865,1.);
#11865 = DIRECTION('',(-1.,0.,0.));
#11866 = PLANE('',#11867);
#11867 = AXIS2_PLACEMENT_3D('',#11868,#11869,#11870);
#11868 = CARTESIAN_POINT('',(-19.22421963825,11.912634925993,4.2));
#11869 = DIRECTION('',(0.,0.,1.));
#11870 = DIRECTION('',(1.,0.,0.));
#11871 = ADVANCED_FACE('',(#11872),#11903,.T.);
#11872 = FACE_BOUND('',#11873,.T.);
#11873 = EDGE_LOOP('',(#11874,#11875,#11876,#11877,#11878,#11879,#11880,
    #11881,#11882,#11883,#11884,#11885,#11886,#11887,#11888,#11889,
    #11890,#11891,#11892,#11893,#11894,#11895,#11896,#11897,#11898,
    #11899,#11900,#11901,#11902));
#11874 = ORIENTED_EDGE('',*,*,#5741,.F.);
#11875 = ORIENTED_EDGE('',*,*,#5774,.F.);
#11876 = ORIENTED_EDGE('',*,*,#5800,.F.);
#11877 = ORIENTED_EDGE('',*,*,#5826,.F.);
#11878 = ORIENTED_EDGE('',*,*,#5850,.F.);
#11879 = ORIENTED_EDGE('',*,*,#5876,.F.);
#11880 = ORIENTED_EDGE('',*,*,#5902,.F.);
#11881 = ORIENTED_EDGE('',*,*,#5928,.F.);
#11882 = ORIENTED_EDGE('',*,*,#5954,.F.);
#11883 = ORIENTED_EDGE('',*,*,#5980,.F.);
#11884 = ORIENTED_EDGE('',*,*,#6006,.F.);
#11885 = ORIENTED_EDGE('',*,*,#6030,.F.);
#11886 = ORIENTED_EDGE('',*,*,#6056,.F.);
#11887 = ORIENTED_EDGE('',*,*,#6082,.F.);
#11888 = ORIENTED_EDGE('',*,*,#6108,.F.);
#11889 = ORIENTED_EDGE('',*,*,#6134,.F.);
#11890 = ORIENTED_EDGE('',*,*,#6160,.F.);
#11891 = ORIENTED_EDGE('',*,*,#6186,.F.);
#11892 = ORIENTED_EDGE('',*,*,#6210,.F.);
#11893 = ORIENTED_EDGE('',*,*,#6234,.F.);
#11894 = ORIENTED_EDGE('',*,*,#6258,.F.);
#11895 = ORIENTED_EDGE('',*,*,#6284,.F.);
#11896 = ORIENTED_EDGE('',*,*,#6310,.F.);
#11897 = ORIENTED_EDGE('',*,*,#6336,.F.);
#11898 = ORIENTED_EDGE('',*,*,#6362,.F.);
#11899 = ORIENTED_EDGE('',*,*,#6388,.F.);
#11900 = ORIENTED_EDGE('',*,*,#6412,.F.);
#11901 = ORIENTED_EDGE('',*,*,#6438,.F.);
#11902 = ORIENTED_EDGE('',*,*,#6457,.F.);
#11903 = PLANE('',#11904);
#11904 = AXIS2_PLACEMENT_3D('',#11905,#11906,#11907);
#11905 = CARTESIAN_POINT('',(-14.30827692506,11.367986835982,4.2));
#11906 = DIRECTION('',(0.,0.,1.));
#11907 = DIRECTION('',(1.,0.,0.));
#11908 = ADVANCED_FACE('',(#11909),#11935,.T.);
#11909 = FACE_BOUND('',#11910,.T.);
#11910 = EDGE_LOOP('',(#11911,#11912,#11913,#11914,#11915,#11916,#11917,
    #11918,#11919,#11920,#11921,#11922,#11923,#11924,#11925,#11926,
    #11927,#11928,#11929,#11930,#11931,#11932,#11933,#11934));
#11911 = ORIENTED_EDGE('',*,*,#7073,.F.);
#11912 = ORIENTED_EDGE('',*,*,#6483,.F.);
#11913 = ORIENTED_EDGE('',*,*,#6514,.F.);
#11914 = ORIENTED_EDGE('',*,*,#6538,.F.);
#11915 = ORIENTED_EDGE('',*,*,#6562,.F.);
#11916 = ORIENTED_EDGE('',*,*,#6588,.F.);
#11917 = ORIENTED_EDGE('',*,*,#6614,.F.);
#11918 = ORIENTED_EDGE('',*,*,#6640,.F.);
#11919 = ORIENTED_EDGE('',*,*,#6666,.F.);
#11920 = ORIENTED_EDGE('',*,*,#6692,.F.);
#11921 = ORIENTED_EDGE('',*,*,#6718,.F.);
#11922 = ORIENTED_EDGE('',*,*,#6744,.F.);
#11923 = ORIENTED_EDGE('',*,*,#6770,.F.);
#11924 = ORIENTED_EDGE('',*,*,#6796,.F.);
#11925 = ORIENTED_EDGE('',*,*,#6820,.F.);
#11926 = ORIENTED_EDGE('',*,*,#6846,.F.);
#11927 = ORIENTED_EDGE('',*,*,#6872,.F.);
#11928 = ORIENTED_EDGE('',*,*,#6898,.F.);
#11929 = ORIENTED_EDGE('',*,*,#6924,.F.);
#11930 = ORIENTED_EDGE('',*,*,#6950,.F.);
#11931 = ORIENTED_EDGE('',*,*,#6976,.F.);
#11932 = ORIENTED_EDGE('',*,*,#7002,.F.);
#11933 = ORIENTED_EDGE('',*,*,#7028,.F.);
#11934 = ORIENTED_EDGE('',*,*,#7054,.F.);
#11935 = PLANE('',#11936);
#11936 = AXIS2_PLACEMENT_3D('',#11937,#11938,#11939);
#11937 = CARTESIAN_POINT('',(-10.38008562955,11.232816110446,4.2));
#11938 = DIRECTION('',(0.,0.,1.));
#11939 = DIRECTION('',(1.,0.,0.));
#11940 = ADVANCED_FACE('',(#11941),#11947,.T.);
#11941 = FACE_BOUND('',#11942,.T.);
#11942 = EDGE_LOOP('',(#11943,#11944,#11945,#11946));
#11943 = ORIENTED_EDGE('',*,*,#7169,.F.);
#11944 = ORIENTED_EDGE('',*,*,#7097,.F.);
#11945 = ORIENTED_EDGE('',*,*,#7128,.F.);
#11946 = ORIENTED_EDGE('',*,*,#7152,.F.);
#11947 = PLANE('',#11948);
#11948 = AXIS2_PLACEMENT_3D('',#11949,#11950,#11951);
#11949 = CARTESIAN_POINT('',(-7.179289772727,10.81803030303,4.2));
#11950 = DIRECTION('',(0.,0.,1.));
#11951 = DIRECTION('',(1.,0.,0.));
#11952 = ADVANCED_FACE('',(#11953),#11973,.T.);
#11953 = FACE_BOUND('',#11954,.T.);
#11954 = EDGE_LOOP('',(#11955,#11956,#11957,#11958,#11959,#11960,#11961,
    #11962,#11963,#11964,#11965,#11966,#11967,#11968,#11969,#11970,
    #11971,#11972));
#11955 = ORIENTED_EDGE('',*,*,#7193,.F.);
#11956 = ORIENTED_EDGE('',*,*,#7226,.F.);
#11957 = ORIENTED_EDGE('',*,*,#7252,.F.);
#11958 = ORIENTED_EDGE('',*,*,#7278,.F.);
#11959 = ORIENTED_EDGE('',*,*,#7302,.F.);
#11960 = ORIENTED_EDGE('',*,*,#7328,.F.);
#11961 = ORIENTED_EDGE('',*,*,#7354,.F.);
#11962 = ORIENTED_EDGE('',*,*,#7380,.F.);
#11963 = ORIENTED_EDGE('',*,*,#7406,.F.);
#11964 = ORIENTED_EDGE('',*,*,#7432,.F.);
#11965 = ORIENTED_EDGE('',*,*,#7458,.F.);
#11966 = ORIENTED_EDGE('',*,*,#7484,.F.);
#11967 = ORIENTED_EDGE('',*,*,#7510,.F.);
#11968 = ORIENTED_EDGE('',*,*,#7536,.F.);
#11969 = ORIENTED_EDGE('',*,*,#7560,.F.);
#11970 = ORIENTED_EDGE('',*,*,#7586,.F.);
#11971 = ORIENTED_EDGE('',*,*,#7612,.F.);
#11972 = ORIENTED_EDGE('',*,*,#7631,.F.);
#11973 = PLANE('',#11974);
#11974 = AXIS2_PLACEMENT_3D('',#11975,#11976,#11977);
#11975 = CARTESIAN_POINT('',(-3.46652739766,11.392768290653,4.2));
#11976 = DIRECTION('',(0.,0.,1.));
#11977 = DIRECTION('',(1.,0.,0.));
#11978 = ADVANCED_FACE('',(#11979),#12010,.T.);
#11979 = FACE_BOUND('',#11980,.T.);
#11980 = EDGE_LOOP('',(#11981,#11982,#11983,#11984,#11985,#11986,#11987,
    #11988,#11989,#11990,#11991,#11992,#11993,#11994,#11995,#11996,
    #11997,#11998,#11999,#12000,#12001,#12002,#12003,#12004,#12005,
    #12006,#12007,#12008,#12009));
#11981 = ORIENTED_EDGE('',*,*,#7657,.F.);
#11982 = ORIENTED_EDGE('',*,*,#7690,.F.);
#11983 = ORIENTED_EDGE('',*,*,#7716,.F.);
#11984 = ORIENTED_EDGE('',*,*,#7742,.F.);
#11985 = ORIENTED_EDGE('',*,*,#7766,.F.);
#11986 = ORIENTED_EDGE('',*,*,#7792,.F.);
#11987 = ORIENTED_EDGE('',*,*,#7818,.F.);
#11988 = ORIENTED_EDGE('',*,*,#7844,.F.);
#11989 = ORIENTED_EDGE('',*,*,#7870,.F.);
#11990 = ORIENTED_EDGE('',*,*,#7896,.F.);
#11991 = ORIENTED_EDGE('',*,*,#7922,.F.);
#11992 = ORIENTED_EDGE('',*,*,#7946,.F.);
#11993 = ORIENTED_EDGE('',*,*,#7972,.F.);
#11994 = ORIENTED_EDGE('',*,*,#7998,.F.);
#11995 = ORIENTED_EDGE('',*,*,#8024,.F.);
#11996 = ORIENTED_EDGE('',*,*,#8050,.F.);
#11997 = ORIENTED_EDGE('',*,*,#8076,.F.);
#11998 = ORIENTED_EDGE('',*,*,#8102,.F.);
#11999 = ORIENTED_EDGE('',*,*,#8126,.F.);
#12000 = ORIENTED_EDGE('',*,*,#8150,.F.);
#12001 = ORIENTED_EDGE('',*,*,#8174,.F.);
#12002 = ORIENTED_EDGE('',*,*,#8200,.F.);
#12003 = ORIENTED_EDGE('',*,*,#8226,.F.);
#12004 = ORIENTED_EDGE('',*,*,#8252,.F.);
#12005 = ORIENTED_EDGE('',*,*,#8278,.F.);
#12006 = ORIENTED_EDGE('',*,*,#8304,.F.);
#12007 = ORIENTED_EDGE('',*,*,#8328,.F.);
#12008 = ORIENTED_EDGE('',*,*,#8354,.F.);
#12009 = ORIENTED_EDGE('',*,*,#8373,.F.);
#12010 = PLANE('',#12011);
#12011 = AXIS2_PLACEMENT_3D('',#12012,#12013,#12014);
#12012 = CARTESIAN_POINT('',(1.464450347661,11.367986835982,4.2));
#12013 = DIRECTION('',(0.,0.,1.));
#12014 = DIRECTION('',(1.,0.,0.));
#12015 = ADVANCED_FACE('',(#12016),#12052,.T.);
#12016 = FACE_BOUND('',#12017,.T.);
#12017 = EDGE_LOOP('',(#12018,#12019,#12020,#12021,#12022,#12023,#12024,
    #12025,#12026,#12027,#12028,#12029,#12030,#12031,#12032,#12033,
    #12034,#12035,#12036,#12037,#12038,#12039,#12040,#12041,#12042,
    #12043,#12044,#12045,#12046,#12047,#12048,#12049,#12050,#12051));
#12018 = ORIENTED_EDGE('',*,*,#8399,.F.);
#12019 = ORIENTED_EDGE('',*,*,#8432,.F.);
#12020 = ORIENTED_EDGE('',*,*,#8458,.F.);
#12021 = ORIENTED_EDGE('',*,*,#8484,.F.);
#12022 = ORIENTED_EDGE('',*,*,#8510,.F.);
#12023 = ORIENTED_EDGE('',*,*,#8536,.F.);
#12024 = ORIENTED_EDGE('',*,*,#8562,.F.);
#12025 = ORIENTED_EDGE('',*,*,#8588,.F.);
#12026 = ORIENTED_EDGE('',*,*,#8614,.F.);
#12027 = ORIENTED_EDGE('',*,*,#8640,.F.);
#12028 = ORIENTED_EDGE('',*,*,#8666,.F.);
#12029 = ORIENTED_EDGE('',*,*,#8692,.F.);
#12030 = ORIENTED_EDGE('',*,*,#8718,.F.);
#12031 = ORIENTED_EDGE('',*,*,#8744,.F.);
#12032 = ORIENTED_EDGE('',*,*,#8770,.F.);
#12033 = ORIENTED_EDGE('',*,*,#8794,.F.);
#12034 = ORIENTED_EDGE('',*,*,#8820,.F.);
#12035 = ORIENTED_EDGE('',*,*,#8846,.F.);
#12036 = ORIENTED_EDGE('',*,*,#8872,.F.);
#12037 = ORIENTED_EDGE('',*,*,#8898,.F.);
#12038 = ORIENTED_EDGE('',*,*,#8924,.F.);
#12039 = ORIENTED_EDGE('',*,*,#8950,.F.);
#12040 = ORIENTED_EDGE('',*,*,#8976,.F.);
#12041 = ORIENTED_EDGE('',*,*,#9002,.F.);
#12042 = ORIENTED_EDGE('',*,*,#9028,.F.);
#12043 = ORIENTED_EDGE('',*,*,#9054,.F.);
#12044 = ORIENTED_EDGE('',*,*,#9080,.F.);
#12045 = ORIENTED_EDGE('',*,*,#9106,.F.);
#12046 = ORIENTED_EDGE('',*,*,#9132,.F.);
#12047 = ORIENTED_EDGE('',*,*,#9158,.F.);
#12048 = ORIENTED_EDGE('',*,*,#9184,.F.);
#12049 = ORIENTED_EDGE('',*,*,#9210,.F.);
#12050 = ORIENTED_EDGE('',*,*,#9234,.F.);
#12051 = ORIENTED_EDGE('',*,*,#9253,.F.);
#12052 = PLANE('',#12053);
#12053 = AXIS2_PLACEMENT_3D('',#12054,#12055,#12056);
#12054 = CARTESIAN_POINT('',(7.837162813508,11.371110137529,4.2));
#12055 = DIRECTION('',(0.,0.,1.));
#12056 = DIRECTION('',(1.,0.,0.));
#12057 = ADVANCED_FACE('',(#12058,#12073),#12115,.T.);
#12058 = FACE_BOUND('',#12059,.T.);
#12059 = EDGE_LOOP('',(#12060,#12061,#12062,#12063,#12064,#12065,#12066,
    #12067,#12068,#12069,#12070,#12071,#12072));
#12060 = ORIENTED_EDGE('',*,*,#9279,.F.);
#12061 = ORIENTED_EDGE('',*,*,#9312,.F.);
#12062 = ORIENTED_EDGE('',*,*,#9336,.F.);
#12063 = ORIENTED_EDGE('',*,*,#9360,.F.);
#12064 = ORIENTED_EDGE('',*,*,#9386,.F.);
#12065 = ORIENTED_EDGE('',*,*,#9412,.F.);
#12066 = ORIENTED_EDGE('',*,*,#9438,.F.);
#12067 = ORIENTED_EDGE('',*,*,#9464,.F.);
#12068 = ORIENTED_EDGE('',*,*,#9490,.F.);
#12069 = ORIENTED_EDGE('',*,*,#9516,.F.);
#12070 = ORIENTED_EDGE('',*,*,#9540,.F.);
#12071 = ORIENTED_EDGE('',*,*,#9566,.F.);
#12072 = ORIENTED_EDGE('',*,*,#9585,.F.);
#12073 = FACE_BOUND('',#12074,.T.);
#12074 = EDGE_LOOP('',(#12075,#12085,#12093,#12101,#12109));
#12075 = ORIENTED_EDGE('',*,*,#12076,.F.);
#12076 = EDGE_CURVE('',#12077,#12079,#12081,.T.);
#12077 = VERTEX_POINT('',#12078);
#12078 = CARTESIAN_POINT('',(13.261761363636,11.162727272727,4.2));
#12079 = VERTEX_POINT('',#12080);
#12080 = CARTESIAN_POINT('',(12.9528125,12.048143939394,4.2));
#12081 = B_SPLINE_CURVE_WITH_KNOTS('',2,(#12082,#12083,#12084),
  .UNSPECIFIED.,.F.,.F.,(3,3),(0.,1.),.PIECEWISE_BEZIER_KNOTS.);
#12082 = CARTESIAN_POINT('',(13.261761363636,11.162727272727,4.2));
#12083 = CARTESIAN_POINT('',(13.208494318182,11.769498106061,4.2));
#12084 = CARTESIAN_POINT('',(12.9528125,12.048143939394,4.2));
#12085 = ORIENTED_EDGE('',*,*,#12086,.F.);
#12086 = EDGE_CURVE('',#12087,#12077,#12089,.T.);
#12087 = VERTEX_POINT('',#12088);
#12088 = CARTESIAN_POINT('',(11.187897727273,11.162727272727,4.2));
#12089 = LINE('',#12090,#12091);
#12090 = CARTESIAN_POINT('',(11.187897727273,11.162727272727,4.2));
#12091 = VECTOR('',#12092,1.);
#12092 = DIRECTION('',(1.,0.,0.));
#12093 = ORIENTED_EDGE('',*,*,#12094,.F.);
#12094 = EDGE_CURVE('',#12095,#12087,#12097,.T.);
#12095 = VERTEX_POINT('',#12096);
#12096 = CARTESIAN_POINT('',(11.480748106061,12.016183712121,4.2));
#12097 = B_SPLINE_CURVE_WITH_KNOTS('',2,(#12098,#12099,#12100),
  .UNSPECIFIED.,.F.,.F.,(3,3),(0.,1.),.PIECEWISE_BEZIER_KNOTS.);
#12098 = CARTESIAN_POINT('',(11.480748106061,12.016183712121,4.2));
#12099 = CARTESIAN_POINT('',(11.209204545455,11.705814393939,4.2));
#12100 = CARTESIAN_POINT('',(11.187897727273,11.162727272727,4.2));
#12101 = ORIENTED_EDGE('',*,*,#12102,.F.);
#12102 = EDGE_CURVE('',#12103,#12095,#12105,.T.);
#12103 = VERTEX_POINT('',#12104);
#12104 = CARTESIAN_POINT('',(12.217727272727,12.326789772727,4.2));
#12105 = B_SPLINE_CURVE_WITH_KNOTS('',2,(#12106,#12107,#12108),
  .UNSPECIFIED.,.F.,.F.,(3,3),(0.,1.),.PIECEWISE_BEZIER_KNOTS.);
#12106 = CARTESIAN_POINT('',(12.217727272727,12.326789772727,4.2));
#12107 = CARTESIAN_POINT('',(11.752528409091,12.326789772727,4.2));
#12108 = CARTESIAN_POINT('',(11.480748106061,12.016183712121,4.2));
#12109 = ORIENTED_EDGE('',*,*,#12110,.F.);
#12110 = EDGE_CURVE('',#12079,#12103,#12111,.T.);
#12111 = B_SPLINE_CURVE_WITH_KNOTS('',2,(#12112,#12113,#12114),
  .UNSPECIFIED.,.F.,.F.,(3,3),(0.,1.),.PIECEWISE_BEZIER_KNOTS.);
#12112 = CARTESIAN_POINT('',(12.9528125,12.048143939394,4.2));
#12113 = CARTESIAN_POINT('',(12.697130681818,12.326789772727,4.2));
#12114 = CARTESIAN_POINT('',(12.217727272727,12.326789772727,4.2));
#12115 = PLANE('',#12116);
#12116 = AXIS2_PLACEMENT_3D('',#12117,#12118,#12119);
#12117 = CARTESIAN_POINT('',(12.196870602232,10.818307097485,4.2));
#12118 = DIRECTION('',(0.,0.,1.));
#12119 = DIRECTION('',(1.,0.,0.));
#12120 = ADVANCED_FACE('',(#12121),#12144,.T.);
#12121 = FACE_BOUND('',#12122,.T.);
#12122 = EDGE_LOOP('',(#12123,#12124,#12125,#12126,#12127,#12128,#12129,
    #12130,#12131,#12132,#12133,#12134,#12135,#12136,#12137,#12138,
    #12139,#12140,#12141,#12142,#12143));
#12123 = ORIENTED_EDGE('',*,*,#10117,.F.);
#12124 = ORIENTED_EDGE('',*,*,#9611,.F.);
#12125 = ORIENTED_EDGE('',*,*,#9642,.F.);
#12126 = ORIENTED_EDGE('',*,*,#9666,.F.);
#12127 = ORIENTED_EDGE('',*,*,#9692,.F.);
#12128 = ORIENTED_EDGE('',*,*,#9718,.F.);
#12129 = ORIENTED_EDGE('',*,*,#9744,.F.);
#12130 = ORIENTED_EDGE('',*,*,#9770,.F.);
#12131 = ORIENTED_EDGE('',*,*,#9794,.F.);
#12132 = ORIENTED_EDGE('',*,*,#9820,.F.);
#12133 = ORIENTED_EDGE('',*,*,#9846,.F.);
#12134 = ORIENTED_EDGE('',*,*,#9872,.F.);
#12135 = ORIENTED_EDGE('',*,*,#9896,.F.);
#12136 = ORIENTED_EDGE('',*,*,#9922,.F.);
#12137 = ORIENTED_EDGE('',*,*,#9946,.F.);
#12138 = ORIENTED_EDGE('',*,*,#9970,.F.);
#12139 = ORIENTED_EDGE('',*,*,#9994,.F.);
#12140 = ORIENTED_EDGE('',*,*,#10020,.F.);
#12141 = ORIENTED_EDGE('',*,*,#10046,.F.);
#12142 = ORIENTED_EDGE('',*,*,#10072,.F.);
#12143 = ORIENTED_EDGE('',*,*,#10098,.F.);
#12144 = PLANE('',#12145);
#12145 = AXIS2_PLACEMENT_3D('',#12146,#12147,#12148);
#12146 = CARTESIAN_POINT('',(16.216229189509,11.003658877531,4.2));
#12147 = DIRECTION('',(0.,0.,1.));
#12148 = DIRECTION('',(1.,0.,0.));
#12149 = ADVANCED_FACE('',(#12150),#12183,.T.);
#12150 = FACE_BOUND('',#12151,.T.);
#12151 = EDGE_LOOP('',(#12152,#12153,#12154,#12155,#12156,#12157,#12158,
    #12159,#12160,#12161,#12162,#12163,#12164,#12165,#12166,#12167,
    #12168,#12169,#12170,#12171,#12172,#12173,#12174,#12175,#12176,
    #12177,#12178,#12179,#12180,#12181,#12182));
#12152 = ORIENTED_EDGE('',*,*,#10141,.F.);
#12153 = ORIENTED_EDGE('',*,*,#10174,.F.);
#12154 = ORIENTED_EDGE('',*,*,#10200,.F.);
#12155 = ORIENTED_EDGE('',*,*,#10226,.F.);
#12156 = ORIENTED_EDGE('',*,*,#10252,.F.);
#12157 = ORIENTED_EDGE('',*,*,#10278,.F.);
#12158 = ORIENTED_EDGE('',*,*,#10304,.F.);
#12159 = ORIENTED_EDGE('',*,*,#10330,.F.);
#12160 = ORIENTED_EDGE('',*,*,#10356,.F.);
#12161 = ORIENTED_EDGE('',*,*,#10382,.F.);
#12162 = ORIENTED_EDGE('',*,*,#10408,.F.);
#12163 = ORIENTED_EDGE('',*,*,#10434,.F.);
#12164 = ORIENTED_EDGE('',*,*,#10460,.F.);
#12165 = ORIENTED_EDGE('',*,*,#10484,.F.);
#12166 = ORIENTED_EDGE('',*,*,#10510,.F.);
#12167 = ORIENTED_EDGE('',*,*,#10536,.F.);
#12168 = ORIENTED_EDGE('',*,*,#10562,.F.);
#12169 = ORIENTED_EDGE('',*,*,#10588,.F.);
#12170 = ORIENTED_EDGE('',*,*,#10614,.F.);
#12171 = ORIENTED_EDGE('',*,*,#10640,.F.);
#12172 = ORIENTED_EDGE('',*,*,#10666,.F.);
#12173 = ORIENTED_EDGE('',*,*,#10690,.F.);
#12174 = ORIENTED_EDGE('',*,*,#10716,.F.);
#12175 = ORIENTED_EDGE('',*,*,#10742,.F.);
#12176 = ORIENTED_EDGE('',*,*,#10768,.F.);
#12177 = ORIENTED_EDGE('',*,*,#10794,.F.);
#12178 = ORIENTED_EDGE('',*,*,#10820,.F.);
#12179 = ORIENTED_EDGE('',*,*,#10846,.F.);
#12180 = ORIENTED_EDGE('',*,*,#10870,.F.);
#12181 = ORIENTED_EDGE('',*,*,#10896,.F.);
#12182 = ORIENTED_EDGE('',*,*,#10915,.F.);
#12183 = PLANE('',#12184);
#12184 = AXIS2_PLACEMENT_3D('',#12185,#12186,#12187);
#12185 = CARTESIAN_POINT('',(20.121294472649,10.789220547066,4.2));
#12186 = DIRECTION('',(0.,0.,1.));
#12187 = DIRECTION('',(1.,0.,0.));
#12188 = ADVANCED_FACE('',(#12189,#12198),#12264,.T.);
#12189 = FACE_BOUND('',#12190,.T.);
#12190 = EDGE_LOOP('',(#12191,#12192,#12193,#12194,#12195,#12196,#12197)
  );
#12191 = ORIENTED_EDGE('',*,*,#10941,.F.);
#12192 = ORIENTED_EDGE('',*,*,#10974,.F.);
#12193 = ORIENTED_EDGE('',*,*,#11000,.F.);
#12194 = ORIENTED_EDGE('',*,*,#11026,.F.);
#12195 = ORIENTED_EDGE('',*,*,#11052,.F.);
#12196 = ORIENTED_EDGE('',*,*,#11078,.F.);
#12197 = ORIENTED_EDGE('',*,*,#11097,.F.);
#12198 = FACE_BOUND('',#12199,.T.);
#12199 = EDGE_LOOP('',(#12200,#12210,#12218,#12226,#12234,#12242,#12250,
    #12258));
#12200 = ORIENTED_EDGE('',*,*,#12201,.F.);
#12201 = EDGE_CURVE('',#12202,#12204,#12206,.T.);
#12202 = VERTEX_POINT('',#12203);
#12203 = CARTESIAN_POINT('',(24.996136363636,10.81021780303,4.2));
#12204 = VERTEX_POINT('',#12205);
#12205 = CARTESIAN_POINT('',(24.759867424242,11.966231060606,4.2));
#12206 = B_SPLINE_CURVE_WITH_KNOTS('',2,(#12207,#12208,#12209),
  .UNSPECIFIED.,.F.,.F.,(3,3),(0.,1.),.PIECEWISE_BEZIER_KNOTS.);
#12207 = CARTESIAN_POINT('',(24.996136363636,10.81021780303,4.2));
#12208 = CARTESIAN_POINT('',(24.996136363636,11.605909090909,4.2));
#12209 = CARTESIAN_POINT('',(24.759867424242,11.966231060606,4.2));
#12210 = ORIENTED_EDGE('',*,*,#12211,.F.);
#12211 = EDGE_CURVE('',#12212,#12202,#12214,.T.);
#12212 = VERTEX_POINT('',#12213);
#12213 = CARTESIAN_POINT('',(24.749214015152,9.655861742424,4.2));
#12214 = B_SPLINE_CURVE_WITH_KNOTS('',2,(#12215,#12216,#12217),
  .UNSPECIFIED.,.F.,.F.,(3,3),(0.,1.),.PIECEWISE_BEZIER_KNOTS.);
#12215 = CARTESIAN_POINT('',(24.749214015152,9.655861742424,4.2));
#12216 = CARTESIAN_POINT('',(24.996136363636,10.025179924242,4.2));
#12217 = CARTESIAN_POINT('',(24.996136363636,10.81021780303,4.2));
#12218 = ORIENTED_EDGE('',*,*,#12219,.F.);
#12219 = EDGE_CURVE('',#12220,#12212,#12222,.T.);
#12220 = VERTEX_POINT('',#12221);
#12221 = CARTESIAN_POINT('',(23.927244318182,9.286543560606,4.2));
#12222 = B_SPLINE_CURVE_WITH_KNOTS('',2,(#12223,#12224,#12225),
  .UNSPECIFIED.,.F.,.F.,(3,3),(0.,1.),.PIECEWISE_BEZIER_KNOTS.);
#12223 = CARTESIAN_POINT('',(23.927244318182,9.286543560606,4.2));
#12224 = CARTESIAN_POINT('',(24.502528409091,9.286543560606,4.2));
#12225 = CARTESIAN_POINT('',(24.749214015152,9.655861742424,4.2));
#12226 = ORIENTED_EDGE('',*,*,#12227,.F.);
#12227 = EDGE_CURVE('',#12228,#12220,#12230,.T.);
#12228 = VERTEX_POINT('',#12229);
#12229 = CARTESIAN_POINT('',(23.151202651515,9.668409090909,4.2));
#12230 = B_SPLINE_CURVE_WITH_KNOTS('',2,(#12231,#12232,#12233),
  .UNSPECIFIED.,.F.,.F.,(3,3),(0.,1.),.PIECEWISE_BEZIER_KNOTS.);
#12231 = CARTESIAN_POINT('',(23.151202651515,9.668409090909,4.2));
#12232 = CARTESIAN_POINT('',(23.398125,9.286543560606,4.2));
#12233 = CARTESIAN_POINT('',(23.927244318182,9.286543560606,4.2));
#12234 = ORIENTED_EDGE('',*,*,#12235,.F.);
#12235 = EDGE_CURVE('',#12236,#12228,#12238,.T.);
#12236 = VERTEX_POINT('',#12237);
#12237 = CARTESIAN_POINT('',(22.904517045455,10.81021780303,4.2));
#12238 = B_SPLINE_CURVE_WITH_KNOTS('',2,(#12239,#12240,#12241),
  .UNSPECIFIED.,.F.,.F.,(3,3),(0.,1.),.PIECEWISE_BEZIER_KNOTS.);
#12239 = CARTESIAN_POINT('',(22.904517045455,10.81021780303,4.2));
#12240 = CARTESIAN_POINT('',(22.904517045455,10.050274621212,4.2));
#12241 = CARTESIAN_POINT('',(23.151202651515,9.668409090909,4.2));
#12242 = ORIENTED_EDGE('',*,*,#12243,.F.);
#12243 = EDGE_CURVE('',#12244,#12236,#12246,.T.);
#12244 = VERTEX_POINT('',#12245);
#12245 = CARTESIAN_POINT('',(23.154753787879,11.959128787879,4.2));
#12246 = B_SPLINE_CURVE_WITH_KNOTS('',2,(#12247,#12248,#12249),
  .UNSPECIFIED.,.F.,.F.,(3,3),(0.,1.),.PIECEWISE_BEZIER_KNOTS.);
#12247 = CARTESIAN_POINT('',(23.154753787879,11.959128787879,4.2));
#12248 = CARTESIAN_POINT('',(22.904517045455,11.591704545455,4.2));
#12249 = CARTESIAN_POINT('',(22.904517045455,10.81021780303,4.2));
#12250 = ORIENTED_EDGE('',*,*,#12251,.F.);
#12251 = EDGE_CURVE('',#12252,#12244,#12254,.T.);
#12252 = VERTEX_POINT('',#12253);
#12253 = CARTESIAN_POINT('',(23.966306818182,12.326789772727,4.2));
#12254 = B_SPLINE_CURVE_WITH_KNOTS('',2,(#12255,#12256,#12257),
  .UNSPECIFIED.,.F.,.F.,(3,3),(0.,1.),.PIECEWISE_BEZIER_KNOTS.);
#12255 = CARTESIAN_POINT('',(23.966306818182,12.326789772727,4.2));
#12256 = CARTESIAN_POINT('',(23.405227272727,12.326789772727,4.2));
#12257 = CARTESIAN_POINT('',(23.154753787879,11.959128787879,4.2));
#12258 = ORIENTED_EDGE('',*,*,#12259,.F.);
#12259 = EDGE_CURVE('',#12204,#12252,#12260,.T.);
#12260 = B_SPLINE_CURVE_WITH_KNOTS('',2,(#12261,#12262,#12263),
  .UNSPECIFIED.,.F.,.F.,(3,3),(0.,1.),.PIECEWISE_BEZIER_KNOTS.);
#12261 = CARTESIAN_POINT('',(24.759867424242,11.966231060606,4.2));
#12262 = CARTESIAN_POINT('',(24.523835227273,12.326789772727,4.2));
#12263 = CARTESIAN_POINT('',(23.966306818182,12.326789772727,4.2));
#12264 = PLANE('',#12265);
#12265 = AXIS2_PLACEMENT_3D('',#12266,#12267,#12268);
#12266 = CARTESIAN_POINT('',(23.963801471282,10.801428669285,4.2));
#12267 = DIRECTION('',(0.,0.,1.));
#12268 = DIRECTION('',(1.,0.,0.));
#12269 = ADVANCED_FACE('',(#12270),#12286,.T.);
#12270 = FACE_BOUND('',#12271,.T.);
#12271 = EDGE_LOOP('',(#12272,#12273,#12274,#12275,#12276,#12277,#12278,
    #12279,#12280,#12281,#12282,#12283,#12284,#12285));
#12272 = ORIENTED_EDGE('',*,*,#11451,.F.);
#12273 = ORIENTED_EDGE('',*,*,#11123,.F.);
#12274 = ORIENTED_EDGE('',*,*,#11154,.F.);
#12275 = ORIENTED_EDGE('',*,*,#11178,.F.);
#12276 = ORIENTED_EDGE('',*,*,#11204,.F.);
#12277 = ORIENTED_EDGE('',*,*,#11230,.F.);
#12278 = ORIENTED_EDGE('',*,*,#11256,.F.);
#12279 = ORIENTED_EDGE('',*,*,#11280,.F.);
#12280 = ORIENTED_EDGE('',*,*,#11306,.F.);
#12281 = ORIENTED_EDGE('',*,*,#11332,.F.);
#12282 = ORIENTED_EDGE('',*,*,#11358,.F.);
#12283 = ORIENTED_EDGE('',*,*,#11382,.F.);
#12284 = ORIENTED_EDGE('',*,*,#11408,.F.);
#12285 = ORIENTED_EDGE('',*,*,#11432,.F.);
#12286 = PLANE('',#12287);
#12287 = AXIS2_PLACEMENT_3D('',#12288,#12289,#12290);
#12288 = CARTESIAN_POINT('',(27.056743503863,11.229435183258,4.2));
#12289 = DIRECTION('',(0.,0.,1.));
#12290 = DIRECTION('',(1.,0.,0.));
#12291 = ADVANCED_FACE('',(#12292,#12300,#12336,#12372,#12408,#12419),
  #12430,.T.);
#12292 = FACE_BOUND('',#12293,.T.);
#12293 = EDGE_LOOP('',(#12294,#12295,#12296,#12297,#12298,#12299));
#12294 = ORIENTED_EDGE('',*,*,#11466,.F.);
#12295 = ORIENTED_EDGE('',*,*,#11522,.F.);
#12296 = ORIENTED_EDGE('',*,*,#11571,.F.);
#12297 = ORIENTED_EDGE('',*,*,#11595,.F.);
#12298 = ORIENTED_EDGE('',*,*,#11546,.F.);
#12299 = ORIENTED_EDGE('',*,*,#11498,.F.);
#12300 = FACE_BOUND('',#12301,.T.);
#12301 = EDGE_LOOP('',(#12302,#12313,#12321,#12330));
#12302 = ORIENTED_EDGE('',*,*,#12303,.F.);
#12303 = EDGE_CURVE('',#12304,#12306,#12308,.T.);
#12304 = VERTEX_POINT('',#12305);
#12305 = CARTESIAN_POINT('',(-11.5,62.962375878293,3.));
#12306 = VERTEX_POINT('',#12307);
#12307 = CARTESIAN_POINT('',(-14.5,62.962375878293,3.));
#12308 = CIRCLE('',#12309,1.5);
#12309 = AXIS2_PLACEMENT_3D('',#12310,#12311,#12312);
#12310 = CARTESIAN_POINT('',(-13.,62.962375878293,3.));
#12311 = DIRECTION('',(0.,0.,1.));
#12312 = DIRECTION('',(1.,0.,0.));
#12313 = ORIENTED_EDGE('',*,*,#12314,.T.);
#12314 = EDGE_CURVE('',#12304,#12315,#12317,.T.);
#12315 = VERTEX_POINT('',#12316);
#12316 = CARTESIAN_POINT('',(-11.5,58.962375878293,3.));
#12317 = LINE('',#12318,#12319);
#12318 = CARTESIAN_POINT('',(-11.5,62.962375878293,3.));
#12319 = VECTOR('',#12320,1.);
#12320 = DIRECTION('',(0.,-1.,0.));
#12321 = ORIENTED_EDGE('',*,*,#12322,.F.);
#12322 = EDGE_CURVE('',#12323,#12315,#12325,.T.);
#12323 = VERTEX_POINT('',#12324);
#12324 = CARTESIAN_POINT('',(-14.5,58.962375878293,3.));
#12325 = CIRCLE('',#12326,1.5);
#12326 = AXIS2_PLACEMENT_3D('',#12327,#12328,#12329);
#12327 = CARTESIAN_POINT('',(-13.,58.962375878293,3.));
#12328 = DIRECTION('',(0.,0.,1.));
#12329 = DIRECTION('',(1.,0.,0.));
#12330 = ORIENTED_EDGE('',*,*,#12331,.F.);
#12331 = EDGE_CURVE('',#12306,#12323,#12332,.T.);
#12332 = LINE('',#12333,#12334);
#12333 = CARTESIAN_POINT('',(-14.5,62.962375878293,3.));
#12334 = VECTOR('',#12335,1.);
#12335 = DIRECTION('',(0.,-1.,0.));
#12336 = FACE_BOUND('',#12337,.T.);
#12337 = EDGE_LOOP('',(#12338,#12349,#12357,#12366));
#12338 = ORIENTED_EDGE('',*,*,#12339,.F.);
#12339 = EDGE_CURVE('',#12340,#12342,#12344,.T.);
#12340 = VERTEX_POINT('',#12341);
#12341 = CARTESIAN_POINT('',(14.2,62.98372914118,3.));
#12342 = VERTEX_POINT('',#12343);
#12343 = CARTESIAN_POINT('',(10.8,62.98372914118,3.));
#12344 = CIRCLE('',#12345,1.7);
#12345 = AXIS2_PLACEMENT_3D('',#12346,#12347,#12348);
#12346 = CARTESIAN_POINT('',(12.5,62.98372914118,3.));
#12347 = DIRECTION('',(0.,0.,1.));
#12348 = DIRECTION('',(1.,0.,0.));
#12349 = ORIENTED_EDGE('',*,*,#12350,.T.);
#12350 = EDGE_CURVE('',#12340,#12351,#12353,.T.);
#12351 = VERTEX_POINT('',#12352);
#12352 = CARTESIAN_POINT('',(14.2,50.98372914118,3.));
#12353 = LINE('',#12354,#12355);
#12354 = CARTESIAN_POINT('',(14.2,62.98372914118,3.));
#12355 = VECTOR('',#12356,1.);
#12356 = DIRECTION('',(1.480297366167E-16,-1.,0.));
#12357 = ORIENTED_EDGE('',*,*,#12358,.F.);
#12358 = EDGE_CURVE('',#12359,#12351,#12361,.T.);
#12359 = VERTEX_POINT('',#12360);
#12360 = CARTESIAN_POINT('',(10.8,50.98372914118,3.));
#12361 = CIRCLE('',#12362,1.7);
#12362 = AXIS2_PLACEMENT_3D('',#12363,#12364,#12365);
#12363 = CARTESIAN_POINT('',(12.5,50.98372914118,3.));
#12364 = DIRECTION('',(0.,0.,1.));
#12365 = DIRECTION('',(1.,0.,0.));
#12366 = ORIENTED_EDGE('',*,*,#12367,.F.);
#12367 = EDGE_CURVE('',#12342,#12359,#12368,.T.);
#12368 = LINE('',#12369,#12370);
#12369 = CARTESIAN_POINT('',(10.8,62.98372914118,3.));
#12370 = VECTOR('',#12371,1.);
#12371 = DIRECTION('',(0.,-1.,0.));
#12372 = FACE_BOUND('',#12373,.T.);
#12373 = EDGE_LOOP('',(#12374,#12385,#12393,#12402));
#12374 = ORIENTED_EDGE('',*,*,#12375,.F.);
#12375 = EDGE_CURVE('',#12376,#12378,#12380,.T.);
#12376 = VERTEX_POINT('',#12377);
#12377 = CARTESIAN_POINT('',(-5.44547889306,73.872759336594,3.));
#12378 = VERTEX_POINT('',#12379);
#12379 = CARTESIAN_POINT('',(-5.44547889306,68.872759336594,3.));
#12380 = CIRCLE('',#12381,2.5);
#12381 = AXIS2_PLACEMENT_3D('',#12382,#12383,#12384);
#12382 = CARTESIAN_POINT('',(-5.44547889306,71.372759336594,3.));
#12383 = DIRECTION('',(0.,0.,1.));
#12384 = DIRECTION('',(1.,0.,0.));
#12385 = ORIENTED_EDGE('',*,*,#12386,.T.);
#12386 = EDGE_CURVE('',#12376,#12387,#12389,.T.);
#12387 = VERTEX_POINT('',#12388);
#12388 = CARTESIAN_POINT('',(1.55452110694,73.872759336594,3.));
#12389 = LINE('',#12390,#12391);
#12390 = CARTESIAN_POINT('',(-5.44547889306,73.872759336594,3.));
#12391 = VECTOR('',#12392,1.);
#12392 = DIRECTION('',(1.,0.,0.));
#12393 = ORIENTED_EDGE('',*,*,#12394,.F.);
#12394 = EDGE_CURVE('',#12395,#12387,#12397,.T.);
#12395 = VERTEX_POINT('',#12396);
#12396 = CARTESIAN_POINT('',(1.55452110694,68.872759336594,3.));
#12397 = CIRCLE('',#12398,2.5);
#12398 = AXIS2_PLACEMENT_3D('',#12399,#12400,#12401);
#12399 = CARTESIAN_POINT('',(1.55452110694,71.372759336594,3.));
#12400 = DIRECTION('',(0.,0.,1.));
#12401 = DIRECTION('',(1.,0.,0.));
#12402 = ORIENTED_EDGE('',*,*,#12403,.F.);
#12403 = EDGE_CURVE('',#12378,#12395,#12404,.T.);
#12404 = LINE('',#12405,#12406);
#12405 = CARTESIAN_POINT('',(-5.44547889306,68.872759336594,3.));
#12406 = VECTOR('',#12407,1.);
#12407 = DIRECTION('',(1.,0.,0.));
#12408 = FACE_BOUND('',#12409,.T.);
#12409 = EDGE_LOOP('',(#12410));
#12410 = ORIENTED_EDGE('',*,*,#12411,.F.);
#12411 = EDGE_CURVE('',#12412,#12412,#12414,.T.);
#12412 = VERTEX_POINT('',#12413);
#12413 = CARTESIAN_POINT('',(-12.9,86.5,3.));
#12414 = CIRCLE('',#12415,1.1);
#12415 = AXIS2_PLACEMENT_3D('',#12416,#12417,#12418);
#12416 = CARTESIAN_POINT('',(-14.,86.5,3.));
#12417 = DIRECTION('',(0.,0.,1.));
#12418 = DIRECTION('',(1.,0.,0.));
#12419 = FACE_BOUND('',#12420,.T.);
#12420 = EDGE_LOOP('',(#12421));
#12421 = ORIENTED_EDGE('',*,*,#12422,.F.);
#12422 = EDGE_CURVE('',#12423,#12423,#12425,.T.);
#12423 = VERTEX_POINT('',#12424);
#12424 = CARTESIAN_POINT('',(15.1,86.5,3.));
#12425 = CIRCLE('',#12426,1.1);
#12426 = AXIS2_PLACEMENT_3D('',#12427,#12428,#12429);
#12427 = CARTESIAN_POINT('',(14.,86.5,3.));
#12428 = DIRECTION('',(0.,0.,1.));
#12429 = DIRECTION('',(1.,0.,0.));
#12430 = PLANE('',#12431);
#12431 = AXIS2_PLACEMENT_3D('',#12432,#12433,#12434);
#12432 = CARTESIAN_POINT('',(-6.27804760989E-17,55.106933090602,3.));
#12433 = DIRECTION('',(0.,0.,1.));
#12434 = DIRECTION('',(1.,0.,0.));
#12435 = ADVANCED_FACE('',(#12436),#12452,.T.);
#12436 = FACE_BOUND('',#12437,.T.);
#12437 = EDGE_LOOP('',(#12438,#12439,#12445,#12446));
#12438 = ORIENTED_EDGE('',*,*,#12350,.F.);
#12439 = ORIENTED_EDGE('',*,*,#12440,.T.);
#12440 = EDGE_CURVE('',#12340,#11621,#12441,.T.);
#12441 = LINE('',#12442,#12443);
#12442 = CARTESIAN_POINT('',(14.2,62.98372914118,3.));
#12443 = VECTOR('',#12444,1.);
#12444 = DIRECTION('',(-0.,-0.,-1.));
#12445 = ORIENTED_EDGE('',*,*,#11618,.F.);
#12446 = ORIENTED_EDGE('',*,*,#12447,.F.);
#12447 = EDGE_CURVE('',#12351,#11619,#12448,.T.);
#12448 = LINE('',#12449,#12450);
#12449 = CARTESIAN_POINT('',(14.2,50.98372914118,3.));
#12450 = VECTOR('',#12451,1.);
#12451 = DIRECTION('',(-0.,-0.,-1.));
#12452 = PLANE('',#12453);
#12453 = AXIS2_PLACEMENT_3D('',#12454,#12455,#12456);
#12454 = CARTESIAN_POINT('',(14.2,62.98372914118,3.));
#12455 = DIRECTION('',(-1.,-1.480297366167E-16,0.));
#12456 = DIRECTION('',(1.480297366167E-16,-1.,0.));
#12457 = ADVANCED_FACE('',(#12458),#12469,.F.);
#12458 = FACE_BOUND('',#12459,.F.);
#12459 = EDGE_LOOP('',(#12460,#12461,#12467,#12468));
#12460 = ORIENTED_EDGE('',*,*,#12358,.F.);
#12461 = ORIENTED_EDGE('',*,*,#12462,.T.);
#12462 = EDGE_CURVE('',#12359,#11638,#12463,.T.);
#12463 = LINE('',#12464,#12465);
#12464 = CARTESIAN_POINT('',(10.8,50.98372914118,3.));
#12465 = VECTOR('',#12466,1.);
#12466 = DIRECTION('',(-0.,-0.,-1.));
#12467 = ORIENTED_EDGE('',*,*,#11645,.T.);
#12468 = ORIENTED_EDGE('',*,*,#12447,.F.);
#12469 = CYLINDRICAL_SURFACE('',#12470,1.7);
#12470 = AXIS2_PLACEMENT_3D('',#12471,#12472,#12473);
#12471 = CARTESIAN_POINT('',(12.5,50.98372914118,3.));
#12472 = DIRECTION('',(0.,0.,1.));
#12473 = DIRECTION('',(1.,0.,0.));
#12474 = ADVANCED_FACE('',(#12475),#12486,.F.);
#12475 = FACE_BOUND('',#12476,.F.);
#12476 = EDGE_LOOP('',(#12477,#12478,#12484,#12485));
#12477 = ORIENTED_EDGE('',*,*,#12367,.F.);
#12478 = ORIENTED_EDGE('',*,*,#12479,.T.);
#12479 = EDGE_CURVE('',#12342,#11629,#12480,.T.);
#12480 = LINE('',#12481,#12482);
#12481 = CARTESIAN_POINT('',(10.8,62.98372914118,3.));
#12482 = VECTOR('',#12483,1.);
#12483 = DIRECTION('',(-0.,-0.,-1.));
#12484 = ORIENTED_EDGE('',*,*,#11637,.F.);
#12485 = ORIENTED_EDGE('',*,*,#12462,.F.);
#12486 = PLANE('',#12487);
#12487 = AXIS2_PLACEMENT_3D('',#12488,#12489,#12490);
#12488 = CARTESIAN_POINT('',(10.8,62.98372914118,3.));
#12489 = DIRECTION('',(-1.,0.,0.));
#12490 = DIRECTION('',(0.,-1.,0.));
#12491 = ADVANCED_FACE('',(#12492),#12498,.F.);
#12492 = FACE_BOUND('',#12493,.F.);
#12493 = EDGE_LOOP('',(#12494,#12495,#12496,#12497));
#12494 = ORIENTED_EDGE('',*,*,#12339,.F.);
#12495 = ORIENTED_EDGE('',*,*,#12440,.T.);
#12496 = ORIENTED_EDGE('',*,*,#11628,.T.);
#12497 = ORIENTED_EDGE('',*,*,#12479,.F.);
#12498 = CYLINDRICAL_SURFACE('',#12499,1.7);
#12499 = AXIS2_PLACEMENT_3D('',#12500,#12501,#12502);
#12500 = CARTESIAN_POINT('',(12.5,62.98372914118,3.));
#12501 = DIRECTION('',(0.,0.,1.));
#12502 = DIRECTION('',(1.,0.,0.));
#12503 = ADVANCED_FACE('',(#12504),#12520,.T.);
#12504 = FACE_BOUND('',#12505,.T.);
#12505 = EDGE_LOOP('',(#12506,#12507,#12513,#12514));
#12506 = ORIENTED_EDGE('',*,*,#12314,.F.);
#12507 = ORIENTED_EDGE('',*,*,#12508,.T.);
#12508 = EDGE_CURVE('',#12304,#11657,#12509,.T.);
#12509 = LINE('',#12510,#12511);
#12510 = CARTESIAN_POINT('',(-11.5,62.962375878293,3.));
#12511 = VECTOR('',#12512,1.);
#12512 = DIRECTION('',(-0.,-0.,-1.));
#12513 = ORIENTED_EDGE('',*,*,#11654,.F.);
#12514 = ORIENTED_EDGE('',*,*,#12515,.F.);
#12515 = EDGE_CURVE('',#12315,#11655,#12516,.T.);
#12516 = LINE('',#12517,#12518);
#12517 = CARTESIAN_POINT('',(-11.5,58.962375878293,3.));
#12518 = VECTOR('',#12519,1.);
#12519 = DIRECTION('',(-0.,-0.,-1.));
#12520 = PLANE('',#12521);
#12521 = AXIS2_PLACEMENT_3D('',#12522,#12523,#12524);
#12522 = CARTESIAN_POINT('',(-11.5,62.962375878293,3.));
#12523 = DIRECTION('',(-1.,0.,0.));
#12524 = DIRECTION('',(0.,-1.,0.));
#12525 = ADVANCED_FACE('',(#12526),#12537,.F.);
#12526 = FACE_BOUND('',#12527,.F.);
#12527 = EDGE_LOOP('',(#12528,#12529,#12535,#12536));
#12528 = ORIENTED_EDGE('',*,*,#12322,.F.);
#12529 = ORIENTED_EDGE('',*,*,#12530,.T.);
#12530 = EDGE_CURVE('',#12323,#11674,#12531,.T.);
#12531 = LINE('',#12532,#12533);
#12532 = CARTESIAN_POINT('',(-14.5,58.962375878293,3.));
#12533 = VECTOR('',#12534,1.);
#12534 = DIRECTION('',(-0.,-0.,-1.));
#12535 = ORIENTED_EDGE('',*,*,#11681,.T.);
#12536 = ORIENTED_EDGE('',*,*,#12515,.F.);
#12537 = CYLINDRICAL_SURFACE('',#12538,1.5);
#12538 = AXIS2_PLACEMENT_3D('',#12539,#12540,#12541);
#12539 = CARTESIAN_POINT('',(-13.,58.962375878293,3.));
#12540 = DIRECTION('',(0.,0.,1.));
#12541 = DIRECTION('',(1.,0.,0.));
#12542 = ADVANCED_FACE('',(#12543),#12554,.F.);
#12543 = FACE_BOUND('',#12544,.F.);
#12544 = EDGE_LOOP('',(#12545,#12546,#12552,#12553));
#12545 = ORIENTED_EDGE('',*,*,#12331,.F.);
#12546 = ORIENTED_EDGE('',*,*,#12547,.T.);
#12547 = EDGE_CURVE('',#12306,#11665,#12548,.T.);
#12548 = LINE('',#12549,#12550);
#12549 = CARTESIAN_POINT('',(-14.5,62.962375878293,3.));
#12550 = VECTOR('',#12551,1.);
#12551 = DIRECTION('',(-0.,-0.,-1.));
#12552 = ORIENTED_EDGE('',*,*,#11673,.F.);
#12553 = ORIENTED_EDGE('',*,*,#12530,.F.);
#12554 = PLANE('',#12555);
#12555 = AXIS2_PLACEMENT_3D('',#12556,#12557,#12558);
#12556 = CARTESIAN_POINT('',(-14.5,62.962375878293,3.));
#12557 = DIRECTION('',(-1.,0.,0.));
#12558 = DIRECTION('',(0.,-1.,0.));
#12559 = ADVANCED_FACE('',(#12560),#12566,.F.);
#12560 = FACE_BOUND('',#12561,.F.);
#12561 = EDGE_LOOP('',(#12562,#12563,#12564,#12565));
#12562 = ORIENTED_EDGE('',*,*,#12303,.F.);
#12563 = ORIENTED_EDGE('',*,*,#12508,.T.);
#12564 = ORIENTED_EDGE('',*,*,#11664,.T.);
#12565 = ORIENTED_EDGE('',*,*,#12547,.F.);
#12566 = CYLINDRICAL_SURFACE('',#12567,1.5);
#12567 = AXIS2_PLACEMENT_3D('',#12568,#12569,#12570);
#12568 = CARTESIAN_POINT('',(-13.,62.962375878293,3.));
#12569 = DIRECTION('',(0.,0.,1.));
#12570 = DIRECTION('',(1.,0.,0.));
#12571 = ADVANCED_FACE('',(#12572),#12583,.F.);
#12572 = FACE_BOUND('',#12573,.T.);
#12573 = EDGE_LOOP('',(#12574,#12580,#12581,#12582));
#12574 = ORIENTED_EDGE('',*,*,#12575,.T.);
#12575 = EDGE_CURVE('',#11691,#12423,#12576,.T.);
#12576 = LINE('',#12577,#12578);
#12577 = CARTESIAN_POINT('',(15.1,86.5,0.));
#12578 = VECTOR('',#12579,1.);
#12579 = DIRECTION('',(0.,0.,1.));
#12580 = ORIENTED_EDGE('',*,*,#12422,.T.);
#12581 = ORIENTED_EDGE('',*,*,#12575,.F.);
#12582 = ORIENTED_EDGE('',*,*,#11690,.F.);
#12583 = CYLINDRICAL_SURFACE('',#12584,1.1);
#12584 = AXIS2_PLACEMENT_3D('',#12585,#12586,#12587);
#12585 = CARTESIAN_POINT('',(14.,86.5,0.));
#12586 = DIRECTION('',(-0.,-0.,-1.));
#12587 = DIRECTION('',(1.,0.,0.));
#12588 = ADVANCED_FACE('',(#12589),#12605,.T.);
#12589 = FACE_BOUND('',#12590,.T.);
#12590 = EDGE_LOOP('',(#12591,#12592,#12598,#12599));
#12591 = ORIENTED_EDGE('',*,*,#12386,.F.);
#12592 = ORIENTED_EDGE('',*,*,#12593,.T.);
#12593 = EDGE_CURVE('',#12376,#11704,#12594,.T.);
#12594 = LINE('',#12595,#12596);
#12595 = CARTESIAN_POINT('',(-5.44547889306,73.872759336594,3.));
#12596 = VECTOR('',#12597,1.);
#12597 = DIRECTION('',(-0.,-0.,-1.));
#12598 = ORIENTED_EDGE('',*,*,#11701,.F.);
#12599 = ORIENTED_EDGE('',*,*,#12600,.F.);
#12600 = EDGE_CURVE('',#12387,#11702,#12601,.T.);
#12601 = LINE('',#12602,#12603);
#12602 = CARTESIAN_POINT('',(1.55452110694,73.872759336594,3.));
#12603 = VECTOR('',#12604,1.);
#12604 = DIRECTION('',(-0.,-0.,-1.));
#12605 = PLANE('',#12606);
#12606 = AXIS2_PLACEMENT_3D('',#12607,#12608,#12609);
#12607 = CARTESIAN_POINT('',(-5.44547889306,73.872759336594,3.));
#12608 = DIRECTION('',(0.,-1.,0.));
#12609 = DIRECTION('',(1.,0.,0.));
#12610 = ADVANCED_FACE('',(#12611),#12622,.F.);
#12611 = FACE_BOUND('',#12612,.F.);
#12612 = EDGE_LOOP('',(#12613,#12614,#12620,#12621));
#12613 = ORIENTED_EDGE('',*,*,#12394,.F.);
#12614 = ORIENTED_EDGE('',*,*,#12615,.T.);
#12615 = EDGE_CURVE('',#12395,#11721,#12616,.T.);
#12616 = LINE('',#12617,#12618);
#12617 = CARTESIAN_POINT('',(1.55452110694,68.872759336594,3.));
#12618 = VECTOR('',#12619,1.);
#12619 = DIRECTION('',(-0.,-0.,-1.));
#12620 = ORIENTED_EDGE('',*,*,#11728,.T.);
#12621 = ORIENTED_EDGE('',*,*,#12600,.F.);
#12622 = CYLINDRICAL_SURFACE('',#12623,2.5);
#12623 = AXIS2_PLACEMENT_3D('',#12624,#12625,#12626);
#12624 = CARTESIAN_POINT('',(1.55452110694,71.372759336594,3.));
#12625 = DIRECTION('',(0.,0.,1.));
#12626 = DIRECTION('',(1.,0.,0.));
#12627 = ADVANCED_FACE('',(#12628),#12639,.F.);
#12628 = FACE_BOUND('',#12629,.F.);
#12629 = EDGE_LOOP('',(#12630,#12631,#12637,#12638));
#12630 = ORIENTED_EDGE('',*,*,#12403,.F.);
#12631 = ORIENTED_EDGE('',*,*,#12632,.T.);
#12632 = EDGE_CURVE('',#12378,#11712,#12633,.T.);
#12633 = LINE('',#12634,#12635);
#12634 = CARTESIAN_POINT('',(-5.44547889306,68.872759336594,3.));
#12635 = VECTOR('',#12636,1.);
#12636 = DIRECTION('',(-0.,-0.,-1.));
#12637 = ORIENTED_EDGE('',*,*,#11720,.F.);
#12638 = ORIENTED_EDGE('',*,*,#12615,.F.);
#12639 = PLANE('',#12640);
#12640 = AXIS2_PLACEMENT_3D('',#12641,#12642,#12643);
#12641 = CARTESIAN_POINT('',(-5.44547889306,68.872759336594,3.));
#12642 = DIRECTION('',(0.,-1.,0.));
#12643 = DIRECTION('',(1.,0.,0.));
#12644 = ADVANCED_FACE('',(#12645),#12651,.F.);
#12645 = FACE_BOUND('',#12646,.F.);
#12646 = EDGE_LOOP('',(#12647,#12648,#12649,#12650));
#12647 = ORIENTED_EDGE('',*,*,#12375,.F.);
#12648 = ORIENTED_EDGE('',*,*,#12593,.T.);
#12649 = ORIENTED_EDGE('',*,*,#11711,.T.);
#12650 = ORIENTED_EDGE('',*,*,#12632,.F.);
#12651 = CYLINDRICAL_SURFACE('',#12652,2.5);
#12652 = AXIS2_PLACEMENT_3D('',#12653,#12654,#12655);
#12653 = CARTESIAN_POINT('',(-5.44547889306,71.372759336594,3.));
#12654 = DIRECTION('',(0.,0.,1.));
#12655 = DIRECTION('',(1.,0.,0.));
#12656 = ADVANCED_FACE('',(#12657),#12668,.F.);
#12657 = FACE_BOUND('',#12658,.T.);
#12658 = EDGE_LOOP('',(#12659,#12665,#12666,#12667));
#12659 = ORIENTED_EDGE('',*,*,#12660,.T.);
#12660 = EDGE_CURVE('',#11738,#12412,#12661,.T.);
#12661 = LINE('',#12662,#12663);
#12662 = CARTESIAN_POINT('',(-12.9,86.5,0.));
#12663 = VECTOR('',#12664,1.);
#12664 = DIRECTION('',(0.,0.,1.));
#12665 = ORIENTED_EDGE('',*,*,#12411,.T.);
#12666 = ORIENTED_EDGE('',*,*,#12660,.F.);
#12667 = ORIENTED_EDGE('',*,*,#11737,.F.);
#12668 = CYLINDRICAL_SURFACE('',#12669,1.1);
#12669 = AXIS2_PLACEMENT_3D('',#12670,#12671,#12672);
#12670 = CARTESIAN_POINT('',(-14.,86.5,0.));
#12671 = DIRECTION('',(-0.,-0.,-1.));
#12672 = DIRECTION('',(1.,0.,0.));
#12673 = ADVANCED_FACE('',(#12674),#12733,.T.);
#12674 = FACE_BOUND('',#12675,.T.);
#12675 = EDGE_LOOP('',(#12676,#12720,#12726,#12727));
#12676 = ORIENTED_EDGE('',*,*,#12677,.T.);
#12677 = EDGE_CURVE('',#12678,#12680,#12682,.T.);
#12678 = VERTEX_POINT('',#12679);
#12679 = CARTESIAN_POINT('',(-18.70888257575,13.346676136364,4.6));
#12680 = VERTEX_POINT('',#12681);
#12681 = CARTESIAN_POINT('',(-17.54410984848,12.378399621212,4.6));
#12682 = B_SPLINE_CURVE_WITH_KNOTS('',6,(#12683,#12684,#12685,#12686,
    #12687,#12688,#12689,#12690,#12691,#12692,#12693,#12694,#12695,
    #12696,#12697,#12698,#12699,#12700,#12701,#12702,#12703,#12704,
    #12705,#12706,#12707,#12708,#12709,#12710,#12711,#12712,#12713,
    #12714,#12715,#12716,#12717,#12718,#12719),.UNSPECIFIED.,.F.,.F.,(7,
    5,5,5,5,5,5,7),(0.,0.305070944827,0.416958948532,0.478570342186,
    0.606829204712,0.760042040587,0.838892384883,1.),.UNSPECIFIED.);
#12683 = CARTESIAN_POINT('',(-18.70888257575,13.346676136364,4.6));
#12684 = CARTESIAN_POINT('',(-18.61521359305,13.346676136364,4.6));
#12685 = CARTESIAN_POINT('',(-18.52229786435,13.342919170858,4.6));
#12686 = CARTESIAN_POINT('',(-18.43033068559,13.334837429768,4.6));
#12687 = CARTESIAN_POINT('',(-18.33980525352,13.321700512061,4.6));
#12688 = CARTESIAN_POINT('',(-18.25151532255,13.302611880462,4.6));
#12689 = CARTESIAN_POINT('',(-18.13534565347,13.267074463287,4.6));
#12690 = CARTESIAN_POINT('',(-18.10462360695,13.256610926012,4.6));
#12691 = CARTESIAN_POINT('',(-18.07441052813,13.245175699298,4.6));
#12692 = CARTESIAN_POINT('',(-18.04477334222,13.232725735373,4.6));
#12693 = CARTESIAN_POINT('',(-18.01578578919,13.219223409529,4.6));
#12694 = CARTESIAN_POINT('',(-17.97196470085,13.196610576566,4.6));
#12695 = CARTESIAN_POINT('',(-17.95662407672,13.188253015611,4.6));
#12696 = CARTESIAN_POINT('',(-17.94151743064,13.179563188869,4.6));
#12697 = CARTESIAN_POINT('',(-17.92665816937,13.170537546622,4.6));
#12698 = CARTESIAN_POINT('',(-17.91205981667,13.16117374033,4.6));
#12699 = CARTESIAN_POINT('',(-17.86791758806,13.131271260713,4.6));
#12700 = CARTESIAN_POINT('',(-17.83928578227,13.109599671714,4.6));
#12701 = CARTESIAN_POINT('',(-17.81196830118,13.086450213334,4.6));
#12702 = CARTESIAN_POINT('',(-17.78608050536,13.061841053197,4.6));
#12703 = CARTESIAN_POINT('',(-17.76171882847,13.035820868703,4.6));
#12704 = CARTESIAN_POINT('',(-17.71176048719,12.975809934358,4.6));
#12705 = CARTESIAN_POINT('',(-17.68683909695,12.941245391239,4.6));
#12706 = CARTESIAN_POINT('',(-17.6643154576,12.90492960869,4.6));
#12707 = CARTESIAN_POINT('',(-17.6442275578,12.867045656157,4.6));
#12708 = CARTESIAN_POINT('',(-17.62654711646,12.82779818318,4.6));
#12709 = CARTESIAN_POINT('',(-17.60330281824,12.766608670493,4.6));
#12710 = CARTESIAN_POINT('',(-17.59602251578,12.745510734802,4.6));
#12711 = CARTESIAN_POINT('',(-17.58934867247,12.724133005166,4.6));
#12712 = CARTESIAN_POINT('',(-17.583267858,12.70250123503,4.6));
#12713 = CARTESIAN_POINT('',(-17.57776438948,12.680639740261,4.6));
#12714 = CARTESIAN_POINT('',(-17.56271859494,12.613481198996,4.6));
#12715 = CARTESIAN_POINT('',(-17.55495396907,12.56753000409,4.6));
#12716 = CARTESIAN_POINT('',(-17.5493750641,12.52090429951,4.6));
#12717 = CARTESIAN_POINT('',(-17.54581548177,12.473762732027,4.6));
#12718 = CARTESIAN_POINT('',(-17.54410984848,12.426231479656,4.6));
#12719 = CARTESIAN_POINT('',(-17.54410984848,12.378399621212,4.6));
#12720 = ORIENTED_EDGE('',*,*,#12721,.T.);
#12721 = EDGE_CURVE('',#12680,#11828,#12722,.T.);
#12722 = LINE('',#12723,#12724);
#12723 = CARTESIAN_POINT('',(-17.54410984848,12.378399621212,4.7));
#12724 = VECTOR('',#12725,1.);
#12725 = DIRECTION('',(-0.,-0.,-1.));
#12726 = ORIENTED_EDGE('',*,*,#11827,.T.);
#12727 = ORIENTED_EDGE('',*,*,#12728,.F.);
#12728 = EDGE_CURVE('',#12678,#11830,#12729,.T.);
#12729 = LINE('',#12730,#12731);
#12730 = CARTESIAN_POINT('',(-18.70888257575,13.346676136364,4.7));
#12731 = VECTOR('',#12732,1.);
#12732 = DIRECTION('',(-0.,-0.,-1.));
#12733 = SURFACE_OF_LINEAR_EXTRUSION('',#12734,#12738);
#12734 = B_SPLINE_CURVE_WITH_KNOTS('',2,(#12735,#12736,#12737),
  .UNSPECIFIED.,.F.,.F.,(3,3),(0.,1.),.PIECEWISE_BEZIER_KNOTS.);
#12735 = CARTESIAN_POINT('',(-17.54410984848,12.378399621212,4.7));
#12736 = CARTESIAN_POINT('',(-17.54410984848,13.346676136364,4.7));
#12737 = CARTESIAN_POINT('',(-18.70888257575,13.346676136364,4.7));
#12738 = VECTOR('',#12739,1.);
#12739 = DIRECTION('',(0.,0.,1.));
#12740 = ADVANCED_FACE('',(#12741),#12793,.T.);
#12741 = FACE_BOUND('',#12742,.T.);
#12742 = EDGE_LOOP('',(#12743,#12785,#12791,#12792));
#12743 = ORIENTED_EDGE('',*,*,#12744,.T.);
#12744 = EDGE_CURVE('',#12680,#12745,#12747,.T.);
#12745 = VERTEX_POINT('',#12746);
#12746 = CARTESIAN_POINT('',(-18.68047348484,11.374848484848,4.6));
#12747 = B_SPLINE_CURVE_WITH_KNOTS('',6,(#12748,#12749,#12750,#12751,
    #12752,#12753,#12754,#12755,#12756,#12757,#12758,#12759,#12760,
    #12761,#12762,#12763,#12764,#12765,#12766,#12767,#12768,#12769,
    #12770,#12771,#12772,#12773,#12774,#12775,#12776,#12777,#12778,
    #12779,#12780,#12781,#12782,#12783,#12784),.UNSPECIFIED.,.F.,.F.,(7,
    5,5,5,5,5,5,7),(0.,0.181098213434,0.266549389566,0.427165951882,
    0.554262693114,0.615164596503,0.722222523663,1.),.UNSPECIFIED.);
#12748 = CARTESIAN_POINT('',(-17.54410984848,12.378399621212,4.6));
#12749 = CARTESIAN_POINT('',(-17.54410984848,12.324157696535,4.6));
#12750 = CARTESIAN_POINT('',(-17.54610206316,12.270269600207,4.6));
#12751 = CARTESIAN_POINT('',(-17.55027839094,12.216843682956,4.6));
#12752 = CARTESIAN_POINT('',(-17.55685884757,12.164043204274,4.6));
#12753 = CARTESIAN_POINT('',(-17.56606944589,12.112079676684,4.6));
#12754 = CARTESIAN_POINT('',(-17.5838061644,12.037201569191,4.6));
#12755 = CARTESIAN_POINT('',(-17.59012418966,12.013440845516,4.6));
#12756 = CARTESIAN_POINT('',(-17.59709554869,11.989951699933,4.6));
#12757 = CARTESIAN_POINT('',(-17.60474025262,11.966764466969,4.6));
#12758 = CARTESIAN_POINT('',(-17.61307552392,11.943911512234,4.6));
#12759 = CARTESIAN_POINT('',(-17.63910412181,11.8791632639,4.6));
#12760 = CARTESIAN_POINT('',(-17.65858338193,11.838191044814,4.6));
#12761 = CARTESIAN_POINT('',(-17.68063353333,11.798751379901,4.6));
#12762 = CARTESIAN_POINT('',(-17.70528567448,11.761077608784,4.6));
#12763 = CARTESIAN_POINT('',(-17.73249487276,11.725377217077,4.6));
#12764 = CARTESIAN_POINT('',(-17.7855524788,11.665255408713,4.6));
#12765 = CARTESIAN_POINT('',(-17.81050460423,11.640029539324,4.6));
#12766 = CARTESIAN_POINT('',(-17.83690105818,11.616216553681,4.6));
#12767 = CARTESIAN_POINT('',(-17.86464927101,11.593861343835,4.6));
#12768 = CARTESIAN_POINT('',(-17.89363954062,11.57297978281,4.6));
#12769 = CARTESIAN_POINT('',(-17.93817937634,11.544261702708,4.6));
#12770 = CARTESIAN_POINT('',(-17.9528660596,11.535294920781,4.6));
#12771 = CARTESIAN_POINT('',(-17.9677979651,11.526663305784,4.6));
#12772 = CARTESIAN_POINT('',(-17.98296236158,11.518364487186,4.6));
#12773 = CARTESIAN_POINT('',(-17.99834662881,11.510394957767,4.6));
#12774 = CARTESIAN_POINT('',(-18.04134639037,11.489311323705,4.6));
#12775 = CARTESIAN_POINT('',(-18.06939531133,11.476876015596,4.6));
#12776 = CARTESIAN_POINT('',(-18.09801819764,11.465419302159,4.6));
#12777 = CARTESIAN_POINT('',(-18.12715185145,11.454908235252,4.6));
#12778 = CARTESIAN_POINT('',(-18.15673857243,11.445305124145,4.6));
#12779 = CARTESIAN_POINT('',(-18.26454007228,11.413908654079,4.6));
#12780 = CARTESIAN_POINT('',(-18.34502329019,11.397107551809,4.6));
#12781 = CARTESIAN_POINT('',(-18.42737121024,11.385446930052,4.6));
#12782 = CARTESIAN_POINT('',(-18.51096222296,11.378223738547,4.6));
#12783 = CARTESIAN_POINT('',(-18.59539199995,11.374848484848,4.6));
#12784 = CARTESIAN_POINT('',(-18.68047348484,11.374848484848,4.6));
#12785 = ORIENTED_EDGE('',*,*,#12786,.T.);
#12786 = EDGE_CURVE('',#12745,#11838,#12787,.T.);
#12787 = LINE('',#12788,#12789);
#12788 = CARTESIAN_POINT('',(-18.68047348484,11.374848484848,4.7));
#12789 = VECTOR('',#12790,1.);
#12790 = DIRECTION('',(-0.,-0.,-1.));
#12791 = ORIENTED_EDGE('',*,*,#11837,.T.);
#12792 = ORIENTED_EDGE('',*,*,#12721,.F.);
#12793 = SURFACE_OF_LINEAR_EXTRUSION('',#12794,#12798);
#12794 = B_SPLINE_CURVE_WITH_KNOTS('',2,(#12795,#12796,#12797),
  .UNSPECIFIED.,.F.,.F.,(3,3),(0.,1.),.PIECEWISE_BEZIER_KNOTS.);
#12795 = CARTESIAN_POINT('',(-18.68047348484,11.374848484848,4.7));
#12796 = CARTESIAN_POINT('',(-17.54410984848,11.374848484848,4.7));
#12797 = CARTESIAN_POINT('',(-17.54410984848,12.378399621212,4.7));
#12798 = VECTOR('',#12799,1.);
#12799 = DIRECTION('',(0.,0.,1.));
#12800 = ADVANCED_FACE('',(#12801),#12819,.T.);
#12801 = FACE_BOUND('',#12802,.T.);
#12802 = EDGE_LOOP('',(#12803,#12811,#12817,#12818));
#12803 = ORIENTED_EDGE('',*,*,#12804,.F.);
#12804 = EDGE_CURVE('',#12805,#12745,#12807,.T.);
#12805 = VERTEX_POINT('',#12806);
#12806 = CARTESIAN_POINT('',(-20.05476325757,11.374848484848,4.6));
#12807 = LINE('',#12808,#12809);
#12808 = CARTESIAN_POINT('',(-10.02738162878,11.374848484848,4.6));
#12809 = VECTOR('',#12810,1.);
#12810 = DIRECTION('',(1.,0.,0.));
#12811 = ORIENTED_EDGE('',*,*,#12812,.T.);
#12812 = EDGE_CURVE('',#12805,#11846,#12813,.T.);
#12813 = LINE('',#12814,#12815);
#12814 = CARTESIAN_POINT('',(-20.05476325757,11.374848484848,4.7));
#12815 = VECTOR('',#12816,1.);
#12816 = DIRECTION('',(-0.,-0.,-1.));
#12817 = ORIENTED_EDGE('',*,*,#11845,.T.);
#12818 = ORIENTED_EDGE('',*,*,#12786,.F.);
#12819 = PLANE('',#12820);
#12820 = AXIS2_PLACEMENT_3D('',#12821,#12822,#12823);
#12821 = CARTESIAN_POINT('',(-20.05476325757,11.374848484848,4.7));
#12822 = DIRECTION('',(0.,-1.,0.));
#12823 = DIRECTION('',(1.,0.,0.));
#12824 = ADVANCED_FACE('',(#12825),#12843,.T.);
#12825 = FACE_BOUND('',#12826,.T.);
#12826 = EDGE_LOOP('',(#12827,#12835,#12841,#12842));
#12827 = ORIENTED_EDGE('',*,*,#12828,.F.);
#12828 = EDGE_CURVE('',#12829,#12805,#12831,.T.);
#12829 = VERTEX_POINT('',#12830);
#12830 = CARTESIAN_POINT('',(-20.05476325757,13.346676136364,4.6));
#12831 = LINE('',#12832,#12833);
#12832 = CARTESIAN_POINT('',(-20.05476325757,34.363568315659,4.6));
#12833 = VECTOR('',#12834,1.);
#12834 = DIRECTION('',(0.,-1.,0.));
#12835 = ORIENTED_EDGE('',*,*,#12836,.T.);
#12836 = EDGE_CURVE('',#12829,#11854,#12837,.T.);
#12837 = LINE('',#12838,#12839);
#12838 = CARTESIAN_POINT('',(-20.05476325757,13.346676136364,4.7));
#12839 = VECTOR('',#12840,1.);
#12840 = DIRECTION('',(-0.,-0.,-1.));
#12841 = ORIENTED_EDGE('',*,*,#11853,.T.);
#12842 = ORIENTED_EDGE('',*,*,#12812,.F.);
#12843 = PLANE('',#12844);
#12844 = AXIS2_PLACEMENT_3D('',#12845,#12846,#12847);
#12845 = CARTESIAN_POINT('',(-20.05476325757,13.346676136364,4.7));
#12846 = DIRECTION('',(-1.,0.,0.));
#12847 = DIRECTION('',(0.,-1.,0.));
#12848 = ADVANCED_FACE('',(#12849),#12860,.T.);
#12849 = FACE_BOUND('',#12850,.T.);
#12850 = EDGE_LOOP('',(#12851,#12857,#12858,#12859));
#12851 = ORIENTED_EDGE('',*,*,#12852,.F.);
#12852 = EDGE_CURVE('',#12678,#12829,#12853,.T.);
#12853 = LINE('',#12854,#12855);
#12854 = CARTESIAN_POINT('',(-9.354441287879,13.346676136364,4.6));
#12855 = VECTOR('',#12856,1.);
#12856 = DIRECTION('',(-1.,0.,0.));
#12857 = ORIENTED_EDGE('',*,*,#12728,.T.);
#12858 = ORIENTED_EDGE('',*,*,#11861,.T.);
#12859 = ORIENTED_EDGE('',*,*,#12836,.F.);
#12860 = PLANE('',#12861);
#12861 = AXIS2_PLACEMENT_3D('',#12862,#12863,#12864);
#12862 = CARTESIAN_POINT('',(-18.70888257575,13.346676136364,4.7));
#12863 = DIRECTION('',(0.,1.,0.));
#12864 = DIRECTION('',(-1.,0.,0.));
#12865 = ADVANCED_FACE('',(#12866),#12900,.T.);
#12866 = FACE_BOUND('',#12867,.T.);
#12867 = EDGE_LOOP('',(#12868,#12887,#12893,#12894));
#12868 = ORIENTED_EDGE('',*,*,#12869,.T.);
#12869 = EDGE_CURVE('',#12870,#12872,#12874,.T.);
#12870 = VERTEX_POINT('',#12871);
#12871 = CARTESIAN_POINT('',(12.9528125,12.048143939394,4.6));
#12872 = VERTEX_POINT('',#12873);
#12873 = CARTESIAN_POINT('',(13.261761363636,11.162727272727,4.6));
#12874 = B_SPLINE_CURVE_WITH_KNOTS('',6,(#12875,#12876,#12877,#12878,
    #12879,#12880,#12881,#12882,#12883,#12884,#12885,#12886),
  .UNSPECIFIED.,.F.,.F.,(7,5,7),(0.,0.472421181225,1.),.UNSPECIFIED.);
#12875 = CARTESIAN_POINT('',(12.9528125,12.048143939394,4.6));
#12876 = CARTESIAN_POINT('',(12.997310627715,11.999649220579,4.6));
#12877 = CARTESIAN_POINT('',(13.037661661065,11.945701955182,4.6));
#12878 = CARTESIAN_POINT('',(13.073799082459,11.886768616185,4.6));
#12879 = CARTESIAN_POINT('',(13.10584259369,11.823421333982,4.6));
#12880 = CARTESIAN_POINT('',(13.133997664346,11.756227037039,4.6));
#12881 = CARTESIAN_POINT('',(13.185879437849,11.60692736629,4.6));
#12882 = CARTESIAN_POINT('',(13.208704614644,11.523998694513,4.6));
#12883 = CARTESIAN_POINT('',(13.227335944471,11.437580361638,4.6));
#12884 = CARTESIAN_POINT('',(13.242157213846,11.348268052433,4.6));
#12885 = CARTESIAN_POINT('',(13.253526105053,11.256536018275,4.6));
#12886 = CARTESIAN_POINT('',(13.261761363636,11.162727272727,4.6));
#12887 = ORIENTED_EDGE('',*,*,#12888,.T.);
#12888 = EDGE_CURVE('',#12872,#12077,#12889,.T.);
#12889 = LINE('',#12890,#12891);
#12890 = CARTESIAN_POINT('',(13.261761363636,11.162727272727,4.7));
#12891 = VECTOR('',#12892,1.);
#12892 = DIRECTION('',(-0.,-0.,-1.));
#12893 = ORIENTED_EDGE('',*,*,#12076,.T.);
#12894 = ORIENTED_EDGE('',*,*,#12895,.F.);
#12895 = EDGE_CURVE('',#12870,#12079,#12896,.T.);
#12896 = LINE('',#12897,#12898);
#12897 = CARTESIAN_POINT('',(12.9528125,12.048143939394,4.7));
#12898 = VECTOR('',#12899,1.);
#12899 = DIRECTION('',(-0.,-0.,-1.));
#12900 = SURFACE_OF_LINEAR_EXTRUSION('',#12901,#12905);
#12901 = B_SPLINE_CURVE_WITH_KNOTS('',2,(#12902,#12903,#12904),
  .UNSPECIFIED.,.F.,.F.,(3,3),(0.,1.),.PIECEWISE_BEZIER_KNOTS.);
#12902 = CARTESIAN_POINT('',(13.261761363636,11.162727272727,4.7));
#12903 = CARTESIAN_POINT('',(13.208494318182,11.769498106061,4.7));
#12904 = CARTESIAN_POINT('',(12.9528125,12.048143939394,4.7));
#12905 = VECTOR('',#12906,1.);
#12906 = DIRECTION('',(0.,0.,1.));
#12907 = ADVANCED_FACE('',(#12908),#12926,.T.);
#12908 = FACE_BOUND('',#12909,.T.);
#12909 = EDGE_LOOP('',(#12910,#12918,#12924,#12925));
#12910 = ORIENTED_EDGE('',*,*,#12911,.F.);
#12911 = EDGE_CURVE('',#12912,#12872,#12914,.T.);
#12912 = VERTEX_POINT('',#12913);
#12913 = CARTESIAN_POINT('',(11.187897727273,11.162727272727,4.6));
#12914 = LINE('',#12915,#12916);
#12915 = CARTESIAN_POINT('',(5.593948863636,11.162727272727,4.6));
#12916 = VECTOR('',#12917,1.);
#12917 = DIRECTION('',(1.,0.,0.));
#12918 = ORIENTED_EDGE('',*,*,#12919,.T.);
#12919 = EDGE_CURVE('',#12912,#12087,#12920,.T.);
#12920 = LINE('',#12921,#12922);
#12921 = CARTESIAN_POINT('',(11.187897727273,11.162727272727,4.7));
#12922 = VECTOR('',#12923,1.);
#12923 = DIRECTION('',(-0.,-0.,-1.));
#12924 = ORIENTED_EDGE('',*,*,#12086,.T.);
#12925 = ORIENTED_EDGE('',*,*,#12888,.F.);
#12926 = PLANE('',#12927);
#12927 = AXIS2_PLACEMENT_3D('',#12928,#12929,#12930);
#12928 = CARTESIAN_POINT('',(11.187897727273,11.162727272727,4.7));
#12929 = DIRECTION('',(0.,-1.,0.));
#12930 = DIRECTION('',(1.,0.,0.));
#12931 = ADVANCED_FACE('',(#12932),#12959,.T.);
#12932 = FACE_BOUND('',#12933,.T.);
#12933 = EDGE_LOOP('',(#12934,#12951,#12957,#12958));
#12934 = ORIENTED_EDGE('',*,*,#12935,.T.);
#12935 = EDGE_CURVE('',#12912,#12936,#12938,.T.);
#12936 = VERTEX_POINT('',#12937);
#12937 = CARTESIAN_POINT('',(11.480748106061,12.016183712121,4.6));
#12938 = B_SPLINE_CURVE_WITH_KNOTS('',6,(#12939,#12940,#12941,#12942,
    #12943,#12944,#12945,#12946,#12947,#12948,#12949,#12950),
  .UNSPECIFIED.,.F.,.F.,(7,5,7),(0.,0.516869374354,1.),.UNSPECIFIED.);
#12939 = CARTESIAN_POINT('',(11.187897727273,11.162727272727,4.6));
#12940 = CARTESIAN_POINT('',(11.191278206003,11.248891919483,4.6));
#12941 = CARTESIAN_POINT('',(11.198509510497,11.333363214221,4.6));
#12942 = CARTESIAN_POINT('',(11.209890806588,11.415847535705,4.6));
#12943 = CARTESIAN_POINT('',(11.225724567063,11.495989807164,4.6));
#12944 = CARTESIAN_POINT('',(11.246287437783,11.573389157194,4.6));
#12945 = CARTESIAN_POINT('',(11.295577054351,11.717034321082,4.6));
#12946 = CARTESIAN_POINT('',(11.323685859625,11.783685716183,4.6));
#12947 = CARTESIAN_POINT('',(11.356235453084,11.847234190879,4.6));
#12948 = CARTESIAN_POINT('',(11.393302063032,11.907346081056,4.6));
#12949 = CARTESIAN_POINT('',(11.434859881531,11.963734311635,4.6));
#12950 = CARTESIAN_POINT('',(11.480748106061,12.016183712121,4.6));
#12951 = ORIENTED_EDGE('',*,*,#12952,.T.);
#12952 = EDGE_CURVE('',#12936,#12095,#12953,.T.);
#12953 = LINE('',#12954,#12955);
#12954 = CARTESIAN_POINT('',(11.480748106061,12.016183712121,4.7));
#12955 = VECTOR('',#12956,1.);
#12956 = DIRECTION('',(-0.,-0.,-1.));
#12957 = ORIENTED_EDGE('',*,*,#12094,.T.);
#12958 = ORIENTED_EDGE('',*,*,#12919,.F.);
#12959 = SURFACE_OF_LINEAR_EXTRUSION('',#12960,#12964);
#12960 = B_SPLINE_CURVE_WITH_KNOTS('',2,(#12961,#12962,#12963),
  .UNSPECIFIED.,.F.,.F.,(3,3),(0.,1.),.PIECEWISE_BEZIER_KNOTS.);
#12961 = CARTESIAN_POINT('',(11.480748106061,12.016183712121,4.7));
#12962 = CARTESIAN_POINT('',(11.209204545455,11.705814393939,4.7));
#12963 = CARTESIAN_POINT('',(11.187897727273,11.162727272727,4.7));
#12964 = VECTOR('',#12965,1.);
#12965 = DIRECTION('',(0.,0.,1.));
#12966 = ADVANCED_FACE('',(#12967),#12994,.T.);
#12967 = FACE_BOUND('',#12968,.T.);
#12968 = EDGE_LOOP('',(#12969,#12986,#12992,#12993));
#12969 = ORIENTED_EDGE('',*,*,#12970,.T.);
#12970 = EDGE_CURVE('',#12936,#12971,#12973,.T.);
#12971 = VERTEX_POINT('',#12972);
#12972 = CARTESIAN_POINT('',(12.217727272727,12.326789772727,4.6));
#12973 = B_SPLINE_CURVE_WITH_KNOTS('',6,(#12974,#12975,#12976,#12977,
    #12978,#12979,#12980,#12981,#12982,#12983,#12984,#12985),
  .UNSPECIFIED.,.F.,.F.,(7,5,7),(0.,0.324021569872,1.),.UNSPECIFIED.);
#12974 = CARTESIAN_POINT('',(11.480748106061,12.016183712121,4.6));
#12975 = CARTESIAN_POINT('',(11.510120703687,12.049752395123,4.6));
#12976 = CARTESIAN_POINT('',(11.541048901983,12.081373022511,4.6));
#12977 = CARTESIAN_POINT('',(11.573522628737,12.110938849506,4.6));
#12978 = CARTESIAN_POINT('',(11.607514818436,12.138360566828,4.6));
#12979 = CARTESIAN_POINT('',(11.642978640461,12.163570206133,4.6));
#12980 = CARTESIAN_POINT('',(11.756755284486,12.234413759327,4.6));
#12981 = CARTESIAN_POINT('',(11.839800749239,12.272508858983,4.6));
#12982 = CARTESIAN_POINT('',(11.928306920253,12.300372140446,4.6));
#12983 = CARTESIAN_POINT('',(12.021404291819,12.318254170394,4.6));
#12984 = CARTESIAN_POINT('',(12.118169987595,12.326789772727,4.6));
#12985 = CARTESIAN_POINT('',(12.217727272727,12.326789772727,4.6));
#12986 = ORIENTED_EDGE('',*,*,#12987,.T.);
#12987 = EDGE_CURVE('',#12971,#12103,#12988,.T.);
#12988 = LINE('',#12989,#12990);
#12989 = CARTESIAN_POINT('',(12.217727272727,12.326789772727,4.7));
#12990 = VECTOR('',#12991,1.);
#12991 = DIRECTION('',(-0.,-0.,-1.));
#12992 = ORIENTED_EDGE('',*,*,#12102,.T.);
#12993 = ORIENTED_EDGE('',*,*,#12952,.F.);
#12994 = SURFACE_OF_LINEAR_EXTRUSION('',#12995,#12999);
#12995 = B_SPLINE_CURVE_WITH_KNOTS('',2,(#12996,#12997,#12998),
  .UNSPECIFIED.,.F.,.F.,(3,3),(0.,1.),.PIECEWISE_BEZIER_KNOTS.);
#12996 = CARTESIAN_POINT('',(12.217727272727,12.326789772727,4.7));
#12997 = CARTESIAN_POINT('',(11.752528409091,12.326789772727,4.7));
#12998 = CARTESIAN_POINT('',(11.480748106061,12.016183712121,4.7));
#12999 = VECTOR('',#13000,1.);
#13000 = DIRECTION('',(0.,0.,1.));
#13001 = ADVANCED_FACE('',(#13002),#13022,.T.);
#13002 = FACE_BOUND('',#13003,.T.);
#13003 = EDGE_LOOP('',(#13004,#13019,#13020,#13021));
#13004 = ORIENTED_EDGE('',*,*,#13005,.T.);
#13005 = EDGE_CURVE('',#12971,#12870,#13006,.T.);
#13006 = B_SPLINE_CURVE_WITH_KNOTS('',6,(#13007,#13008,#13009,#13010,
    #13011,#13012,#13013,#13014,#13015,#13016,#13017,#13018),
  .UNSPECIFIED.,.F.,.F.,(7,5,7),(0.,0.844676190577,1.),.UNSPECIFIED.);
#13007 = CARTESIAN_POINT('',(12.217727272727,12.326789772727,4.6));
#13008 = CARTESIAN_POINT('',(12.343157024772,12.326789772727,4.6));
#13009 = CARTESIAN_POINT('',(12.463950199518,12.315345033322,4.6));
#13010 = CARTESIAN_POINT('',(12.578408299811,12.290898366729,4.6));
#13011 = CARTESIAN_POINT('',(12.684588775571,12.252070042492,4.6));
#13012 = CARTESIAN_POINT('',(12.780610161401,12.198158565877,4.6));
#13013 = CARTESIAN_POINT('',(12.880834229509,12.117676490132,4.6));
#13014 = CARTESIAN_POINT('',(12.896018538308,12.104698796186,4.6));
#13015 = CARTESIAN_POINT('',(12.910813373879,12.091249534482,4.6));
#13016 = CARTESIAN_POINT('',(12.925213300814,12.077335259322,4.6));
#13017 = CARTESIAN_POINT('',(12.939214046278,12.062963735719,4.6));
#13018 = CARTESIAN_POINT('',(12.9528125,12.048143939394,4.6));
#13019 = ORIENTED_EDGE('',*,*,#12895,.T.);
#13020 = ORIENTED_EDGE('',*,*,#12110,.T.);
#13021 = ORIENTED_EDGE('',*,*,#12987,.F.);
#13022 = SURFACE_OF_LINEAR_EXTRUSION('',#13023,#13027);
#13023 = B_SPLINE_CURVE_WITH_KNOTS('',2,(#13024,#13025,#13026),
  .UNSPECIFIED.,.F.,.F.,(3,3),(0.,1.),.PIECEWISE_BEZIER_KNOTS.);
#13024 = CARTESIAN_POINT('',(12.9528125,12.048143939394,4.7));
#13025 = CARTESIAN_POINT('',(12.697130681818,12.326789772727,4.7));
#13026 = CARTESIAN_POINT('',(12.217727272727,12.326789772727,4.7));
#13027 = VECTOR('',#13028,1.);
#13028 = DIRECTION('',(0.,0.,1.));
#13029 = ADVANCED_FACE('',(#13030),#13064,.T.);
#13030 = FACE_BOUND('',#13031,.T.);
#13031 = EDGE_LOOP('',(#13032,#13051,#13057,#13058));
#13032 = ORIENTED_EDGE('',*,*,#13033,.T.);
#13033 = EDGE_CURVE('',#13034,#13036,#13038,.T.);
#13034 = VERTEX_POINT('',#13035);
#13035 = CARTESIAN_POINT('',(24.759867424242,11.966231060606,4.6));
#13036 = VERTEX_POINT('',#13037);
#13037 = CARTESIAN_POINT('',(24.996136363636,10.81021780303,4.6));
#13038 = B_SPLINE_CURVE_WITH_KNOTS('',6,(#13039,#13040,#13041,#13042,
    #13043,#13044,#13045,#13046,#13047,#13048,#13049,#13050),
  .UNSPECIFIED.,.F.,.F.,(7,5,7),(0.,0.456493072047,1.),.UNSPECIFIED.);
#13039 = CARTESIAN_POINT('',(24.759867424242,11.966231060606,4.6));
#13040 = CARTESIAN_POINT('',(24.802476836404,11.901249572319,4.6));
#13041 = CARTESIAN_POINT('',(24.839390807255,11.82942605525,4.6));
#13042 = CARTESIAN_POINT('',(24.870858438666,11.751867316007,4.6));
#13043 = CARTESIAN_POINT('',(24.89737529302,11.669688625741,4.6));
#13044 = CARTESIAN_POINT('',(24.919445755907,11.583777250725,4.6));
#13045 = CARTESIAN_POINT('',(24.959084836524,11.388759488561,4.6));
#13046 = CARTESIAN_POINT('',(24.974983564035,11.27840249656,4.6));
#13047 = CARTESIAN_POINT('',(24.986040207473,11.164713232723,4.6));
#13048 = CARTESIAN_POINT('',(24.992913386978,11.048467910999,4.6));
#13049 = CARTESIAN_POINT('',(24.996136363636,10.930200887328,4.6));
#13050 = CARTESIAN_POINT('',(24.996136363636,10.81021780303,4.6));
#13051 = ORIENTED_EDGE('',*,*,#13052,.T.);
#13052 = EDGE_CURVE('',#13036,#12202,#13053,.T.);
#13053 = LINE('',#13054,#13055);
#13054 = CARTESIAN_POINT('',(24.996136363636,10.81021780303,4.7));
#13055 = VECTOR('',#13056,1.);
#13056 = DIRECTION('',(-0.,-0.,-1.));
#13057 = ORIENTED_EDGE('',*,*,#12201,.T.);
#13058 = ORIENTED_EDGE('',*,*,#13059,.F.);
#13059 = EDGE_CURVE('',#13034,#12204,#13060,.T.);
#13060 = LINE('',#13061,#13062);
#13061 = CARTESIAN_POINT('',(24.759867424242,11.966231060606,4.7));
#13062 = VECTOR('',#13063,1.);
#13063 = DIRECTION('',(-0.,-0.,-1.));
#13064 = SURFACE_OF_LINEAR_EXTRUSION('',#13065,#13069);
#13065 = B_SPLINE_CURVE_WITH_KNOTS('',2,(#13066,#13067,#13068),
  .UNSPECIFIED.,.F.,.F.,(3,3),(0.,1.),.PIECEWISE_BEZIER_KNOTS.);
#13066 = CARTESIAN_POINT('',(24.996136363636,10.81021780303,4.7));
#13067 = CARTESIAN_POINT('',(24.996136363636,11.605909090909,4.7));
#13068 = CARTESIAN_POINT('',(24.759867424242,11.966231060606,4.7));
#13069 = VECTOR('',#13070,1.);
#13070 = DIRECTION('',(0.,0.,1.));
#13071 = ADVANCED_FACE('',(#13072),#13099,.T.);
#13072 = FACE_BOUND('',#13073,.T.);
#13073 = EDGE_LOOP('',(#13074,#13091,#13097,#13098));
#13074 = ORIENTED_EDGE('',*,*,#13075,.T.);
#13075 = EDGE_CURVE('',#13036,#13076,#13078,.T.);
#13076 = VERTEX_POINT('',#13077);
#13077 = CARTESIAN_POINT('',(24.749214015152,9.655861742424,4.6));
#13078 = B_SPLINE_CURVE_WITH_KNOTS('',6,(#13079,#13080,#13081,#13082,
    #13083,#13084,#13085,#13086,#13087,#13088,#13089,#13090),
  .UNSPECIFIED.,.F.,.F.,(7,5,7),(0.,0.542576238722,1.),.UNSPECIFIED.);
#13079 = CARTESIAN_POINT('',(24.996136363636,10.81021780303,4.6));
#13080 = CARTESIAN_POINT('',(24.996136363636,10.690883765993,4.6));
#13081 = CARTESIAN_POINT('',(24.992712985427,10.573243986578,4.6));
#13082 = CARTESIAN_POINT('',(24.985428288911,10.457606999086,4.6));
#13083 = CARTESIAN_POINT('',(24.973737963208,10.344501080309,4.6));
#13084 = CARTESIAN_POINT('',(24.956987068272,10.234676846192,4.6));
#13085 = CARTESIAN_POINT('',(24.915368416098,10.040110644849,4.6));
#13086 = CARTESIAN_POINT('',(24.89219301431,9.954163970191,4.6));
#13087 = CARTESIAN_POINT('',(24.864425865816,9.871871790075,4.6));
#13088 = CARTESIAN_POINT('',(24.831593660054,9.794059496009,4.6));
#13089 = CARTESIAN_POINT('',(24.793253513611,9.72173098269,4.6));
#13090 = CARTESIAN_POINT('',(24.749214015152,9.655861742424,4.6));
#13091 = ORIENTED_EDGE('',*,*,#13092,.T.);
#13092 = EDGE_CURVE('',#13076,#12212,#13093,.T.);
#13093 = LINE('',#13094,#13095);
#13094 = CARTESIAN_POINT('',(24.749214015152,9.655861742424,4.7));
#13095 = VECTOR('',#13096,1.);
#13096 = DIRECTION('',(-0.,-0.,-1.));
#13097 = ORIENTED_EDGE('',*,*,#12211,.T.);
#13098 = ORIENTED_EDGE('',*,*,#13052,.F.);
#13099 = SURFACE_OF_LINEAR_EXTRUSION('',#13100,#13104);
#13100 = B_SPLINE_CURVE_WITH_KNOTS('',2,(#13101,#13102,#13103),
  .UNSPECIFIED.,.F.,.F.,(3,3),(0.,1.),.PIECEWISE_BEZIER_KNOTS.);
#13101 = CARTESIAN_POINT('',(24.749214015152,9.655861742424,4.7));
#13102 = CARTESIAN_POINT('',(24.996136363636,10.025179924242,4.7));
#13103 = CARTESIAN_POINT('',(24.996136363636,10.81021780303,4.7));
#13104 = VECTOR('',#13105,1.);
#13105 = DIRECTION('',(0.,0.,1.));
#13106 = ADVANCED_FACE('',(#13107),#13139,.T.);
#13107 = FACE_BOUND('',#13108,.T.);
#13108 = EDGE_LOOP('',(#13109,#13131,#13137,#13138));
#13109 = ORIENTED_EDGE('',*,*,#13110,.T.);
#13110 = EDGE_CURVE('',#13076,#13111,#13113,.T.);
#13111 = VERTEX_POINT('',#13112);
#13112 = CARTESIAN_POINT('',(23.927244318182,9.286543560606,4.6));
#13113 = B_SPLINE_CURVE_WITH_KNOTS('',6,(#13114,#13115,#13116,#13117,
    #13118,#13119,#13120,#13121,#13122,#13123,#13124,#13125,#13126,
    #13127,#13128,#13129,#13130),.UNSPECIFIED.,.F.,.F.,(7,5,5,7),(0.,
    0.217823247425,0.704297186366,1.),.UNSPECIFIED.);
#13114 = CARTESIAN_POINT('',(24.749214015152,9.655861742424,4.6));
#13115 = CARTESIAN_POINT('',(24.730804865911,9.628301019953,4.6));
#13116 = CARTESIAN_POINT('',(24.711195275524,9.601820949488,4.6));
#13117 = CARTESIAN_POINT('',(24.690385658568,9.576482246964,4.6));
#13118 = CARTESIAN_POINT('',(24.668387039498,9.552337655466,4.6));
#13119 = CARTESIAN_POINT('',(24.645222499776,9.529430496238,4.6));
#13120 = CARTESIAN_POINT('',(24.56667207941,9.459469768131,4.6));
#13121 = CARTESIAN_POINT('',(24.506762773571,9.417462513382,4.6));
#13122 = CARTESIAN_POINT('',(24.441636468487,9.382174761188,4.6));
#13123 = CARTESIAN_POINT('',(24.371934813078,9.353571247197,4.6));
#13124 = CARTESIAN_POINT('',(24.298384100284,9.331353642635,4.6));
#13125 = CARTESIAN_POINT('',(24.175098669773,9.305197640537,4.6));
#13126 = CARTESIAN_POINT('',(24.127321820439,9.297504947774,4.6));
#13127 = CARTESIAN_POINT('',(24.078521655517,9.291908347415,4.6));
#13128 = CARTESIAN_POINT('',(24.028832628256,9.288294028731,4.6));
#13129 = CARTESIAN_POINT('',(23.978373797846,9.286543560606,4.6));
#13130 = CARTESIAN_POINT('',(23.927244318182,9.286543560606,4.6));
#13131 = ORIENTED_EDGE('',*,*,#13132,.T.);
#13132 = EDGE_CURVE('',#13111,#12220,#13133,.T.);
#13133 = LINE('',#13134,#13135);
#13134 = CARTESIAN_POINT('',(23.927244318182,9.286543560606,4.7));
#13135 = VECTOR('',#13136,1.);
#13136 = DIRECTION('',(-0.,-0.,-1.));
#13137 = ORIENTED_EDGE('',*,*,#12219,.T.);
#13138 = ORIENTED_EDGE('',*,*,#13092,.F.);
#13139 = SURFACE_OF_LINEAR_EXTRUSION('',#13140,#13144);
#13140 = B_SPLINE_CURVE_WITH_KNOTS('',2,(#13141,#13142,#13143),
  .UNSPECIFIED.,.F.,.F.,(3,3),(0.,1.),.PIECEWISE_BEZIER_KNOTS.);
#13141 = CARTESIAN_POINT('',(23.927244318182,9.286543560606,4.7));
#13142 = CARTESIAN_POINT('',(24.502528409091,9.286543560606,4.7));
#13143 = CARTESIAN_POINT('',(24.749214015152,9.655861742424,4.7));
#13144 = VECTOR('',#13145,1.);
#13145 = DIRECTION('',(0.,0.,1.));
#13146 = ADVANCED_FACE('',(#13147),#13176,.T.);
#13147 = FACE_BOUND('',#13148,.T.);
#13148 = EDGE_LOOP('',(#13149,#13168,#13174,#13175));
#13149 = ORIENTED_EDGE('',*,*,#13150,.T.);
#13150 = EDGE_CURVE('',#13111,#13151,#13153,.T.);
#13151 = VERTEX_POINT('',#13152);
#13152 = CARTESIAN_POINT('',(23.151202651515,9.668409090909,4.6));
#13153 = B_SPLINE_CURVE_WITH_KNOTS('',5,(#13154,#13155,#13156,#13157,
    #13158,#13159,#13160,#13161,#13162,#13163,#13164,#13165,#13166,
    #13167),.UNSPECIFIED.,.F.,.F.,(6,4,4,6),(0.,0.236802728457,
    0.667920984686,1.),.UNSPECIFIED.);
#13154 = CARTESIAN_POINT('',(23.927244318182,9.286543560606,4.6));
#13155 = CARTESIAN_POINT('',(23.880787276114,9.286543560606,4.6));
#13156 = CARTESIAN_POINT('',(23.834971559293,9.288383464423,4.6));
#13157 = CARTESIAN_POINT('',(23.789901179878,9.292176833028,4.6));
#13158 = CARTESIAN_POINT('',(23.745698595799,9.298035428972,4.6));
#13159 = CARTESIAN_POINT('',(23.623841886312,9.320634747434,4.6));
#13160 = CARTESIAN_POINT('',(23.548475279862,9.342365349535,4.6));
#13161 = CARTESIAN_POINT('',(23.477261368671,9.37176760372,4.6));
#13162 = CARTESIAN_POINT('',(23.411033857751,9.409086784173,4.6));
#13163 = CARTESIAN_POINT('',(23.303627130358,9.4884075292,4.6));
#13164 = CARTESIAN_POINT('',(23.260174666801,9.527374166919,4.6));
#13165 = CARTESIAN_POINT('',(23.220259762298,9.570608386727,4.6));
#13166 = CARTESIAN_POINT('',(23.183951543869,9.617762913185,4.6));
#13167 = CARTESIAN_POINT('',(23.151202651515,9.668409090909,4.6));
#13168 = ORIENTED_EDGE('',*,*,#13169,.T.);
#13169 = EDGE_CURVE('',#13151,#12228,#13170,.T.);
#13170 = LINE('',#13171,#13172);
#13171 = CARTESIAN_POINT('',(23.151202651515,9.668409090909,4.7));
#13172 = VECTOR('',#13173,1.);
#13173 = DIRECTION('',(-0.,-0.,-1.));
#13174 = ORIENTED_EDGE('',*,*,#12227,.T.);
#13175 = ORIENTED_EDGE('',*,*,#13132,.F.);
#13176 = SURFACE_OF_LINEAR_EXTRUSION('',#13177,#13181);
#13177 = B_SPLINE_CURVE_WITH_KNOTS('',2,(#13178,#13179,#13180),
  .UNSPECIFIED.,.F.,.F.,(3,3),(0.,1.),.PIECEWISE_BEZIER_KNOTS.);
#13178 = CARTESIAN_POINT('',(23.151202651515,9.668409090909,4.7));
#13179 = CARTESIAN_POINT('',(23.398125,9.286543560606,4.7));
#13180 = CARTESIAN_POINT('',(23.927244318182,9.286543560606,4.7));
#13181 = VECTOR('',#13182,1.);
#13182 = DIRECTION('',(0.,0.,1.));
#13183 = ADVANCED_FACE('',(#13184),#13211,.T.);
#13184 = FACE_BOUND('',#13185,.T.);
#13185 = EDGE_LOOP('',(#13186,#13203,#13209,#13210));
#13186 = ORIENTED_EDGE('',*,*,#13187,.T.);
#13187 = EDGE_CURVE('',#13151,#13188,#13190,.T.);
#13188 = VERTEX_POINT('',#13189);
#13189 = CARTESIAN_POINT('',(22.904517045455,10.81021780303,4.6));
#13190 = B_SPLINE_CURVE_WITH_KNOTS('',6,(#13191,#13192,#13193,#13194,
    #13195,#13196,#13197,#13198,#13199,#13200,#13201,#13202),
  .UNSPECIFIED.,.F.,.F.,(7,5,7),(0.,0.46374154839,1.),.UNSPECIFIED.);
#13191 = CARTESIAN_POINT('',(23.151202651515,9.668409090909,4.6));
#13192 = CARTESIAN_POINT('',(23.107364965898,9.736269155114,4.6));
#13193 = CARTESIAN_POINT('',(23.069063396546,9.80995894072,4.6));
#13194 = CARTESIAN_POINT('',(23.036138828676,9.888661139648,4.6));
#13195 = CARTESIAN_POINT('',(23.008214281671,9.971531778614,4.6));
#13196 = CARTESIAN_POINT('',(22.984870546365,10.057853718587,4.6));
#13197 = CARTESIAN_POINT('',(22.943523196895,10.250257106958,4.6));
#13198 = CARTESIAN_POINT('',(22.92693114765,10.357293513601,4.6));
#13199 = CARTESIAN_POINT('',(22.915271396198,10.467370075043,4.6));
#13200 = CARTESIAN_POINT('',(22.907965937024,10.57983674127,4.6));
#13201 = CARTESIAN_POINT('',(22.904517045455,10.69421777455,4.6));
#13202 = CARTESIAN_POINT('',(22.904517045455,10.81021780303,4.6));
#13203 = ORIENTED_EDGE('',*,*,#13204,.T.);
#13204 = EDGE_CURVE('',#13188,#12236,#13205,.T.);
#13205 = LINE('',#13206,#13207);
#13206 = CARTESIAN_POINT('',(22.904517045455,10.81021780303,4.7));
#13207 = VECTOR('',#13208,1.);
#13208 = DIRECTION('',(-0.,-0.,-1.));
#13209 = ORIENTED_EDGE('',*,*,#12235,.T.);
#13210 = ORIENTED_EDGE('',*,*,#13169,.F.);
#13211 = SURFACE_OF_LINEAR_EXTRUSION('',#13212,#13216);
#13212 = B_SPLINE_CURVE_WITH_KNOTS('',2,(#13213,#13214,#13215),
  .UNSPECIFIED.,.F.,.F.,(3,3),(0.,1.),.PIECEWISE_BEZIER_KNOTS.);
#13213 = CARTESIAN_POINT('',(22.904517045455,10.81021780303,4.7));
#13214 = CARTESIAN_POINT('',(22.904517045455,10.050274621212,4.7));
#13215 = CARTESIAN_POINT('',(23.151202651515,9.668409090909,4.7));
#13216 = VECTOR('',#13217,1.);
#13217 = DIRECTION('',(0.,0.,1.));
#13218 = ADVANCED_FACE('',(#13219),#13246,.T.);
#13219 = FACE_BOUND('',#13220,.T.);
#13220 = EDGE_LOOP('',(#13221,#13238,#13244,#13245));
#13221 = ORIENTED_EDGE('',*,*,#13222,.T.);
#13222 = EDGE_CURVE('',#13188,#13223,#13225,.T.);
#13223 = VERTEX_POINT('',#13224);
#13224 = CARTESIAN_POINT('',(23.154753787879,11.959128787879,4.6));
#13225 = B_SPLINE_CURVE_WITH_KNOTS('',6,(#13226,#13227,#13228,#13229,
    #13230,#13231,#13232,#13233,#13234,#13235,#13236,#13237),
  .UNSPECIFIED.,.F.,.F.,(7,5,7),(0.,0.542160073777,1.),.UNSPECIFIED.);
#13226 = CARTESIAN_POINT('',(22.904517045455,10.81021780303,4.6));
#13227 = CARTESIAN_POINT('',(22.904517045455,10.929053820548,4.6));
#13228 = CARTESIAN_POINT('',(22.907989044487,11.046190366747,4.6));
#13229 = CARTESIAN_POINT('',(22.915375594019,11.161316255451,4.6));
#13230 = CARTESIAN_POINT('',(22.927227790236,11.273898354191,4.6));
#13231 = CARTESIAN_POINT('',(22.944205274042,11.383181584208,4.6));
#13232 = CARTESIAN_POINT('',(22.986390152872,11.57686485475,4.6));
#13233 = CARTESIAN_POINT('',(23.009901296943,11.662466356425,4.6));
#13234 = CARTESIAN_POINT('',(23.038064135038,11.744384666361,4.6));
#13235 = CARTESIAN_POINT('',(23.071348986866,11.821792874011,4.6));
#13236 = CARTESIAN_POINT('',(23.11018875174,11.893693654399,4.6));
#13237 = CARTESIAN_POINT('',(23.154753787879,11.959128787879,4.6));
#13238 = ORIENTED_EDGE('',*,*,#13239,.T.);
#13239 = EDGE_CURVE('',#13223,#12244,#13240,.T.);
#13240 = LINE('',#13241,#13242);
#13241 = CARTESIAN_POINT('',(23.154753787879,11.959128787879,4.7));
#13242 = VECTOR('',#13243,1.);
#13243 = DIRECTION('',(-0.,-0.,-1.));
#13244 = ORIENTED_EDGE('',*,*,#12243,.T.);
#13245 = ORIENTED_EDGE('',*,*,#13204,.F.);
#13246 = SURFACE_OF_LINEAR_EXTRUSION('',#13247,#13251);
#13247 = B_SPLINE_CURVE_WITH_KNOTS('',2,(#13248,#13249,#13250),
  .UNSPECIFIED.,.F.,.F.,(3,3),(0.,1.),.PIECEWISE_BEZIER_KNOTS.);
#13248 = CARTESIAN_POINT('',(23.154753787879,11.959128787879,4.7));
#13249 = CARTESIAN_POINT('',(22.904517045455,11.591704545455,4.7));
#13250 = CARTESIAN_POINT('',(22.904517045455,10.81021780303,4.7));
#13251 = VECTOR('',#13252,1.);
#13252 = DIRECTION('',(0.,0.,1.));
#13253 = ADVANCED_FACE('',(#13254),#13286,.T.);
#13254 = FACE_BOUND('',#13255,.T.);
#13255 = EDGE_LOOP('',(#13256,#13278,#13284,#13285));
#13256 = ORIENTED_EDGE('',*,*,#13257,.T.);
#13257 = EDGE_CURVE('',#13223,#13258,#13260,.T.);
#13258 = VERTEX_POINT('',#13259);
#13259 = CARTESIAN_POINT('',(23.966306818182,12.326789772727,4.6));
#13260 = B_SPLINE_CURVE_WITH_KNOTS('',6,(#13261,#13262,#13263,#13264,
    #13265,#13266,#13267,#13268,#13269,#13270,#13271,#13272,#13273,
    #13274,#13275,#13276,#13277),.UNSPECIFIED.,.F.,.F.,(7,5,5,7),(0.,
    0.240285665548,0.718294322265,1.),.UNSPECIFIED.);
#13261 = CARTESIAN_POINT('',(23.154753787879,11.959128787879,4.6));
#13262 = CARTESIAN_POINT('',(23.175238860374,11.989198086163,4.6));
#13263 = CARTESIAN_POINT('',(23.197099943285,12.017981873221,4.6));
#13264 = CARTESIAN_POINT('',(23.220337371894,12.045402271975,4.6));
#13265 = CARTESIAN_POINT('',(23.244937741737,12.071391952446,4.6));
#13266 = CARTESIAN_POINT('',(23.270871769101,12.095896371928,4.6));
#13267 = CARTESIAN_POINT('',(23.35224260782,12.16459022105,4.6));
#13268 = CARTESIAN_POINT('',(23.411502046661,12.204285688952,4.6));
#13269 = CARTESIAN_POINT('',(23.475476259766,12.237618912152,4.6));
#13270 = CARTESIAN_POINT('',(23.543605338402,12.26461741056,4.6));
#13271 = CARTESIAN_POINT('',(23.615255578093,12.285540622673,4.6));
#13272 = CARTESIAN_POINT('',(23.733715091855,12.30975397968,4.6));
#13273 = CARTESIAN_POINT('',(23.778652648636,12.316758900313,4.6));
#13274 = CARTESIAN_POINT('',(23.824484621837,12.321870591832,4.6));
#13275 = CARTESIAN_POINT('',(23.871101052053,12.325181701438,4.6));
#13276 = CARTESIAN_POINT('',(23.918403180511,12.326789772727,4.6));
#13277 = CARTESIAN_POINT('',(23.966306818182,12.326789772727,4.6));
#13278 = ORIENTED_EDGE('',*,*,#13279,.T.);
#13279 = EDGE_CURVE('',#13258,#12252,#13280,.T.);
#13280 = LINE('',#13281,#13282);
#13281 = CARTESIAN_POINT('',(23.966306818182,12.326789772727,4.7));
#13282 = VECTOR('',#13283,1.);
#13283 = DIRECTION('',(-0.,-0.,-1.));
#13284 = ORIENTED_EDGE('',*,*,#12251,.T.);
#13285 = ORIENTED_EDGE('',*,*,#13239,.F.);
#13286 = SURFACE_OF_LINEAR_EXTRUSION('',#13287,#13291);
#13287 = B_SPLINE_CURVE_WITH_KNOTS('',2,(#13288,#13289,#13290),
  .UNSPECIFIED.,.F.,.F.,(3,3),(0.,1.),.PIECEWISE_BEZIER_KNOTS.);
#13288 = CARTESIAN_POINT('',(23.966306818182,12.326789772727,4.7));
#13289 = CARTESIAN_POINT('',(23.405227272727,12.326789772727,4.7));
#13290 = CARTESIAN_POINT('',(23.154753787879,11.959128787879,4.7));
#13291 = VECTOR('',#13292,1.);
#13292 = DIRECTION('',(0.,0.,1.));
#13293 = ADVANCED_FACE('',(#13294),#13319,.T.);
#13294 = FACE_BOUND('',#13295,.T.);
#13295 = EDGE_LOOP('',(#13296,#13316,#13317,#13318));
#13296 = ORIENTED_EDGE('',*,*,#13297,.T.);
#13297 = EDGE_CURVE('',#13258,#13034,#13298,.T.);
#13298 = B_SPLINE_CURVE_WITH_KNOTS('',6,(#13299,#13300,#13301,#13302,
    #13303,#13304,#13305,#13306,#13307,#13308,#13309,#13310,#13311,
    #13312,#13313,#13314,#13315),.UNSPECIFIED.,.F.,.F.,(7,5,5,7),(0.,
    0.293106241084,0.776036693517,1.),.UNSPECIFIED.);
#13299 = CARTESIAN_POINT('',(23.966306818182,12.326789772727,4.6));
#13300 = CARTESIAN_POINT('',(24.015555297133,12.326789772727,4.6));
#13301 = CARTESIAN_POINT('',(24.064132468752,12.325101659379,4.6));
#13302 = CARTESIAN_POINT('',(24.111942830743,12.321618666708,4.6));
#13303 = CARTESIAN_POINT('',(24.158872768925,12.316229839942,4.6));
#13304 = CARTESIAN_POINT('',(24.204794865037,12.308829024048,4.6));
#13305 = CARTESIAN_POINT('',(24.323348664398,12.283662852054,4.6));
#13306 = CARTESIAN_POINT('',(24.394050482953,12.262282415496,4.6));
#13307 = CARTESIAN_POINT('',(24.460997084931,12.234775830323,4.6));
#13308 = CARTESIAN_POINT('',(24.523509749259,12.200867238134,4.6));
#13309 = CARTESIAN_POINT('',(24.580992993502,12.160525960522,4.6));
#13310 = CARTESIAN_POINT('',(24.657183517919,12.092604077955,4.6));
#13311 = CARTESIAN_POINT('',(24.680158448003,12.069777455986,4.6));
#13312 = CARTESIAN_POINT('',(24.70193136278,12.045677061622,4.6));
#13313 = CARTESIAN_POINT('',(24.72247895622,12.020347828256,4.6));
#13314 = CARTESIAN_POINT('',(24.741790732867,11.993844702496,4.6));
#13315 = CARTESIAN_POINT('',(24.759867424242,11.966231060606,4.6));
#13316 = ORIENTED_EDGE('',*,*,#13059,.T.);
#13317 = ORIENTED_EDGE('',*,*,#12259,.T.);
#13318 = ORIENTED_EDGE('',*,*,#13279,.F.);
#13319 = SURFACE_OF_LINEAR_EXTRUSION('',#13320,#13324);
#13320 = B_SPLINE_CURVE_WITH_KNOTS('',2,(#13321,#13322,#13323),
  .UNSPECIFIED.,.F.,.F.,(3,3),(0.,1.),.PIECEWISE_BEZIER_KNOTS.);
#13321 = CARTESIAN_POINT('',(24.759867424242,11.966231060606,4.7));
#13322 = CARTESIAN_POINT('',(24.523835227273,12.326789772727,4.7));
#13323 = CARTESIAN_POINT('',(23.966306818182,12.326789772727,4.7));
#13324 = VECTOR('',#13325,1.);
#13325 = DIRECTION('',(0.,0.,1.));
#13326 = ADVANCED_FACE('',(#13327),#13334,.T.);
#13327 = FACE_BOUND('',#13328,.T.);
#13328 = EDGE_LOOP('',(#13329,#13330,#13331,#13332,#13333));
#13329 = ORIENTED_EDGE('',*,*,#12677,.F.);
#13330 = ORIENTED_EDGE('',*,*,#12852,.T.);
#13331 = ORIENTED_EDGE('',*,*,#12828,.T.);
#13332 = ORIENTED_EDGE('',*,*,#12804,.T.);
#13333 = ORIENTED_EDGE('',*,*,#12744,.F.);
#13334 = PLANE('',#13335);
#13335 = AXIS2_PLACEMENT_3D('',#13336,#13337,#13338);
#13336 = CARTESIAN_POINT('',(-1.007413409579E-16,55.380460494953,4.6));
#13337 = DIRECTION('',(0.,0.,1.));
#13338 = DIRECTION('',(1.,0.,0.));
#13339 = ADVANCED_FACE('',(#13340),#13347,.T.);
#13340 = FACE_BOUND('',#13341,.T.);
#13341 = EDGE_LOOP('',(#13342,#13343,#13344,#13345,#13346));
#13342 = ORIENTED_EDGE('',*,*,#12869,.F.);
#13343 = ORIENTED_EDGE('',*,*,#13005,.F.);
#13344 = ORIENTED_EDGE('',*,*,#12970,.F.);
#13345 = ORIENTED_EDGE('',*,*,#12935,.F.);
#13346 = ORIENTED_EDGE('',*,*,#12911,.T.);
#13347 = PLANE('',#13348);
#13348 = AXIS2_PLACEMENT_3D('',#13349,#13350,#13351);
#13349 = CARTESIAN_POINT('',(-1.007413409579E-16,55.380460494953,4.6));
#13350 = DIRECTION('',(0.,0.,1.));
#13351 = DIRECTION('',(1.,0.,0.));
#13352 = ADVANCED_FACE('',(#13353),#13363,.T.);
#13353 = FACE_BOUND('',#13354,.T.);
#13354 = EDGE_LOOP('',(#13355,#13356,#13357,#13358,#13359,#13360,#13361,
    #13362));
#13355 = ORIENTED_EDGE('',*,*,#13033,.F.);
#13356 = ORIENTED_EDGE('',*,*,#13297,.F.);
#13357 = ORIENTED_EDGE('',*,*,#13257,.F.);
#13358 = ORIENTED_EDGE('',*,*,#13222,.F.);
#13359 = ORIENTED_EDGE('',*,*,#13187,.F.);
#13360 = ORIENTED_EDGE('',*,*,#13150,.F.);
#13361 = ORIENTED_EDGE('',*,*,#13110,.F.);
#13362 = ORIENTED_EDGE('',*,*,#13075,.F.);
#13363 = PLANE('',#13364);
#13364 = AXIS2_PLACEMENT_3D('',#13365,#13366,#13367);
#13365 = CARTESIAN_POINT('',(-1.007413409579E-16,55.380460494953,4.6));
#13366 = DIRECTION('',(0.,0.,1.));
#13367 = DIRECTION('',(1.,0.,0.));
#13368 = ( GEOMETRIC_REPRESENTATION_CONTEXT(3) 
GLOBAL_UNCERTAINTY_ASSIGNED_CONTEXT((#13372)) 
GLOBAL_UNIT_ASSIGNED_CONTEXT((#13369,#13370,#13371)) 
REPRESENTATION_CONTEXT('Context #1',
  '3D Context with UNIT and UNCERTAINTY') );
#13369 = ( LENGTH_UNIT() NAMED_UNIT(*) SI_UNIT(.MILLI.,.METRE.) );
#13370 = ( NAMED_UNIT(*) PLANE_ANGLE_UNIT() SI_UNIT($,.RADIAN.) );
#13371 = ( NAMED_UNIT(*) SI_UNIT($,.STERADIAN.) SOLID_ANGLE_UNIT() );
#13372 = UNCERTAINTY_MEASURE_WITH_UNIT(LENGTH_MEASURE(1.E-05),#13369,
  'distance_accuracy_value','confusion accuracy');
#13373 = PRODUCT_RELATED_PRODUCT_CATEGORY('part',$,(#7));
#13374 = MECHANICAL_DESIGN_GEOMETRIC_PRESENTATION_REPRESENTATION('',(
    #13375),#13368);
#13375 = STYLED_ITEM('color',(#13376),#15);
#13376 = PRESENTATION_STYLE_ASSIGNMENT((#13377,#13383));
#13377 = SURFACE_STYLE_USAGE(.BOTH.,#13378);
#13378 = SURFACE_SIDE_STYLE('',(#13379));
#13379 = SURFACE_STYLE_FILL_AREA(#13380);
#13380 = FILL_AREA_STYLE('',(#13381));
#13381 = FILL_AREA_STYLE_COLOUR('',#13382);
#13382 = COLOUR_RGB('',0.678431390124,0.709803936702,0.741176476869);
#13383 = CURVE_STYLE('',#13384,POSITIVE_LENGTH_MEASURE(0.1),#13385);
#13384 = DRAUGHTING_PRE_DEFINED_CURVE_FONT('continuous');
#13385 = COLOUR_RGB('',9.803921802644E-02,9.803921802644E-02,
  9.803921802644E-02);
ENDSEC;
END-ISO-10303-21;
