ISO-10303-21;
HEADER;
FILE_DESCRIPTION(('FreeCAD Model'),'2;1');
FILE_NAME('Open CASCADE Shape Model','2026-02-11T20:05:45',('Author'),(
    ''),'Open CASCADE STEP processor 7.8','FreeCAD','Unknown');
FILE_SCHEMA(('AUTOMOTIVE_DESIGN { 1 0 10303 214 1 1 1 1 }'));
ENDSEC;
DATA;
#1 = APPLICATION_PROTOCOL_DEFINITION('international standard',
  'automotive_design',2000,#2);
#2 = APPLICATION_CONTEXT(
  'core data for automotive mechanical design processes');
#3 = SHAPE_DEFINITION_REPRESENTATION(#4,#10);
#4 = PRODUCT_DEFINITION_SHAPE('','',#5);
#5 = PRODUCT_DEFINITION('design','',#6,#9);
#6 = PRODUCT_DEFINITION_FORMATION('','',#7);
#7 = PRODUCT('Pocket','Pocket','',(#8));
#8 = PRODUCT_CONTEXT('',#2,'mechanical');
#9 = PRODUCT_DEFINITION_CONTEXT('part definition',#2,'design');
#10 = ADVANCED_BREP_SHAPE_REPRESENTATION('',(#11,#15),#13008);
#11 = AXIS2_PLACEMENT_3D('',#12,#13,#14);
#12 = CARTESIAN_POINT('',(0.,0.,0.));
#13 = DIRECTION('',(0.,0.,1.));
#14 = DIRECTION('',(1.,0.,-0.));
#15 = MANIFOLD_SOLID_BREP('',#16);
#16 = CLOSED_SHELL('',(#17,#49,#74,#146,#155,#186,#210,#235,#259,#284,
    #301,#325,#4504,#4529,#4560,#4584,#4608,#4625,#4656,#4680,#4704,
    #4728,#4752,#4776,#4800,#4824,#4848,#4872,#4896,#4913,#4946,#4972,
    #4998,#5024,#5050,#5076,#5102,#5128,#5154,#5180,#5206,#5232,#5258,
    #5284,#5308,#5334,#5360,#5386,#5412,#5438,#5464,#5490,#5516,#5542,
    #5568,#5594,#5620,#5646,#5672,#5698,#5724,#5748,#5774,#5793,#5826,
    #5852,#5878,#5902,#5926,#5950,#5974,#5998,#6017,#6050,#6076,#6102,
    #6126,#6152,#6178,#6204,#6230,#6256,#6282,#6306,#6332,#6358,#6384,
    #6410,#6436,#6462,#6486,#6510,#6534,#6560,#6586,#6612,#6638,#6664,
    #6688,#6714,#6740,#6759,#6790,#6814,#6838,#6864,#6890,#6916,#6942,
    #6968,#6994,#7020,#7046,#7072,#7096,#7122,#7148,#7174,#7200,#7226,
    #7252,#7278,#7304,#7330,#7356,#7373,#7404,#7428,#7452,#7469,#7502,
    #7528,#7554,#7578,#7604,#7630,#7656,#7682,#7708,#7734,#7760,#7786,
    #7812,#7836,#7862,#7888,#7914,#7933,#7966,#7992,#8018,#8042,#8068,
    #8094,#8120,#8146,#8172,#8198,#8222,#8248,#8274,#8300,#8326,#8352,
    #8378,#8402,#8426,#8450,#8476,#8502,#8528,#8554,#8580,#8604,#8630,
    #8656,#8675,#8708,#8734,#8760,#8786,#8812,#8838,#8864,#8890,#8916,
    #8942,#8968,#8994,#9020,#9046,#9070,#9096,#9122,#9148,#9174,#9200,
    #9226,#9252,#9278,#9304,#9330,#9356,#9382,#9408,#9434,#9460,#9486,
    #9510,#9536,#9555,#9588,#9612,#9636,#9662,#9688,#9714,#9740,#9766,
    #9792,#9816,#9842,#9868,#9887,#9918,#9942,#9968,#9994,#10020,#10046,
    #10070,#10096,#10122,#10148,#10172,#10198,#10222,#10246,#10270,
    #10296,#10322,#10348,#10374,#10400,#10417,#10450,#10476,#10502,
    #10528,#10554,#10580,#10606,#10632,#10658,#10684,#10710,#10736,
    #10760,#10786,#10812,#10838,#10864,#10890,#10916,#10942,#10966,
    #10992,#11018,#11044,#11070,#11096,#11122,#11146,#11172,#11198,
    #11217,#11250,#11276,#11302,#11328,#11354,#11380,#11399,#11430,
    #11454,#11480,#11506,#11532,#11556,#11582,#11608,#11634,#11658,
    #11684,#11708,#11734,#11751,#11760,#11772,#11792,#11834,#11893,
    #11930,#11962,#11974,#12000,#12037,#12079,#12142,#12171,#12210,
    #12291,#12313,#12380,#12440,#12464,#12488,#12505,#12547,#12571,
    #12606,#12641,#12669,#12711,#12746,#12786,#12823,#12858,#12893,
    #12933,#12966,#12979,#12992));
#17 = ADVANCED_FACE('',(#18),#44,.T.);
#18 = FACE_BOUND('',#19,.F.);
#19 = EDGE_LOOP('',(#20,#29,#36,#37));
#20 = ORIENTED_EDGE('',*,*,#21,.F.);
#21 = EDGE_CURVE('',#22,#24,#26,.T.);
#22 = VERTEX_POINT('',#23);
#23 = CARTESIAN_POINT('',(-12.8,86.5,3.5));
#24 = VERTEX_POINT('',#25);
#25 = CARTESIAN_POINT('',(-12.8,86.5,1.5));
#26 = B_SPLINE_CURVE_WITH_KNOTS('',1,(#27,#28),.UNSPECIFIED.,.F.,.F.,(2,
    2),(-5.,-1.5),.PIECEWISE_BEZIER_KNOTS.);
#27 = CARTESIAN_POINT('',(-12.8,86.5,5.));
#28 = CARTESIAN_POINT('',(-12.8,86.5,1.5));
#29 = ORIENTED_EDGE('',*,*,#30,.T.);
#30 = EDGE_CURVE('',#22,#22,#31,.T.);
#31 = CIRCLE('',#32,1.2);
#32 = AXIS2_PLACEMENT_3D('',#33,#34,#35);
#33 = CARTESIAN_POINT('',(-14.,86.5,3.5));
#34 = DIRECTION('',(0.,0.,1.));
#35 = DIRECTION('',(1.,0.,0.));
#36 = ORIENTED_EDGE('',*,*,#21,.T.);
#37 = ORIENTED_EDGE('',*,*,#38,.T.);
#38 = EDGE_CURVE('',#24,#24,#39,.T.);
#39 = CIRCLE('',#40,1.2);
#40 = AXIS2_PLACEMENT_3D('',#41,#42,#43);
#41 = CARTESIAN_POINT('',(-14.,86.5,1.5));
#42 = DIRECTION('',(0.,0.,-1.));
#43 = DIRECTION('',(1.,0.,0.));
#44 = CYLINDRICAL_SURFACE('',#45,1.2);
#45 = AXIS2_PLACEMENT_3D('',#46,#47,#48);
#46 = CARTESIAN_POINT('',(-14.,86.5,0.));
#47 = DIRECTION('',(-0.,-0.,-1.));
#48 = DIRECTION('',(1.,0.,0.));
#49 = ADVANCED_FACE('',(#50),#69,.T.);
#50 = FACE_BOUND('',#51,.T.);
#51 = EDGE_LOOP('',(#52,#60,#61,#62));
#52 = ORIENTED_EDGE('',*,*,#53,.F.);
#53 = EDGE_CURVE('',#22,#54,#56,.T.);
#54 = VERTEX_POINT('',#55);
#55 = CARTESIAN_POINT('',(-13.3,86.5,5.));
#56 = LINE('',#57,#58);
#57 = CARTESIAN_POINT('',(-12.8,86.5,3.5));
#58 = VECTOR('',#59,1.);
#59 = DIRECTION('',(-0.316227766017,0.,0.948683298051));
#60 = ORIENTED_EDGE('',*,*,#30,.T.);
#61 = ORIENTED_EDGE('',*,*,#53,.T.);
#62 = ORIENTED_EDGE('',*,*,#63,.F.);
#63 = EDGE_CURVE('',#54,#54,#64,.T.);
#64 = CIRCLE('',#65,0.7);
#65 = AXIS2_PLACEMENT_3D('',#66,#67,#68);
#66 = CARTESIAN_POINT('',(-14.,86.5,5.));
#67 = DIRECTION('',(0.,0.,1.));
#68 = DIRECTION('',(1.,0.,0.));
#69 = CONICAL_SURFACE('',#70,1.2,0.321750554397);
#70 = AXIS2_PLACEMENT_3D('',#71,#72,#73);
#71 = CARTESIAN_POINT('',(-14.,86.5,3.5));
#72 = DIRECTION('',(-0.,-0.,-1.));
#73 = DIRECTION('',(1.,0.,0.));
#74 = ADVANCED_FACE('',(#75,#127,#130),#141,.T.);
#75 = FACE_BOUND('',#76,.T.);
#76 = EDGE_LOOP('',(#77,#87,#95,#104,#112,#121));
#77 = ORIENTED_EDGE('',*,*,#78,.F.);
#78 = EDGE_CURVE('',#79,#81,#83,.T.);
#79 = VERTEX_POINT('',#80);
#80 = CARTESIAN_POINT('',(-16.9,89.7,1.5));
#81 = VERTEX_POINT('',#82);
#82 = CARTESIAN_POINT('',(16.9,89.7,1.5));
#83 = LINE('',#84,#85);
#84 = CARTESIAN_POINT('',(8.45,89.7,1.5));
#85 = VECTOR('',#86,1.);
#86 = DIRECTION('',(1.,0.,0.));
#87 = ORIENTED_EDGE('',*,*,#88,.F.);
#88 = EDGE_CURVE('',#89,#79,#91,.T.);
#89 = VERTEX_POINT('',#90);
#90 = CARTESIAN_POINT('',(-16.9,41.588562083862,1.5));
#91 = LINE('',#92,#93);
#92 = CARTESIAN_POINT('',(-16.9,71.9,1.5));
#93 = VECTOR('',#94,1.);
#94 = DIRECTION('',(0.,1.,0.));
#95 = ORIENTED_EDGE('',*,*,#96,.F.);
#96 = EDGE_CURVE('',#97,#89,#99,.T.);
#97 = VERTEX_POINT('',#98);
#98 = CARTESIAN_POINT('',(-9.5,34.6,1.5));
#99 = CIRCLE('',#100,7.);
#100 = AXIS2_PLACEMENT_3D('',#101,#102,#103);
#101 = CARTESIAN_POINT('',(-16.5,34.6,1.5));
#102 = DIRECTION('',(0.,0.,-1.));
#103 = DIRECTION('',(1.,0.,0.));
#104 = ORIENTED_EDGE('',*,*,#105,.F.);
#105 = EDGE_CURVE('',#106,#97,#108,.T.);
#106 = VERTEX_POINT('',#107);
#107 = CARTESIAN_POINT('',(9.5,34.6,1.5));
#108 = LINE('',#109,#110);
#109 = CARTESIAN_POINT('',(-4.75,34.6,1.5));
#110 = VECTOR('',#111,1.);
#111 = DIRECTION('',(-1.,0.,0.));
#112 = ORIENTED_EDGE('',*,*,#113,.F.);
#113 = EDGE_CURVE('',#114,#106,#116,.T.);
#114 = VERTEX_POINT('',#115);
#115 = CARTESIAN_POINT('',(16.9,41.588562083862,1.5));
#116 = CIRCLE('',#117,7.);
#117 = AXIS2_PLACEMENT_3D('',#118,#119,#120);
#118 = CARTESIAN_POINT('',(16.5,34.6,1.5));
#119 = DIRECTION('',(0.,0.,-1.));
#120 = DIRECTION('',(1.,0.,0.));
#121 = ORIENTED_EDGE('',*,*,#122,.F.);
#122 = EDGE_CURVE('',#81,#114,#123,.T.);
#123 = LINE('',#124,#125);
#124 = CARTESIAN_POINT('',(16.9,47.844281041931,1.5));
#125 = VECTOR('',#126,1.);
#126 = DIRECTION('',(0.,-1.,0.));
#127 = FACE_BOUND('',#128,.T.);
#128 = EDGE_LOOP('',(#129));
#129 = ORIENTED_EDGE('',*,*,#38,.T.);
#130 = FACE_BOUND('',#131,.T.);
#131 = EDGE_LOOP('',(#132));
#132 = ORIENTED_EDGE('',*,*,#133,.T.);
#133 = EDGE_CURVE('',#134,#134,#136,.T.);
#134 = VERTEX_POINT('',#135);
#135 = CARTESIAN_POINT('',(15.2,86.5,1.5));
#136 = CIRCLE('',#137,1.2);
#137 = AXIS2_PLACEMENT_3D('',#138,#139,#140);
#138 = CARTESIAN_POINT('',(14.,86.5,1.5));
#139 = DIRECTION('',(0.,0.,-1.));
#140 = DIRECTION('',(1.,0.,0.));
#141 = PLANE('',#142);
#142 = AXIS2_PLACEMENT_3D('',#143,#144,#145);
#143 = CARTESIAN_POINT('',(0.,54.1,1.5));
#144 = DIRECTION('',(0.,0.,1.));
#145 = DIRECTION('',(1.,0.,0.));
#146 = ADVANCED_FACE('',(#147),#150,.T.);
#147 = FACE_BOUND('',#148,.T.);
#148 = EDGE_LOOP('',(#149));
#149 = ORIENTED_EDGE('',*,*,#63,.T.);
#150 = PLANE('',#151);
#151 = AXIS2_PLACEMENT_3D('',#152,#153,#154);
#152 = CARTESIAN_POINT('',(8.546500828371E-16,86.5,5.));
#153 = DIRECTION('',(0.,0.,1.));
#154 = DIRECTION('',(1.,0.,0.));
#155 = ADVANCED_FACE('',(#156),#181,.T.);
#156 = FACE_BOUND('',#157,.T.);
#157 = EDGE_LOOP('',(#158,#159,#167,#175));
#158 = ORIENTED_EDGE('',*,*,#78,.T.);
#159 = ORIENTED_EDGE('',*,*,#160,.T.);
#160 = EDGE_CURVE('',#81,#161,#163,.T.);
#161 = VERTEX_POINT('',#162);
#162 = CARTESIAN_POINT('',(16.9,89.7,3.1));
#163 = LINE('',#164,#165);
#164 = CARTESIAN_POINT('',(16.9,89.7,0.));
#165 = VECTOR('',#166,1.);
#166 = DIRECTION('',(0.,0.,1.));
#167 = ORIENTED_EDGE('',*,*,#168,.T.);
#168 = EDGE_CURVE('',#161,#169,#171,.T.);
#169 = VERTEX_POINT('',#170);
#170 = CARTESIAN_POINT('',(-16.9,89.7,3.1));
#171 = LINE('',#172,#173);
#172 = CARTESIAN_POINT('',(16.9,89.7,3.1));
#173 = VECTOR('',#174,1.);
#174 = DIRECTION('',(-1.,0.,0.));
#175 = ORIENTED_EDGE('',*,*,#176,.F.);
#176 = EDGE_CURVE('',#79,#169,#177,.T.);
#177 = LINE('',#178,#179);
#178 = CARTESIAN_POINT('',(-16.9,89.7,0.));
#179 = VECTOR('',#180,1.);
#180 = DIRECTION('',(0.,0.,1.));
#181 = PLANE('',#182);
#182 = AXIS2_PLACEMENT_3D('',#183,#184,#185);
#183 = CARTESIAN_POINT('',(16.9,89.7,0.));
#184 = DIRECTION('',(0.,-1.,0.));
#185 = DIRECTION('',(-1.,0.,0.));
#186 = ADVANCED_FACE('',(#187),#205,.T.);
#187 = FACE_BOUND('',#188,.T.);
#188 = EDGE_LOOP('',(#189,#190,#198,#204));
#189 = ORIENTED_EDGE('',*,*,#122,.T.);
#190 = ORIENTED_EDGE('',*,*,#191,.T.);
#191 = EDGE_CURVE('',#114,#192,#194,.T.);
#192 = VERTEX_POINT('',#193);
#193 = CARTESIAN_POINT('',(16.9,41.588562083862,3.1));
#194 = LINE('',#195,#196);
#195 = CARTESIAN_POINT('',(16.9,41.588562083862,0.));
#196 = VECTOR('',#197,1.);
#197 = DIRECTION('',(0.,0.,1.));
#198 = ORIENTED_EDGE('',*,*,#199,.T.);
#199 = EDGE_CURVE('',#192,#161,#200,.T.);
#200 = LINE('',#201,#202);
#201 = CARTESIAN_POINT('',(16.9,41.588562083862,3.1));
#202 = VECTOR('',#203,1.);
#203 = DIRECTION('',(0.,1.,0.));
#204 = ORIENTED_EDGE('',*,*,#160,.F.);
#205 = PLANE('',#206);
#206 = AXIS2_PLACEMENT_3D('',#207,#208,#209);
#207 = CARTESIAN_POINT('',(16.9,41.588562083862,0.));
#208 = DIRECTION('',(-1.,0.,0.));
#209 = DIRECTION('',(0.,1.,0.));
#210 = ADVANCED_FACE('',(#211),#230,.F.);
#211 = FACE_BOUND('',#212,.T.);
#212 = EDGE_LOOP('',(#213,#214,#222,#229));
#213 = ORIENTED_EDGE('',*,*,#113,.T.);
#214 = ORIENTED_EDGE('',*,*,#215,.T.);
#215 = EDGE_CURVE('',#106,#216,#218,.T.);
#216 = VERTEX_POINT('',#217);
#217 = CARTESIAN_POINT('',(9.5,34.6,3.1));
#218 = LINE('',#219,#220);
#219 = CARTESIAN_POINT('',(9.5,34.6,0.));
#220 = VECTOR('',#221,1.);
#221 = DIRECTION('',(0.,0.,1.));
#222 = ORIENTED_EDGE('',*,*,#223,.T.);
#223 = EDGE_CURVE('',#216,#192,#224,.T.);
#224 = CIRCLE('',#225,7.);
#225 = AXIS2_PLACEMENT_3D('',#226,#227,#228);
#226 = CARTESIAN_POINT('',(16.5,34.6,3.1));
#227 = DIRECTION('',(0.,0.,1.));
#228 = DIRECTION('',(1.,0.,0.));
#229 = ORIENTED_EDGE('',*,*,#191,.F.);
#230 = CYLINDRICAL_SURFACE('',#231,7.);
#231 = AXIS2_PLACEMENT_3D('',#232,#233,#234);
#232 = CARTESIAN_POINT('',(16.5,34.6,0.));
#233 = DIRECTION('',(-0.,-0.,-1.));
#234 = DIRECTION('',(1.,0.,0.));
#235 = ADVANCED_FACE('',(#236),#254,.T.);
#236 = FACE_BOUND('',#237,.T.);
#237 = EDGE_LOOP('',(#238,#239,#247,#253));
#238 = ORIENTED_EDGE('',*,*,#105,.T.);
#239 = ORIENTED_EDGE('',*,*,#240,.T.);
#240 = EDGE_CURVE('',#97,#241,#243,.T.);
#241 = VERTEX_POINT('',#242);
#242 = CARTESIAN_POINT('',(-9.5,34.6,3.1));
#243 = LINE('',#244,#245);
#244 = CARTESIAN_POINT('',(-9.5,34.6,0.));
#245 = VECTOR('',#246,1.);
#246 = DIRECTION('',(0.,0.,1.));
#247 = ORIENTED_EDGE('',*,*,#248,.T.);
#248 = EDGE_CURVE('',#241,#216,#249,.T.);
#249 = LINE('',#250,#251);
#250 = CARTESIAN_POINT('',(-9.5,34.6,3.1));
#251 = VECTOR('',#252,1.);
#252 = DIRECTION('',(1.,0.,0.));
#253 = ORIENTED_EDGE('',*,*,#215,.F.);
#254 = PLANE('',#255);
#255 = AXIS2_PLACEMENT_3D('',#256,#257,#258);
#256 = CARTESIAN_POINT('',(-9.5,34.6,0.));
#257 = DIRECTION('',(0.,1.,0.));
#258 = DIRECTION('',(1.,0.,0.));
#259 = ADVANCED_FACE('',(#260),#279,.F.);
#260 = FACE_BOUND('',#261,.T.);
#261 = EDGE_LOOP('',(#262,#263,#271,#278));
#262 = ORIENTED_EDGE('',*,*,#96,.T.);
#263 = ORIENTED_EDGE('',*,*,#264,.T.);
#264 = EDGE_CURVE('',#89,#265,#267,.T.);
#265 = VERTEX_POINT('',#266);
#266 = CARTESIAN_POINT('',(-16.9,41.588562083862,3.1));
#267 = LINE('',#268,#269);
#268 = CARTESIAN_POINT('',(-16.9,41.588562083862,0.));
#269 = VECTOR('',#270,1.);
#270 = DIRECTION('',(0.,0.,1.));
#271 = ORIENTED_EDGE('',*,*,#272,.T.);
#272 = EDGE_CURVE('',#265,#241,#273,.T.);
#273 = CIRCLE('',#274,7.);
#274 = AXIS2_PLACEMENT_3D('',#275,#276,#277);
#275 = CARTESIAN_POINT('',(-16.5,34.6,3.1));
#276 = DIRECTION('',(0.,0.,1.));
#277 = DIRECTION('',(1.,0.,0.));
#278 = ORIENTED_EDGE('',*,*,#240,.F.);
#279 = CYLINDRICAL_SURFACE('',#280,7.);
#280 = AXIS2_PLACEMENT_3D('',#281,#282,#283);
#281 = CARTESIAN_POINT('',(-16.5,34.6,0.));
#282 = DIRECTION('',(-0.,-0.,-1.));
#283 = DIRECTION('',(1.,0.,0.));
#284 = ADVANCED_FACE('',(#285),#296,.T.);
#285 = FACE_BOUND('',#286,.T.);
#286 = EDGE_LOOP('',(#287,#288,#289,#295));
#287 = ORIENTED_EDGE('',*,*,#88,.T.);
#288 = ORIENTED_EDGE('',*,*,#176,.T.);
#289 = ORIENTED_EDGE('',*,*,#290,.T.);
#290 = EDGE_CURVE('',#169,#265,#291,.T.);
#291 = LINE('',#292,#293);
#292 = CARTESIAN_POINT('',(-16.9,89.7,3.1));
#293 = VECTOR('',#294,1.);
#294 = DIRECTION('',(0.,-1.,0.));
#295 = ORIENTED_EDGE('',*,*,#264,.F.);
#296 = PLANE('',#297);
#297 = AXIS2_PLACEMENT_3D('',#298,#299,#300);
#298 = CARTESIAN_POINT('',(-16.9,89.7,0.));
#299 = DIRECTION('',(1.,0.,0.));
#300 = DIRECTION('',(0.,-1.,0.));
#301 = ADVANCED_FACE('',(#302),#320,.T.);
#302 = FACE_BOUND('',#303,.F.);
#303 = EDGE_LOOP('',(#304,#311,#318,#319));
#304 = ORIENTED_EDGE('',*,*,#305,.F.);
#305 = EDGE_CURVE('',#306,#134,#308,.T.);
#306 = VERTEX_POINT('',#307);
#307 = CARTESIAN_POINT('',(15.2,86.5,3.5));
#308 = B_SPLINE_CURVE_WITH_KNOTS('',1,(#309,#310),.UNSPECIFIED.,.F.,.F.,
  (2,2),(-5.,-1.5),.PIECEWISE_BEZIER_KNOTS.);
#309 = CARTESIAN_POINT('',(15.2,86.5,5.));
#310 = CARTESIAN_POINT('',(15.2,86.5,1.5));
#311 = ORIENTED_EDGE('',*,*,#312,.T.);
#312 = EDGE_CURVE('',#306,#306,#313,.T.);
#313 = CIRCLE('',#314,1.2);
#314 = AXIS2_PLACEMENT_3D('',#315,#316,#317);
#315 = CARTESIAN_POINT('',(14.,86.5,3.5));
#316 = DIRECTION('',(0.,0.,1.));
#317 = DIRECTION('',(1.,0.,0.));
#318 = ORIENTED_EDGE('',*,*,#305,.T.);
#319 = ORIENTED_EDGE('',*,*,#133,.T.);
#320 = CYLINDRICAL_SURFACE('',#321,1.2);
#321 = AXIS2_PLACEMENT_3D('',#322,#323,#324);
#322 = CARTESIAN_POINT('',(14.,86.5,0.));
#323 = DIRECTION('',(-0.,-0.,-1.));
#324 = DIRECTION('',(1.,0.,0.));
#325 = ADVANCED_FACE('',(#326,#360,#458,#960,#1093,#1555,#1878,#1912,
    #2239,#2701,#3203,#3459,#3714,#4144,#4327,#4491),#4499,.T.);
#326 = FACE_BOUND('',#327,.T.);
#327 = EDGE_LOOP('',(#328,#338,#346,#354));
#328 = ORIENTED_EDGE('',*,*,#329,.T.);
#329 = EDGE_CURVE('',#330,#332,#334,.T.);
#330 = VERTEX_POINT('',#331);
#331 = CARTESIAN_POINT('',(-35.,108.2,3.1));
#332 = VERTEX_POINT('',#333);
#333 = CARTESIAN_POINT('',(-35.,0.,3.1));
#334 = LINE('',#335,#336);
#335 = CARTESIAN_POINT('',(-35.,108.2,3.1));
#336 = VECTOR('',#337,1.);
#337 = DIRECTION('',(0.,-1.,0.));
#338 = ORIENTED_EDGE('',*,*,#339,.T.);
#339 = EDGE_CURVE('',#332,#340,#342,.T.);
#340 = VERTEX_POINT('',#341);
#341 = CARTESIAN_POINT('',(35.,0.,3.1));
#342 = LINE('',#343,#344);
#343 = CARTESIAN_POINT('',(-35.,0.,3.1));
#344 = VECTOR('',#345,1.);
#345 = DIRECTION('',(1.,0.,0.));
#346 = ORIENTED_EDGE('',*,*,#347,.T.);
#347 = EDGE_CURVE('',#340,#348,#350,.T.);
#348 = VERTEX_POINT('',#349);
#349 = CARTESIAN_POINT('',(35.,108.2,3.1));
#350 = LINE('',#351,#352);
#351 = CARTESIAN_POINT('',(35.,0.,3.1));
#352 = VECTOR('',#353,1.);
#353 = DIRECTION('',(0.,1.,0.));
#354 = ORIENTED_EDGE('',*,*,#355,.T.);
#355 = EDGE_CURVE('',#348,#330,#356,.T.);
#356 = LINE('',#357,#358);
#357 = CARTESIAN_POINT('',(35.,108.2,3.1));
#358 = VECTOR('',#359,1.);
#359 = DIRECTION('',(-1.,0.,0.));
#360 = FACE_BOUND('',#361,.T.);
#361 = EDGE_LOOP('',(#362,#372,#380,#388,#396,#404,#412,#420,#428,#436,
    #444,#452));
#362 = ORIENTED_EDGE('',*,*,#363,.T.);
#363 = EDGE_CURVE('',#364,#366,#368,.T.);
#364 = VERTEX_POINT('',#365);
#365 = CARTESIAN_POINT('',(-26.05823863636,6.,3.1));
#366 = VERTEX_POINT('',#367);
#367 = CARTESIAN_POINT('',(-30.,6.,3.1));
#368 = LINE('',#369,#370);
#369 = CARTESIAN_POINT('',(-13.02911931818,6.,3.1));
#370 = VECTOR('',#371,1.);
#371 = DIRECTION('',(-1.,0.,0.));
#372 = ORIENTED_EDGE('',*,*,#373,.T.);
#373 = EDGE_CURVE('',#366,#374,#376,.T.);
#374 = VERTEX_POINT('',#375);
#375 = CARTESIAN_POINT('',(-30.,11.,3.1));
#376 = LINE('',#377,#378);
#377 = CARTESIAN_POINT('',(-30.,31.026687446008,3.1));
#378 = VECTOR('',#379,1.);
#379 = DIRECTION('',(0.,1.,0.));
#380 = ORIENTED_EDGE('',*,*,#381,.T.);
#381 = EDGE_CURVE('',#374,#382,#384,.T.);
#382 = VERTEX_POINT('',#383);
#383 = CARTESIAN_POINT('',(-26.20383522727,11.,3.1));
#384 = LINE('',#385,#386);
#385 = CARTESIAN_POINT('',(-15.,11.,3.1));
#386 = VECTOR('',#387,1.);
#387 = DIRECTION('',(1.,0.,-0.));
#388 = ORIENTED_EDGE('',*,*,#389,.T.);
#389 = EDGE_CURVE('',#382,#390,#392,.T.);
#390 = VERTEX_POINT('',#391);
#391 = CARTESIAN_POINT('',(-26.20383522727,10.446022727273,3.1));
#392 = LINE('',#393,#394);
#393 = CARTESIAN_POINT('',(-26.20383522727,33.526687446008,3.1));
#394 = VECTOR('',#395,1.);
#395 = DIRECTION('',(0.,-1.,0.));
#396 = ORIENTED_EDGE('',*,*,#397,.T.);
#397 = EDGE_CURVE('',#390,#398,#400,.T.);
#398 = VERTEX_POINT('',#399);
#399 = CARTESIAN_POINT('',(-29.32173295454,10.446022727273,3.1));
#400 = LINE('',#401,#402);
#401 = CARTESIAN_POINT('',(-13.10191761363,10.446022727273,3.1));
#402 = VECTOR('',#403,1.);
#403 = DIRECTION('',(-1.,0.,0.));
#404 = ORIENTED_EDGE('',*,*,#405,.T.);
#405 = EDGE_CURVE('',#398,#406,#408,.T.);
#406 = VERTEX_POINT('',#407);
#407 = CARTESIAN_POINT('',(-29.32173295454,8.848484848485,3.1));
#408 = LINE('',#409,#410);
#409 = CARTESIAN_POINT('',(-29.32173295454,33.249698809644,3.1));
#410 = VECTOR('',#411,1.);
#411 = DIRECTION('',(0.,-1.,0.));
#412 = ORIENTED_EDGE('',*,*,#413,.T.);
#413 = EDGE_CURVE('',#406,#414,#416,.T.);
#414 = VERTEX_POINT('',#415);
#415 = CARTESIAN_POINT('',(-26.41690340909,8.848484848485,3.1));
#416 = LINE('',#417,#418);
#417 = CARTESIAN_POINT('',(-14.66086647727,8.848484848485,3.1));
#418 = VECTOR('',#419,1.);
#419 = DIRECTION('',(1.,0.,-0.));
#420 = ORIENTED_EDGE('',*,*,#421,.T.);
#421 = EDGE_CURVE('',#414,#422,#424,.T.);
#422 = VERTEX_POINT('',#423);
#423 = CARTESIAN_POINT('',(-26.41690340909,8.301609848485,3.1));
#424 = LINE('',#425,#426);
#425 = CARTESIAN_POINT('',(-26.41690340909,32.45092987025,3.1));
#426 = VECTOR('',#427,1.);
#427 = DIRECTION('',(0.,-1.,0.));
#428 = ORIENTED_EDGE('',*,*,#429,.T.);
#429 = EDGE_CURVE('',#422,#430,#432,.T.);
#430 = VERTEX_POINT('',#431);
#431 = CARTESIAN_POINT('',(-29.32173295454,8.301609848485,3.1));
#432 = LINE('',#433,#434);
#433 = CARTESIAN_POINT('',(-13.20845170454,8.301609848485,3.1));
#434 = VECTOR('',#435,1.);
#435 = DIRECTION('',(-1.,0.,0.));
#436 = ORIENTED_EDGE('',*,*,#437,.T.);
#437 = EDGE_CURVE('',#430,#438,#440,.T.);
#438 = VERTEX_POINT('',#439);
#439 = CARTESIAN_POINT('',(-29.32173295454,6.553977272727,3.1));
#440 = LINE('',#441,#442);
#441 = CARTESIAN_POINT('',(-29.32173295454,32.17749237025,3.1));
#442 = VECTOR('',#443,1.);
#443 = DIRECTION('',(0.,-1.,0.));
#444 = ORIENTED_EDGE('',*,*,#445,.T.);
#445 = EDGE_CURVE('',#438,#446,#448,.T.);
#446 = VERTEX_POINT('',#447);
#447 = CARTESIAN_POINT('',(-26.05823863636,6.553977272727,3.1));
#448 = LINE('',#449,#450);
#449 = CARTESIAN_POINT('',(-14.66086647727,6.553977272727,3.1));
#450 = VECTOR('',#451,1.);
#451 = DIRECTION('',(1.,0.,-0.));
#452 = ORIENTED_EDGE('',*,*,#453,.T.);
#453 = EDGE_CURVE('',#446,#364,#454,.T.);
#454 = LINE('',#455,#456);
#455 = CARTESIAN_POINT('',(-26.05823863636,31.303676082372,3.1));
#456 = VECTOR('',#457,1.);
#457 = DIRECTION('',(0.,-1.,0.));
#458 = FACE_BOUND('',#459,.T.);
#459 = EDGE_LOOP('',(#460,#485,#504,#541,#549,#566,#583,#600,#619,#630,
    #641,#652,#663,#674,#686,#699,#710,#729,#746,#763,#780,#788,#805,
    #820,#837,#852,#867,#878,#897,#907,#917,#927,#940,#951));
#460 = ORIENTED_EDGE('',*,*,#461,.F.);
#461 = EDGE_CURVE('',#462,#464,#466,.T.);
#462 = VERTEX_POINT('',#463);
#463 = CARTESIAN_POINT('',(-21.6612215909,6.304214015152,3.1));
#464 = VERTEX_POINT('',#465);
#465 = CARTESIAN_POINT('',(-21.11955492424,7.377367424242,3.1));
#466 = B_SPLINE_CURVE_WITH_KNOTS('',5,(#467,#468,#469,#470,#471,#472,
    #473,#474,#475,#476,#477,#478,#479,#480,#481,#482,#483,#484),
  .UNSPECIFIED.,.F.,.F.,(6,4,4,4,6),(0.,0.14544179272,0.443351287121,
    0.807809979146,1.),.UNSPECIFIED.);
#467 = CARTESIAN_POINT('',(-21.6612215909,6.304214015152,3.1));
#468 = CARTESIAN_POINT('',(-21.63074553415,6.325605862682,3.1));
#469 = CARTESIAN_POINT('',(-21.6010690667,6.347807179004,3.1));
#470 = CARTESIAN_POINT('',(-21.57224693464,6.370829512923,3.1));
#471 = CARTESIAN_POINT('',(-21.54433324504,6.394677477915,3.1));
#472 = CARTESIAN_POINT('',(-21.46217593835,6.469883104675,3.1));
#473 = CARTESIAN_POINT('',(-21.41099823326,6.523877675946,3.1));
#474 = CARTESIAN_POINT('',(-21.3643214976,6.581292931038,3.1));
#475 = CARTESIAN_POINT('',(-21.32252436345,6.641970263552,3.1));
#476 = CARTESIAN_POINT('',(-21.24087430566,6.783373086287,3.1));
#477 = CARTESIAN_POINT('',(-21.20352655385,6.865575215703,3.1));
#478 = CARTESIAN_POINT('',(-21.17413168879,6.951540376695,3.1));
#479 = CARTESIAN_POINT('',(-21.15248080485,7.040498749426,3.1));
#480 = CARTESIAN_POINT('',(-21.13050658972,7.179764387134,3.1));
#481 = CARTESIAN_POINT('',(-21.12493842867,7.228472950995,3.1));
#482 = CARTESIAN_POINT('',(-21.12131800017,7.277703050233,3.1));
#483 = CARTESIAN_POINT('',(-21.11955492424,7.327361040345,3.1));
#484 = CARTESIAN_POINT('',(-21.11955492424,7.377367424242,3.1));
#485 = ORIENTED_EDGE('',*,*,#486,.F.);
#486 = EDGE_CURVE('',#487,#462,#489,.T.);
#487 = VERTEX_POINT('',#488);
#488 = CARTESIAN_POINT('',(-23.18631628787,5.924242424242,3.1));
#489 = B_SPLINE_CURVE_WITH_KNOTS('',7,(#490,#491,#492,#493,#494,#495,
    #496,#497,#498,#499,#500,#501,#502,#503),.UNSPECIFIED.,.F.,.F.,(8,6,
    8),(0.,0.686742526573,1.),.UNSPECIFIED.);
#490 = CARTESIAN_POINT('',(-23.18631628787,5.924242424242,3.1));
#491 = CARTESIAN_POINT('',(-23.02135679759,5.924242424242,3.1));
#492 = CARTESIAN_POINT('',(-22.85796290291,5.930475948177,3.1));
#493 = CARTESIAN_POINT('',(-22.69646685586,5.943716396831,3.1));
#494 = CARTESIAN_POINT('',(-22.53753644695,5.964908526603,3.1));
#495 = CARTESIAN_POINT('',(-22.38215793698,5.995129560545,3.1));
#496 = CARTESIAN_POINT('',(-22.23162274471,6.035555054843,3.1));
#497 = CARTESIAN_POINT('',(-22.02167870068,6.110844816564,3.1));
#498 = CARTESIAN_POINT('',(-21.95725394937,6.136770223319,3.1));
#499 = CARTESIAN_POINT('',(-21.89433041506,6.165128424118,3.1));
#500 = CARTESIAN_POINT('',(-21.83308255291,6.196002528206,3.1));
#501 = CARTESIAN_POINT('',(-21.77369311362,6.229456907257,3.1));
#502 = CARTESIAN_POINT('',(-21.7163464112,6.265527816386,3.1));
#503 = CARTESIAN_POINT('',(-21.6612215909,6.304214015152,3.1));
#504 = ORIENTED_EDGE('',*,*,#505,.F.);
#505 = EDGE_CURVE('',#506,#487,#508,.T.);
#506 = VERTEX_POINT('',#507);
#507 = CARTESIAN_POINT('',(-25.30634469697,7.195549242424,3.1));
#508 = B_SPLINE_CURVE_WITH_KNOTS('',6,(#509,#510,#511,#512,#513,#514,
    #515,#516,#517,#518,#519,#520,#521,#522,#523,#524,#525,#526,#527,
    #528,#529,#530,#531,#532,#533,#534,#535,#536,#537,#538,#539,#540),
  .UNSPECIFIED.,.F.,.F.,(7,5,5,5,5,5,7),(0.,9.339273084737E-02,
    0.267614468104,0.408982847104,0.479048282676,0.606746150167,1.),
  .UNSPECIFIED.);
#509 = CARTESIAN_POINT('',(-25.30634469697,7.195549242424,3.1));
#510 = CARTESIAN_POINT('',(-25.29699265618,7.154719600955,3.1));
#511 = CARTESIAN_POINT('',(-25.28658104703,7.114205466879,3.1));
#512 = CARTESIAN_POINT('',(-25.27507139185,7.0740523535,3.1));
#513 = CARTESIAN_POINT('',(-25.26242739499,7.034311257833,3.1));
#514 = CARTESIAN_POINT('',(-25.24861759508,6.995037667986,3.1));
#515 = CARTESIAN_POINT('',(-25.2056366907,6.884008856889,3.1));
#516 = CARTESIAN_POINT('',(-25.1735079216,6.813541398727,3.1));
#517 = CARTESIAN_POINT('',(-25.13708602452,6.745304947101,3.1));
#518 = CARTESIAN_POINT('',(-25.09631303678,6.679712329632,3.1));
#519 = CARTESIAN_POINT('',(-25.05126787277,6.617141987009,3.1));
#520 = CARTESIAN_POINT('',(-24.96241299654,6.509843001547,3.1));
#521 = CARTESIAN_POINT('',(-24.91996246825,6.463963154088,3.1));
#522 = CARTESIAN_POINT('',(-24.87499973629,6.420433215237,3.1));
#523 = CARTESIAN_POINT('',(-24.82770494924,6.379348741254,3.1));
#524 = CARTESIAN_POINT('',(-24.77828995389,6.340748748598,3.1));
#525 = CARTESIAN_POINT('',(-24.70155810782,6.286727017481,3.1));
#526 = CARTESIAN_POINT('',(-24.67566487869,6.269433478764,3.1));
#527 = CARTESIAN_POINT('',(-24.64933296472,6.252746512952,3.1));
#528 = CARTESIAN_POINT('',(-24.62258881464,6.236661897553,3.1));
#529 = CARTESIAN_POINT('',(-24.59545836155,6.221172924489,3.1));
#530 = CARTESIAN_POINT('',(-24.51786264148,6.179109781313,3.1));
#531 = CARTESIAN_POINT('',(-24.46655983766,6.153898035669,3.1));
#532 = CARTESIAN_POINT('',(-24.41420897992,6.130580003457,3.1));
#533 = CARTESIAN_POINT('',(-24.36094896845,6.109081690917,3.1));
#534 = CARTESIAN_POINT('',(-24.3069027482,6.089318839049,3.1));
#535 = CARTESIAN_POINT('',(-24.08362847101,6.015424268872,3.1));
#536 = CARTESIAN_POINT('',(-23.90881930767,5.975358425121,3.1));
#537 = CARTESIAN_POINT('',(-23.73031878043,5.948255738887,3.1));
#538 = CARTESIAN_POINT('',(-23.54990048939,5.931813305396,3.1));
#539 = CARTESIAN_POINT('',(-23.36851861469,5.924242424242,3.1));
#540 = CARTESIAN_POINT('',(-23.18631628787,5.924242424242,3.1));
#541 = ORIENTED_EDGE('',*,*,#542,.T.);
#542 = EDGE_CURVE('',#506,#543,#545,.T.);
#543 = VERTEX_POINT('',#544);
#544 = CARTESIAN_POINT('',(-24.64938446969,7.326941287879,3.1));
#545 = LINE('',#546,#547);
#546 = CARTESIAN_POINT('',(-8.441964972504,10.568425187317,3.1));
#547 = VECTOR('',#548,1.);
#548 = DIRECTION('',(0.980580675691,0.196116135138,-0.));
#549 = ORIENTED_EDGE('',*,*,#550,.F.);
#550 = EDGE_CURVE('',#551,#543,#553,.T.);
#551 = VERTEX_POINT('',#552);
#552 = CARTESIAN_POINT('',(-24.16642992424,6.664535984848,3.1));
#553 = B_SPLINE_CURVE_WITH_KNOTS('',6,(#554,#555,#556,#557,#558,#559,
    #560,#561,#562,#563,#564,#565),.UNSPECIFIED.,.F.,.F.,(7,5,7),(0.,
    0.352897430785,1.),.UNSPECIFIED.);
#554 = CARTESIAN_POINT('',(-24.16642992424,6.664535984848,3.1));
#555 = CARTESIAN_POINT('',(-24.20972268137,6.689318313129,3.1));
#556 = CARTESIAN_POINT('',(-24.25121849188,6.716254035596,3.1));
#557 = CARTESIAN_POINT('',(-24.29079160948,6.745356954092,3.1));
#558 = CARTESIAN_POINT('',(-24.32833217582,6.776617124753,3.1));
#559 = CARTESIAN_POINT('',(-24.36375034013,6.809996478144,3.1));
#560 = CARTESIAN_POINT('',(-24.45791378752,6.910388144843,3.1));
#561 = CARTESIAN_POINT('',(-24.51151052579,6.982262074703,3.1));
#562 = CARTESIAN_POINT('',(-24.55732684654,7.060589983157,3.1));
#563 = CARTESIAN_POINT('',(-24.59536266322,7.144683226108,3.1));
#564 = CARTESIAN_POINT('',(-24.62590082716,7.233740581574,3.1));
#565 = CARTESIAN_POINT('',(-24.64938446969,7.326941287879,3.1));
#566 = ORIENTED_EDGE('',*,*,#567,.F.);
#567 = EDGE_CURVE('',#568,#551,#570,.T.);
#568 = VERTEX_POINT('',#569);
#569 = CARTESIAN_POINT('',(-23.16145833333,6.453361742424,3.1));
#570 = B_SPLINE_CURVE_WITH_KNOTS('',6,(#571,#572,#573,#574,#575,#576,
    #577,#578,#579,#580,#581,#582),.UNSPECIFIED.,.F.,.F.,(7,5,7),(0.,
    0.526657925878,1.),.UNSPECIFIED.);
#571 = CARTESIAN_POINT('',(-23.16145833333,6.453361742424,3.1));
#572 = CARTESIAN_POINT('',(-23.2610801648,6.453361742424,3.1));
#573 = CARTESIAN_POINT('',(-23.35919534095,6.456474207594,3.1));
#574 = CARTESIAN_POINT('',(-23.45556168294,6.462981009581,3.1));
#575 = CARTESIAN_POINT('',(-23.54985099097,6.47320340056,3.1));
#576 = CARTESIAN_POINT('',(-23.64166110003,6.4874817536,3.1));
#577 = CARTESIAN_POINT('',(-23.81039839839,6.522938448568,3.1));
#578 = CARTESIAN_POINT('',(-23.88788764863,6.543270824431,3.1));
#579 = CARTESIAN_POINT('',(-23.96264793938,6.567394397705,3.1));
#580 = CARTESIAN_POINT('',(-24.03427732304,6.595538613185,3.1));
#581 = CARTESIAN_POINT('',(-24.10234275554,6.627891270439,3.1));
#582 = CARTESIAN_POINT('',(-24.16642992424,6.664535984848,3.1));
#583 = ORIENTED_EDGE('',*,*,#584,.F.);
#584 = EDGE_CURVE('',#585,#568,#587,.T.);
#585 = VERTEX_POINT('',#586);
#586 = CARTESIAN_POINT('',(-22.14772727272,6.678977272727,3.1));
#587 = B_SPLINE_CURVE_WITH_KNOTS('',6,(#588,#589,#590,#591,#592,#593,
    #594,#595,#596,#597,#598,#599),.UNSPECIFIED.,.F.,.F.,(7,5,7),(0.,
    0.472149159484,1.),.UNSPECIFIED.);
#588 = CARTESIAN_POINT('',(-22.14772727272,6.678977272727,3.1));
#589 = CARTESIAN_POINT('',(-22.21013309689,6.639512939327,3.1));
#590 = CARTESIAN_POINT('',(-22.27718811431,6.604735371542,3.1));
#591 = CARTESIAN_POINT('',(-22.34838188713,6.574572131602,3.1));
#592 = CARTESIAN_POINT('',(-22.42316734085,6.548801238983,3.1));
#593 = CARTESIAN_POINT('',(-22.50104049879,6.527146007992,3.1));
#594 = CARTESIAN_POINT('',(-22.67160866991,6.489381010995,3.1));
#595 = CARTESIAN_POINT('',(-22.76496187099,6.474228918855,3.1));
#596 = CARTESIAN_POINT('',(-22.86105984628,6.463443116002,3.1));
#597 = CARTESIAN_POINT('',(-22.959414428,6.456613867927,3.1));
#598 = CARTESIAN_POINT('',(-23.05963799844,6.453361742424,3.1));
#599 = CARTESIAN_POINT('',(-23.16145833333,6.453361742424,3.1));
#600 = ORIENTED_EDGE('',*,*,#601,.F.);
#601 = EDGE_CURVE('',#602,#585,#604,.T.);
#602 = VERTEX_POINT('',#603);
#603 = CARTESIAN_POINT('',(-21.79071969697,7.341856060606,3.1));
#604 = B_SPLINE_CURVE_WITH_KNOTS('',5,(#605,#606,#607,#608,#609,#610,
    #611,#612,#613,#614,#615,#616,#617,#618),.UNSPECIFIED.,.F.,.F.,(6,4,
    4,6),(0.,0.176364866983,0.537276249225,1.),.UNSPECIFIED.);
#605 = CARTESIAN_POINT('',(-21.79071969697,7.341856060606,3.1));
#606 = CARTESIAN_POINT('',(-21.79071969697,7.312277122134,3.1));
#607 = CARTESIAN_POINT('',(-21.79174163475,7.283040763323,3.1));
#608 = CARTESIAN_POINT('',(-21.79382248665,7.254184065482,3.1));
#609 = CARTESIAN_POINT('',(-21.79699374321,7.225745777968,3.1));
#610 = CARTESIAN_POINT('',(-21.81005564766,7.140509418447,3.1));
#611 = CARTESIAN_POINT('',(-21.82350537823,7.085166295091,3.1));
#612 = CARTESIAN_POINT('',(-21.84184613073,7.032099347755,3.1));
#613 = CARTESIAN_POINT('',(-21.86515668905,6.981638080714,3.1));
#614 = CARTESIAN_POINT('',(-21.92935177726,6.872998968394,3.1));
#615 = CARTESIAN_POINT('',(-21.9733521564,6.816637825283,3.1));
#616 = CARTESIAN_POINT('',(-22.02497213699,6.765499965841,3.1));
#617 = CARTESIAN_POINT('',(-22.08341316378,6.719664049873,3.1));
#618 = CARTESIAN_POINT('',(-22.14772727272,6.678977272727,3.1));
#619 = ORIENTED_EDGE('',*,*,#620,.F.);
#620 = EDGE_CURVE('',#621,#602,#623,.T.);
#621 = VERTEX_POINT('',#622);
#622 = CARTESIAN_POINT('',(-21.90269886363,7.739583333333,3.1));
#623 = B_SPLINE_CURVE_WITH_KNOTS('',5,(#624,#625,#626,#627,#628,#629),
  .UNSPECIFIED.,.F.,.F.,(6,6),(0.,1.),.PIECEWISE_BEZIER_KNOTS.);
#624 = CARTESIAN_POINT('',(-21.90269886363,7.739583333333,3.1));
#625 = CARTESIAN_POINT('',(-21.85724433751,7.677599888623,3.1));
#626 = CARTESIAN_POINT('',(-21.82337826372,7.606185098553,3.1));
#627 = CARTESIAN_POINT('',(-21.80135171899,7.525808835824,3.1));
#628 = CARTESIAN_POINT('',(-21.79071969697,7.437357775872,3.1));
#629 = CARTESIAN_POINT('',(-21.79071969697,7.341856060606,3.1));
#630 = ORIENTED_EDGE('',*,*,#631,.F.);
#631 = EDGE_CURVE('',#632,#621,#634,.T.);
#632 = VERTEX_POINT('',#633);
#633 = CARTESIAN_POINT('',(-22.2168560606,7.991950757576,3.1));
#634 = B_SPLINE_CURVE_WITH_KNOTS('',5,(#635,#636,#637,#638,#639,#640),
  .UNSPECIFIED.,.F.,.F.,(6,6),(0.,1.),.PIECEWISE_BEZIER_KNOTS.);
#635 = CARTESIAN_POINT('',(-22.2168560606,7.991950757576,3.1));
#636 = CARTESIAN_POINT('',(-22.13715999611,7.952801813613,3.1));
#637 = CARTESIAN_POINT('',(-22.0653950724,7.908049516734,3.1));
#638 = CARTESIAN_POINT('',(-22.00213750992,7.857569938773,3.1));
#639 = CARTESIAN_POINT('',(-21.94783322372,7.801356207525,3.1));
#640 = CARTESIAN_POINT('',(-21.90269886363,7.739583333333,3.1));
#641 = ORIENTED_EDGE('',*,*,#642,.F.);
#642 = EDGE_CURVE('',#643,#632,#645,.T.);
#643 = VERTEX_POINT('',#644);
#644 = CARTESIAN_POINT('',(-22.69981060606,8.158854166667,3.1));
#645 = B_SPLINE_CURVE_WITH_KNOTS('',5,(#646,#647,#648,#649,#650,#651),
  .UNSPECIFIED.,.F.,.F.,(6,6),(0.,1.),.PIECEWISE_BEZIER_KNOTS.);
#646 = CARTESIAN_POINT('',(-22.69981060606,8.158854166667,3.1));
#647 = CARTESIAN_POINT('',(-22.59057318974,8.132581876665,3.1));
#648 = CARTESIAN_POINT('',(-22.48716233353,8.102901679624,3.1));
#649 = CARTESIAN_POINT('',(-22.39006848974,8.069654383314,3.1));
#650 = CARTESIAN_POINT('',(-22.29980816993,8.032699162157,3.1));
#651 = CARTESIAN_POINT('',(-22.2168560606,7.991950757576,3.1));
#652 = ORIENTED_EDGE('',*,*,#653,.F.);
#653 = EDGE_CURVE('',#654,#643,#656,.T.);
#654 = VERTEX_POINT('',#655);
#655 = CARTESIAN_POINT('',(-23.32125946969,8.3046875,3.1));
#656 = B_SPLINE_CURVE_WITH_KNOTS('',5,(#657,#658,#659,#660,#661,#662),
  .UNSPECIFIED.,.F.,.F.,(6,6),(0.,1.),.PIECEWISE_BEZIER_KNOTS.);
#657 = CARTESIAN_POINT('',(-23.32125946969,8.3046875,3.1));
#658 = CARTESIAN_POINT('',(-23.18865274286,8.274298458434,3.1));
#659 = CARTESIAN_POINT('',(-23.05990293025,8.244470068715,3.1));
#660 = CARTESIAN_POINT('',(-22.93529471054,8.215249522629,3.1));
#661 = CARTESIAN_POINT('',(-22.81514849333,8.186690990094,3.1));
#662 = CARTESIAN_POINT('',(-22.69981060606,8.158854166667,3.1));
#663 = ORIENTED_EDGE('',*,*,#664,.F.);
#664 = EDGE_CURVE('',#665,#654,#667,.T.);
#665 = VERTEX_POINT('',#666);
#666 = CARTESIAN_POINT('',(-24.22159090909,8.567471590909,3.1));
#667 = B_SPLINE_CURVE_WITH_KNOTS('',5,(#668,#669,#670,#671,#672,#673),
  .UNSPECIFIED.,.F.,.F.,(6,6),(0.,1.),.PIECEWISE_BEZIER_KNOTS.);
#668 = CARTESIAN_POINT('',(-24.22159090909,8.567471590909,3.1));
#669 = CARTESIAN_POINT('',(-24.08085697931,8.507296451442,3.1));
#670 = CARTESIAN_POINT('',(-23.91268332711,8.451405290744,3.1));
#671 = CARTESIAN_POINT('',(-23.72674604897,8.399375493402,3.1));
#672 = CARTESIAN_POINT('',(-23.52888121779,8.350687528021,3.1));
#673 = CARTESIAN_POINT('',(-23.32125946969,8.3046875,3.1));
#674 = ORIENTED_EDGE('',*,*,#675,.F.);
#675 = EDGE_CURVE('',#676,#665,#678,.T.);
#676 = VERTEX_POINT('',#677);
#677 = CARTESIAN_POINT('',(-24.70620265151,8.860558712121,3.1));
#678 = B_SPLINE_CURVE_WITH_KNOTS('',6,(#679,#680,#681,#682,#683,#684,
    #685),.UNSPECIFIED.,.F.,.F.,(7,7),(0.,1.),.PIECEWISE_BEZIER_KNOTS.);
#679 = CARTESIAN_POINT('',(-24.70620265151,8.860558712121,3.1));
#680 = CARTESIAN_POINT('',(-24.64476201325,8.804688691733,3.1));
#681 = CARTESIAN_POINT('',(-24.57477242623,8.751647995475,3.1));
#682 = CARTESIAN_POINT('',(-24.49680689847,8.701469101589,3.1));
#683 = CARTESIAN_POINT('',(-24.41152530245,8.654108234207,3.1));
#684 = CARTESIAN_POINT('',(-24.31958402938,8.609479435846,3.1));
#685 = CARTESIAN_POINT('',(-24.22159090909,8.567471590909,3.1));
#686 = ORIENTED_EDGE('',*,*,#687,.F.);
#687 = EDGE_CURVE('',#688,#676,#690,.T.);
#688 = VERTEX_POINT('',#689);
#689 = CARTESIAN_POINT('',(-24.97798295454,9.238873106061,3.1));
#690 = B_SPLINE_CURVE_WITH_KNOTS('',4,(#691,#692,#693,#694,#695,#696,
    #697,#698),.UNSPECIFIED.,.F.,.F.,(5,3,5),(0.,0.40475580756,1.),
  .UNSPECIFIED.);
#691 = CARTESIAN_POINT('',(-24.97798295454,9.238873106061,3.1));
#692 = CARTESIAN_POINT('',(-24.95893686665,9.195086245703,3.1));
#693 = CARTESIAN_POINT('',(-24.93758684051,9.152717357297,3.1));
#694 = CARTESIAN_POINT('',(-24.91393118594,9.1118168459,3.1));
#695 = CARTESIAN_POINT('',(-24.84984809278,9.014483001722,3.1));
#696 = CARTESIAN_POINT('',(-24.80676639153,8.959798107932,3.1));
#697 = CARTESIAN_POINT('',(-24.75882404177,8.908479258182,3.1));
#698 = CARTESIAN_POINT('',(-24.70620265151,8.860558712121,3.1));
#699 = ORIENTED_EDGE('',*,*,#700,.F.);
#700 = EDGE_CURVE('',#701,#688,#703,.T.);
#701 = VERTEX_POINT('',#702);
#702 = CARTESIAN_POINT('',(-25.07196969697,9.736268939394,3.1));
#703 = B_SPLINE_CURVE_WITH_KNOTS('',5,(#704,#705,#706,#707,#708,#709),
  .UNSPECIFIED.,.F.,.F.,(6,6),(0.,1.),.PIECEWISE_BEZIER_KNOTS.);
#704 = CARTESIAN_POINT('',(-25.07196969697,9.736268939394,3.1));
#705 = CARTESIAN_POINT('',(-25.07196969697,9.626401400494,3.1));
#706 = CARTESIAN_POINT('',(-25.06296016871,9.521170690101,3.1));
#707 = CARTESIAN_POINT('',(-25.04446038748,9.421157978968,3.1));
#708 = CARTESIAN_POINT('',(-25.01614089013,9.326915093468,3.1));
#709 = CARTESIAN_POINT('',(-24.97798295454,9.238873106061,3.1));
#710 = ORIENTED_EDGE('',*,*,#711,.F.);
#711 = EDGE_CURVE('',#712,#701,#714,.T.);
#712 = VERTEX_POINT('',#713);
#713 = CARTESIAN_POINT('',(-24.58025568181,10.727509469697,3.1));
#714 = B_SPLINE_CURVE_WITH_KNOTS('',5,(#715,#716,#717,#718,#719,#720,
    #721,#722,#723,#724,#725,#726,#727,#728),.UNSPECIFIED.,.F.,.F.,(6,4,
    4,6),(0.,0.419499746453,0.799217548758,1.),.UNSPECIFIED.);
#715 = CARTESIAN_POINT('',(-24.58025568181,10.727509469697,3.1));
#716 = CARTESIAN_POINT('',(-24.66073159427,10.670552516729,3.1));
#717 = CARTESIAN_POINT('',(-24.73487432494,10.607308903178,3.1));
#718 = CARTESIAN_POINT('',(-24.80146675163,10.537627265373,3.1));
#719 = CARTESIAN_POINT('',(-24.85942562955,10.461669897902,3.1));
#720 = CARTESIAN_POINT('',(-24.95247063485,10.306587176925,3.1));
#721 = CARTESIAN_POINT('',(-24.98922464859,10.228412252682,3.1));
#722 = CARTESIAN_POINT('',(-25.01815759186,10.146346472293,3.1));
#723 = CARTESIAN_POINT('',(-25.03947611121,10.061142119135,3.1));
#724 = CARTESIAN_POINT('',(-25.06115056536,9.927247628629,3.1));
#725 = CARTESIAN_POINT('',(-25.06665186096,9.880264636188,3.1));
#726 = CARTESIAN_POINT('',(-25.07022829459,9.832713347222,3.1));
#727 = CARTESIAN_POINT('',(-25.07196969697,9.784687968715,3.1));
#728 = CARTESIAN_POINT('',(-25.07196969697,9.736268939394,3.1));
#729 = ORIENTED_EDGE('',*,*,#730,.F.);
#730 = EDGE_CURVE('',#731,#712,#733,.T.);
#731 = VERTEX_POINT('',#732);
#732 = CARTESIAN_POINT('',(-23.17211174242,11.075757575758,3.1));
#733 = B_SPLINE_CURVE_WITH_KNOTS('',6,(#734,#735,#736,#737,#738,#739,
    #740,#741,#742,#743,#744,#745),.UNSPECIFIED.,.F.,.F.,(7,5,7),(0.,
    0.628806178624,1.),.UNSPECIFIED.);
#734 = CARTESIAN_POINT('',(-23.17211174242,11.075757575758,3.1));
#735 = CARTESIAN_POINT('',(-23.33618701741,11.075757575758,3.1));
#736 = CARTESIAN_POINT('',(-23.49832451316,11.06905677707,3.1));
#737 = CARTESIAN_POINT('',(-23.65804684704,11.054699057678,3.1));
#738 = CARTESIAN_POINT('',(-23.81439641326,11.031492582208,3.1));
#739 = CARTESIAN_POINT('',(-23.96593648862,10.998019137931,3.1));
#740 = CARTESIAN_POINT('',(-24.19641252198,10.926238623588,3.1));
#741 = CARTESIAN_POINT('',(-24.2796359826,10.895537297509,3.1));
#742 = CARTESIAN_POINT('',(-24.36012229654,10.860509152918,3.1));
#743 = CARTESIAN_POINT('',(-24.43739348279,10.82091358644,3.1));
#744 = CARTESIAN_POINT('',(-24.51093364089,10.776582002038,3.1));
#745 = CARTESIAN_POINT('',(-24.58025568181,10.727509469697,3.1));
#746 = ORIENTED_EDGE('',*,*,#747,.F.);
#747 = EDGE_CURVE('',#748,#731,#750,.T.);
#748 = VERTEX_POINT('',#749);
#749 = CARTESIAN_POINT('',(-21.86884469697,10.814630681818,3.1));
#750 = B_SPLINE_CURVE_WITH_KNOTS('',6,(#751,#752,#753,#754,#755,#756,
    #757,#758,#759,#760,#761,#762),.UNSPECIFIED.,.F.,.F.,(7,5,7),(0.,
    0.4618183514,1.),.UNSPECIFIED.);
#751 = CARTESIAN_POINT('',(-21.86884469697,10.814630681818,3.1));
#752 = CARTESIAN_POINT('',(-21.94955100865,10.861359848111,3.1));
#753 = CARTESIAN_POINT('',(-22.03607644906,10.901976441786,3.1));
#754 = CARTESIAN_POINT('',(-22.12747763322,10.936769074888,3.1));
#755 = CARTESIAN_POINT('',(-22.22284740111,10.966214831174,3.1));
#756 = CARTESIAN_POINT('',(-22.32145298361,10.990803567752,3.1));
#757 = CARTESIAN_POINT('',(-22.5408331202,11.03452962095,3.1));
#758 = CARTESIAN_POINT('',(-22.66254083243,11.052085798593,3.1));
#759 = CARTESIAN_POINT('',(-22.78706759402,11.064404564576,3.1));
#760 = CARTESIAN_POINT('',(-22.91377703619,11.072118190371,3.1));
#761 = CARTESIAN_POINT('',(-23.0422159878,11.075757575758,3.1));
#762 = CARTESIAN_POINT('',(-23.17211174242,11.075757575758,3.1));
#763 = ORIENTED_EDGE('',*,*,#764,.F.);
#764 = EDGE_CURVE('',#765,#748,#767,.T.);
#765 = VERTEX_POINT('',#766);
#766 = CARTESIAN_POINT('',(-21.23674242424,9.925189393939,3.1));
#767 = B_SPLINE_CURVE_WITH_KNOTS('',6,(#768,#769,#770,#771,#772,#773,
    #774,#775,#776,#777,#778,#779),.UNSPECIFIED.,.F.,.F.,(7,5,7),(0.,
    0.881032028516,1.),.UNSPECIFIED.);
#768 = CARTESIAN_POINT('',(-21.23674242424,9.925189393939,3.1));
#769 = CARTESIAN_POINT('',(-21.28521940224,10.093433023481,3.1));
#770 = CARTESIAN_POINT('',(-21.34748038329,10.253446463717,3.1));
#771 = CARTESIAN_POINT('',(-21.42536455228,10.402134322718,3.1));
#772 = CARTESIAN_POINT('',(-21.52042568321,10.535706851586,3.1));
#773 = CARTESIAN_POINT('',(-21.6332114405,10.650367053359,3.1));
#774 = CARTESIAN_POINT('',(-21.77842345793,10.756957634111,3.1));
#775 = CARTESIAN_POINT('',(-21.7959762773,10.769260854935,3.1));
#776 = CARTESIAN_POINT('',(-21.8138009421,10.781182489097,3.1));
#777 = CARTESIAN_POINT('',(-21.83189156659,10.792719409841,3.1));
#778 = CARTESIAN_POINT('',(-21.85024177409,10.803869305963,3.1));
#779 = CARTESIAN_POINT('',(-21.86884469697,10.814630681818,3.1));
#780 = ORIENTED_EDGE('',*,*,#781,.T.);
#781 = EDGE_CURVE('',#765,#782,#784,.T.);
#782 = VERTEX_POINT('',#783);
#783 = CARTESIAN_POINT('',(-21.9043560606,9.808001893939,3.1));
#784 = LINE('',#785,#786);
#785 = CARTESIAN_POINT('',(-7.008286257134,12.422737550932,3.1));
#786 = VECTOR('',#787,1.);
#787 = DIRECTION('',(-0.984941376985,-0.17288864596,0.));
#788 = ORIENTED_EDGE('',*,*,#789,.F.);
#789 = EDGE_CURVE('',#790,#782,#792,.T.);
#790 = VERTEX_POINT('',#791);
#791 = CARTESIAN_POINT('',(-22.32339015151,10.384943181818,3.1));
#792 = B_SPLINE_CURVE_WITH_KNOTS('',6,(#793,#794,#795,#796,#797,#798,
    #799,#800,#801,#802,#803,#804),.UNSPECIFIED.,.F.,.F.,(7,5,7),(0.,
    0.252489109718,1.),.UNSPECIFIED.);
#793 = CARTESIAN_POINT('',(-22.32339015151,10.384943181818,3.1));
#794 = CARTESIAN_POINT('',(-22.29715951372,10.369727401888,3.1));
#795 = CARTESIAN_POINT('',(-22.27170986906,10.353520745508,3.1));
#796 = CARTESIAN_POINT('',(-22.24707003131,10.336323290108,3.1));
#797 = CARTESIAN_POINT('',(-22.22326505178,10.31814032759,3.1));
#798 = CARTESIAN_POINT('',(-22.20031621939,10.298982364339,3.1));
#799 = CARTESIAN_POINT('',(-22.11288607712,10.219306677932,3.1));
#800 = CARTESIAN_POINT('',(-22.05516804776,10.151322460003,3.1));
#801 = CARTESIAN_POINT('',(-22.00559309661,10.07535775336,3.1));
#802 = CARTESIAN_POINT('',(-21.96416595343,9.992187160688,3.1));
#803 = CARTESIAN_POINT('',(-21.9305797731,9.902745629427,3.1));
#804 = CARTESIAN_POINT('',(-21.9043560606,9.808001893939,3.1));
#805 = ORIENTED_EDGE('',*,*,#806,.F.);
#806 = EDGE_CURVE('',#807,#790,#809,.T.);
#807 = VERTEX_POINT('',#808);
#808 = CARTESIAN_POINT('',(-23.17921401515,10.564393939394,3.1));
#809 = B_SPLINE_CURVE_WITH_KNOTS('',5,(#810,#811,#812,#813,#814,#815,
    #816,#817,#818,#819),.UNSPECIFIED.,.F.,.F.,(6,4,6),(0.,
    0.523886112773,1.),.UNSPECIFIED.);
#810 = CARTESIAN_POINT('',(-23.17921401515,10.564393939394,3.1));
#811 = CARTESIAN_POINT('',(-23.07579183691,10.564393939394,3.1));
#812 = CARTESIAN_POINT('',(-22.97479690846,10.560382355702,3.1));
#813 = CARTESIAN_POINT('',(-22.87668422448,10.551912887959,3.1));
#814 = CARTESIAN_POINT('',(-22.78210250161,10.538461739598,3.1));
#815 = CARTESIAN_POINT('',(-22.60977124455,10.502326997454,3.1));
#816 = CARTESIAN_POINT('',(-22.5312762711,10.480597631417,3.1));
#817 = CARTESIAN_POINT('',(-22.45692525014,10.453978536005,3.1));
#818 = CARTESIAN_POINT('',(-22.3874178553,10.422133219727,3.1));
#819 = CARTESIAN_POINT('',(-22.32339015151,10.384943181818,3.1));
#820 = ORIENTED_EDGE('',*,*,#821,.F.);
#821 = EDGE_CURVE('',#822,#807,#824,.T.);
#822 = VERTEX_POINT('',#823);
#823 = CARTESIAN_POINT('',(-24.09540719697,10.365293560606,3.1));
#824 = B_SPLINE_CURVE_WITH_KNOTS('',6,(#825,#826,#827,#828,#829,#830,
    #831,#832,#833,#834,#835,#836),.UNSPECIFIED.,.F.,.F.,(7,5,7),(0.,
    0.473218936024,1.),.UNSPECIFIED.);
#825 = CARTESIAN_POINT('',(-24.09540719697,10.365293560606,3.1));
#826 = CARTESIAN_POINT('',(-24.04019785492,10.400073378329,3.1));
#827 = CARTESIAN_POINT('',(-23.98053358786,10.430737613367,3.1));
#828 = CARTESIAN_POINT('',(-23.91686321357,10.457354748128,3.1));
#829 = CARTESIAN_POINT('',(-23.84967417329,10.480114481097,3.1));
#830 = CARTESIAN_POINT('',(-23.77942204365,10.499252264434,3.1));
#831 = CARTESIAN_POINT('',(-23.62532374475,10.532564508343,3.1));
#832 = CARTESIAN_POINT('',(-23.54084409543,10.545930398376,3.1));
#833 = CARTESIAN_POINT('',(-23.45358494001,10.55546337369,3.1));
#834 = CARTESIAN_POINT('',(-23.36399908434,10.561510133075,3.1));
#835 = CARTESIAN_POINT('',(-23.27245337559,10.564393939394,3.1));
#836 = CARTESIAN_POINT('',(-23.17921401515,10.564393939394,3.1));
#837 = ORIENTED_EDGE('',*,*,#838,.F.);
#838 = EDGE_CURVE('',#839,#822,#841,.T.);
#839 = VERTEX_POINT('',#840);
#840 = CARTESIAN_POINT('',(-24.41145833333,9.77178030303,3.1));
#841 = B_SPLINE_CURVE_WITH_KNOTS('',5,(#842,#843,#844,#845,#846,#847,
    #848,#849,#850,#851),.UNSPECIFIED.,.F.,.F.,(6,4,6),(0.,
    0.559736099298,1.),.UNSPECIFIED.);
#842 = CARTESIAN_POINT('',(-24.41145833333,9.77178030303,3.1));
#843 = CARTESIAN_POINT('',(-24.41145833333,9.856622730421,3.1));
#844 = CARTESIAN_POINT('',(-24.40231730433,9.938023432726,3.1));
#845 = CARTESIAN_POINT('',(-24.38308882039,10.014907299778,3.1));
#846 = CARTESIAN_POINT('',(-24.35317701457,10.086189501265,3.1));
#847 = CARTESIAN_POINT('',(-24.2814903263,10.202212558066,3.1));
#848 = CARTESIAN_POINT('',(-24.24359775012,10.249391943813,3.1));
#849 = CARTESIAN_POINT('',(-24.19958695358,10.292315891606,3.1));
#850 = CARTESIAN_POINT('',(-24.14997466489,10.33091809954,3.1));
#851 = CARTESIAN_POINT('',(-24.09540719697,10.365293560606,3.1));
#852 = ORIENTED_EDGE('',*,*,#853,.F.);
#853 = EDGE_CURVE('',#854,#839,#856,.T.);
#854 = VERTEX_POINT('',#855);
#855 = CARTESIAN_POINT('',(-24.2890625,9.389914772727,3.1));
#856 = B_SPLINE_CURVE_WITH_KNOTS('',5,(#857,#858,#859,#860,#861,#862,
    #863,#864,#865,#866),.UNSPECIFIED.,.F.,.F.,(6,4,6),(0.,
    0.136950080603,1.),.UNSPECIFIED.);
#857 = CARTESIAN_POINT('',(-24.2890625,9.389914772727,3.1));
#858 = CARTESIAN_POINT('',(-24.2958155929,9.398248376741,3.1));
#859 = CARTESIAN_POINT('',(-24.30233818477,9.406736702625,3.1));
#860 = CARTESIAN_POINT('',(-24.30862915656,9.415378987511,3.1));
#861 = CARTESIAN_POINT('',(-24.31468760525,9.424174320946,3.1));
#862 = CARTESIAN_POINT('',(-24.35722309316,9.489507060446,3.1));
#863 = CARTESIAN_POINT('',(-24.38467510907,9.55193407438,3.1));
#864 = CARTESIAN_POINT('',(-24.40268234006,9.620123322127,3.1));
#865 = CARTESIAN_POINT('',(-24.41145833333,9.693598525256,3.1));
#866 = CARTESIAN_POINT('',(-24.41145833333,9.77178030303,3.1));
#867 = ORIENTED_EDGE('',*,*,#868,.F.);
#868 = EDGE_CURVE('',#869,#854,#871,.T.);
#869 = VERTEX_POINT('',#870);
#870 = CARTESIAN_POINT('',(-23.9356060606,9.133996212121,3.1));
#871 = B_SPLINE_CURVE_WITH_KNOTS('',5,(#872,#873,#874,#875,#876,#877),
  .UNSPECIFIED.,.F.,.F.,(6,6),(0.,1.),.PIECEWISE_BEZIER_KNOTS.);
#872 = CARTESIAN_POINT('',(-23.9356060606,9.133996212121,3.1));
#873 = CARTESIAN_POINT('',(-24.02561804508,9.174893965068,3.1));
#874 = CARTESIAN_POINT('',(-24.10675827605,9.22082069496,3.1));
#875 = CARTESIAN_POINT('',(-24.17817272764,9.27195510865,3.1));
#876 = CARTESIAN_POINT('',(-24.23909324139,9.328369624095,3.1));
#877 = CARTESIAN_POINT('',(-24.2890625,9.389914772727,3.1));
#878 = ORIENTED_EDGE('',*,*,#879,.F.);
#879 = EDGE_CURVE('',#880,#869,#882,.T.);
#880 = VERTEX_POINT('',#881);
#881 = CARTESIAN_POINT('',(-23.01586174242,8.876420454545,3.1));
#882 = B_SPLINE_CURVE_WITH_KNOTS('',7,(#883,#884,#885,#886,#887,#888,
    #889,#890,#891,#892,#893,#894,#895,#896),.UNSPECIFIED.,.F.,.F.,(8,6,
    8),(0.,0.858368402769,1.),.UNSPECIFIED.);
#883 = CARTESIAN_POINT('',(-23.01586174242,8.876420454545,3.1));
#884 = CARTESIAN_POINT('',(-23.15244051732,8.906740003888,3.1));
#885 = CARTESIAN_POINT('',(-23.2849425767,8.937378599856,3.1));
#886 = CARTESIAN_POINT('',(-23.41309309718,8.968484099757,3.1));
#887 = CARTESIAN_POINT('',(-23.53572860269,9.000096326566,3.1));
#888 = CARTESIAN_POINT('',(-23.65065313785,9.032148760684,3.1));
#889 = CARTESIAN_POINT('',(-23.75474002586,9.064467964704,3.1));
#890 = CARTESIAN_POINT('',(-23.85787647715,9.102131406308,3.1));
#891 = CARTESIAN_POINT('',(-23.8720526539,9.107463178473,3.1));
#892 = CARTESIAN_POINT('',(-23.88577417629,9.112790260598,3.1));
#893 = CARTESIAN_POINT('',(-23.89901648935,9.118110155292,3.1));
#894 = CARTESIAN_POINT('',(-23.91175393398,9.123419996578,3.1));
#895 = CARTESIAN_POINT('',(-23.92395974688,9.1287165499,3.1));
#896 = CARTESIAN_POINT('',(-23.9356060606,9.133996212121,3.1));
#897 = ORIENTED_EDGE('',*,*,#898,.F.);
#898 = EDGE_CURVE('',#899,#880,#901,.T.);
#899 = VERTEX_POINT('',#900);
#900 = CARTESIAN_POINT('',(-22.55610795454,8.767992424242,3.1));
#901 = B_SPLINE_CURVE_WITH_KNOTS('',4,(#902,#903,#904,#905,#906),
  .UNSPECIFIED.,.F.,.F.,(5,5),(0.,1.),.PIECEWISE_BEZIER_KNOTS.);
#902 = CARTESIAN_POINT('',(-22.55610795454,8.767992424242,3.1));
#903 = CARTESIAN_POINT('',(-22.67063500718,8.795587877463,3.1));
#904 = CARTESIAN_POINT('',(-22.78543690435,8.822857415319,3.1));
#905 = CARTESIAN_POINT('',(-22.900512775,8.849801462063,3.1));
#906 = CARTESIAN_POINT('',(-23.01586174242,8.876420454545,3.1));
#907 = ORIENTED_EDGE('',*,*,#908,.F.);
#908 = EDGE_CURVE('',#909,#899,#911,.T.);
#909 = VERTEX_POINT('',#910);
#910 = CARTESIAN_POINT('',(-22.11742424242,8.636600378788,3.1));
#911 = B_SPLINE_CURVE_WITH_KNOTS('',4,(#912,#913,#914,#915,#916),
  .UNSPECIFIED.,.F.,.F.,(5,5),(0.,1.),.PIECEWISE_BEZIER_KNOTS.);
#912 = CARTESIAN_POINT('',(-22.11742424242,8.636600378788,3.1));
#913 = CARTESIAN_POINT('',(-22.22266232755,8.675009307032,3.1));
#914 = CARTESIAN_POINT('',(-22.33091514058,8.709688681612,3.1));
#915 = CARTESIAN_POINT('',(-22.44209584387,8.740667207635,3.1));
#916 = CARTESIAN_POINT('',(-22.55610795454,8.767992424242,3.1));
#917 = ORIENTED_EDGE('',*,*,#918,.F.);
#918 = EDGE_CURVE('',#919,#909,#921,.T.);
#919 = VERTEX_POINT('',#920);
#920 = CARTESIAN_POINT('',(-21.72514204545,8.457149621212,3.1));
#921 = B_SPLINE_CURVE_WITH_KNOTS('',4,(#922,#923,#924,#925,#926),
  .UNSPECIFIED.,.F.,.F.,(5,5),(0.,1.),.PIECEWISE_BEZIER_KNOTS.);
#922 = CARTESIAN_POINT('',(-21.72514204545,8.457149621212,3.1));
#923 = CARTESIAN_POINT('',(-21.81692502919,8.50898560685,3.1));
#924 = CARTESIAN_POINT('',(-21.91298620537,8.556159758307,3.1));
#925 = CARTESIAN_POINT('',(-22.01320339666,8.598680477846,3.1));
#926 = CARTESIAN_POINT('',(-22.11742424242,8.636600378788,3.1));
#927 = ORIENTED_EDGE('',*,*,#928,.F.);
#928 = EDGE_CURVE('',#929,#919,#931,.T.);
#929 = VERTEX_POINT('',#930);
#930 = CARTESIAN_POINT('',(-21.40719696969,8.205018939394,3.1));
#931 = B_SPLINE_CURVE_WITH_KNOTS('',4,(#932,#933,#934,#935,#936,#937,
    #938,#939),.UNSPECIFIED.,.F.,.F.,(5,3,5),(0.,9.182584327051E-02,1.),
  .UNSPECIFIED.);
#932 = CARTESIAN_POINT('',(-21.40719696969,8.205018939394,3.1));
#933 = CARTESIAN_POINT('',(-21.41340409653,8.211879447999,3.1));
#934 = CARTESIAN_POINT('',(-21.41967927477,8.218675128802,3.1));
#935 = CARTESIAN_POINT('',(-21.42602238348,8.225405821513,3.1));
#936 = CARTESIAN_POINT('',(-21.49583824769,8.297994984055,3.1));
#937 = CARTESIAN_POINT('',(-21.56587511801,8.357547894997,3.1));
#938 = CARTESIAN_POINT('',(-21.64240603403,8.410590546223,3.1));
#939 = CARTESIAN_POINT('',(-21.72514204545,8.457149621212,3.1));
#940 = ORIENTED_EDGE('',*,*,#941,.F.);
#941 = EDGE_CURVE('',#942,#929,#944,.T.);
#942 = VERTEX_POINT('',#943);
#943 = CARTESIAN_POINT('',(-21.19602272727,7.85321969697,3.1));
#944 = B_SPLINE_CURVE_WITH_KNOTS('',5,(#945,#946,#947,#948,#949,#950),
  .UNSPECIFIED.,.F.,.F.,(6,6),(0.,1.),.PIECEWISE_BEZIER_KNOTS.);
#945 = CARTESIAN_POINT('',(-21.19602272727,7.85321969697,3.1));
#946 = CARTESIAN_POINT('',(-21.2262951056,7.933695336261,3.1));
#947 = CARTESIAN_POINT('',(-21.26251595355,8.00932740816,3.1));
#948 = CARTESIAN_POINT('',(-21.30475915805,8.079870759044,3.1));
#949 = CARTESIAN_POINT('',(-21.35301981236,8.145138923391,3.1));
#950 = CARTESIAN_POINT('',(-21.40719696969,8.205018939394,3.1));
#951 = ORIENTED_EDGE('',*,*,#952,.F.);
#952 = EDGE_CURVE('',#464,#942,#953,.T.);
#953 = B_SPLINE_CURVE_WITH_KNOTS('',5,(#954,#955,#956,#957,#958,#959),
  .UNSPECIFIED.,.F.,.F.,(6,6),(0.,1.),.PIECEWISE_BEZIER_KNOTS.);
#954 = CARTESIAN_POINT('',(-21.11955492424,7.377367424242,3.1));
#955 = CARTESIAN_POINT('',(-21.11955492424,7.484040310617,3.1));
#956 = CARTESIAN_POINT('',(-21.12682870545,7.585516231286,3.1));
#957 = CARTESIAN_POINT('',(-21.14180041851,7.681230697617,3.1));
#958 = CARTESIAN_POINT('',(-21.16481815069,7.770619347205,3.1));
#959 = CARTESIAN_POINT('',(-21.19602272727,7.85321969697,3.1));
#960 = FACE_BOUND('',#961,.T.);
#961 = EDGE_LOOP('',(#962,#987,#1010,#1018,#1026,#1034,#1042,#1050,#1072
    ));
#962 = ORIENTED_EDGE('',*,*,#963,.F.);
#963 = EDGE_CURVE('',#964,#966,#968,.T.);
#964 = VERTEX_POINT('',#965);
#965 = CARTESIAN_POINT('',(-16.67282196969,8.3671875,3.1));
#966 = VERTEX_POINT('',#967);
#967 = CARTESIAN_POINT('',(-16.20928030303,9.495501893939,3.1));
#968 = B_SPLINE_CURVE_WITH_KNOTS('',5,(#969,#970,#971,#972,#973,#974,
    #975,#976,#977,#978,#979,#980,#981,#982,#983,#984,#985,#986),
  .UNSPECIFIED.,.F.,.F.,(6,4,4,4,6),(0.,0.304817666181,0.526500842376,
    0.753653893374,1.),.UNSPECIFIED.);
#969 = CARTESIAN_POINT('',(-16.67282196969,8.3671875,3.1));
#970 = CARTESIAN_POINT('',(-16.61603604489,8.418492045955,3.1));
#971 = CARTESIAN_POINT('',(-16.5629607448,8.47309910947,3.1));
#972 = CARTESIAN_POINT('',(-16.51397379296,8.530966198043,3.1));
#973 = CARTESIAN_POINT('',(-16.46937515255,8.59195644953,3.1));
#974 = CARTESIAN_POINT('',(-16.40021221012,8.7022279761,3.1));
#975 = CARTESIAN_POINT('',(-16.37349906715,8.750169516281,3.1));
#976 = CARTESIAN_POINT('',(-16.34925789889,8.799521223412,3.1));
#977 = CARTESIAN_POINT('',(-16.32750544678,8.850162850197,3.1));
#978 = CARTESIAN_POINT('',(-16.28845969168,8.955036258341,3.1));
#979 = CARTESIAN_POINT('',(-16.27128896972,9.009327723467,3.1));
#980 = CARTESIAN_POINT('',(-16.25668509472,9.064692834294,3.1));
#981 = CARTESIAN_POINT('',(-16.24457911614,9.120989300188,3.1));
#982 = CARTESIAN_POINT('',(-16.22436009908,9.240002601153,3.1));
#983 = CARTESIAN_POINT('',(-16.21667075443,9.302860824029,3.1));
#984 = CARTESIAN_POINT('',(-16.21169363897,9.366491264924,3.1));
#985 = CARTESIAN_POINT('',(-16.20928030303,9.430745485458,3.1));
#986 = CARTESIAN_POINT('',(-16.20928030303,9.495501893939,3.1));
#987 = ORIENTED_EDGE('',*,*,#988,.F.);
#988 = EDGE_CURVE('',#989,#964,#991,.T.);
#989 = VERTEX_POINT('',#990);
#990 = CARTESIAN_POINT('',(-17.93158143939,7.948626893939,3.1));
#991 = B_SPLINE_CURVE_WITH_KNOTS('',5,(#992,#993,#994,#995,#996,#997,
    #998,#999,#1000,#1001,#1002,#1003,#1004,#1005,#1006,#1007,#1008,
    #1009),.UNSPECIFIED.,.F.,.F.,(6,4,4,4,6),(0.,0.361190410048,
    0.685375809386,0.928955876387,1.),.UNSPECIFIED.);
#992 = CARTESIAN_POINT('',(-17.93158143939,7.948626893939,3.1));
#993 = CARTESIAN_POINT('',(-17.82837844435,7.948626893939,3.1));
#994 = CARTESIAN_POINT('',(-17.72616732064,7.953030677184,3.1));
#995 = CARTESIAN_POINT('',(-17.62524650384,7.962263227123,3.1));
#996 = CARTESIAN_POINT('',(-17.52604193206,7.976792983292,3.1));
#997 = CARTESIAN_POINT('',(-17.34203093289,8.015160468263,3.1));
#998 = CARTESIAN_POINT('',(-17.25678990474,8.037892140265,3.1));
#999 = CARTESIAN_POINT('',(-17.17373183845,8.065485376696,3.1));
#1000 = CARTESIAN_POINT('',(-17.09329781308,8.098161336087,3.1));
#1001 = CARTESIAN_POINT('',(-16.95778220692,8.164357436777,3.1));
#1002 = CARTESIAN_POINT('',(-16.90136668822,8.195648869729,3.1));
#1003 = CARTESIAN_POINT('',(-16.84685969595,8.229847878672,3.1));
#1004 = CARTESIAN_POINT('',(-16.7944233448,8.266918283838,3.1));
#1005 = CARTESIAN_POINT('',(-16.72953351853,8.318377664788,3.1));
#1006 = CARTESIAN_POINT('',(-16.71506792604,8.330233191882,3.1));
#1007 = CARTESIAN_POINT('',(-16.70079235939,8.342321948129,3.1));
#1008 = CARTESIAN_POINT('',(-16.68670956917,8.354641114781,3.1));
#1009 = CARTESIAN_POINT('',(-16.67282196969,8.3671875,3.1));
#1010 = ORIENTED_EDGE('',*,*,#1011,.T.);
#1011 = EDGE_CURVE('',#989,#1012,#1014,.T.);
#1012 = VERTEX_POINT('',#1013);
#1013 = CARTESIAN_POINT('',(-19.40175189393,7.948626893939,3.1));
#1014 = LINE('',#1015,#1016);
#1015 = CARTESIAN_POINT('',(-8.965790719697,7.948626893939,3.1));
#1016 = VECTOR('',#1017,1.);
#1017 = DIRECTION('',(-1.,0.,0.));
#1018 = ORIENTED_EDGE('',*,*,#1019,.T.);
#1019 = EDGE_CURVE('',#1012,#1020,#1022,.T.);
#1020 = VERTEX_POINT('',#1021);
#1021 = CARTESIAN_POINT('',(-19.40175189393,6.,3.1));
#1022 = LINE('',#1023,#1024);
#1023 = CARTESIAN_POINT('',(-19.40175189393,32.001000892978,3.1));
#1024 = VECTOR('',#1025,1.);
#1025 = DIRECTION('',(0.,-1.,0.));
#1026 = ORIENTED_EDGE('',*,*,#1027,.T.);
#1027 = EDGE_CURVE('',#1020,#1028,#1030,.T.);
#1028 = VERTEX_POINT('',#1029);
#1029 = CARTESIAN_POINT('',(-20.08001893939,6.,3.1));
#1030 = LINE('',#1031,#1032);
#1031 = CARTESIAN_POINT('',(-9.70087594697,6.,3.1));
#1032 = VECTOR('',#1033,1.);
#1033 = DIRECTION('',(-1.,0.,0.));
#1034 = ORIENTED_EDGE('',*,*,#1035,.T.);
#1035 = EDGE_CURVE('',#1028,#1036,#1038,.T.);
#1036 = VERTEX_POINT('',#1037);
#1037 = CARTESIAN_POINT('',(-20.08001893939,11.,3.1));
#1038 = LINE('',#1039,#1040);
#1039 = CARTESIAN_POINT('',(-20.08001893939,31.026687446008,3.1));
#1040 = VECTOR('',#1041,1.);
#1041 = DIRECTION('',(0.,1.,0.));
#1042 = ORIENTED_EDGE('',*,*,#1043,.T.);
#1043 = EDGE_CURVE('',#1036,#1044,#1046,.T.);
#1044 = VERTEX_POINT('',#1045);
#1045 = CARTESIAN_POINT('',(-17.97419507575,11.,3.1));
#1046 = LINE('',#1047,#1048);
#1047 = CARTESIAN_POINT('',(-10.04000946969,11.,3.1));
#1048 = VECTOR('',#1049,1.);
#1049 = DIRECTION('',(1.,0.,-0.));
#1050 = ORIENTED_EDGE('',*,*,#1051,.F.);
#1051 = EDGE_CURVE('',#1052,#1044,#1054,.T.);
#1052 = VERTEX_POINT('',#1053);
#1053 = CARTESIAN_POINT('',(-16.6709280303,10.606060606061,3.1));
#1054 = B_SPLINE_CURVE_WITH_KNOTS('',6,(#1055,#1056,#1057,#1058,#1059,
    #1060,#1061,#1062,#1063,#1064,#1065,#1066,#1067,#1068,#1069,#1070,
    #1071),.UNSPECIFIED.,.F.,.F.,(7,5,5,7),(0.,0.233237983903,
    0.551884397553,1.),.UNSPECIFIED.);
#1055 = CARTESIAN_POINT('',(-16.6709280303,10.606060606061,3.1));
#1056 = CARTESIAN_POINT('',(-16.71006235074,10.639455226167,3.1));
#1057 = CARTESIAN_POINT('',(-16.7507707768,10.671096517758,3.1));
#1058 = CARTESIAN_POINT('',(-16.79298028474,10.700941230875,3.1));
#1059 = CARTESIAN_POINT('',(-16.83660623372,10.728969326406,3.1));
#1060 = CARTESIAN_POINT('',(-16.88155526494,10.755180271226,3.1));
#1061 = CARTESIAN_POINT('',(-16.99080900843,10.812936646541,3.1));
#1062 = CARTESIAN_POINT('',(-17.05617678295,10.84292195206,3.1));
#1063 = CARTESIAN_POINT('',(-17.12358269181,10.869586887071,3.1));
#1064 = CARTESIAN_POINT('',(-17.1927780601,10.893033546134,3.1));
#1065 = CARTESIAN_POINT('',(-17.26352820655,10.913400631942,3.1));
#1066 = CARTESIAN_POINT('',(-17.43701851265,10.955364207809,3.1));
#1067 = CARTESIAN_POINT('',(-17.54106830734,10.974096276384,3.1));
#1068 = CARTESIAN_POINT('',(-17.64722606815,10.98746868319,3.1));
#1069 = CARTESIAN_POINT('',(-17.75502295102,10.995955077289,3.1));
#1070 = CARTESIAN_POINT('',(-17.86409608944,11.,3.1));
#1071 = CARTESIAN_POINT('',(-17.97419507575,11.,3.1));
#1072 = ORIENTED_EDGE('',*,*,#1073,.F.);
#1073 = EDGE_CURVE('',#966,#1052,#1074,.T.);
#1074 = B_SPLINE_CURVE_WITH_KNOTS('',5,(#1075,#1076,#1077,#1078,#1079,
    #1080,#1081,#1082,#1083,#1084,#1085,#1086,#1087,#1088,#1089,#1090,
    #1091,#1092),.UNSPECIFIED.,.F.,.F.,(6,4,4,4,6),(0.,0.270467058492,
    0.507301011807,0.737428740034,1.),.UNSPECIFIED.);
#1075 = CARTESIAN_POINT('',(-16.20928030303,9.495501893939,3.1));
#1076 = CARTESIAN_POINT('',(-16.20928030303,9.566333190651,3.1));
#1077 = CARTESIAN_POINT('',(-16.2120973491,9.636518894006,3.1));
#1078 = CARTESIAN_POINT('',(-16.21794175648,9.70589574266,3.1));
#1079 = CARTESIAN_POINT('',(-16.22702956574,9.774254355422,3.1));
#1080 = CARTESIAN_POINT('',(-16.25048507497,9.900109701587,3.1));
#1081 = CARTESIAN_POINT('',(-16.26405574955,9.957900633226,3.1));
#1082 = CARTESIAN_POINT('',(-16.28036251542,10.014561940892,3.1));
#1083 = CARTESIAN_POINT('',(-16.29949508582,10.069914454629,3.1));
#1084 = CARTESIAN_POINT('',(-16.34284893504,10.176119998256,3.1));
#1085 = CARTESIAN_POINT('',(-16.36691173312,10.22705851152,3.1));
#1086 = CARTESIAN_POINT('',(-16.39369831504,10.2764288856,3.1));
#1087 = CARTESIAN_POINT('',(-16.42318675999,10.324083715024,3.1));
#1088 = CARTESIAN_POINT('',(-16.49192426104,10.422182535008,3.1));
#1089 = CARTESIAN_POINT('',(-16.53196648685,10.472077165994,3.1));
#1090 = CARTESIAN_POINT('',(-16.57529338194,10.519406688439,3.1));
#1091 = CARTESIAN_POINT('',(-16.62169962511,10.5640776123,3.1));
#1092 = CARTESIAN_POINT('',(-16.6709280303,10.606060606061,3.1));
#1093 = FACE_BOUND('',#1094,.T.);
#1094 = EDGE_LOOP('',(#1095,#1120,#1142,#1159,#1178,#1186,#1217,#1232,
    #1249,#1264,#1281,#1289,#1297,#1305,#1322,#1337,#1354,#1371,#1390,
    #1407,#1415,#1432,#1449,#1466,#1485,#1502,#1517,#1525,#1542));
#1095 = ORIENTED_EDGE('',*,*,#1096,.F.);
#1096 = EDGE_CURVE('',#1097,#1099,#1101,.T.);
#1097 = VERTEX_POINT('',#1098);
#1098 = CARTESIAN_POINT('',(-12.43181818181,6.304214015152,3.1));
#1099 = VERTEX_POINT('',#1100);
#1100 = CARTESIAN_POINT('',(-11.99147727272,7.376420454545,3.1));
#1101 = B_SPLINE_CURVE_WITH_KNOTS('',5,(#1102,#1103,#1104,#1105,#1106,
    #1107,#1108,#1109,#1110,#1111,#1112,#1113,#1114,#1115,#1116,#1117,
    #1118,#1119),.UNSPECIFIED.,.F.,.F.,(6,4,4,4,6),(0.,0.250694386534,
    0.470982124819,0.725475265418,1.),.UNSPECIFIED.);
#1102 = CARTESIAN_POINT('',(-12.43181818181,6.304214015152,3.1));
#1103 = CARTESIAN_POINT('',(-12.38687895385,6.342992219929,3.1));
#1104 = CARTESIAN_POINT('',(-12.34443746711,6.384121264076,3.1));
#1105 = CARTESIAN_POINT('',(-12.3046980379,6.427572790513,3.1));
#1106 = CARTESIAN_POINT('',(-12.26782284605,6.473268534045,3.1));
#1107 = CARTESIAN_POINT('',(-12.20411630402,6.563063960255,3.1));
#1108 = CARTESIAN_POINT('',(-12.17660741379,6.606687535285,3.1));
#1109 = CARTESIAN_POINT('',(-12.15145517591,6.651839399474,3.1));
#1110 = CARTESIAN_POINT('',(-12.1286805949,6.69840123287,3.1));
#1111 = CARTESIAN_POINT('',(-12.08468299601,6.80150392647,3.1));
#1112 = CARTESIAN_POINT('',(-12.06424900947,6.858474144743,3.1));
#1113 = CARTESIAN_POINT('',(-12.04693779406,6.916944619457,3.1));
#1114 = CARTESIAN_POINT('',(-12.03264748359,6.976706589002,3.1));
#1115 = CARTESIAN_POINT('',(-12.00894358995,7.103218523934,3.1));
#1116 = CARTESIAN_POINT('',(-12.00000221973,7.170149463189,3.1));
#1117 = CARTESIAN_POINT('',(-11.99425037508,7.238123834455,3.1));
#1118 = CARTESIAN_POINT('',(-11.99147727272,7.306934952062,3.1));
#1119 = CARTESIAN_POINT('',(-11.99147727272,7.376420454545,3.1));
#1120 = ORIENTED_EDGE('',*,*,#1121,.F.);
#1121 = EDGE_CURVE('',#1122,#1097,#1124,.T.);
#1122 = VERTEX_POINT('',#1123);
#1123 = CARTESIAN_POINT('',(-13.68892045454,5.924242424242,3.1));
#1124 = B_SPLINE_CURVE_WITH_KNOTS('',6,(#1125,#1126,#1127,#1128,#1129,
    #1130,#1131,#1132,#1133,#1134,#1135,#1136,#1137,#1138,#1139,#1140,
    #1141),.UNSPECIFIED.,.F.,.F.,(7,5,5,7),(0.,0.453500789446,
    0.78951970959,1.),.UNSPECIFIED.);
#1125 = CARTESIAN_POINT('',(-13.68892045454,5.924242424242,3.1));
#1126 = CARTESIAN_POINT('',(-13.58091908172,5.924242424242,3.1));
#1127 = CARTESIAN_POINT('',(-13.47400266828,5.928228673989,3.1));
#1128 = CARTESIAN_POINT('',(-13.36842702737,5.936597968316,3.1));
#1129 = CARTESIAN_POINT('',(-13.26456370858,5.949796718317,3.1));
#1130 = CARTESIAN_POINT('',(-13.16289326774,5.968302350337,3.1));
#1131 = CARTESIAN_POINT('',(-12.99068759196,6.010519987696,3.1));
#1132 = CARTESIAN_POINT('',(-12.91891386093,6.031640599251,3.1));
#1133 = CARTESIAN_POINT('',(-12.84889715983,6.056086771705,3.1));
#1134 = CARTESIAN_POINT('',(-12.78091116527,6.084016329852,3.1));
#1135 = CARTESIAN_POINT('',(-12.71524438396,6.115541697687,3.1));
#1136 = CARTESIAN_POINT('',(-12.61267924058,6.172722000477,3.1));
#1137 = CARTESIAN_POINT('',(-12.57419784637,6.196170158798,3.1));
#1138 = CARTESIAN_POINT('',(-12.5368079509,6.221052233938,3.1));
#1139 = CARTESIAN_POINT('',(-12.50057586412,6.247366003554,3.1));
#1140 = CARTESIAN_POINT('',(-12.46556180914,6.275096530279,3.1));
#1141 = CARTESIAN_POINT('',(-12.43181818181,6.304214015152,3.1));
#1142 = ORIENTED_EDGE('',*,*,#1143,.F.);
#1143 = EDGE_CURVE('',#1144,#1122,#1146,.T.);
#1144 = VERTEX_POINT('',#1145);
#1145 = CARTESIAN_POINT('',(-14.90175189393,6.266808712121,3.1));
#1146 = B_SPLINE_CURVE_WITH_KNOTS('',6,(#1147,#1148,#1149,#1150,#1151,
    #1152,#1153,#1154,#1155,#1156,#1157,#1158),.UNSPECIFIED.,.F.,.F.,(7,
    5,7),(0.,0.478030205304,1.),.UNSPECIFIED.);
#1147 = CARTESIAN_POINT('',(-14.90175189393,6.266808712121,3.1));
#1148 = CARTESIAN_POINT('',(-14.82410803544,6.208078621559,3.1));
#1149 = CARTESIAN_POINT('',(-14.74134273843,6.155611829374,3.1));
#1150 = CARTESIAN_POINT('',(-14.65393543612,6.109627455984,3.1));
#1151 = CARTESIAN_POINT('',(-14.56246022002,6.070065578786,3.1));
#1152 = CARTESIAN_POINT('',(-14.46751499476,6.036697477857,3.1));
#1153 = CARTESIAN_POINT('',(-14.26283759264,5.97917549776,3.1));
#1154 = CARTESIAN_POINT('',(-14.15253687707,5.95614733156,3.1));
#1155 = CARTESIAN_POINT('',(-14.03945325161,5.939679785061,3.1));
#1156 = CARTESIAN_POINT('',(-13.92419197855,5.929224299337,3.1));
#1157 = CARTESIAN_POINT('',(-13.80723363438,5.924242424242,3.1));
#1158 = CARTESIAN_POINT('',(-13.68892045454,5.924242424242,3.1));
#1159 = ORIENTED_EDGE('',*,*,#1160,.F.);
#1160 = EDGE_CURVE('',#1161,#1144,#1163,.T.);
#1161 = VERTEX_POINT('',#1162);
#1162 = CARTESIAN_POINT('',(-15.43963068181,7.280776515152,3.1));
#1163 = B_SPLINE_CURVE_WITH_KNOTS('',5,(#1164,#1165,#1166,#1167,#1168,
    #1169,#1170,#1171,#1172,#1173,#1174,#1175,#1176,#1177),
  .UNSPECIFIED.,.F.,.F.,(6,4,4,6),(0.,0.28397720013,0.784468906728,1.),
  .UNSPECIFIED.);
#1164 = CARTESIAN_POINT('',(-15.43963068181,7.280776515152,3.1));
#1165 = CARTESIAN_POINT('',(-15.43072608344,7.210652802928,3.1));
#1166 = CARTESIAN_POINT('',(-15.41915927343,7.14154613665,3.1));
#1167 = CARTESIAN_POINT('',(-15.40475863388,7.073634805011,3.1));
#1168 = CARTESIAN_POINT('',(-15.38735545955,7.007135428674,3.1));
#1169 = CARTESIAN_POINT('',(-15.33063509594,6.827990555672,3.1));
#1170 = CARTESIAN_POINT('',(-15.28471112359,6.718771092776,3.1));
#1171 = CARTESIAN_POINT('',(-15.22838350719,6.616047564149,3.1));
#1172 = CARTESIAN_POINT('',(-15.16140925248,6.521216843286,3.1));
#1173 = CARTESIAN_POINT('',(-15.05155305083,6.398152436716,3.1));
#1174 = CARTESIAN_POINT('',(-15.01666026358,6.362737407364,3.1));
#1175 = CARTESIAN_POINT('',(-14.98000419041,6.329018624346,3.1));
#1176 = CARTESIAN_POINT('',(-14.94166707721,6.297037365565,3.1));
#1177 = CARTESIAN_POINT('',(-14.90175189393,6.266808712121,3.1));
#1178 = ORIENTED_EDGE('',*,*,#1179,.T.);
#1179 = EDGE_CURVE('',#1161,#1180,#1182,.T.);
#1180 = VERTEX_POINT('',#1181);
#1181 = CARTESIAN_POINT('',(-14.77911931818,7.341145833333,3.1));
#1182 = LINE('',#1183,#1184);
#1183 = CARTESIAN_POINT('',(-5.573378436787,8.182530752601,3.1));
#1184 = VECTOR('',#1185,1.);
#1185 = DIRECTION('',(0.995849203993,9.101847563376E-02,-0.));
#1186 = ORIENTED_EDGE('',*,*,#1187,.F.);
#1187 = EDGE_CURVE('',#1188,#1180,#1190,.T.);
#1188 = VERTEX_POINT('',#1189);
#1189 = CARTESIAN_POINT('',(-13.68892045454,6.453361742424,3.1));
#1190 = B_SPLINE_CURVE_WITH_KNOTS('',5,(#1191,#1192,#1193,#1194,#1195,
    #1196,#1197,#1198,#1199,#1200,#1201,#1202,#1203,#1204,#1205,#1206,
    #1207,#1208,#1209,#1210,#1211,#1212,#1213,#1214,#1215,#1216),
  .UNSPECIFIED.,.F.,.F.,(6,4,4,4,4,4,6),(0.,0.236184850063,
    0.344338413509,0.546536371283,0.727525913057,0.819549080193,1.),
  .UNSPECIFIED.);
#1191 = CARTESIAN_POINT('',(-13.68892045454,6.453361742424,3.1));
#1192 = CARTESIAN_POINT('',(-13.7668494954,6.453361742424,3.1));
#1193 = CARTESIAN_POINT('',(-13.84404195423,6.457000910503,3.1));
#1194 = CARTESIAN_POINT('',(-13.92021772525,6.464775834928,3.1));
#1195 = CARTESIAN_POINT('',(-13.99486268894,6.47730777904,3.1));
#1196 = CARTESIAN_POINT('',(-14.1004518189,6.503344506844,3.1));
#1197 = CARTESIAN_POINT('',(-14.13314812736,6.512638565909,3.1));
#1198 = CARTESIAN_POINT('',(-14.16530698685,6.523101659583,3.1));
#1199 = CARTESIAN_POINT('',(-14.19684875932,6.534781920135,3.1));
#1200 = CARTESIAN_POINT('',(-14.28534537922,6.571885035119,3.1));
#1201 = CARTESIAN_POINT('',(-14.34056634573,6.600433489312,3.1));
#1202 = CARTESIAN_POINT('',(-14.39275388989,6.63355594483,3.1));
#1203 = CARTESIAN_POINT('',(-14.4413419948,6.671267704237,3.1));
#1204 = CARTESIAN_POINT('',(-14.52586863489,6.750732675369,3.1));
#1205 = CARTESIAN_POINT('',(-14.56261372295,6.791660448163,3.1));
#1206 = CARTESIAN_POINT('',(-14.59590228425,6.835725584726,3.1));
#1207 = CARTESIAN_POINT('',(-14.62568965968,6.88253764947,3.1));
#1208 = CARTESIAN_POINT('',(-14.66546916591,6.95663712559,3.1));
#1209 = CARTESIAN_POINT('',(-14.67799545432,6.98221365061,3.1));
#1210 = CARTESIAN_POINT('',(-14.68965334696,7.00833581621,3.1));
#1211 = CARTESIAN_POINT('',(-14.70046351652,7.034951769289,3.1));
#1212 = CARTESIAN_POINT('',(-14.73004372276,7.115076117505,3.1));
#1213 = CARTESIAN_POINT('',(-14.74647847907,7.169847487887,3.1));
#1214 = CARTESIAN_POINT('',(-14.75996547419,7.22596799038,3.1));
#1215 = CARTESIAN_POINT('',(-14.77076603187,7.283136900659,3.1));
#1216 = CARTESIAN_POINT('',(-14.77911931818,7.341145833333,3.1));
#1217 = ORIENTED_EDGE('',*,*,#1218,.F.);
#1218 = EDGE_CURVE('',#1219,#1188,#1221,.T.);
#1219 = VERTEX_POINT('',#1220);
#1220 = CARTESIAN_POINT('',(-12.93087121212,6.691287878788,3.1));
#1221 = B_SPLINE_CURVE_WITH_KNOTS('',5,(#1222,#1223,#1224,#1225,#1226,
    #1227,#1228,#1229,#1230,#1231),.UNSPECIFIED.,.F.,.F.,(6,4,6),(0.,
    0.486855618262,1.),.UNSPECIFIED.);
#1222 = CARTESIAN_POINT('',(-12.93087121212,6.691287878788,3.1));
#1223 = CARTESIAN_POINT('',(-12.98672926105,6.64297691564,3.1));
#1224 = CARTESIAN_POINT('',(-13.0479400309,6.600799957925,3.1));
#1225 = CARTESIAN_POINT('',(-13.11416533057,6.565046767196,3.1));
#1226 = CARTESIAN_POINT('',(-13.18487228259,6.535655951397,3.1));
#1227 = CARTESIAN_POINT('',(-13.33805017712,6.487823340298,3.1));
#1228 = CARTESIAN_POINT('',(-13.42096184713,6.470055537529,3.1));
#1229 = CARTESIAN_POINT('',(-13.50749986208,6.458749966038,3.1));
#1230 = CARTESIAN_POINT('',(-13.59699351825,6.453361742424,3.1));
#1231 = CARTESIAN_POINT('',(-13.68892045454,6.453361742424,3.1));
#1232 = ORIENTED_EDGE('',*,*,#1233,.F.);
#1233 = EDGE_CURVE('',#1234,#1219,#1236,.T.);
#1234 = VERTEX_POINT('',#1235);
#1235 = CARTESIAN_POINT('',(-12.65553977272,7.397727272727,3.1));
#1236 = B_SPLINE_CURVE_WITH_KNOTS('',6,(#1237,#1238,#1239,#1240,#1241,
    #1242,#1243,#1244,#1245,#1246,#1247,#1248),.UNSPECIFIED.,.F.,.F.,(7,
    5,7),(0.,0.842862111984,1.),.UNSPECIFIED.);
#1237 = CARTESIAN_POINT('',(-12.65553977272,7.397727272727,3.1));
#1238 = CARTESIAN_POINT('',(-12.65553977272,7.275680512837,3.1));
#1239 = CARTESIAN_POINT('',(-12.66675010059,7.158478014714,3.1));
#1240 = CARTESIAN_POINT('',(-12.69073572306,7.047858556162,3.1));
#1241 = CARTESIAN_POINT('',(-12.72889683084,6.945817558945,3.1));
#1242 = CARTESIAN_POINT('',(-12.78195995713,6.85428125402,3.1));
#1243 = CARTESIAN_POINT('',(-12.86136756837,6.759540041305,3.1));
#1244 = CARTESIAN_POINT('',(-12.87432866309,6.745057289139,3.1));
#1245 = CARTESIAN_POINT('',(-12.88776721555,6.730985934224,3.1));
#1246 = CARTESIAN_POINT('',(-12.90167623439,6.717331390058,3.1));
#1247 = CARTESIAN_POINT('',(-12.91604742952,6.704097768305,3.1));
#1248 = CARTESIAN_POINT('',(-12.93087121212,6.691287878788,3.1));
#1249 = ORIENTED_EDGE('',*,*,#1250,.F.);
#1250 = EDGE_CURVE('',#1251,#1234,#1253,.T.);
#1251 = VERTEX_POINT('',#1252);
#1252 = CARTESIAN_POINT('',(-12.96993371212,8.035037878788,3.1));
#1253 = B_SPLINE_CURVE_WITH_KNOTS('',5,(#1254,#1255,#1256,#1257,#1258,
    #1259,#1260,#1261,#1262,#1263),.UNSPECIFIED.,.F.,.F.,(6,4,6),(0.,
    0.43838646407,1.),.UNSPECIFIED.);
#1254 = CARTESIAN_POINT('',(-12.96993371212,8.035037878788,3.1));
#1255 = CARTESIAN_POINT('',(-12.91578722489,7.99561042913,3.1));
#1256 = CARTESIAN_POINT('',(-12.86662098845,7.952238646002,3.1));
#1257 = CARTESIAN_POINT('',(-12.82302627226,7.904879029239,3.1));
#1258 = CARTESIAN_POINT('',(-12.78546662889,7.85363172147,3.1));
#1259 = CARTESIAN_POINT('',(-12.71399335281,7.728641907292,3.1));
#1260 = CARTESIAN_POINT('',(-12.68405433872,7.652593152889,3.1));
#1261 = CARTESIAN_POINT('',(-12.66474861767,7.571421470962,3.1));
#1262 = CARTESIAN_POINT('',(-12.65553977272,7.486132580017,3.1));
#1263 = CARTESIAN_POINT('',(-12.65553977272,7.397727272727,3.1));
#1264 = ORIENTED_EDGE('',*,*,#1265,.F.);
#1265 = EDGE_CURVE('',#1266,#1251,#1268,.T.);
#1266 = VERTEX_POINT('',#1267);
#1267 = CARTESIAN_POINT('',(-13.87713068181,8.264204545455,3.1));
#1268 = B_SPLINE_CURVE_WITH_KNOTS('',6,(#1269,#1270,#1271,#1272,#1273,
    #1274,#1275,#1276,#1277,#1278,#1279,#1280),.UNSPECIFIED.,.F.,.F.,(7,
    5,7),(0.,0.526110810799,1.),.UNSPECIFIED.);
#1269 = CARTESIAN_POINT('',(-13.87713068181,8.264204545455,3.1));
#1270 = CARTESIAN_POINT('',(-13.78443786014,8.264204545455,3.1));
#1271 = CARTESIAN_POINT('',(-13.69344969856,8.26084545384,3.1));
#1272 = CARTESIAN_POINT('',(-13.60445812222,8.253803118553,3.1));
#1273 = CARTESIAN_POINT('',(-13.51785594562,8.242716004433,3.1));
#1274 = CARTESIAN_POINT('',(-13.43412717553,8.227201376331,3.1));
#1275 = CARTESIAN_POINT('',(-13.28146803822,8.188638212209,3.1));
#1276 = CARTESIAN_POINT('',(-13.21189352049,8.166490350467,3.1));
#1277 = CARTESIAN_POINT('',(-13.14550416397,8.140221817658,3.1));
#1278 = CARTESIAN_POINT('',(-13.08275460202,8.109620217304,3.1));
#1279 = CARTESIAN_POINT('',(-13.02410117184,8.07455114255,3.1));
#1280 = CARTESIAN_POINT('',(-12.96993371212,8.035037878788,3.1));
#1281 = ORIENTED_EDGE('',*,*,#1282,.T.);
#1282 = EDGE_CURVE('',#1266,#1283,#1285,.T.);
#1283 = VERTEX_POINT('',#1284);
#1284 = CARTESIAN_POINT('',(-14.2393465909,8.264204545455,3.1));
#1285 = LINE('',#1286,#1287);
#1286 = CARTESIAN_POINT('',(-6.938565340909,8.264204545455,3.1));
#1287 = VECTOR('',#1288,1.);
#1288 = DIRECTION('',(-1.,0.,0.));
#1289 = ORIENTED_EDGE('',*,*,#1290,.T.);
#1290 = EDGE_CURVE('',#1283,#1291,#1293,.T.);
#1291 = VERTEX_POINT('',#1292);
#1292 = CARTESIAN_POINT('',(-14.2393465909,8.818181818182,3.1));
#1293 = LINE('',#1294,#1295);
#1294 = CARTESIAN_POINT('',(-14.2393465909,32.158789718735,3.1));
#1295 = VECTOR('',#1296,1.);
#1296 = DIRECTION('',(0.,1.,0.));
#1297 = ORIENTED_EDGE('',*,*,#1298,.T.);
#1298 = EDGE_CURVE('',#1291,#1299,#1301,.T.);
#1299 = VERTEX_POINT('',#1300);
#1300 = CARTESIAN_POINT('',(-13.89133522727,8.818181818182,3.1));
#1301 = LINE('',#1302,#1303);
#1302 = CARTESIAN_POINT('',(-7.119673295455,8.818181818182,3.1));
#1303 = VECTOR('',#1304,1.);
#1304 = DIRECTION('',(1.,0.,-0.));
#1305 = ORIENTED_EDGE('',*,*,#1306,.F.);
#1306 = EDGE_CURVE('',#1307,#1299,#1309,.T.);
#1307 = VERTEX_POINT('',#1308);
#1308 = CARTESIAN_POINT('',(-13.07646780303,9.047585227273,3.1));
#1309 = B_SPLINE_CURVE_WITH_KNOTS('',6,(#1310,#1311,#1312,#1313,#1314,
    #1315,#1316,#1317,#1318,#1319,#1320,#1321),.UNSPECIFIED.,.F.,.F.,(7,
    5,7),(0.,0.482060059241,1.),.UNSPECIFIED.);
#1310 = CARTESIAN_POINT('',(-13.07646780303,9.047585227273,3.1));
#1311 = CARTESIAN_POINT('',(-13.12592451505,9.008367916347,3.1));
#1312 = CARTESIAN_POINT('',(-13.17932151867,8.973334240708,3.1));
#1313 = CARTESIAN_POINT('',(-13.23640532532,8.942571382912,3.1));
#1314 = CARTESIAN_POINT('',(-13.29685743853,8.916036661797,3.1));
#1315 = CARTESIAN_POINT('',(-13.3603272541,8.893598064962,3.1));
#1316 = CARTESIAN_POINT('',(-13.49752531657,8.855172803717,3.1));
#1317 = CARTESIAN_POINT('',(-13.57167044944,8.839789025968,3.1));
#1318 = CARTESIAN_POINT('',(-13.64848816347,8.828692883376,3.1));
#1319 = CARTESIAN_POINT('',(-13.72758630435,8.821590574444,3.1));
#1320 = CARTESIAN_POINT('',(-13.80862615797,8.818181818182,3.1));
#1321 = CARTESIAN_POINT('',(-13.89133522727,8.818181818182,3.1));
#1322 = ORIENTED_EDGE('',*,*,#1323,.F.);
#1323 = EDGE_CURVE('',#1324,#1307,#1326,.T.);
#1324 = VERTEX_POINT('',#1325);
#1325 = CARTESIAN_POINT('',(-12.78693181818,9.682291666667,3.1));
#1326 = B_SPLINE_CURVE_WITH_KNOTS('',5,(#1327,#1328,#1329,#1330,#1331,
    #1332,#1333,#1334,#1335,#1336),.UNSPECIFIED.,.F.,.F.,(6,4,6),(0.,
    0.624816267177,1.),.UNSPECIFIED.);
#1327 = CARTESIAN_POINT('',(-12.78693181818,9.682291666667,3.1));
#1328 = CARTESIAN_POINT('',(-12.78693181818,9.585141481355,3.1));
#1329 = CARTESIAN_POINT('',(-12.79732970385,9.491755962699,3.1));
#1330 = CARTESIAN_POINT('',(-12.81921248296,9.40336106731,3.1));
#1331 = CARTESIAN_POINT('',(-12.85326679314,9.321203593469,3.1));
#1332 = CARTESIAN_POINT('',(-12.9263792702,9.201078444063,3.1));
#1333 = CARTESIAN_POINT('',(-12.95800921955,9.158558142332,3.1));
#1334 = CARTESIAN_POINT('',(-12.99373083746,9.118765187356,3.1));
#1335 = CARTESIAN_POINT('',(-13.03331741098,9.081773886217,3.1));
#1336 = CARTESIAN_POINT('',(-13.07646780303,9.047585227273,3.1));
#1337 = ORIENTED_EDGE('',*,*,#1338,.F.);
#1338 = EDGE_CURVE('',#1339,#1324,#1341,.T.);
#1339 = VERTEX_POINT('',#1340);
#1340 = CARTESIAN_POINT('',(-13.02320075757,10.317234848485,3.1));
#1341 = B_SPLINE_CURVE_WITH_KNOTS('',6,(#1342,#1343,#1344,#1345,#1346,
    #1347,#1348,#1349,#1350,#1351,#1352,#1353),.UNSPECIFIED.,.F.,.F.,(7,
    5,7),(0.,0.190412169231,1.),.UNSPECIFIED.);
#1342 = CARTESIAN_POINT('',(-13.02320075757,10.317234848485,3.1));
#1343 = CARTESIAN_POINT('',(-13.00796734937,10.302215135391,3.1));
#1344 = CARTESIAN_POINT('',(-12.99329627585,10.286747251514,3.1));
#1345 = CARTESIAN_POINT('',(-12.97919801545,10.270834799562,3.1));
#1346 = CARTESIAN_POINT('',(-12.96568142857,10.254482759274,3.1));
#1347 = CARTESIAN_POINT('',(-12.9527537576,10.23769748742,3.1));
#1348 = CARTESIAN_POINT('',(-12.8879830512,10.147310566844,3.1));
#1349 = CARTESIAN_POINT('',(-12.8462737332,10.066415993562,3.1));
#1350 = CARTESIAN_POINT('',(-12.81579092648,9.978463328403,3.1));
#1351 = CARTESIAN_POINT('',(-12.79624888049,9.884417246683,3.1));
#1352 = CARTESIAN_POINT('',(-12.78693181818,9.785347396555,3.1));
#1353 = CARTESIAN_POINT('',(-12.78693181818,9.682291666667,3.1));
#1354 = ORIENTED_EDGE('',*,*,#1355,.F.);
#1355 = EDGE_CURVE('',#1356,#1339,#1358,.T.);
#1356 = VERTEX_POINT('',#1357);
#1357 = CARTESIAN_POINT('',(-13.72443181818,10.550189393939,3.1));
#1358 = B_SPLINE_CURVE_WITH_KNOTS('',6,(#1359,#1360,#1361,#1362,#1363,
    #1364,#1365,#1366,#1367,#1368,#1369,#1370),.UNSPECIFIED.,.F.,.F.,(7,
    5,7),(0.,0.516780464194,1.),.UNSPECIFIED.);
#1359 = CARTESIAN_POINT('',(-13.72443181818,10.550189393939,3.1));
#1360 = CARTESIAN_POINT('',(-13.65071030181,10.550189393939,3.1));
#1361 = CARTESIAN_POINT('',(-13.57883850422,10.546679202656,3.1));
#1362 = CARTESIAN_POINT('',(-13.50911364757,10.539372365485,3.1));
#1363 = CARTESIAN_POINT('',(-13.44189067347,10.52797767392,3.1));
#1364 = CARTESIAN_POINT('',(-13.37756394552,10.51222850745,3.1));
#1365 = CARTESIAN_POINT('',(-13.25944933295,10.472989892063,3.1));
#1366 = CARTESIAN_POINT('',(-13.20524096012,10.450067068205,3.1));
#1367 = CARTESIAN_POINT('',(-13.1542385096,10.423044344555,3.1));
#1368 = CARTESIAN_POINT('',(-13.10674757274,10.391854101535,3.1));
#1369 = CARTESIAN_POINT('',(-13.06301453032,10.356529484783,3.1));
#1370 = CARTESIAN_POINT('',(-13.02320075757,10.317234848485,3.1));
#1371 = ORIENTED_EDGE('',*,*,#1372,.F.);
#1372 = EDGE_CURVE('',#1373,#1356,#1375,.T.);
#1373 = VERTEX_POINT('',#1374);
#1374 = CARTESIAN_POINT('',(-14.40814393939,10.333570075758,3.1));
#1375 = B_SPLINE_CURVE_WITH_KNOTS('',5,(#1376,#1377,#1378,#1379,#1380,
    #1381,#1382,#1383,#1384,#1385,#1386,#1387,#1388,#1389),
  .UNSPECIFIED.,.F.,.F.,(6,4,4,6),(0.,6.4300791712E-02,0.523506184715,1.
    ),.UNSPECIFIED.);
#1376 = CARTESIAN_POINT('',(-14.40814393939,10.333570075758,3.1));
#1377 = CARTESIAN_POINT('',(-14.40125215682,10.33928719366,3.1));
#1378 = CARTESIAN_POINT('',(-14.39428859999,10.344911236439,3.1));
#1379 = CARTESIAN_POINT('',(-14.38725370707,10.350441709067,3.1));
#1380 = CARTESIAN_POINT('',(-14.38014795849,10.355878170166,3.1));
#1381 = CARTESIAN_POINT('',(-14.32172374626,10.39937067374,3.1));
#1382 = CARTESIAN_POINT('',(-14.26688528024,10.432709082975,3.1));
#1383 = CARTESIAN_POINT('',(-14.20865592193,10.461085438266,3.1));
#1384 = CARTESIAN_POINT('',(-14.14732169533,10.484520042022,3.1));
#1385 = CARTESIAN_POINT('',(-14.0167041615,10.52247973788,3.1));
#1386 = CARTESIAN_POINT('',(-13.94720277763,10.536637620384,3.1));
#1387 = CARTESIAN_POINT('',(-13.87508122066,10.545777551378,3.1));
#1388 = CARTESIAN_POINT('',(-13.80071460422,10.550189393939,3.1));
#1389 = CARTESIAN_POINT('',(-13.72443181818,10.550189393939,3.1));
#1390 = ORIENTED_EDGE('',*,*,#1391,.F.);
#1391 = EDGE_CURVE('',#1392,#1373,#1394,.T.);
#1392 = VERTEX_POINT('',#1393);
#1393 = CARTESIAN_POINT('',(-14.71164772727,9.722774621212,3.1));
#1394 = B_SPLINE_CURVE_WITH_KNOTS('',6,(#1395,#1396,#1397,#1398,#1399,
    #1400,#1401,#1402,#1403,#1404,#1405,#1406),.UNSPECIFIED.,.F.,.F.,(7,
    5,7),(0.,0.769363792609,1.),.UNSPECIFIED.);
#1395 = CARTESIAN_POINT('',(-14.71164772727,9.722774621212,3.1));
#1396 = CARTESIAN_POINT('',(-14.70119281269,9.819482581069,3.1));
#1397 = CARTESIAN_POINT('',(-14.68262061143,9.911942737289,3.1));
#1398 = CARTESIAN_POINT('',(-14.6553071713,9.99927125037,3.1));
#1399 = CARTESIAN_POINT('',(-14.61880300121,10.080596327179,3.1));
#1400 = CARTESIAN_POINT('',(-14.57298934203,10.155162689916,3.1));
#1401 = CARTESIAN_POINT('',(-14.50189064838,10.242646978159,3.1));
#1402 = CARTESIAN_POINT('',(-14.48469255985,10.262173461071,3.1));
#1403 = CARTESIAN_POINT('',(-14.46670443667,10.281037075778,3.1));
#1404 = CARTESIAN_POINT('',(-14.4479392578,10.299228344396,3.1));
#1405 = CARTESIAN_POINT('',(-14.42841286031,10.316740617826,3.1));
#1406 = CARTESIAN_POINT('',(-14.40814393939,10.333570075758,3.1));
#1407 = ORIENTED_EDGE('',*,*,#1408,.T.);
#1408 = EDGE_CURVE('',#1392,#1409,#1411,.T.);
#1409 = VERTEX_POINT('',#1410);
#1410 = CARTESIAN_POINT('',(-15.35440340909,9.772490530303,3.1));
#1411 = LINE('',#1412,#1413);
#1412 = CARTESIAN_POINT('',(-9.180705133788,9.294966906799,3.1));
#1413 = VECTOR('',#1414,1.);
#1414 = DIRECTION('',(-0.997021994117,7.711772330186E-02,0.));
#1415 = ORIENTED_EDGE('',*,*,#1416,.F.);
#1416 = EDGE_CURVE('',#1417,#1409,#1419,.T.);
#1417 = VERTEX_POINT('',#1418);
#1418 = CARTESIAN_POINT('',(-14.84493371212,10.731297348485,3.1));
#1419 = B_SPLINE_CURVE_WITH_KNOTS('',6,(#1420,#1421,#1422,#1423,#1424,
    #1425,#1426,#1427,#1428,#1429,#1430,#1431),.UNSPECIFIED.,.F.,.F.,(7,
    5,7),(0.,0.323369330723,1.),.UNSPECIFIED.);
#1420 = CARTESIAN_POINT('',(-14.84493371212,10.731297348485,3.1));
#1421 = CARTESIAN_POINT('',(-14.89222821928,10.694141026712,3.1));
#1422 = CARTESIAN_POINT('',(-14.93733194182,10.654806462134,3.1));
#1423 = CARTESIAN_POINT('',(-14.98008665139,10.613302186743,3.1));
#1424 = CARTESIAN_POINT('',(-15.0203551077,10.569663933579,3.1));
#1425 = CARTESIAN_POINT('',(-15.05802717765,10.523959895648,3.1));
#1426 = CARTESIAN_POINT('',(-15.16625876786,10.376562148642,3.1));
#1427 = CARTESIAN_POINT('',(-15.22782381428,10.268197636876,3.1));
#1428 = CARTESIAN_POINT('',(-15.27692836219,10.152243531668,3.1));
#1429 = CARTESIAN_POINT('',(-15.31382626613,10.03005600354,3.1));
#1430 = CARTESIAN_POINT('',(-15.33931078521,9.903041726807,3.1));
#1431 = CARTESIAN_POINT('',(-15.35440340909,9.772490530303,3.1));
#1432 = ORIENTED_EDGE('',*,*,#1433,.F.);
#1433 = EDGE_CURVE('',#1434,#1417,#1436,.T.);
#1434 = VERTEX_POINT('',#1435);
#1435 = CARTESIAN_POINT('',(-13.71732954545,11.075757575758,3.1));
#1436 = B_SPLINE_CURVE_WITH_KNOTS('',6,(#1437,#1438,#1439,#1440,#1441,
    #1442,#1443,#1444,#1445,#1446,#1447,#1448),.UNSPECIFIED.,.F.,.F.,(7,
    5,7),(0.,0.492875531963,1.),.UNSPECIFIED.);
#1437 = CARTESIAN_POINT('',(-13.71732954545,11.075757575758,3.1));
#1438 = CARTESIAN_POINT('',(-13.82131432889,11.075757575758,3.1));
#1439 = CARTESIAN_POINT('',(-13.92412069358,11.071049006135,3.1));
#1440 = CARTESIAN_POINT('',(-14.0254480423,11.061250925673,3.1));
#1441 = CARTESIAN_POINT('',(-14.12491804523,11.045976847833,3.1));
#1442 = CARTESIAN_POINT('',(-14.22208832575,11.0248737082,3.1));
#1443 = CARTESIAN_POINT('',(-14.41360899609,10.969763338268,3.1));
#1444 = CARTESIAN_POINT('',(-14.50781663633,10.935394957887,3.1));
#1445 = CARTESIAN_POINT('',(-14.59854283945,10.894363461003,3.1));
#1446 = CARTESIAN_POINT('',(-14.68525908427,10.846565238586,3.1));
#1447 = CARTESIAN_POINT('',(-14.7675071556,10.792093700202,3.1));
#1448 = CARTESIAN_POINT('',(-14.84493371212,10.731297348485,3.1));
#1449 = ORIENTED_EDGE('',*,*,#1450,.F.);
#1450 = EDGE_CURVE('',#1451,#1434,#1453,.T.);
#1451 = VERTEX_POINT('',#1452);
#1452 = CARTESIAN_POINT('',(-12.54734848484,10.725615530303,3.1));
#1453 = B_SPLINE_CURVE_WITH_KNOTS('',6,(#1454,#1455,#1456,#1457,#1458,
    #1459,#1460,#1461,#1462,#1463,#1464,#1465),.UNSPECIFIED.,.F.,.F.,(7,
    5,7),(0.,0.475726210714,1.),.UNSPECIFIED.);
#1454 = CARTESIAN_POINT('',(-12.54734848484,10.725615530303,3.1));
#1455 = CARTESIAN_POINT('',(-12.61893230277,10.785702060787,3.1));
#1456 = CARTESIAN_POINT('',(-12.69622412934,10.839414255069,3.1));
#1457 = CARTESIAN_POINT('',(-12.77871355912,10.886454104329,3.1));
#1458 = CARTESIAN_POINT('',(-12.86575245626,10.926867624674,3.1));
#1459 = CARTESIAN_POINT('',(-12.95665329926,10.960903750692,3.1));
#1460 = CARTESIAN_POINT('',(-13.15445999836,11.019797283556,3.1));
#1461 = CARTESIAN_POINT('',(-13.26206725154,11.043367824282,3.1));
#1462 = CARTESIAN_POINT('',(-13.37278069855,11.060135439968,3.1));
#1463 = CARTESIAN_POINT('',(-13.48589726048,11.07073045058,3.1));
#1464 = CARTESIAN_POINT('',(-13.60087123149,11.075757575758,3.1));
#1465 = CARTESIAN_POINT('',(-13.71732954545,11.075757575758,3.1));
#1466 = ORIENTED_EDGE('',*,*,#1467,.F.);
#1467 = EDGE_CURVE('',#1468,#1451,#1470,.T.);
#1468 = VERTEX_POINT('',#1469);
#1469 = CARTESIAN_POINT('',(-12.1299715909,9.749763257576,3.1));
#1470 = B_SPLINE_CURVE_WITH_KNOTS('',5,(#1471,#1472,#1473,#1474,#1475,
    #1476,#1477,#1478,#1479,#1480,#1481,#1482,#1483,#1484),
  .UNSPECIFIED.,.F.,.F.,(6,4,4,6),(0.,0.24715081665,0.695065043356,1.),
  .UNSPECIFIED.);
#1471 = CARTESIAN_POINT('',(-12.1299715909,9.749763257576,3.1));
#1472 = CARTESIAN_POINT('',(-12.1299715909,9.807139247242,3.1));
#1473 = CARTESIAN_POINT('',(-12.13216505737,9.863950964125,3.1));
#1474 = CARTESIAN_POINT('',(-12.13668687782,9.920084000709,3.1));
#1475 = CARTESIAN_POINT('',(-12.14366959205,9.975401110036,3.1));
#1476 = CARTESIAN_POINT('',(-12.17052216597,10.128248345091,3.1));
#1477 = CARTESIAN_POINT('',(-12.19625878314,10.22360038369,3.1));
#1478 = CARTESIAN_POINT('',(-12.23104376882,10.314819740905,3.1));
#1479 = CARTESIAN_POINT('',(-12.27516049748,10.400925202276,3.1));
#1480 = CARTESIAN_POINT('',(-12.364156025,10.535806389383,3.1));
#1481 = CARTESIAN_POINT('',(-12.40430446019,10.587737068885,3.1));
#1482 = CARTESIAN_POINT('',(-12.44840681368,10.6367391163,3.1));
#1483 = CARTESIAN_POINT('',(-12.49619934479,10.682705956771,3.1));
#1484 = CARTESIAN_POINT('',(-12.54734848484,10.725615530303,3.1));
#1485 = ORIENTED_EDGE('',*,*,#1486,.F.);
#1486 = EDGE_CURVE('',#1487,#1468,#1489,.T.);
#1487 = VERTEX_POINT('',#1488);
#1488 = CARTESIAN_POINT('',(-12.39820075757,8.969460227273,3.1));
#1489 = B_SPLINE_CURVE_WITH_KNOTS('',6,(#1490,#1491,#1492,#1493,#1494,
    #1495,#1496,#1497,#1498,#1499,#1500,#1501),.UNSPECIFIED.,.F.,.F.,(7,
    5,7),(0.,0.170206839827,1.),.UNSPECIFIED.);
#1490 = CARTESIAN_POINT('',(-12.39820075757,8.969460227273,3.1));
#1491 = CARTESIAN_POINT('',(-12.38268291912,8.986840754186,3.1));
#1492 = CARTESIAN_POINT('',(-12.36768012405,9.004608073641,3.1));
#1493 = CARTESIAN_POINT('',(-12.35320126397,9.022757776186,3.1));
#1494 = CARTESIAN_POINT('',(-12.3392539441,9.041284418105,3.1));
#1495 = CARTESIAN_POINT('',(-12.32584448324,9.060181521414,3.1));
#1496 = CARTESIAN_POINT('',(-12.25025075604,9.173338269222,3.1));
#1497 = CARTESIAN_POINT('',(-12.20040075193,9.275899582782,3.1));
#1498 = CARTESIAN_POINT('',(-12.16410759462,9.386149013819,3.1));
#1499 = CARTESIAN_POINT('',(-12.14095439187,9.50277587487,3.1));
#1500 = CARTESIAN_POINT('',(-12.1299715909,9.624404304634,3.1));
#1501 = CARTESIAN_POINT('',(-12.1299715909,9.749763257576,3.1));
#1502 = ORIENTED_EDGE('',*,*,#1503,.F.);
#1503 = EDGE_CURVE('',#1504,#1487,#1506,.T.);
#1504 = VERTEX_POINT('',#1505);
#1505 = CARTESIAN_POINT('',(-13.17755681818,8.5625,3.1));
#1506 = B_SPLINE_CURVE_WITH_KNOTS('',5,(#1507,#1508,#1509,#1510,#1511,
    #1512,#1513,#1514,#1515,#1516),.UNSPECIFIED.,.F.,.F.,(6,4,6),(0.,
    0.5153063622,1.),.UNSPECIFIED.);
#1507 = CARTESIAN_POINT('',(-13.17755681818,8.5625,3.1));
#1508 = CARTESIAN_POINT('',(-13.07969347974,8.582888195509,3.1));
#1509 = CARTESIAN_POINT('',(-12.9850764558,8.608199576943,3.1));
#1510 = CARTESIAN_POINT('',(-12.89428299834,8.638842510839,3.1));
#1511 = CARTESIAN_POINT('',(-12.80803186445,8.675213081299,3.1));
#1512 = CARTESIAN_POINT('',(-12.65085181478,8.757288568963,3.1));
#1513 = CARTESIAN_POINT('',(-12.57930935893,8.80231410554,3.1));
#1514 = CARTESIAN_POINT('',(-12.51302456597,8.852733315609,3.1));
#1515 = CARTESIAN_POINT('',(-12.45254143088,8.908542988373,3.1));
#1516 = CARTESIAN_POINT('',(-12.39820075757,8.969460227273,3.1));
#1517 = ORIENTED_EDGE('',*,*,#1518,.T.);
#1518 = EDGE_CURVE('',#1504,#1519,#1521,.T.);
#1519 = VERTEX_POINT('',#1520);
#1520 = CARTESIAN_POINT('',(-13.17755681818,8.548295454545,3.1));
#1521 = LINE('',#1522,#1523);
#1522 = CARTESIAN_POINT('',(-13.17755681818,32.307937446008,3.1));
#1523 = VECTOR('',#1524,1.);
#1524 = DIRECTION('',(0.,-1.,0.));
#1525 = ORIENTED_EDGE('',*,*,#1526,.F.);
#1526 = EDGE_CURVE('',#1527,#1519,#1529,.T.);
#1527 = VERTEX_POINT('',#1528);
#1528 = CARTESIAN_POINT('',(-12.30397727272,8.171875,3.1));
#1529 = B_SPLINE_CURVE_WITH_KNOTS('',6,(#1530,#1531,#1532,#1533,#1534,
    #1535,#1536,#1537,#1538,#1539,#1540,#1541),.UNSPECIFIED.,.F.,.F.,(7,
    5,7),(0.,0.496403203765,1.),.UNSPECIFIED.);
#1530 = CARTESIAN_POINT('',(-12.30397727272,8.171875,3.1));
#1531 = CARTESIAN_POINT('',(-12.3578700157,8.226380160508,3.1));
#1532 = CARTESIAN_POINT('',(-12.41624478244,8.276369444226,3.1));
#1533 = CARTESIAN_POINT('',(-12.47889319161,8.321602878633,3.1));
#1534 = CARTESIAN_POINT('',(-12.54551232487,8.361994820792,3.1));
#1535 = CARTESIAN_POINT('',(-12.61573181085,8.397581058108,3.1));
#1536 = CARTESIAN_POINT('',(-12.76361381016,8.45983861557,3.1));
#1537 = CARTESIAN_POINT('',(-12.84138049229,8.486377922069,3.1));
#1538 = CARTESIAN_POINT('',(-12.92203781962,8.50824127782,3.1));
#1539 = CARTESIAN_POINT('',(-13.0051848765,8.525665777802,3.1));
#1540 = CARTESIAN_POINT('',(-13.09045978909,8.538924255213,3.1));
#1541 = CARTESIAN_POINT('',(-13.17755681818,8.548295454545,3.1));
#1542 = ORIENTED_EDGE('',*,*,#1543,.F.);
#1543 = EDGE_CURVE('',#1099,#1527,#1544,.T.);
#1544 = B_SPLINE_CURVE_WITH_KNOTS('',5,(#1545,#1546,#1547,#1548,#1549,
    #1550,#1551,#1552,#1553,#1554),.UNSPECIFIED.,.F.,.F.,(6,4,6),(0.,
    0.632798724688,1.),.UNSPECIFIED.);
#1545 = CARTESIAN_POINT('',(-11.99147727272,7.376420454545,3.1));
#1546 = CARTESIAN_POINT('',(-11.99147727272,7.492986814903,3.1));
#1547 = CARTESIAN_POINT('',(-12.00302519878,7.606460442758,3.1));
#1548 = CARTESIAN_POINT('',(-12.02728217739,7.715570016293,3.1));
#1549 = CARTESIAN_POINT('',(-12.0649668962,7.818981577045,3.1));
#1550 = CARTESIAN_POINT('',(-12.14483688416,7.971719963105,3.1));
#1551 = CARTESIAN_POINT('',(-12.17850099387,8.025542707398,3.1));
#1552 = CARTESIAN_POINT('',(-12.21639902442,8.076905468123,3.1));
#1553 = CARTESIAN_POINT('',(-12.2583192779,8.125698164329,3.1));
#1554 = CARTESIAN_POINT('',(-12.30397727272,8.171875,3.1));
#1555 = FACE_BOUND('',#1556,.T.);
#1556 = EDGE_LOOP('',(#1557,#1567,#1575,#1586,#1597,#1607,#1618,#1629,
    #1644,#1661,#1680,#1697,#1714,#1722,#1739,#1761,#1778,#1797,#1808,
    #1819,#1840,#1852,#1864,#1872));
#1557 = ORIENTED_EDGE('',*,*,#1558,.T.);
#1558 = EDGE_CURVE('',#1559,#1561,#1563,.T.);
#1559 = VERTEX_POINT('',#1560);
#1560 = CARTESIAN_POINT('',(-7.880681818182,6.,3.1));
#1561 = VERTEX_POINT('',#1562);
#1562 = CARTESIAN_POINT('',(-11.19389204545,6.,3.1));
#1563 = LINE('',#1564,#1565);
#1564 = CARTESIAN_POINT('',(-3.940340909091,6.,3.1));
#1565 = VECTOR('',#1566,1.);
#1566 = DIRECTION('',(-1.,0.,0.));
#1567 = ORIENTED_EDGE('',*,*,#1568,.T.);
#1568 = EDGE_CURVE('',#1561,#1569,#1571,.T.);
#1569 = VERTEX_POINT('',#1570);
#1570 = CARTESIAN_POINT('',(-11.19389204545,6.450994318182,3.1));
#1571 = LINE('',#1572,#1573);
#1572 = CARTESIAN_POINT('',(-11.19389204545,31.026687446008,3.1));
#1573 = VECTOR('',#1574,1.);
#1574 = DIRECTION('',(0.,1.,0.));
#1575 = ORIENTED_EDGE('',*,*,#1576,.F.);
#1576 = EDGE_CURVE('',#1577,#1569,#1579,.T.);
#1577 = VERTEX_POINT('',#1578);
#1578 = CARTESIAN_POINT('',(-10.75189393939,7.183948863636,3.1));
#1579 = B_SPLINE_CURVE_WITH_KNOTS('',5,(#1580,#1581,#1582,#1583,#1584,
    #1585),.UNSPECIFIED.,.F.,.F.,(6,6),(0.,1.),
  .PIECEWISE_BEZIER_KNOTS.);
#1580 = CARTESIAN_POINT('',(-10.75189393939,7.183948863636,3.1));
#1581 = CARTESIAN_POINT('',(-10.85815045955,7.054551177555,3.1));
#1582 = CARTESIAN_POINT('',(-10.95548140142,6.91583748495,3.1));
#1583 = CARTESIAN_POINT('',(-11.043754649,6.768467578163,3.1));
#1584 = CARTESIAN_POINT('',(-11.12312588268,6.613247716225,3.1));
#1585 = CARTESIAN_POINT('',(-11.19389204545,6.450994318182,3.1));
#1586 = ORIENTED_EDGE('',*,*,#1587,.F.);
#1587 = EDGE_CURVE('',#1588,#1577,#1590,.T.);
#1588 = VERTEX_POINT('',#1589);
#1589 = CARTESIAN_POINT('',(-10.203125,7.758996212121,3.1));
#1590 = B_SPLINE_CURVE_WITH_KNOTS('',5,(#1591,#1592,#1593,#1594,#1595,
    #1596),.UNSPECIFIED.,.F.,.F.,(6,6),(0.,1.),
  .PIECEWISE_BEZIER_KNOTS.);
#1591 = CARTESIAN_POINT('',(-10.203125,7.758996212121,3.1));
#1592 = CARTESIAN_POINT('',(-10.31952032452,7.654863111088,3.1));
#1593 = CARTESIAN_POINT('',(-10.43261879272,7.545073625865,3.1));
#1594 = CARTESIAN_POINT('',(-10.54238143259,7.429835224534,3.1));
#1595 = CARTESIAN_POINT('',(-10.64880126466,7.309379842317,3.1));
#1596 = CARTESIAN_POINT('',(-10.75189393939,7.183948863636,3.1));
#1597 = ORIENTED_EDGE('',*,*,#1598,.F.);
#1598 = EDGE_CURVE('',#1599,#1588,#1601,.T.);
#1599 = VERTEX_POINT('',#1600);
#1600 = CARTESIAN_POINT('',(-9.633285984848,8.236268939394,3.1));
#1601 = B_SPLINE_CURVE_WITH_KNOTS('',4,(#1602,#1603,#1604,#1605,#1606),
  .UNSPECIFIED.,.F.,.F.,(5,5),(0.,1.),.PIECEWISE_BEZIER_KNOTS.);
#1602 = CARTESIAN_POINT('',(-9.633285984848,8.236268939394,3.1));
#1603 = CARTESIAN_POINT('',(-9.776278430863,8.124826001183,3.1));
#1604 = CARTESIAN_POINT('',(-9.918955235237,8.007952574604,3.1));
#1605 = CARTESIAN_POINT('',(-10.06125288981,7.885922124695,3.1));
#1606 = CARTESIAN_POINT('',(-10.203125,7.758996212121,3.1));
#1607 = ORIENTED_EDGE('',*,*,#1608,.F.);
#1608 = EDGE_CURVE('',#1609,#1599,#1611,.T.);
#1609 = VERTEX_POINT('',#1610);
#1610 = CARTESIAN_POINT('',(-9.123579545455,8.676373106061,3.1));
#1611 = B_SPLINE_CURVE_WITH_KNOTS('',5,(#1612,#1613,#1614,#1615,#1616,
    #1617),.UNSPECIFIED.,.F.,.F.,(6,6),(0.,1.),
  .PIECEWISE_BEZIER_KNOTS.);
#1612 = CARTESIAN_POINT('',(-9.123579545455,8.676373106061,3.1));
#1613 = CARTESIAN_POINT('',(-9.216232504896,8.586712065101,3.1));
#1614 = CARTESIAN_POINT('',(-9.313766079351,8.497848167244,3.1));
#1615 = CARTESIAN_POINT('',(-9.415942158745,8.409809368059,3.1));
#1616 = CARTESIAN_POINT('',(-9.522523868811,8.322613254495,3.1));
#1617 = CARTESIAN_POINT('',(-9.633285984848,8.236268939394,3.1));
#1618 = ORIENTED_EDGE('',*,*,#1619,.F.);
#1619 = EDGE_CURVE('',#1620,#1609,#1622,.T.);
#1620 = VERTEX_POINT('',#1621);
#1621 = CARTESIAN_POINT('',(-8.75615530303,9.137784090909,3.1));
#1622 = B_SPLINE_CURVE_WITH_KNOTS('',5,(#1623,#1624,#1625,#1626,#1627,
    #1628),.UNSPECIFIED.,.F.,.F.,(6,6),(0.,1.),
  .PIECEWISE_BEZIER_KNOTS.);
#1623 = CARTESIAN_POINT('',(-8.75615530303,9.137784090909,3.1));
#1624 = CARTESIAN_POINT('',(-8.813045369342,9.039860142308,3.1));
#1625 = CARTESIAN_POINT('',(-8.878594213999,8.944644975571,3.1));
#1626 = CARTESIAN_POINT('',(-8.952491212356,8.852284829516,3.1));
#1627 = CARTESIAN_POINT('',(-9.034310239821,8.762852745893,3.1));
#1628 = CARTESIAN_POINT('',(-9.123579545455,8.676373106061,3.1));
#1629 = ORIENTED_EDGE('',*,*,#1630,.F.);
#1630 = EDGE_CURVE('',#1631,#1620,#1633,.T.);
#1631 = VERTEX_POINT('',#1632);
#1632 = CARTESIAN_POINT('',(-8.615767045455,9.684422348485,3.1));
#1633 = B_SPLINE_CURVE_WITH_KNOTS('',5,(#1634,#1635,#1636,#1637,#1638,
    #1639,#1640,#1641,#1642,#1643),.UNSPECIFIED.,.F.,.F.,(6,4,6),(0.,
    0.820119857332,1.),.UNSPECIFIED.);
#1634 = CARTESIAN_POINT('',(-8.615767045455,9.684422348485,3.1));
#1635 = CARTESIAN_POINT('',(-8.615767045455,9.586012990047,3.1));
#1636 = CARTESIAN_POINT('',(-8.624891876375,9.490610603799,3.1));
#1637 = CARTESIAN_POINT('',(-8.643561577146,9.398729385749,3.1));
#1638 = CARTESIAN_POINT('',(-8.671965554602,9.310833139531,3.1));
#1639 = CARTESIAN_POINT('',(-8.718261786248,9.208960305878,3.1));
#1640 = CARTESIAN_POINT('',(-8.727049825963,9.190844279631,3.1));
#1641 = CARTESIAN_POINT('',(-8.736296464527,9.172940770461,3.1));
#1642 = CARTESIAN_POINT('',(-8.745999321282,9.155253064574,3.1));
#1643 = CARTESIAN_POINT('',(-8.75615530303,9.137784090909,3.1));
#1644 = ORIENTED_EDGE('',*,*,#1645,.F.);
#1645 = EDGE_CURVE('',#1646,#1631,#1648,.T.);
#1646 = VERTEX_POINT('',#1647);
#1647 = CARTESIAN_POINT('',(-8.857244318182,10.323153409091,3.1));
#1648 = B_SPLINE_CURVE_WITH_KNOTS('',6,(#1649,#1650,#1651,#1652,#1653,
    #1654,#1655,#1656,#1657,#1658,#1659,#1660),.UNSPECIFIED.,.F.,.F.,(7,
    5,7),(0.,0.174125245484,1.),.UNSPECIFIED.);
#1649 = CARTESIAN_POINT('',(-8.857244318182,10.323153409091,3.1));
#1650 = CARTESIAN_POINT('',(-8.842955377143,10.309719002761,3.1));
#1651 = CARTESIAN_POINT('',(-8.829150604082,10.295874910265,3.1));
#1652 = CARTESIAN_POINT('',(-8.815838772058,10.281624074057,3.1));
#1653 = CARTESIAN_POINT('',(-8.803027368941,10.26697059207,3.1));
#1654 = CARTESIAN_POINT('',(-8.790722597421,10.251919717707,3.1));
#1655 = CARTESIAN_POINT('',(-8.722994208075,10.163237241966,3.1));
#1656 = CARTESIAN_POINT('',(-8.678543341486,10.081171096595,3.1));
#1657 = CARTESIAN_POINT('',(-8.646187948427,9.991043840274,3.1));
#1658 = CARTESIAN_POINT('',(-8.625552620404,9.894028769774,3.1));
#1659 = CARTESIAN_POINT('',(-8.615767045455,9.791414683034,3.1));
#1660 = CARTESIAN_POINT('',(-8.615767045455,9.684422348485,3.1));
#1661 = ORIENTED_EDGE('',*,*,#1662,.F.);
#1662 = EDGE_CURVE('',#1663,#1646,#1665,.T.);
#1663 = VERTEX_POINT('',#1664);
#1664 = CARTESIAN_POINT('',(-9.528409090909,10.550189393939,3.1));
#1665 = B_SPLINE_CURVE_WITH_KNOTS('',5,(#1666,#1667,#1668,#1669,#1670,
    #1671,#1672,#1673,#1674,#1675,#1676,#1677,#1678,#1679),
  .UNSPECIFIED.,.F.,.F.,(6,4,4,6),(0.,0.478423470544,0.932123543218,1.),
  .UNSPECIFIED.);
#1666 = CARTESIAN_POINT('',(-9.528409090909,10.550189393939,3.1));
#1667 = CARTESIAN_POINT('',(-9.451278510686,10.550189393939,3.1));
#1668 = CARTESIAN_POINT('',(-9.3763260159,10.545616909207,3.1));
#1669 = CARTESIAN_POINT('',(-9.303950287087,10.536091609167,3.1));
#1670 = CARTESIAN_POINT('',(-9.234624690554,10.521247838533,3.1));
#1671 = CARTESIAN_POINT('',(-9.106398976358,10.481578671178,3.1));
#1672 = CARTESIAN_POINT('',(-9.047138636644,10.457307038737,3.1));
#1673 = CARTESIAN_POINT('',(-8.991438726592,10.427907098103,3.1));
#1674 = CARTESIAN_POINT('',(-8.939642906359,10.393350939299,3.1));
#1675 = CARTESIAN_POINT('',(-8.88484169589,10.347912780437,3.1));
#1676 = CARTESIAN_POINT('',(-8.877802287701,10.341888300667,3.1));
#1677 = CARTESIAN_POINT('',(-8.870855847678,10.335753117128,3.1));
#1678 = CARTESIAN_POINT('',(-8.864003006185,10.329507901047,3.1));
#1679 = CARTESIAN_POINT('',(-8.857244318182,10.323153409091,3.1));
#1680 = ORIENTED_EDGE('',*,*,#1681,.F.);
#1681 = EDGE_CURVE('',#1682,#1663,#1684,.T.);
#1682 = VERTEX_POINT('',#1683);
#1683 = CARTESIAN_POINT('',(-10.20146780303,10.328125,3.1));
#1684 = B_SPLINE_CURVE_WITH_KNOTS('',6,(#1685,#1686,#1687,#1688,#1689,
    #1690,#1691,#1692,#1693,#1694,#1695,#1696),.UNSPECIFIED.,.F.,.F.,(7,
    5,7),(0.,0.159194883603,1.),.UNSPECIFIED.);
#1685 = CARTESIAN_POINT('',(-10.20146780303,10.328125,3.1));
#1686 = CARTESIAN_POINT('',(-10.187198722,10.340096733453,3.1));
#1687 = CARTESIAN_POINT('',(-10.17266494393,10.35169305771,3.1));
#1688 = CARTESIAN_POINT('',(-10.15786902401,10.362909600138,3.1));
#1689 = CARTESIAN_POINT('',(-10.14281397235,10.373742601141,3.1));
#1690 = CARTESIAN_POINT('',(-10.12750325397,10.384188914161,3.1));
#1691 = CARTESIAN_POINT('',(-10.02974593414,10.447363629914,3.1));
#1692 = CARTESIAN_POINT('',(-9.940503662666,10.489640071511,3.1));
#1693 = CARTESIAN_POINT('',(-9.844852934009,10.520645658916,3.1));
#1694 = CARTESIAN_POINT('',(-9.743656837965,10.540617924743,3.1));
#1695 = CARTESIAN_POINT('',(-9.637864597517,10.550189393939,3.1));
#1696 = CARTESIAN_POINT('',(-9.528409090909,10.550189393939,3.1));
#1697 = ORIENTED_EDGE('',*,*,#1698,.F.);
#1698 = EDGE_CURVE('',#1699,#1682,#1701,.T.);
#1699 = VERTEX_POINT('',#1700);
#1700 = CARTESIAN_POINT('',(-10.51207386363,9.705018939394,3.1));
#1701 = B_SPLINE_CURVE_WITH_KNOTS('',6,(#1702,#1703,#1704,#1705,#1706,
    #1707,#1708,#1709,#1710,#1711,#1712,#1713),.UNSPECIFIED.,.F.,.F.,(7,
    5,7),(0.,0.779353269625,1.),.UNSPECIFIED.);
#1702 = CARTESIAN_POINT('',(-10.51207386363,9.705018939394,3.1));
#1703 = CARTESIAN_POINT('',(-10.50060867428,9.804677893028,3.1));
#1704 = CARTESIAN_POINT('',(-10.48080407744,9.899968129639,3.1));
#1705 = CARTESIAN_POINT('',(-10.45201119572,9.989962231513,3.1));
#1706 = CARTESIAN_POINT('',(-10.41376222943,10.073742170886,3.1));
#1707 = CARTESIAN_POINT('',(-10.36593632849,10.150510978159,3.1));
#1708 = CARTESIAN_POINT('',(-10.29286154567,10.239342468894,3.1));
#1709 = CARTESIAN_POINT('',(-10.27600497736,10.258340348056,3.1));
#1710 = CARTESIAN_POINT('',(-10.25842463689,10.276724843602,3.1));
#1711 = CARTESIAN_POINT('',(-10.24013200704,10.294487458699,3.1));
#1712 = CARTESIAN_POINT('',(-10.22114096914,10.311622084471,3.1));
#1713 = CARTESIAN_POINT('',(-10.20146780303,10.328125,3.1));
#1714 = ORIENTED_EDGE('',*,*,#1715,.T.);
#1715 = EDGE_CURVE('',#1699,#1716,#1718,.T.);
#1716 = VERTEX_POINT('',#1717);
#1717 = CARTESIAN_POINT('',(-11.16548295454,9.765388257576,3.1));
#1718 = LINE('',#1719,#1720);
#1719 = CARTESIAN_POINT('',(-7.423494052427,9.419661022054,3.1));
#1720 = VECTOR('',#1721,1.);
#1721 = DIRECTION('',(-0.995759055224,9.199947792832E-02,0.));
#1722 = ORIENTED_EDGE('',*,*,#1723,.F.);
#1723 = EDGE_CURVE('',#1724,#1716,#1726,.T.);
#1724 = VERTEX_POINT('',#1725);
#1725 = CARTESIAN_POINT('',(-10.65601325757,10.720643939394,3.1));
#1726 = B_SPLINE_CURVE_WITH_KNOTS('',6,(#1727,#1728,#1729,#1730,#1731,
    #1732,#1733,#1734,#1735,#1736,#1737,#1738),.UNSPECIFIED.,.F.,.F.,(7,
    5,7),(0.,0.37674751226,1.),.UNSPECIFIED.);
#1727 = CARTESIAN_POINT('',(-10.65601325757,10.720643939394,3.1));
#1728 = CARTESIAN_POINT('',(-10.71062244661,10.676414034665,3.1));
#1729 = CARTESIAN_POINT('',(-10.76234816988,10.629468955732,3.1));
#1730 = CARTESIAN_POINT('',(-10.81095091013,10.579816627244,3.1));
#1731 = CARTESIAN_POINT('',(-10.85622280667,10.527506275048,3.1));
#1732 = CARTESIAN_POINT('',(-10.8980003196,10.472638520282,3.1));
#1733 = CARTESIAN_POINT('',(-10.99933230745,10.320645355274,3.1));
#1734 = CARTESIAN_POINT('',(-11.05266019205,10.219319439978,3.1));
#1735 = CARTESIAN_POINT('',(-11.09563051997,10.112166737042,3.1));
#1736 = CARTESIAN_POINT('',(-11.12837567581,10.000136332857,3.1));
#1737 = CARTESIAN_POINT('',(-11.1514192705,9.884226387754,3.1));
#1738 = CARTESIAN_POINT('',(-11.16548295454,9.765388257576,3.1));
#1739 = ORIENTED_EDGE('',*,*,#1740,.F.);
#1740 = EDGE_CURVE('',#1741,#1724,#1743,.T.);
#1741 = VERTEX_POINT('',#1742);
#1742 = CARTESIAN_POINT('',(-9.528409090909,11.075757575758,3.1));
#1743 = B_SPLINE_CURVE_WITH_KNOTS('',6,(#1744,#1745,#1746,#1747,#1748,
    #1749,#1750,#1751,#1752,#1753,#1754,#1755,#1756,#1757,#1758,#1759,
    #1760),.UNSPECIFIED.,.F.,.F.,(7,5,5,7),(0.,0.474192757616,
    0.917329371913,1.),.UNSPECIFIED.);
#1744 = CARTESIAN_POINT('',(-9.528409090909,11.075757575758,3.1));
#1745 = CARTESIAN_POINT('',(-9.628663332184,11.075757575758,3.1));
#1746 = CARTESIAN_POINT('',(-9.727822549886,11.071245424386,3.1));
#1747 = CARTESIAN_POINT('',(-9.825606568709,11.061869133823,3.1));
#1748 = CARTESIAN_POINT('',(-9.921666883808,11.047274912965,3.1));
#1749 = CARTESIAN_POINT('',(-10.01559897393,11.02714317451,3.1));
#1750 = CARTESIAN_POINT('',(-10.19235605766,10.977086528787,3.1));
#1751 = CARTESIAN_POINT('',(-10.27551569106,10.94788647821,3.1));
#1752 = CARTESIAN_POINT('',(-10.35607107353,10.913503487379,3.1));
#1753 = CARTESIAN_POINT('',(-10.43366185242,10.87385870293,3.1));
#1754 = CARTESIAN_POINT('',(-10.5079639685,10.82899223002,3.1));
#1755 = CARTESIAN_POINT('',(-10.59190693422,10.769788727985,3.1));
#1756 = CARTESIAN_POINT('',(-10.60498143585,10.76030517691,3.1));
#1757 = CARTESIAN_POINT('',(-10.617930784,10.750647564342,3.1));
#1758 = CARTESIAN_POINT('',(-10.63075345902,10.74081718012,3.1));
#1759 = CARTESIAN_POINT('',(-10.64344805055,10.730815450748,3.1));
#1760 = CARTESIAN_POINT('',(-10.65601325757,10.720643939394,3.1));
#1761 = ORIENTED_EDGE('',*,*,#1762,.F.);
#1762 = EDGE_CURVE('',#1763,#1741,#1765,.T.);
#1763 = VERTEX_POINT('',#1764);
#1764 = CARTESIAN_POINT('',(-8.36553030303,10.718986742424,3.1));
#1765 = B_SPLINE_CURVE_WITH_KNOTS('',6,(#1766,#1767,#1768,#1769,#1770,
    #1771,#1772,#1773,#1774,#1775,#1776,#1777),.UNSPECIFIED.,.F.,.F.,(7,
    5,7),(0.,0.560379236464,1.),.UNSPECIFIED.);
#1766 = CARTESIAN_POINT('',(-8.36553030303,10.718986742424,3.1));
#1767 = CARTESIAN_POINT('',(-8.447884780667,10.791268744637,3.1));
#1768 = CARTESIAN_POINT('',(-8.53860134876,10.854540012512,3.1));
#1769 = CARTESIAN_POINT('',(-8.636805370736,10.908222233838,3.1));
#1770 = CARTESIAN_POINT('',(-8.741317980186,10.952498807357,3.1));
#1771 = CARTESIAN_POINT('',(-8.850927015248,10.987921577522,3.1));
#1772 = CARTESIAN_POINT('',(-9.053663570373,11.036596275168,3.1));
#1773 = CARTESIAN_POINT('',(-9.145283330326,11.052988247863,3.1));
#1774 = CARTESIAN_POINT('',(-9.238930230578,11.064723812062,3.1));
#1775 = CARTESIAN_POINT('',(-9.334199451367,11.072190655916,3.1));
#1776 = CARTESIAN_POINT('',(-9.430769561539,11.075757575758,3.1));
#1777 = CARTESIAN_POINT('',(-9.528409090909,11.075757575758,3.1));
#1778 = ORIENTED_EDGE('',*,*,#1779,.F.);
#1779 = EDGE_CURVE('',#1780,#1763,#1782,.T.);
#1780 = VERTEX_POINT('',#1781);
#1781 = CARTESIAN_POINT('',(-7.958806818182,9.705729166667,3.1));
#1782 = B_SPLINE_CURVE_WITH_KNOTS('',5,(#1783,#1784,#1785,#1786,#1787,
    #1788,#1789,#1790,#1791,#1792,#1793,#1794,#1795,#1796),
  .UNSPECIFIED.,.F.,.F.,(6,4,4,6),(0.,0.287207312985,0.778135836071,1.),
  .UNSPECIFIED.);
#1783 = CARTESIAN_POINT('',(-7.958806818182,9.705729166667,3.1));
#1784 = CARTESIAN_POINT('',(-7.958806818182,9.774640612092,3.1));
#1785 = CARTESIAN_POINT('',(-7.961605885015,9.842793757313,3.1));
#1786 = CARTESIAN_POINT('',(-7.967415789366,9.910017587663,3.1));
#1787 = CARTESIAN_POINT('',(-7.976454541698,9.976094574982,3.1));
#1788 = CARTESIAN_POINT('',(-8.010167412131,10.151341246089,3.1));
#1789 = CARTESIAN_POINT('',(-8.041395376717,10.25788687144,3.1));
#1790 = CARTESIAN_POINT('',(-8.083444317313,10.359039877526,3.1));
#1791 = CARTESIAN_POINT('',(-8.136755183108,10.453393767292,3.1));
#1792 = CARTESIAN_POINT('',(-8.229424101299,10.579069907096,3.1));
#1793 = CARTESIAN_POINT('',(-8.260420014692,10.616601898067,3.1));
#1794 = CARTESIAN_POINT('',(-8.293504678572,10.652461739656,3.1));
#1795 = CARTESIAN_POINT('',(-8.328581983648,10.686597819846,3.1));
#1796 = CARTESIAN_POINT('',(-8.36553030303,10.718986742424,3.1));
#1797 = ORIENTED_EDGE('',*,*,#1798,.F.);
#1798 = EDGE_CURVE('',#1799,#1780,#1801,.T.);
#1799 = VERTEX_POINT('',#1800);
#1800 = CARTESIAN_POINT('',(-8.09209280303,9.127130681818,3.1));
#1801 = B_SPLINE_CURVE_WITH_KNOTS('',5,(#1802,#1803,#1804,#1805,#1806,
    #1807),.UNSPECIFIED.,.F.,.F.,(6,6),(0.,1.),
  .PIECEWISE_BEZIER_KNOTS.);
#1802 = CARTESIAN_POINT('',(-8.09209280303,9.127130681818,3.1));
#1803 = CARTESIAN_POINT('',(-8.039615575528,9.240380826428,3.1));
#1804 = CARTESIAN_POINT('',(-7.999426498145,9.355301102584,3.1));
#1805 = CARTESIAN_POINT('',(-7.972331767787,9.471495430842,3.1));
#1806 = CARTESIAN_POINT('',(-7.958806818182,9.588492150916,3.1));
#1807 = CARTESIAN_POINT('',(-7.958806818182,9.705729166667,3.1));
#1808 = ORIENTED_EDGE('',*,*,#1809,.F.);
#1809 = EDGE_CURVE('',#1810,#1799,#1812,.T.);
#1810 = VERTEX_POINT('',#1811);
#1811 = CARTESIAN_POINT('',(-8.487926136364,8.552083333333,3.1));
#1812 = B_SPLINE_CURVE_WITH_KNOTS('',5,(#1813,#1814,#1815,#1816,#1817,
    #1818),.UNSPECIFIED.,.F.,.F.,(6,6),(0.,1.),
  .PIECEWISE_BEZIER_KNOTS.);
#1813 = CARTESIAN_POINT('',(-8.487926136364,8.552083333333,3.1));
#1814 = CARTESIAN_POINT('',(-8.386636891603,8.662953993139,3.1));
#1815 = CARTESIAN_POINT('',(-8.295317685532,8.776076526725,3.1));
#1816 = CARTESIAN_POINT('',(-8.215057884566,8.891333081284,3.1));
#1817 = CARTESIAN_POINT('',(-8.147016675996,9.008487297867,3.1));
#1818 = CARTESIAN_POINT('',(-8.09209280303,9.127130681818,3.1));
#1819 = ORIENTED_EDGE('',*,*,#1820,.F.);
#1820 = EDGE_CURVE('',#1821,#1810,#1823,.T.);
#1821 = VERTEX_POINT('',#1822);
#1822 = CARTESIAN_POINT('',(-9.492897727273,7.661458333333,3.1));
#1823 = B_SPLINE_CURVE_WITH_KNOTS('',8,(#1824,#1825,#1826,#1827,#1828,
    #1829,#1830,#1831,#1832,#1833,#1834,#1835,#1836,#1837,#1838,#1839),
  .UNSPECIFIED.,.F.,.F.,(9,7,9),(0.,0.760993948427,1.),.UNSPECIFIED.);
#1824 = CARTESIAN_POINT('',(-9.492897727273,7.661458333333,3.1));
#1825 = CARTESIAN_POINT('',(-9.382479674922,7.751201617987,3.1));
#1826 = CARTESIAN_POINT('',(-9.273874608876,7.840405219148,3.1));
#1827 = CARTESIAN_POINT('',(-9.167192653346,7.929104590333,3.1));
#1828 = CARTESIAN_POINT('',(-9.062761281142,8.01720260475,3.1));
#1829 = CARTESIAN_POINT('',(-8.961112024285,8.104475697163,3.1));
#1830 = CARTESIAN_POINT('',(-8.863087610126,8.190534647168,3.1));
#1831 = CARTESIAN_POINT('',(-8.769797118791,8.274841425669,3.1));
#1832 = CARTESIAN_POINT('',(-8.655836683144,8.382214224562,3.1));
#1833 = CARTESIAN_POINT('',(-8.629260743177,8.407608118463,3.1));
#1834 = CARTESIAN_POINT('',(-8.603405113146,8.432704393812,3.1));
#1835 = CARTESIAN_POINT('',(-8.578341733757,8.457465422036,3.1));
#1836 = CARTESIAN_POINT('',(-8.554155903137,8.481844515271,3.1));
#1837 = CARTESIAN_POINT('',(-8.530946709686,8.505785731902,3.1));
#1838 = CARTESIAN_POINT('',(-8.508827464927,8.529223682094,3.1));
#1839 = CARTESIAN_POINT('',(-8.487926136364,8.552083333333,3.1));
#1840 = ORIENTED_EDGE('',*,*,#1841,.F.);
#1841 = EDGE_CURVE('',#1842,#1821,#1844,.T.);
#1842 = VERTEX_POINT('',#1843);
#1843 = CARTESIAN_POINT('',(-10.14275568181,7.059659090909,3.1));
#1844 = B_SPLINE_CURVE_WITH_KNOTS('',6,(#1845,#1846,#1847,#1848,#1849,
    #1850,#1851),.UNSPECIFIED.,.F.,.F.,(7,7),(0.,1.),
  .PIECEWISE_BEZIER_KNOTS.);
#1845 = CARTESIAN_POINT('',(-10.14275568181,7.059659090909,3.1));
#1846 = CARTESIAN_POINT('',(-10.05538841717,7.156619623832,3.1));
#1847 = CARTESIAN_POINT('',(-9.957822394674,7.255519689437,3.1));
#1848 = CARTESIAN_POINT('',(-9.851608145996,7.355810490142,3.1));
#1849 = CARTESIAN_POINT('',(-9.738065989978,7.457068864841,3.1));
#1850 = CARTESIAN_POINT('',(-9.618240667554,7.559004103886,3.1));
#1851 = CARTESIAN_POINT('',(-9.492897727273,7.661458333333,3.1));
#1852 = ORIENTED_EDGE('',*,*,#1853,.F.);
#1853 = EDGE_CURVE('',#1854,#1842,#1856,.T.);
#1854 = VERTEX_POINT('',#1855);
#1855 = CARTESIAN_POINT('',(-10.49076704545,6.543323863636,3.1));
#1856 = B_SPLINE_CURVE_WITH_KNOTS('',6,(#1857,#1858,#1859,#1860,#1861,
    #1862,#1863),.UNSPECIFIED.,.F.,.F.,(7,7),(0.,1.),
  .PIECEWISE_BEZIER_KNOTS.);
#1857 = CARTESIAN_POINT('',(-10.49076704545,6.543323863636,3.1));
#1858 = CARTESIAN_POINT('',(-10.45389306602,6.629281206797,3.1));
#1859 = CARTESIAN_POINT('',(-10.40777619277,6.715585713345,3.1));
#1860 = CARTESIAN_POINT('',(-10.35295390129,6.801970050979,3.1));
#1861 = CARTESIAN_POINT('',(-10.29007540004,6.888215966824,3.1));
#1862 = CARTESIAN_POINT('',(-10.21980159278,6.974153236776,3.1));
#1863 = CARTESIAN_POINT('',(-10.14275568181,7.059659090909,3.1));
#1864 = ORIENTED_EDGE('',*,*,#1865,.T.);
#1865 = EDGE_CURVE('',#1854,#1866,#1868,.T.);
#1866 = VERTEX_POINT('',#1867);
#1867 = CARTESIAN_POINT('',(-7.880681818182,6.543323863636,3.1));
#1868 = LINE('',#1869,#1870);
#1869 = CARTESIAN_POINT('',(-5.245383522727,6.543323863636,3.1));
#1870 = VECTOR('',#1871,1.);
#1871 = DIRECTION('',(1.,0.,-0.));
#1872 = ORIENTED_EDGE('',*,*,#1873,.T.);
#1873 = EDGE_CURVE('',#1866,#1559,#1874,.T.);
#1874 = LINE('',#1875,#1876);
#1875 = CARTESIAN_POINT('',(-7.880681818182,31.298349377826,3.1));
#1876 = VECTOR('',#1877,1.);
#1877 = DIRECTION('',(0.,-1.,0.));
#1878 = FACE_BOUND('',#1879,.T.);
#1879 = EDGE_LOOP('',(#1880,#1890,#1898,#1906));
#1880 = ORIENTED_EDGE('',*,*,#1881,.T.);
#1881 = EDGE_CURVE('',#1882,#1884,#1886,.T.);
#1882 = VERTEX_POINT('',#1883);
#1883 = CARTESIAN_POINT('',(-5.303977272727,7.643939393939,3.1));
#1884 = VERTEX_POINT('',#1885);
#1885 = CARTESIAN_POINT('',(-7.079545454545,7.643939393939,3.1));
#1886 = LINE('',#1887,#1888);
#1887 = CARTESIAN_POINT('',(-2.651988636364,7.643939393939,3.1));
#1888 = VECTOR('',#1889,1.);
#1889 = DIRECTION('',(-1.,0.,0.));
#1890 = ORIENTED_EDGE('',*,*,#1891,.T.);
#1891 = EDGE_CURVE('',#1884,#1892,#1894,.T.);
#1892 = VERTEX_POINT('',#1893);
#1893 = CARTESIAN_POINT('',(-7.079545454545,8.212121212121,3.1));
#1894 = LINE('',#1895,#1896);
#1895 = CARTESIAN_POINT('',(-7.079545454545,31.848657142978,3.1));
#1896 = VECTOR('',#1897,1.);
#1897 = DIRECTION('',(0.,1.,0.));
#1898 = ORIENTED_EDGE('',*,*,#1899,.T.);
#1899 = EDGE_CURVE('',#1892,#1900,#1902,.T.);
#1900 = VERTEX_POINT('',#1901);
#1901 = CARTESIAN_POINT('',(-5.303977272727,8.212121212121,3.1));
#1902 = LINE('',#1903,#1904);
#1903 = CARTESIAN_POINT('',(-3.539772727273,8.212121212121,3.1));
#1904 = VECTOR('',#1905,1.);
#1905 = DIRECTION('',(1.,0.,-0.));
#1906 = ORIENTED_EDGE('',*,*,#1907,.T.);
#1907 = EDGE_CURVE('',#1900,#1882,#1908,.T.);
#1908 = LINE('',#1909,#1910);
#1909 = CARTESIAN_POINT('',(-5.303977272727,32.132748052068,3.1));
#1910 = VECTOR('',#1911,1.);
#1911 = DIRECTION('',(0.,-1.,0.));
#1912 = FACE_BOUND('',#1913,.T.);
#1913 = EDGE_LOOP('',(#1914,#1939,#1961,#1984,#2003,#2030,#2038,#2055,
    #2074,#2089,#2104,#2119,#2146,#2169,#2186,#2203,#2211,#2226));
#1914 = ORIENTED_EDGE('',*,*,#1915,.F.);
#1915 = EDGE_CURVE('',#1916,#1918,#1920,.T.);
#1916 = VERTEX_POINT('',#1917);
#1917 = CARTESIAN_POINT('',(-3.347064393939,9.986979166667,3.1));
#1918 = VERTEX_POINT('',#1919);
#1919 = CARTESIAN_POINT('',(-2.054450757576,10.52178030303,3.1));
#1920 = B_SPLINE_CURVE_WITH_KNOTS('',5,(#1921,#1922,#1923,#1924,#1925,
    #1926,#1927,#1928,#1929,#1930,#1931,#1932,#1933,#1934,#1935,#1936,
    #1937,#1938),.UNSPECIFIED.,.F.,.F.,(6,4,4,4,6),(0.,0.264914420468,
    0.492515627996,0.726269648187,1.),.UNSPECIFIED.);
#1921 = CARTESIAN_POINT('',(-3.347064393939,9.986979166667,3.1));
#1922 = CARTESIAN_POINT('',(-3.297367440299,10.044551176038,3.1));
#1923 = CARTESIAN_POINT('',(-3.244476252002,10.098851188315,3.1));
#1924 = CARTESIAN_POINT('',(-3.188429129402,10.149543332312,3.1));
#1925 = CARTESIAN_POINT('',(-3.129349474527,10.196355881277,3.1));
#1926 = CARTESIAN_POINT('',(-3.014324510382,10.275865239258,3.1));
#1927 = CARTESIAN_POINT('',(-2.959104913912,10.309624921124,3.1));
#1928 = CARTESIAN_POINT('',(-2.901972164352,10.34029593756,3.1));
#1929 = CARTESIAN_POINT('',(-2.843109791982,10.367851445093,3.1));
#1930 = CARTESIAN_POINT('',(-2.720702893551,10.417458535869,3.1));
#1931 = CARTESIAN_POINT('',(-2.657071424108,10.439342491645,3.1));
#1932 = CARTESIAN_POINT('',(-2.592045504334,10.458012870692,3.1));
#1933 = CARTESIAN_POINT('',(-2.52583934541,10.473579520874,3.1));
#1934 = CARTESIAN_POINT('',(-2.379961049806,10.500939306169,3.1));
#1935 = CARTESIAN_POINT('',(-2.299921845101,10.511631819563,3.1));
#1936 = CARTESIAN_POINT('',(-2.21883081983,10.5184860566,3.1));
#1937 = CARTESIAN_POINT('',(-2.136943395142,10.52178030303,3.1));
#1938 = CARTESIAN_POINT('',(-2.054450757576,10.52178030303,3.1));
#1939 = ORIENTED_EDGE('',*,*,#1940,.F.);
#1940 = EDGE_CURVE('',#1941,#1916,#1943,.T.);
#1941 = VERTEX_POINT('',#1942);
#1942 = CARTESIAN_POINT('',(-3.808712121212,8.521306818182,3.1));
#1943 = B_SPLINE_CURVE_WITH_KNOTS('',6,(#1944,#1945,#1946,#1947,#1948,
    #1949,#1950,#1951,#1952,#1953,#1954,#1955,#1956,#1957,#1958,#1959,
    #1960),.UNSPECIFIED.,.F.,.F.,(7,5,5,7),(0.,0.411583421881,
    0.71075153307,1.),.UNSPECIFIED.);
#1944 = CARTESIAN_POINT('',(-3.808712121212,8.521306818182,3.1));
#1945 = CARTESIAN_POINT('',(-3.808712121212,8.633897546154,3.1));
#1946 = CARTESIAN_POINT('',(-3.804659989874,8.745703924808,3.1));
#1947 = CARTESIAN_POINT('',(-3.796192103463,8.856506052782,3.1));
#1948 = CARTESIAN_POINT('',(-3.782909476835,8.965993165305,3.1));
#1949 = CARTESIAN_POINT('',(-3.764397082901,9.073769081854,3.1));
#1950 = CARTESIAN_POINT('',(-3.722757563954,9.256128543921,3.1));
#1951 = CARTESIAN_POINT('',(-3.702272282818,9.331735444016,3.1));
#1952 = CARTESIAN_POINT('',(-3.678689175674,9.406005390834,3.1));
#1953 = CARTESIAN_POINT('',(-3.651882648727,9.478730066929,3.1));
#1954 = CARTESIAN_POINT('',(-3.621760594258,9.549688107668,3.1));
#1955 = CARTESIAN_POINT('',(-3.555917605497,9.685334926141,3.1));
#1956 = CARTESIAN_POINT('',(-3.520413201253,9.750158529636,3.1));
#1957 = CARTESIAN_POINT('',(-3.481738837251,9.812915548069,3.1));
#1958 = CARTESIAN_POINT('',(-3.439904497175,9.873412617631,3.1));
#1959 = CARTESIAN_POINT('',(-3.394971932517,9.931480125822,3.1));
#1960 = CARTESIAN_POINT('',(-3.347064393939,9.986979166667,3.1));
#1961 = ORIENTED_EDGE('',*,*,#1962,.F.);
#1962 = EDGE_CURVE('',#1963,#1941,#1965,.T.);
#1963 = VERTEX_POINT('',#1964);
#1964 = CARTESIAN_POINT('',(-3.327651515152,7.041429924242,3.1));
#1965 = B_SPLINE_CURVE_WITH_KNOTS('',5,(#1966,#1967,#1968,#1969,#1970,
    #1971,#1972,#1973,#1974,#1975,#1976,#1977,#1978,#1979,#1980,#1981,
    #1982,#1983),.UNSPECIFIED.,.F.,.F.,(6,4,4,4,6),(0.,
    7.770021712607E-02,0.354097344841,0.639732676449,1.),.UNSPECIFIED.);
#1966 = CARTESIAN_POINT('',(-3.327651515152,7.041429924242,3.1));
#1967 = CARTESIAN_POINT('',(-3.343414212559,7.059768022998,3.1));
#1968 = CARTESIAN_POINT('',(-3.358866147534,7.078362076445,3.1));
#1969 = CARTESIAN_POINT('',(-3.374002352491,7.097208199818,3.1));
#1970 = CARTESIAN_POINT('',(-3.388818480049,7.116301967282,3.1));
#1971 = CARTESIAN_POINT('',(-3.454863251583,7.204422489495,3.1));
#1972 = CARTESIAN_POINT('',(-3.502321003474,7.276280885827,3.1));
#1973 = CARTESIAN_POINT('',(-3.545508166791,7.350980798903,3.1));
#1974 = CARTESIAN_POINT('',(-3.584380603645,7.428232437765,3.1));
#1975 = CARTESIAN_POINT('',(-3.654755183183,7.589847744381,3.1));
#1976 = CARTESIAN_POINT('',(-3.685969924075,7.674368616129,3.1));
#1977 = CARTESIAN_POINT('',(-3.71269354966,7.760926203614,3.1));
#1978 = CARTESIAN_POINT('',(-3.735106097064,7.849180569861,3.1));
#1979 = CARTESIAN_POINT('',(-3.776537477412,8.051914522827,3.1));
#1980 = CARTESIAN_POINT('',(-3.793139020539,8.167220026266,3.1));
#1981 = CARTESIAN_POINT('',(-3.803683958286,8.284174236459,3.1));
#1982 = CARTESIAN_POINT('',(-3.808712121212,8.40230969412,3.1));
#1983 = CARTESIAN_POINT('',(-3.808712121212,8.521306818182,3.1));
#1984 = ORIENTED_EDGE('',*,*,#1985,.F.);
#1985 = EDGE_CURVE('',#1986,#1963,#1988,.T.);
#1986 = VERTEX_POINT('',#1987);
#1987 = CARTESIAN_POINT('',(-2.026041666667,6.481770833333,3.1));
#1988 = B_SPLINE_CURVE_WITH_KNOTS('',5,(#1989,#1990,#1991,#1992,#1993,
    #1994,#1995,#1996,#1997,#1998,#1999,#2000,#2001,#2002),
  .UNSPECIFIED.,.F.,.F.,(6,4,4,6),(0.,0.234207259345,0.656073710179,1.),
  .UNSPECIFIED.);
#1989 = CARTESIAN_POINT('',(-2.026041666667,6.481770833333,3.1));
#1990 = CARTESIAN_POINT('',(-2.096992640855,6.481770833333,3.1));
#1991 = CARTESIAN_POINT('',(-2.167514285742,6.484387641707,3.1));
#1992 = CARTESIAN_POINT('',(-2.237475964511,6.489791373938,3.1));
#1993 = CARTESIAN_POINT('',(-2.306714511617,6.498151303657,3.1));
#1994 = CARTESIAN_POINT('',(-2.498117511118,6.530227934235,3.1));
#1995 = CARTESIAN_POINT('',(-2.618283529459,6.560890187926,3.1));
#1996 = CARTESIAN_POINT('',(-2.734326381581,6.602366350103,3.1));
#1997 = CARTESIAN_POINT('',(-2.844983421764,6.655027079489,3.1));
#1998 = CARTESIAN_POINT('',(-3.034187923835,6.769750320702,3.1));
#1999 = CARTESIAN_POINT('',(-3.114921652328,6.828296928869,3.1));
#2000 = CARTESIAN_POINT('',(-3.190859842091,6.893534449702,3.1));
#2001 = CARTESIAN_POINT('',(-3.261778160344,6.964831492976,3.1));
#2002 = CARTESIAN_POINT('',(-3.327651515152,7.041429924242,3.1));
#2003 = ORIENTED_EDGE('',*,*,#2004,.F.);
#2004 = EDGE_CURVE('',#2005,#1986,#2007,.T.);
#2005 = VERTEX_POINT('',#2006);
#2006 = CARTESIAN_POINT('',(-0.445785984848,7.515151515152,3.1));
#2007 = B_SPLINE_CURVE_WITH_KNOTS('',5,(#2008,#2009,#2010,#2011,#2012,
    #2013,#2014,#2015,#2016,#2017,#2018,#2019,#2020,#2021,#2022,#2023,
    #2024,#2025,#2026,#2027,#2028,#2029),.UNSPECIFIED.,.F.,.F.,(6,4,4,4,
    4,6),(0.,0.237490096024,0.358960717896,0.598572931335,0.860943570954
    ,1.),.UNSPECIFIED.);
#2008 = CARTESIAN_POINT('',(-0.445785984848,7.515151515152,3.1));
#2009 = CARTESIAN_POINT('',(-0.490244494089,7.428323151467,3.1));
#2010 = CARTESIAN_POINT('',(-0.538162130472,7.343798241398,3.1));
#2011 = CARTESIAN_POINT('',(-0.589804678673,7.261993972255,3.1));
#2012 = CARTESIAN_POINT('',(-0.645423056034,7.183474610411,3.1));
#2013 = CARTESIAN_POINT('',(-0.735702799337,7.070709372518,3.1));
#2014 = CARTESIAN_POINT('',(-0.767327669189,7.033574837796,3.1));
#2015 = CARTESIAN_POINT('',(-0.800043600691,6.997550196657,3.1));
#2016 = CARTESIAN_POINT('',(-0.83385757194,6.962725210559,3.1));
#2017 = CARTESIAN_POINT('',(-0.937610696964,6.863031116632,3.1));
#2018 = CARTESIAN_POINT('',(-1.010712820366,6.801870361898,3.1));
#2019 = CARTESIAN_POINT('',(-1.087969975394,6.746412025802,3.1));
#2020 = CARTESIAN_POINT('',(-1.16910304265,6.697238860129,3.1));
#2021 = CARTESIAN_POINT('',(-1.345987696507,6.607986263999,3.1));
#2022 = CARTESIAN_POINT('',(-1.442430473491,6.569196780718,3.1));
#2023 = CARTESIAN_POINT('',(-1.542104843547,6.538656535981,3.1));
#2024 = CARTESIAN_POINT('',(-1.64417182021,6.516146590152,3.1));
#2025 = CARTESIAN_POINT('',(-1.80276583402,6.493226831474,3.1));
#2026 = CARTESIAN_POINT('',(-1.858158010721,6.487401226875,3.1));
#2027 = CARTESIAN_POINT('',(-1.913895313596,6.483614435253,3.1));
#2028 = CARTESIAN_POINT('',(-1.969882641575,6.481770833333,3.1));
#2029 = CARTESIAN_POINT('',(-2.026041666667,6.481770833333,3.1));
#2030 = ORIENTED_EDGE('',*,*,#2031,.T.);
#2031 = EDGE_CURVE('',#2005,#2032,#2034,.T.);
#2032 = VERTEX_POINT('',#2033);
#2033 = CARTESIAN_POINT('',(0.108191287879,7.239346590909,3.1));
#2034 = LINE('',#2035,#2036);
#2035 = CARTESIAN_POINT('',(-9.949842140906,12.246871780881,3.1));
#2036 = VECTOR('',#2037,1.);
#2037 = DIRECTION('',(0.895191002499,-0.445682699962,0.));
#2038 = ORIENTED_EDGE('',*,*,#2039,.F.);
#2039 = EDGE_CURVE('',#2040,#2032,#2042,.T.);
#2040 = VERTEX_POINT('',#2041);
#2041 = CARTESIAN_POINT('',(-0.760179924242,6.259943181818,3.1));
#2042 = B_SPLINE_CURVE_WITH_KNOTS('',6,(#2043,#2044,#2045,#2046,#2047,
    #2048,#2049,#2050,#2051,#2052,#2053,#2054),.UNSPECIFIED.,.F.,.F.,(7,
    5,7),(0.,0.230406588604,1.),.UNSPECIFIED.);
#2043 = CARTESIAN_POINT('',(-0.760179924242,6.259943181818,3.1));
#2044 = CARTESIAN_POINT('',(-0.716730910164,6.286034654936,3.1));
#2045 = CARTESIAN_POINT('',(-0.674077878603,6.313305496048,3.1));
#2046 = CARTESIAN_POINT('',(-0.632256163571,6.341750557221,3.1));
#2047 = CARTESIAN_POINT('',(-0.591297961315,6.371359448895,3.1));
#2048 = CARTESIAN_POINT('',(-0.551232330316,6.402116539887,3.1));
#2049 = CARTESIAN_POINT('',(-0.381327731386,6.540499811357,3.1));
#2050 = CARTESIAN_POINT('',(-0.260773869167,6.659610173715,3.1));
#2051 = CARTESIAN_POINT('',(-0.151505068157,6.790477209298,3.1));
#2052 = CARTESIAN_POINT('',(-5.379287800406E-02,6.931758955557,3.1));
#2053 = CARTESIAN_POINT('',(3.259743417028E-02,7.081902840427,3.1));
#2054 = CARTESIAN_POINT('',(0.108191287879,7.239346590909,3.1));
#2055 = ORIENTED_EDGE('',*,*,#2056,.F.);
#2056 = EDGE_CURVE('',#2057,#2040,#2059,.T.);
#2057 = VERTEX_POINT('',#2058);
#2058 = CARTESIAN_POINT('',(-2.058001893939,5.924242424242,3.1));
#2059 = B_SPLINE_CURVE_WITH_KNOTS('',5,(#2060,#2061,#2062,#2063,#2064,
    #2065,#2066,#2067,#2068,#2069,#2070,#2071,#2072,#2073),
  .UNSPECIFIED.,.F.,.F.,(6,4,4,6),(0.,0.468796748972,0.91621801465,1.),
  .UNSPECIFIED.);
#2060 = CARTESIAN_POINT('',(-2.058001893939,5.924242424242,3.1));
#2061 = CARTESIAN_POINT('',(-1.927077075151,5.924242424242,3.1));
#2062 = CARTESIAN_POINT('',(-1.797255983509,5.930834694234,3.1));
#2063 = CARTESIAN_POINT('',(-1.668957322845,5.944504709106,3.1));
#2064 = CARTESIAN_POINT('',(-1.542698930585,5.965700507069,3.1));
#2065 = CARTESIAN_POINT('',(-1.301045462802,6.022299741473,3.1));
#2066 = CARTESIAN_POINT('',(-1.185407589122,6.057013310465,3.1));
#2067 = CARTESIAN_POINT('',(-1.07265560427,6.099004740994,3.1));
#2068 = CARTESIAN_POINT('',(-0.963275364566,6.148304231244,3.1));
#2069 = CARTESIAN_POINT('',(-0.837915102061,6.215243182384,3.1));
#2070 = CARTESIAN_POINT('',(-0.818275855184,6.226049321796,3.1));
#2071 = CARTESIAN_POINT('',(-0.798771952879,6.237102513448,3.1));
#2072 = CARTESIAN_POINT('',(-0.779405869043,6.248401103187,3.1));
#2073 = CARTESIAN_POINT('',(-0.760179924242,6.259943181818,3.1));
#2074 = ORIENTED_EDGE('',*,*,#2075,.F.);
#2075 = EDGE_CURVE('',#2076,#2057,#2078,.T.);
#2076 = VERTEX_POINT('',#2077);
#2077 = CARTESIAN_POINT('',(-3.366714015152,6.238636363636,3.1));
#2078 = B_SPLINE_CURVE_WITH_KNOTS('',5,(#2079,#2080,#2081,#2082,#2083,
    #2084,#2085,#2086,#2087,#2088),.UNSPECIFIED.,.F.,.F.,(6,4,6),(0.,
    0.487300995485,1.),.UNSPECIFIED.);
#2079 = CARTESIAN_POINT('',(-3.366714015152,6.238636363636,3.1));
#2080 = CARTESIAN_POINT('',(-3.254236159039,6.174611248798,3.1));
#2081 = CARTESIAN_POINT('',(-3.136763862912,6.118903252359,3.1));
#2082 = CARTESIAN_POINT('',(-3.014899879184,6.071737667497,3.1));
#2083 = CARTESIAN_POINT('',(-2.889334671426,6.032958892199,3.1));
#2084 = CARTESIAN_POINT('',(-2.625479341398,5.969865416717,3.1));
#2085 = CARTESIAN_POINT('',(-2.486855139997,5.946407578046,3.1));
#2086 = CARTESIAN_POINT('',(-2.345650674829,5.931417416141,3.1));
#2087 = CARTESIAN_POINT('',(-2.202533609616,5.924242424242,3.1));
#2088 = CARTESIAN_POINT('',(-2.058001893939,5.924242424242,3.1));
#2089 = ORIENTED_EDGE('',*,*,#2090,.F.);
#2090 = EDGE_CURVE('',#2091,#2076,#2093,.T.);
#2091 = VERTEX_POINT('',#2092);
#2092 = CARTESIAN_POINT('',(-4.208333333333,7.137310606061,3.1));
#2093 = B_SPLINE_CURVE_WITH_KNOTS('',5,(#2094,#2095,#2096,#2097,#2098,
    #2099,#2100,#2101,#2102,#2103),.UNSPECIFIED.,.F.,.F.,(6,4,6),(0.,
    0.577357547483,1.),.UNSPECIFIED.);
#2094 = CARTESIAN_POINT('',(-4.208333333333,7.137310606061,3.1));
#2095 = CARTESIAN_POINT('',(-4.143199284784,7.005870841694,3.1));
#2096 = CARTESIAN_POINT('',(-4.068639857551,6.880705194943,3.1));
#2097 = CARTESIAN_POINT('',(-3.984376309194,6.762990743852,3.1));
#2098 = CARTESIAN_POINT('',(-3.890483940459,6.653780201057,3.1));
#2099 = CARTESIAN_POINT('',(-3.712426216592,6.480544939231,3.1));
#2100 = CARTESIAN_POINT('',(-3.632383651204,6.412241326208,3.1));
#2101 = CARTESIAN_POINT('',(-3.547823005993,6.349115534687,3.1));
#2102 = CARTESIAN_POINT('',(-3.459119696229,6.291258466754,3.1));
#2103 = CARTESIAN_POINT('',(-3.366714015152,6.238636363636,3.1));
#2104 = ORIENTED_EDGE('',*,*,#2105,.F.);
#2105 = EDGE_CURVE('',#2106,#2091,#2108,.T.);
#2106 = VERTEX_POINT('',#2107);
#2107 = CARTESIAN_POINT('',(-4.497632575758,8.521306818182,3.1));
#2108 = B_SPLINE_CURVE_WITH_KNOTS('',5,(#2109,#2110,#2111,#2112,#2113,
    #2114,#2115,#2116,#2117,#2118),.UNSPECIFIED.,.F.,.F.,(6,4,6),(0.,
    0.517549876076,1.),.UNSPECIFIED.);
#2109 = CARTESIAN_POINT('',(-4.497632575758,8.521306818182,3.1));
#2110 = CARTESIAN_POINT('',(-4.497632575758,8.368359421097,3.1));
#2111 = CARTESIAN_POINT('',(-4.491014554707,8.216796580181,3.1));
#2112 = CARTESIAN_POINT('',(-4.477170071168,8.067053174442,3.1));
#2113 = CARTESIAN_POINT('',(-4.455443333625,7.919735557674,3.1));
#2114 = CARTESIAN_POINT('',(-4.397215962957,7.641178103562,3.1));
#2115 = CARTESIAN_POINT('',(-4.361816692361,7.509522171063,3.1));
#2116 = CARTESIAN_POINT('',(-4.31869210383,7.381209723468,3.1));
#2117 = CARTESIAN_POINT('',(-4.267532738699,7.256920533923,3.1));
#2118 = CARTESIAN_POINT('',(-4.208333333333,7.137310606061,3.1));
#2119 = ORIENTED_EDGE('',*,*,#2120,.F.);
#2120 = EDGE_CURVE('',#2121,#2106,#2123,.T.);
#2121 = VERTEX_POINT('',#2122);
#2122 = CARTESIAN_POINT('',(-3.851325757576,10.397017045455,3.1));
#2123 = B_SPLINE_CURVE_WITH_KNOTS('',6,(#2124,#2125,#2126,#2127,#2128,
    #2129,#2130,#2131,#2132,#2133,#2134,#2135,#2136,#2137,#2138,#2139,
    #2140,#2141,#2142,#2143,#2144,#2145),.UNSPECIFIED.,.F.,.F.,(7,5,5,5,
    7),(0.,8.974463901478E-02,0.350466776422,0.622956361965,1.),
  .UNSPECIFIED.);
#2124 = CARTESIAN_POINT('',(-3.851325757576,10.397017045455,3.1));
#2125 = CARTESIAN_POINT('',(-3.871968986769,10.375345435613,3.1));
#2126 = CARTESIAN_POINT('',(-3.892239696341,10.353332089155,3.1));
#2127 = CARTESIAN_POINT('',(-3.91213052907,10.330981634233,3.1));
#2128 = CARTESIAN_POINT('',(-3.931634801669,10.30829936929,3.1));
#2129 = CARTESIAN_POINT('',(-3.950746504793,10.285291263054,3.1));
#2130 = CARTESIAN_POINT('',(-4.023826798111,10.194194494429,3.1));
#2131 = CARTESIAN_POINT('',(-4.074838335678,10.123726925301,3.1));
#2132 = CARTESIAN_POINT('',(-4.122357079677,10.050731661248,3.1));
#2133 = CARTESIAN_POINT('',(-4.166314474639,9.975408878879,3.1));
#2134 = CARTESIAN_POINT('',(-4.206700116369,9.89798124403,3.1));
#2135 = CARTESIAN_POINT('',(-4.282064341792,9.735813145613,3.1));
#2136 = CARTESIAN_POINT('',(-4.316719326154,9.650894042671,3.1));
#2137 = CARTESIAN_POINT('',(-4.347561458264,9.564191308576,3.1));
#2138 = CARTESIAN_POINT('',(-4.374698596658,9.475958201911,3.1));
#2139 = CARTESIAN_POINT('',(-4.398277373218,9.386429252165,3.1));
#2140 = CARTESIAN_POINT('',(-4.446386663183,9.170420805966,3.1));
#2141 = CARTESIAN_POINT('',(-4.467809738403,9.042951229575,3.1));
#2142 = CARTESIAN_POINT('',(-4.483168707854,8.913921439222,3.1));
#2143 = CARTESIAN_POINT('',(-4.492953312586,8.783766091166,3.1));
#2144 = CARTESIAN_POINT('',(-4.497632575758,8.652818675251,3.1));
#2145 = CARTESIAN_POINT('',(-4.497632575758,8.521306818182,3.1));
#2146 = ORIENTED_EDGE('',*,*,#2147,.F.);
#2147 = EDGE_CURVE('',#2148,#2121,#2150,.T.);
#2148 = VERTEX_POINT('',#2149);
#2149 = CARTESIAN_POINT('',(-2.061553030303,11.075757575758,3.1));
#2150 = B_SPLINE_CURVE_WITH_KNOTS('',5,(#2151,#2152,#2153,#2154,#2155,
    #2156,#2157,#2158,#2159,#2160,#2161,#2162,#2163,#2164,#2165,#2166,
    #2167,#2168),.UNSPECIFIED.,.F.,.F.,(6,4,4,4,6),(0.,0.321996524618,
    0.57229999415,0.812196521558,1.),.UNSPECIFIED.);
#2151 = CARTESIAN_POINT('',(-2.061553030303,11.075757575758,3.1));
#2152 = CARTESIAN_POINT('',(-2.191974008391,11.075757575758,3.1));
#2153 = CARTESIAN_POINT('',(-2.321742099019,11.07023840842,3.1));
#2154 = CARTESIAN_POINT('',(-2.450521486086,11.058629658004,3.1));
#2155 = CARTESIAN_POINT('',(-2.577792291564,11.040288794784,3.1));
#2156 = CARTESIAN_POINT('',(-2.800131401285,10.994756921386,3.1));
#2157 = CARTESIAN_POINT('',(-2.896058638852,10.970446184003,3.1));
#2158 = CARTESIAN_POINT('',(-2.990345171404,10.941488417101,3.1));
#2159 = CARTESIAN_POINT('',(-3.082609752404,10.907676557714,3.1));
#2160 = CARTESIAN_POINT('',(-3.258560867399,10.831819137159,3.1));
#2161 = CARTESIAN_POINT('',(-3.342450915323,10.790171800308,3.1));
#2162 = CARTESIAN_POINT('',(-3.423761187456,10.743944584505,3.1));
#2163 = CARTESIAN_POINT('',(-3.502162971729,10.693187516533,3.1));
#2164 = CARTESIAN_POINT('',(-3.636275611402,10.594973866005,3.1));
#2165 = CARTESIAN_POINT('',(-3.693220732995,10.549191107481,3.1));
#2166 = CARTESIAN_POINT('',(-3.748094260191,10.50084435183,3.1));
#2167 = CARTESIAN_POINT('',(-3.800812053955,10.45006568585,3.1));
#2168 = CARTESIAN_POINT('',(-3.851325757576,10.397017045455,3.1));
#2169 = ORIENTED_EDGE('',*,*,#2170,.F.);
#2170 = EDGE_CURVE('',#2171,#2148,#2173,.T.);
#2171 = VERTEX_POINT('',#2172);
#2172 = CARTESIAN_POINT('',(-0.726325757576,10.762784090909,3.1));
#2173 = B_SPLINE_CURVE_WITH_KNOTS('',6,(#2174,#2175,#2176,#2177,#2178,
    #2179,#2180,#2181,#2182,#2183,#2184,#2185),.UNSPECIFIED.,.F.,.F.,(7,
    5,7),(0.,0.480472125957,1.),.UNSPECIFIED.);
#2174 = CARTESIAN_POINT('',(-0.726325757576,10.762784090909,3.1));
#2175 = CARTESIAN_POINT('',(-0.818516160254,10.816592352428,3.1));
#2176 = CARTESIAN_POINT('',(-0.914727986261,10.864476470221,3.1));
#2177 = CARTESIAN_POINT('',(-1.014526413281,10.906400183579,3.1));
#2178 = CARTESIAN_POINT('',(-1.117451793911,10.942490019136,3.1));
#2179 = CARTESIAN_POINT('',(-1.223052018319,10.97297709079,3.1));
#2180 = CARTESIAN_POINT('',(-1.447545496188,11.025346016003,3.1));
#2181 = CARTESIAN_POINT('',(-1.56682464294,11.046328145998,3.1));
#2182 = CARTESIAN_POINT('',(-1.688258614521,11.061444719981,3.1));
#2183 = CARTESIAN_POINT('',(-1.811412663089,11.071115888375,3.1));
#2184 = CARTESIAN_POINT('',(-1.935932688836,11.075757575758,3.1));
#2185 = CARTESIAN_POINT('',(-2.061553030303,11.075757575758,3.1));
#2186 = ORIENTED_EDGE('',*,*,#2187,.F.);
#2187 = EDGE_CURVE('',#2188,#2171,#2190,.T.);
#2188 = VERTEX_POINT('',#2189);
#2189 = CARTESIAN_POINT('',(6.202651515151E-02,9.834517045455,3.1));
#2190 = B_SPLINE_CURVE_WITH_KNOTS('',6,(#2191,#2192,#2193,#2194,#2195,
    #2196,#2197,#2198,#2199,#2200,#2201,#2202),.UNSPECIFIED.,.F.,.F.,(7,
    5,7),(0.,0.667291572304,1.),.UNSPECIFIED.);
#2191 = CARTESIAN_POINT('',(6.202651515151E-02,9.834517045455,3.1));
#2192 = CARTESIAN_POINT('',(8.318474536865E-03,9.965584836588,3.1));
#2193 = CARTESIAN_POINT('',(-5.428071105806E-02,10.091244062189,3.1));
#2194 = CARTESIAN_POINT('',(-0.126206413152,10.210369640269,3.1));
#2195 = CARTESIAN_POINT('',(-0.20767513276,10.32185367353,3.1));
#2196 = CARTESIAN_POINT('',(-0.298533299755,10.424729975551,3.1));
#2197 = CARTESIAN_POINT('',(-0.447679909922,10.565006295757,3.1));
#2198 = CARTESIAN_POINT('',(-0.499464676865,10.609380203301,3.1));
#2199 = CARTESIAN_POINT('',(-0.553329971149,10.65137915662,3.1));
#2200 = CARTESIAN_POINT('',(-0.609175129943,10.690955830277,3.1));
#2201 = CARTESIAN_POINT('',(-0.666883592156,10.728089811578,3.1));
#2202 = CARTESIAN_POINT('',(-0.726325757576,10.762784090909,3.1));
#2203 = ORIENTED_EDGE('',*,*,#2204,.T.);
#2204 = EDGE_CURVE('',#2188,#2205,#2207,.T.);
#2205 = VERTEX_POINT('',#2206);
#2206 = CARTESIAN_POINT('',(-0.580729166667,9.621212121212,3.1));
#2207 = LINE('',#2208,#2209);
#2208 = CARTESIAN_POINT('',(6.942369553777,12.117827939672,3.1));
#2209 = VECTOR('',#2210,1.);
#2210 = DIRECTION('',(-0.949101955909,-0.314969010046,0.));
#2211 = ORIENTED_EDGE('',*,*,#2212,.F.);
#2212 = EDGE_CURVE('',#2213,#2205,#2215,.T.);
#2213 = VERTEX_POINT('',#2214);
#2214 = CARTESIAN_POINT('',(-1.140151515152,10.290246212121,3.1));
#2215 = B_SPLINE_CURVE_WITH_KNOTS('',5,(#2216,#2217,#2218,#2219,#2220,
    #2221,#2222,#2223,#2224,#2225),.UNSPECIFIED.,.F.,.F.,(6,4,6),(0.,
    0.384265906332,1.),.UNSPECIFIED.);
#2216 = CARTESIAN_POINT('',(-1.140151515152,10.290246212121,3.1));
#2217 = CARTESIAN_POINT('',(-1.081218611516,10.254879230026,3.1));
#2218 = CARTESIAN_POINT('',(-1.024952719656,10.216242159154,3.1));
#2219 = CARTESIAN_POINT('',(-0.971570501129,10.174325344231,3.1));
#2220 = CARTESIAN_POINT('',(-0.921248780245,10.129178198579,3.1));
#2221 = CARTESIAN_POINT('',(-0.798574507339,10.003608423503,3.1));
#2222 = CARTESIAN_POINT('',(-0.731194461934,9.918302143593,3.1));
#2223 = CARTESIAN_POINT('',(-0.67249900859,9.825538764647,3.1));
#2224 = CARTESIAN_POINT('',(-0.622455676044,9.726181258407,3.1));
#2225 = CARTESIAN_POINT('',(-0.580729166667,9.621212121212,3.1));
#2226 = ORIENTED_EDGE('',*,*,#2227,.F.);
#2227 = EDGE_CURVE('',#1918,#2213,#2228,.T.);
#2228 = B_SPLINE_CURVE_WITH_KNOTS('',5,(#2229,#2230,#2231,#2232,#2233,
    #2234,#2235,#2236,#2237,#2238),.UNSPECIFIED.,.F.,.F.,(6,4,6),(0.,
    0.510164513853,1.),.UNSPECIFIED.);
#2229 = CARTESIAN_POINT('',(-2.054450757576,10.52178030303,3.1));
#2230 = CARTESIAN_POINT('',(-1.951874936043,10.52178030303,3.1));
#2231 = CARTESIAN_POINT('',(-1.850891658712,10.516341614576,3.1));
#2232 = CARTESIAN_POINT('',(-1.751856362424,10.505086243761,3.1));
#2233 = CARTESIAN_POINT('',(-1.655186620583,10.487668190294,3.1));
#2234 = CARTESIAN_POINT('',(-1.471186498749,10.441072613092,3.1));
#2235 = CARTESIAN_POINT('',(-1.383630957609,10.412389908869,3.1));
#2236 = CARTESIAN_POINT('',(-1.299045181854,10.377682214716,3.1));
#2237 = CARTESIAN_POINT('',(-1.217788634411,10.336914376003,3.1));
#2238 = CARTESIAN_POINT('',(-1.140151515152,10.290246212121,3.1));
#2239 = FACE_BOUND('',#2240,.T.);
#2240 = EDGE_LOOP('',(#2241,#2266,#2288,#2305,#2324,#2332,#2363,#2378,
    #2395,#2410,#2427,#2435,#2443,#2451,#2468,#2483,#2500,#2517,#2536,
    #2553,#2561,#2578,#2595,#2612,#2631,#2648,#2663,#2671,#2688));
#2241 = ORIENTED_EDGE('',*,*,#2242,.F.);
#2242 = EDGE_CURVE('',#2243,#2245,#2247,.T.);
#2243 = VERTEX_POINT('',#2244);
#2244 = CARTESIAN_POINT('',(3.786931818182,6.304214015152,3.1));
#2245 = VERTEX_POINT('',#2246);
#2246 = CARTESIAN_POINT('',(4.227272727273,7.376420454545,3.1));
#2247 = B_SPLINE_CURVE_WITH_KNOTS('',5,(#2248,#2249,#2250,#2251,#2252,
    #2253,#2254,#2255,#2256,#2257,#2258,#2259,#2260,#2261,#2262,#2263,
    #2264,#2265),.UNSPECIFIED.,.F.,.F.,(6,4,4,4,6),(0.,0.250694386534,
    0.470982124819,0.725475265418,1.),.UNSPECIFIED.);
#2248 = CARTESIAN_POINT('',(3.786931818182,6.304214015152,3.1));
#2249 = CARTESIAN_POINT('',(3.831871046148,6.342992219929,3.1));
#2250 = CARTESIAN_POINT('',(3.874312532889,6.384121264076,3.1));
#2251 = CARTESIAN_POINT('',(3.914051962094,6.427572790513,3.1));
#2252 = CARTESIAN_POINT('',(3.95092715395,6.473268534045,3.1));
#2253 = CARTESIAN_POINT('',(4.014633695979,6.563063960255,3.1));
#2254 = CARTESIAN_POINT('',(4.042142586204,6.606687535285,3.1));
#2255 = CARTESIAN_POINT('',(4.067294824083,6.651839399474,3.1));
#2256 = CARTESIAN_POINT('',(4.090069405096,6.69840123287,3.1));
#2257 = CARTESIAN_POINT('',(4.134067003989,6.80150392647,3.1));
#2258 = CARTESIAN_POINT('',(4.154500990528,6.858474144743,3.1));
#2259 = CARTESIAN_POINT('',(4.171812205931,6.916944619457,3.1));
#2260 = CARTESIAN_POINT('',(4.186102516403,6.976706589002,3.1));
#2261 = CARTESIAN_POINT('',(4.209806410049,7.103218523934,3.1));
#2262 = CARTESIAN_POINT('',(4.218747780267,7.170149463189,3.1));
#2263 = CARTESIAN_POINT('',(4.224499624917,7.238123834455,3.1));
#2264 = CARTESIAN_POINT('',(4.227272727273,7.306934952062,3.1));
#2265 = CARTESIAN_POINT('',(4.227272727273,7.376420454545,3.1));
#2266 = ORIENTED_EDGE('',*,*,#2267,.F.);
#2267 = EDGE_CURVE('',#2268,#2243,#2270,.T.);
#2268 = VERTEX_POINT('',#2269);
#2269 = CARTESIAN_POINT('',(2.529829545455,5.924242424242,3.1));
#2270 = B_SPLINE_CURVE_WITH_KNOTS('',6,(#2271,#2272,#2273,#2274,#2275,
    #2276,#2277,#2278,#2279,#2280,#2281,#2282,#2283,#2284,#2285,#2286,
    #2287),.UNSPECIFIED.,.F.,.F.,(7,5,5,7),(0.,0.453500789446,
    0.78951970959,1.),.UNSPECIFIED.);
#2271 = CARTESIAN_POINT('',(2.529829545455,5.924242424242,3.1));
#2272 = CARTESIAN_POINT('',(2.637830918278,5.924242424242,3.1));
#2273 = CARTESIAN_POINT('',(2.744747331715,5.928228673989,3.1));
#2274 = CARTESIAN_POINT('',(2.850322972626,5.936597968316,3.1));
#2275 = CARTESIAN_POINT('',(2.954186291418,5.949796718317,3.1));
#2276 = CARTESIAN_POINT('',(3.055856732254,5.968302350337,3.1));
#2277 = CARTESIAN_POINT('',(3.228062408039,6.010519987696,3.1));
#2278 = CARTESIAN_POINT('',(3.299836139064,6.031640599251,3.1));
#2279 = CARTESIAN_POINT('',(3.369852840162,6.056086771705,3.1));
#2280 = CARTESIAN_POINT('',(3.437838834722,6.084016329852,3.1));
#2281 = CARTESIAN_POINT('',(3.503505616034,6.115541697687,3.1));
#2282 = CARTESIAN_POINT('',(3.606070759414,6.172722000477,3.1));
#2283 = CARTESIAN_POINT('',(3.644552153628,6.196170158798,3.1));
#2284 = CARTESIAN_POINT('',(3.681942049095,6.221052233938,3.1));
#2285 = CARTESIAN_POINT('',(3.718174135878,6.247366003554,3.1));
#2286 = CARTESIAN_POINT('',(3.753188190853,6.275096530279,3.1));
#2287 = CARTESIAN_POINT('',(3.786931818182,6.304214015152,3.1));
#2288 = ORIENTED_EDGE('',*,*,#2289,.F.);
#2289 = EDGE_CURVE('',#2290,#2268,#2292,.T.);
#2290 = VERTEX_POINT('',#2291);
#2291 = CARTESIAN_POINT('',(1.316998106061,6.266808712121,3.1));
#2292 = B_SPLINE_CURVE_WITH_KNOTS('',6,(#2293,#2294,#2295,#2296,#2297,
    #2298,#2299,#2300,#2301,#2302,#2303,#2304),.UNSPECIFIED.,.F.,.F.,(7,
    5,7),(0.,0.478030205304,1.),.UNSPECIFIED.);
#2293 = CARTESIAN_POINT('',(1.316998106061,6.266808712121,3.1));
#2294 = CARTESIAN_POINT('',(1.394641964558,6.208078621559,3.1));
#2295 = CARTESIAN_POINT('',(1.477407261568,6.155611829374,3.1));
#2296 = CARTESIAN_POINT('',(1.564814563878,6.109627455984,3.1));
#2297 = CARTESIAN_POINT('',(1.656289779974,6.070065578786,3.1));
#2298 = CARTESIAN_POINT('',(1.751235005238,6.036697477857,3.1));
#2299 = CARTESIAN_POINT('',(1.95591240736,5.97917549776,3.1));
#2300 = CARTESIAN_POINT('',(2.066213122925,5.95614733156,3.1));
#2301 = CARTESIAN_POINT('',(2.179296748383,5.939679785061,3.1));
#2302 = CARTESIAN_POINT('',(2.294558021448,5.929224299337,3.1));
#2303 = CARTESIAN_POINT('',(2.411516365617,5.924242424242,3.1));
#2304 = CARTESIAN_POINT('',(2.529829545455,5.924242424242,3.1));
#2305 = ORIENTED_EDGE('',*,*,#2306,.F.);
#2306 = EDGE_CURVE('',#2307,#2290,#2309,.T.);
#2307 = VERTEX_POINT('',#2308);
#2308 = CARTESIAN_POINT('',(0.779119318182,7.280776515152,3.1));
#2309 = B_SPLINE_CURVE_WITH_KNOTS('',5,(#2310,#2311,#2312,#2313,#2314,
    #2315,#2316,#2317,#2318,#2319,#2320,#2321,#2322,#2323),
  .UNSPECIFIED.,.F.,.F.,(6,4,4,6),(0.,0.28397720013,0.784468906728,1.),
  .UNSPECIFIED.);
#2310 = CARTESIAN_POINT('',(0.779119318182,7.280776515152,3.1));
#2311 = CARTESIAN_POINT('',(0.788023916559,7.210652802928,3.1));
#2312 = CARTESIAN_POINT('',(0.799590726565,7.14154613665,3.1));
#2313 = CARTESIAN_POINT('',(0.813991366113,7.073634805011,3.1));
#2314 = CARTESIAN_POINT('',(0.831394540442,7.007135428674,3.1));
#2315 = CARTESIAN_POINT('',(0.888114904051,6.827990555672,3.1));
#2316 = CARTESIAN_POINT('',(0.934038876404,6.718771092776,3.1));
#2317 = CARTESIAN_POINT('',(0.990366492807,6.616047564149,3.1));
#2318 = CARTESIAN_POINT('',(1.057340747514,6.521216843286,3.1));
#2319 = CARTESIAN_POINT('',(1.167196949164,6.398152436716,3.1));
#2320 = CARTESIAN_POINT('',(1.202089736411,6.362737407364,3.1));
#2321 = CARTESIAN_POINT('',(1.238745809585,6.329018624346,3.1));
#2322 = CARTESIAN_POINT('',(1.277082922784,6.297037365565,3.1));
#2323 = CARTESIAN_POINT('',(1.316998106061,6.266808712121,3.1));
#2324 = ORIENTED_EDGE('',*,*,#2325,.T.);
#2325 = EDGE_CURVE('',#2307,#2326,#2328,.T.);
#2326 = VERTEX_POINT('',#2327);
#2327 = CARTESIAN_POINT('',(1.439630681818,7.341145833333,3.1));
#2328 = LINE('',#2329,#2330);
#2329 = CARTESIAN_POINT('',(2.603177568659,7.447491516539,3.1));
#2330 = VECTOR('',#2331,1.);
#2331 = DIRECTION('',(0.995849203993,9.101847563376E-02,-0.));
#2332 = ORIENTED_EDGE('',*,*,#2333,.F.);
#2333 = EDGE_CURVE('',#2334,#2326,#2336,.T.);
#2334 = VERTEX_POINT('',#2335);
#2335 = CARTESIAN_POINT('',(2.529829545455,6.453361742424,3.1));
#2336 = B_SPLINE_CURVE_WITH_KNOTS('',5,(#2337,#2338,#2339,#2340,#2341,
    #2342,#2343,#2344,#2345,#2346,#2347,#2348,#2349,#2350,#2351,#2352,
    #2353,#2354,#2355,#2356,#2357,#2358,#2359,#2360,#2361,#2362),
  .UNSPECIFIED.,.F.,.F.,(6,4,4,4,4,4,6),(0.,0.236184850063,
    0.344338413509,0.546536371283,0.727525913057,0.819549080193,1.),
  .UNSPECIFIED.);
#2337 = CARTESIAN_POINT('',(2.529829545455,6.453361742424,3.1));
#2338 = CARTESIAN_POINT('',(2.451900504594,6.453361742424,3.1));
#2339 = CARTESIAN_POINT('',(2.374708045766,6.457000910503,3.1));
#2340 = CARTESIAN_POINT('',(2.29853227475,6.464775834928,3.1));
#2341 = CARTESIAN_POINT('',(2.223887311059,6.47730777904,3.1));
#2342 = CARTESIAN_POINT('',(2.118298181093,6.503344506844,3.1));
#2343 = CARTESIAN_POINT('',(2.085601872633,6.512638565909,3.1));
#2344 = CARTESIAN_POINT('',(2.053443013143,6.523101659583,3.1));
#2345 = CARTESIAN_POINT('',(2.021901240674,6.534781920135,3.1));
#2346 = CARTESIAN_POINT('',(1.933404620776,6.571885035119,3.1));
#2347 = CARTESIAN_POINT('',(1.878183654261,6.600433489312,3.1));
#2348 = CARTESIAN_POINT('',(1.82599611011,6.63355594483,3.1));
#2349 = CARTESIAN_POINT('',(1.777408005197,6.671267704237,3.1));
#2350 = CARTESIAN_POINT('',(1.692881365109,6.750732675369,3.1));
#2351 = CARTESIAN_POINT('',(1.656136277046,6.791660448163,3.1));
#2352 = CARTESIAN_POINT('',(1.622847715747,6.835725584726,3.1));
#2353 = CARTESIAN_POINT('',(1.593060340316,6.88253764947,3.1));
#2354 = CARTESIAN_POINT('',(1.55328083409,6.95663712559,3.1));
#2355 = CARTESIAN_POINT('',(1.540754545674,6.98221365061,3.1));
#2356 = CARTESIAN_POINT('',(1.529096653035,7.00833581621,3.1));
#2357 = CARTESIAN_POINT('',(1.518286483472,7.034951769289,3.1));
#2358 = CARTESIAN_POINT('',(1.488706277238,7.115076117505,3.1));
#2359 = CARTESIAN_POINT('',(1.472271520925,7.169847487887,3.1));
#2360 = CARTESIAN_POINT('',(1.458784525807,7.22596799038,3.1));
#2361 = CARTESIAN_POINT('',(1.447983968123,7.283136900659,3.1));
#2362 = CARTESIAN_POINT('',(1.439630681818,7.341145833333,3.1));
#2363 = ORIENTED_EDGE('',*,*,#2364,.F.);
#2364 = EDGE_CURVE('',#2365,#2334,#2367,.T.);
#2365 = VERTEX_POINT('',#2366);
#2366 = CARTESIAN_POINT('',(3.287878787879,6.691287878788,3.1));
#2367 = B_SPLINE_CURVE_WITH_KNOTS('',5,(#2368,#2369,#2370,#2371,#2372,
    #2373,#2374,#2375,#2376,#2377),.UNSPECIFIED.,.F.,.F.,(6,4,6),(0.,
    0.486855618262,1.),.UNSPECIFIED.);
#2368 = CARTESIAN_POINT('',(3.287878787879,6.691287878788,3.1));
#2369 = CARTESIAN_POINT('',(3.232020738946,6.64297691564,3.1));
#2370 = CARTESIAN_POINT('',(3.170809969096,6.600799957925,3.1));
#2371 = CARTESIAN_POINT('',(3.104584669429,6.565046767196,3.1));
#2372 = CARTESIAN_POINT('',(3.03387771741,6.535655951397,3.1));
#2373 = CARTESIAN_POINT('',(2.880699822878,6.487823340298,3.1));
#2374 = CARTESIAN_POINT('',(2.79778815287,6.470055537529,3.1));
#2375 = CARTESIAN_POINT('',(2.71125013792,6.458749966038,3.1));
#2376 = CARTESIAN_POINT('',(2.621756481749,6.453361742424,3.1));
#2377 = CARTESIAN_POINT('',(2.529829545455,6.453361742424,3.1));
#2378 = ORIENTED_EDGE('',*,*,#2379,.F.);
#2379 = EDGE_CURVE('',#2380,#2365,#2382,.T.);
#2380 = VERTEX_POINT('',#2381);
#2381 = CARTESIAN_POINT('',(3.563210227273,7.397727272727,3.1));
#2382 = B_SPLINE_CURVE_WITH_KNOTS('',6,(#2383,#2384,#2385,#2386,#2387,
    #2388,#2389,#2390,#2391,#2392,#2393,#2394),.UNSPECIFIED.,.F.,.F.,(7,
    5,7),(0.,0.842862111984,1.),.UNSPECIFIED.);
#2383 = CARTESIAN_POINT('',(3.563210227273,7.397727272727,3.1));
#2384 = CARTESIAN_POINT('',(3.563210227273,7.275680512837,3.1));
#2385 = CARTESIAN_POINT('',(3.551999899406,7.158478014714,3.1));
#2386 = CARTESIAN_POINT('',(3.528014276939,7.047858556162,3.1));
#2387 = CARTESIAN_POINT('',(3.489853169152,6.945817558945,3.1));
#2388 = CARTESIAN_POINT('',(3.436790042869,6.85428125402,3.1));
#2389 = CARTESIAN_POINT('',(3.357382431623,6.759540041305,3.1));
#2390 = CARTESIAN_POINT('',(3.344421336906,6.745057289139,3.1));
#2391 = CARTESIAN_POINT('',(3.330982784442,6.730985934224,3.1));
#2392 = CARTESIAN_POINT('',(3.317073765601,6.717331390058,3.1));
#2393 = CARTESIAN_POINT('',(3.302702570475,6.704097768305,3.1));
#2394 = CARTESIAN_POINT('',(3.287878787879,6.691287878788,3.1));
#2395 = ORIENTED_EDGE('',*,*,#2396,.F.);
#2396 = EDGE_CURVE('',#2397,#2380,#2399,.T.);
#2397 = VERTEX_POINT('',#2398);
#2398 = CARTESIAN_POINT('',(3.248816287879,8.035037878788,3.1));
#2399 = B_SPLINE_CURVE_WITH_KNOTS('',5,(#2400,#2401,#2402,#2403,#2404,
    #2405,#2406,#2407,#2408,#2409),.UNSPECIFIED.,.F.,.F.,(6,4,6),(0.,
    0.43838646407,1.),.UNSPECIFIED.);
#2400 = CARTESIAN_POINT('',(3.248816287879,8.035037878788,3.1));
#2401 = CARTESIAN_POINT('',(3.302962775103,7.99561042913,3.1));
#2402 = CARTESIAN_POINT('',(3.352129011544,7.952238646002,3.1));
#2403 = CARTESIAN_POINT('',(3.395723727738,7.904879029239,3.1));
#2404 = CARTESIAN_POINT('',(3.433283371102,7.85363172147,3.1));
#2405 = CARTESIAN_POINT('',(3.504756647183,7.728641907292,3.1));
#2406 = CARTESIAN_POINT('',(3.534695661272,7.652593152889,3.1));
#2407 = CARTESIAN_POINT('',(3.554001382326,7.571421470962,3.1));
#2408 = CARTESIAN_POINT('',(3.563210227273,7.486132580017,3.1));
#2409 = CARTESIAN_POINT('',(3.563210227273,7.397727272727,3.1));
#2410 = ORIENTED_EDGE('',*,*,#2411,.F.);
#2411 = EDGE_CURVE('',#2412,#2397,#2414,.T.);
#2412 = VERTEX_POINT('',#2413);
#2413 = CARTESIAN_POINT('',(2.341619318182,8.264204545455,3.1));
#2414 = B_SPLINE_CURVE_WITH_KNOTS('',6,(#2415,#2416,#2417,#2418,#2419,
    #2420,#2421,#2422,#2423,#2424,#2425,#2426),.UNSPECIFIED.,.F.,.F.,(7,
    5,7),(0.,0.526110810799,1.),.UNSPECIFIED.);
#2415 = CARTESIAN_POINT('',(2.341619318182,8.264204545455,3.1));
#2416 = CARTESIAN_POINT('',(2.434312139858,8.264204545455,3.1));
#2417 = CARTESIAN_POINT('',(2.525300301432,8.26084545384,3.1));
#2418 = CARTESIAN_POINT('',(2.614291877771,8.253803118553,3.1));
#2419 = CARTESIAN_POINT('',(2.700894054373,8.242716004433,3.1));
#2420 = CARTESIAN_POINT('',(2.784622824465,8.227201376331,3.1));
#2421 = CARTESIAN_POINT('',(2.937281961772,8.188638212209,3.1));
#2422 = CARTESIAN_POINT('',(3.006856479503,8.166490350467,3.1));
#2423 = CARTESIAN_POINT('',(3.073245836022,8.140221817658,3.1));
#2424 = CARTESIAN_POINT('',(3.135995397971,8.109620217304,3.1));
#2425 = CARTESIAN_POINT('',(3.194648828156,8.07455114255,3.1));
#2426 = CARTESIAN_POINT('',(3.248816287879,8.035037878788,3.1));
#2427 = ORIENTED_EDGE('',*,*,#2428,.T.);
#2428 = EDGE_CURVE('',#2412,#2429,#2431,.T.);
#2429 = VERTEX_POINT('',#2430);
#2430 = CARTESIAN_POINT('',(1.979403409091,8.264204545455,3.1));
#2431 = LINE('',#2432,#2433);
#2432 = CARTESIAN_POINT('',(1.170809659091,8.264204545455,3.1));
#2433 = VECTOR('',#2434,1.);
#2434 = DIRECTION('',(-1.,0.,0.));
#2435 = ORIENTED_EDGE('',*,*,#2436,.T.);
#2436 = EDGE_CURVE('',#2429,#2437,#2439,.T.);
#2437 = VERTEX_POINT('',#2438);
#2438 = CARTESIAN_POINT('',(1.979403409091,8.818181818182,3.1));
#2439 = LINE('',#2440,#2441);
#2440 = CARTESIAN_POINT('',(1.979403409091,32.158789718735,3.1));
#2441 = VECTOR('',#2442,1.);
#2442 = DIRECTION('',(0.,1.,0.));
#2443 = ORIENTED_EDGE('',*,*,#2444,.T.);
#2444 = EDGE_CURVE('',#2437,#2445,#2447,.T.);
#2445 = VERTEX_POINT('',#2446);
#2446 = CARTESIAN_POINT('',(2.327414772727,8.818181818182,3.1));
#2447 = LINE('',#2448,#2449);
#2448 = CARTESIAN_POINT('',(0.989701704545,8.818181818182,3.1));
#2449 = VECTOR('',#2450,1.);
#2450 = DIRECTION('',(1.,0.,-0.));
#2451 = ORIENTED_EDGE('',*,*,#2452,.F.);
#2452 = EDGE_CURVE('',#2453,#2445,#2455,.T.);
#2453 = VERTEX_POINT('',#2454);
#2454 = CARTESIAN_POINT('',(3.14228219697,9.047585227273,3.1));
#2455 = B_SPLINE_CURVE_WITH_KNOTS('',6,(#2456,#2457,#2458,#2459,#2460,
    #2461,#2462,#2463,#2464,#2465,#2466,#2467),.UNSPECIFIED.,.F.,.F.,(7,
    5,7),(0.,0.48206005924,1.),.UNSPECIFIED.);
#2456 = CARTESIAN_POINT('',(3.14228219697,9.047585227273,3.1));
#2457 = CARTESIAN_POINT('',(3.092825484946,9.008367916347,3.1));
#2458 = CARTESIAN_POINT('',(3.039428481321,8.973334240708,3.1));
#2459 = CARTESIAN_POINT('',(2.982344674673,8.942571382912,3.1));
#2460 = CARTESIAN_POINT('',(2.921892561465,8.916036661797,3.1));
#2461 = CARTESIAN_POINT('',(2.858422745898,8.893598064962,3.1));
#2462 = CARTESIAN_POINT('',(2.721224683421,8.855172803717,3.1));
#2463 = CARTESIAN_POINT('',(2.647079550551,8.839789025968,3.1));
#2464 = CARTESIAN_POINT('',(2.570261836521,8.828692883376,3.1));
#2465 = CARTESIAN_POINT('',(2.491163695647,8.821590574444,3.1));
#2466 = CARTESIAN_POINT('',(2.410123842024,8.818181818182,3.1));
#2467 = CARTESIAN_POINT('',(2.327414772727,8.818181818182,3.1));
#2468 = ORIENTED_EDGE('',*,*,#2469,.F.);
#2469 = EDGE_CURVE('',#2470,#2453,#2472,.T.);
#2470 = VERTEX_POINT('',#2471);
#2471 = CARTESIAN_POINT('',(3.431818181818,9.682291666667,3.1));
#2472 = B_SPLINE_CURVE_WITH_KNOTS('',5,(#2473,#2474,#2475,#2476,#2477,
    #2478,#2479,#2480,#2481,#2482),.UNSPECIFIED.,.F.,.F.,(6,4,6),(0.,
    0.624816267177,1.),.UNSPECIFIED.);
#2473 = CARTESIAN_POINT('',(3.431818181818,9.682291666667,3.1));
#2474 = CARTESIAN_POINT('',(3.431818181818,9.585141481355,3.1));
#2475 = CARTESIAN_POINT('',(3.421420296145,9.491755962699,3.1));
#2476 = CARTESIAN_POINT('',(3.399537517033,9.40336106731,3.1));
#2477 = CARTESIAN_POINT('',(3.365483206857,9.321203593469,3.1));
#2478 = CARTESIAN_POINT('',(3.292370729796,9.201078444063,3.1));
#2479 = CARTESIAN_POINT('',(3.260740780444,9.158558142332,3.1));
#2480 = CARTESIAN_POINT('',(3.22501916254,9.118765187356,3.1));
#2481 = CARTESIAN_POINT('',(3.185432589011,9.081773886217,3.1));
#2482 = CARTESIAN_POINT('',(3.14228219697,9.047585227273,3.1));
#2483 = ORIENTED_EDGE('',*,*,#2484,.F.);
#2484 = EDGE_CURVE('',#2485,#2470,#2487,.T.);
#2485 = VERTEX_POINT('',#2486);
#2486 = CARTESIAN_POINT('',(3.195549242424,10.317234848485,3.1));
#2487 = B_SPLINE_CURVE_WITH_KNOTS('',6,(#2488,#2489,#2490,#2491,#2492,
    #2493,#2494,#2495,#2496,#2497,#2498,#2499),.UNSPECIFIED.,.F.,.F.,(7,
    5,7),(0.,0.190412169231,1.),.UNSPECIFIED.);
#2488 = CARTESIAN_POINT('',(3.195549242424,10.317234848485,3.1));
#2489 = CARTESIAN_POINT('',(3.210782650623,10.302215135391,3.1));
#2490 = CARTESIAN_POINT('',(3.225453724142,10.286747251514,3.1));
#2491 = CARTESIAN_POINT('',(3.239551984545,10.270834799562,3.1));
#2492 = CARTESIAN_POINT('',(3.253068571425,10.254482759274,3.1));
#2493 = CARTESIAN_POINT('',(3.265996242397,10.23769748742,3.1));
#2494 = CARTESIAN_POINT('',(3.3307669488,10.147310566844,3.1));
#2495 = CARTESIAN_POINT('',(3.372476266793,10.066415993562,3.1));
#2496 = CARTESIAN_POINT('',(3.402959073519,9.978463328403,3.1));
#2497 = CARTESIAN_POINT('',(3.422501119508,9.884417246683,3.1));
#2498 = CARTESIAN_POINT('',(3.431818181818,9.785347396555,3.1));
#2499 = CARTESIAN_POINT('',(3.431818181818,9.682291666667,3.1));
#2500 = ORIENTED_EDGE('',*,*,#2501,.F.);
#2501 = EDGE_CURVE('',#2502,#2485,#2504,.T.);
#2502 = VERTEX_POINT('',#2503);
#2503 = CARTESIAN_POINT('',(2.494318181818,10.550189393939,3.1));
#2504 = B_SPLINE_CURVE_WITH_KNOTS('',6,(#2505,#2506,#2507,#2508,#2509,
    #2510,#2511,#2512,#2513,#2514,#2515,#2516),.UNSPECIFIED.,.F.,.F.,(7,
    5,7),(0.,0.516780464194,1.),.UNSPECIFIED.);
#2505 = CARTESIAN_POINT('',(2.494318181818,10.550189393939,3.1));
#2506 = CARTESIAN_POINT('',(2.568039698184,10.550189393939,3.1));
#2507 = CARTESIAN_POINT('',(2.639911495775,10.546679202656,3.1));
#2508 = CARTESIAN_POINT('',(2.709636352423,10.539372365485,3.1));
#2509 = CARTESIAN_POINT('',(2.776859326526,10.52797767392,3.1));
#2510 = CARTESIAN_POINT('',(2.841186054472,10.51222850745,3.1));
#2511 = CARTESIAN_POINT('',(2.95930066705,10.472989892063,3.1));
#2512 = CARTESIAN_POINT('',(3.013509039877,10.450067068205,3.1));
#2513 = CARTESIAN_POINT('',(3.064511490392,10.423044344555,3.1));
#2514 = CARTESIAN_POINT('',(3.112002427253,10.391854101535,3.1));
#2515 = CARTESIAN_POINT('',(3.155735469671,10.356529484783,3.1));
#2516 = CARTESIAN_POINT('',(3.195549242424,10.317234848485,3.1));
#2517 = ORIENTED_EDGE('',*,*,#2518,.F.);
#2518 = EDGE_CURVE('',#2519,#2502,#2521,.T.);
#2519 = VERTEX_POINT('',#2520);
#2520 = CARTESIAN_POINT('',(1.810606060606,10.333570075758,3.1));
#2521 = B_SPLINE_CURVE_WITH_KNOTS('',5,(#2522,#2523,#2524,#2525,#2526,
    #2527,#2528,#2529,#2530,#2531,#2532,#2533,#2534,#2535),
  .UNSPECIFIED.,.F.,.F.,(6,4,4,6),(0.,6.430079171199E-02,0.523506184715,
    1.),.UNSPECIFIED.);
#2522 = CARTESIAN_POINT('',(1.810606060606,10.333570075758,3.1));
#2523 = CARTESIAN_POINT('',(1.817497843171,10.33928719366,3.1));
#2524 = CARTESIAN_POINT('',(1.824461400006,10.344911236439,3.1));
#2525 = CARTESIAN_POINT('',(1.831496292922,10.350441709067,3.1));
#2526 = CARTESIAN_POINT('',(1.838602041502,10.355878170166,3.1));
#2527 = CARTESIAN_POINT('',(1.897026253732,10.39937067374,3.1));
#2528 = CARTESIAN_POINT('',(1.95186471976,10.432709082975,3.1));
#2529 = CARTESIAN_POINT('',(2.010094078061,10.461085438266,3.1));
#2530 = CARTESIAN_POINT('',(2.071428304669,10.484520042022,3.1));
#2531 = CARTESIAN_POINT('',(2.202045838492,10.52247973788,3.1));
#2532 = CARTESIAN_POINT('',(2.271547222368,10.536637620384,3.1));
#2533 = CARTESIAN_POINT('',(2.343668779334,10.545777551378,3.1));
#2534 = CARTESIAN_POINT('',(2.41803539578,10.550189393939,3.1));
#2535 = CARTESIAN_POINT('',(2.494318181818,10.550189393939,3.1));
#2536 = ORIENTED_EDGE('',*,*,#2537,.F.);
#2537 = EDGE_CURVE('',#2538,#2519,#2540,.T.);
#2538 = VERTEX_POINT('',#2539);
#2539 = CARTESIAN_POINT('',(1.507102272727,9.722774621212,3.1));
#2540 = B_SPLINE_CURVE_WITH_KNOTS('',6,(#2541,#2542,#2543,#2544,#2545,
    #2546,#2547,#2548,#2549,#2550,#2551,#2552),.UNSPECIFIED.,.F.,.F.,(7,
    5,7),(0.,0.769363792609,1.),.UNSPECIFIED.);
#2541 = CARTESIAN_POINT('',(1.507102272727,9.722774621212,3.1));
#2542 = CARTESIAN_POINT('',(1.517557187306,9.819482581069,3.1));
#2543 = CARTESIAN_POINT('',(1.53612938857,9.911942737289,3.1));
#2544 = CARTESIAN_POINT('',(1.563442828694,9.99927125037,3.1));
#2545 = CARTESIAN_POINT('',(1.59994699879,10.080596327179,3.1));
#2546 = CARTESIAN_POINT('',(1.645760657966,10.155162689916,3.1));
#2547 = CARTESIAN_POINT('',(1.716859351614,10.242646978159,3.1));
#2548 = CARTESIAN_POINT('',(1.73405744015,10.262173461071,3.1));
#2549 = CARTESIAN_POINT('',(1.75204556333,10.281037075778,3.1));
#2550 = CARTESIAN_POINT('',(1.770810742199,10.299228344396,3.1));
#2551 = CARTESIAN_POINT('',(1.790337139687,10.316740617826,3.1));
#2552 = CARTESIAN_POINT('',(1.810606060606,10.333570075758,3.1));
#2553 = ORIENTED_EDGE('',*,*,#2554,.T.);
#2554 = EDGE_CURVE('',#2538,#2555,#2557,.T.);
#2555 = VERTEX_POINT('',#2556);
#2556 = CARTESIAN_POINT('',(0.864346590909,9.772490530303,3.1));
#2557 = LINE('',#2558,#2559);
#2558 = CARTESIAN_POINT('',(-1.023102519017,9.918481069192,3.1));
#2559 = VECTOR('',#2560,1.);
#2560 = DIRECTION('',(-0.997021994117,7.711772330186E-02,0.));
#2561 = ORIENTED_EDGE('',*,*,#2562,.F.);
#2562 = EDGE_CURVE('',#2563,#2555,#2565,.T.);
#2563 = VERTEX_POINT('',#2564);
#2564 = CARTESIAN_POINT('',(1.373816287879,10.731297348485,3.1));
#2565 = B_SPLINE_CURVE_WITH_KNOTS('',6,(#2566,#2567,#2568,#2569,#2570,
    #2571,#2572,#2573,#2574,#2575,#2576,#2577),.UNSPECIFIED.,.F.,.F.,(7,
    5,7),(0.,0.323369330723,1.),.UNSPECIFIED.);
#2566 = CARTESIAN_POINT('',(1.373816287879,10.731297348485,3.1));
#2567 = CARTESIAN_POINT('',(1.326521780715,10.694141026712,3.1));
#2568 = CARTESIAN_POINT('',(1.281418058177,10.654806462134,3.1));
#2569 = CARTESIAN_POINT('',(1.238663348607,10.613302186743,3.1));
#2570 = CARTESIAN_POINT('',(1.198394892299,10.569663933579,3.1));
#2571 = CARTESIAN_POINT('',(1.160722822342,10.523959895648,3.1));
#2572 = CARTESIAN_POINT('',(1.052491232138,10.376562148642,3.1));
#2573 = CARTESIAN_POINT('',(0.990926185713,10.268197636876,3.1));
#2574 = CARTESIAN_POINT('',(0.941821637804,10.152243531668,3.1));
#2575 = CARTESIAN_POINT('',(0.904923733862,10.03005600354,3.1));
#2576 = CARTESIAN_POINT('',(0.879439214782,9.903041726807,3.1));
#2577 = CARTESIAN_POINT('',(0.864346590909,9.772490530303,3.1));
#2578 = ORIENTED_EDGE('',*,*,#2579,.F.);
#2579 = EDGE_CURVE('',#2580,#2563,#2582,.T.);
#2580 = VERTEX_POINT('',#2581);
#2581 = CARTESIAN_POINT('',(2.501420454545,11.075757575758,3.1));
#2582 = B_SPLINE_CURVE_WITH_KNOTS('',6,(#2583,#2584,#2585,#2586,#2587,
    #2588,#2589,#2590,#2591,#2592,#2593,#2594),.UNSPECIFIED.,.F.,.F.,(7,
    5,7),(0.,0.492875531964,1.),.UNSPECIFIED.);
#2583 = CARTESIAN_POINT('',(2.501420454545,11.075757575758,3.1));
#2584 = CARTESIAN_POINT('',(2.397435671107,11.075757575758,3.1));
#2585 = CARTESIAN_POINT('',(2.294629306418,11.071049006135,3.1));
#2586 = CARTESIAN_POINT('',(2.193301957697,11.061250925673,3.1));
#2587 = CARTESIAN_POINT('',(2.093831954769,11.045976847833,3.1));
#2588 = CARTESIAN_POINT('',(1.996661674242,11.0248737082,3.1));
#2589 = CARTESIAN_POINT('',(1.805141003909,10.969763338268,3.1));
#2590 = CARTESIAN_POINT('',(1.710933363661,10.935394957887,3.1));
#2591 = CARTESIAN_POINT('',(1.620207160544,10.894363461003,3.1));
#2592 = CARTESIAN_POINT('',(1.53349091573,10.846565238586,3.1));
#2593 = CARTESIAN_POINT('',(1.451242844395,10.792093700202,3.1));
#2594 = CARTESIAN_POINT('',(1.373816287879,10.731297348485,3.1));
#2595 = ORIENTED_EDGE('',*,*,#2596,.F.);
#2596 = EDGE_CURVE('',#2597,#2580,#2599,.T.);
#2597 = VERTEX_POINT('',#2598);
#2598 = CARTESIAN_POINT('',(3.671401515152,10.725615530303,3.1));
#2599 = B_SPLINE_CURVE_WITH_KNOTS('',6,(#2600,#2601,#2602,#2603,#2604,
    #2605,#2606,#2607,#2608,#2609,#2610,#2611),.UNSPECIFIED.,.F.,.F.,(7,
    5,7),(0.,0.475726210714,1.),.UNSPECIFIED.);
#2600 = CARTESIAN_POINT('',(3.671401515152,10.725615530303,3.1));
#2601 = CARTESIAN_POINT('',(3.599817697225,10.785702060787,3.1));
#2602 = CARTESIAN_POINT('',(3.522525870659,10.839414255069,3.1));
#2603 = CARTESIAN_POINT('',(3.440036440873,10.886454104329,3.1));
#2604 = CARTESIAN_POINT('',(3.352997543738,10.926867624674,3.1));
#2605 = CARTESIAN_POINT('',(3.262096700733,10.960903750692,3.1));
#2606 = CARTESIAN_POINT('',(3.064290001637,11.019797283556,3.1));
#2607 = CARTESIAN_POINT('',(2.95668274846,11.043367824282,3.1));
#2608 = CARTESIAN_POINT('',(2.84596930145,11.060135439968,3.1));
#2609 = CARTESIAN_POINT('',(2.732852739518,11.07073045058,3.1));
#2610 = CARTESIAN_POINT('',(2.617878768501,11.075757575758,3.1));
#2611 = CARTESIAN_POINT('',(2.501420454545,11.075757575758,3.1));
#2612 = ORIENTED_EDGE('',*,*,#2613,.F.);
#2613 = EDGE_CURVE('',#2614,#2597,#2616,.T.);
#2614 = VERTEX_POINT('',#2615);
#2615 = CARTESIAN_POINT('',(4.088778409091,9.749763257576,3.1));
#2616 = B_SPLINE_CURVE_WITH_KNOTS('',5,(#2617,#2618,#2619,#2620,#2621,
    #2622,#2623,#2624,#2625,#2626,#2627,#2628,#2629,#2630),
  .UNSPECIFIED.,.F.,.F.,(6,4,4,6),(0.,0.24715081665,0.695065043356,1.),
  .UNSPECIFIED.);
#2617 = CARTESIAN_POINT('',(4.088778409091,9.749763257576,3.1));
#2618 = CARTESIAN_POINT('',(4.088778409091,9.807139247242,3.1));
#2619 = CARTESIAN_POINT('',(4.086584942624,9.863950964125,3.1));
#2620 = CARTESIAN_POINT('',(4.082063122172,9.920084000709,3.1));
#2621 = CARTESIAN_POINT('',(4.075080407943,9.975401110036,3.1));
#2622 = CARTESIAN_POINT('',(4.048227834027,10.128248345091,3.1));
#2623 = CARTESIAN_POINT('',(4.022491216859,10.22360038369,3.1));
#2624 = CARTESIAN_POINT('',(3.987706231177,10.314819740905,3.1));
#2625 = CARTESIAN_POINT('',(3.943589502518,10.400925202276,3.1));
#2626 = CARTESIAN_POINT('',(3.854593974997,10.535806389383,3.1));
#2627 = CARTESIAN_POINT('',(3.814445539803,10.587737068885,3.1));
#2628 = CARTESIAN_POINT('',(3.770343186318,10.6367391163,3.1));
#2629 = CARTESIAN_POINT('',(3.722550655203,10.682705956771,3.1));
#2630 = CARTESIAN_POINT('',(3.671401515152,10.725615530303,3.1));
#2631 = ORIENTED_EDGE('',*,*,#2632,.F.);
#2632 = EDGE_CURVE('',#2633,#2614,#2635,.T.);
#2633 = VERTEX_POINT('',#2634);
#2634 = CARTESIAN_POINT('',(3.820549242424,8.969460227273,3.1));
#2635 = B_SPLINE_CURVE_WITH_KNOTS('',6,(#2636,#2637,#2638,#2639,#2640,
    #2641,#2642,#2643,#2644,#2645,#2646,#2647),.UNSPECIFIED.,.F.,.F.,(7,
    5,7),(0.,0.170206839827,1.),.UNSPECIFIED.);
#2636 = CARTESIAN_POINT('',(3.820549242424,8.969460227273,3.1));
#2637 = CARTESIAN_POINT('',(3.836067080874,8.986840754186,3.1));
#2638 = CARTESIAN_POINT('',(3.851069875945,9.004608073641,3.1));
#2639 = CARTESIAN_POINT('',(3.865548736025,9.022757776186,3.1));
#2640 = CARTESIAN_POINT('',(3.8794960559,9.041284418105,3.1));
#2641 = CARTESIAN_POINT('',(3.892905516756,9.060181521414,3.1));
#2642 = CARTESIAN_POINT('',(3.96849924396,9.173338269222,3.1));
#2643 = CARTESIAN_POINT('',(4.018349248064,9.275899582782,3.1));
#2644 = CARTESIAN_POINT('',(4.054642405375,9.386149013819,3.1));
#2645 = CARTESIAN_POINT('',(4.077795608125,9.50277587487,3.1));
#2646 = CARTESIAN_POINT('',(4.088778409091,9.624404304634,3.1));
#2647 = CARTESIAN_POINT('',(4.088778409091,9.749763257576,3.1));
#2648 = ORIENTED_EDGE('',*,*,#2649,.F.);
#2649 = EDGE_CURVE('',#2650,#2633,#2652,.T.);
#2650 = VERTEX_POINT('',#2651);
#2651 = CARTESIAN_POINT('',(3.041193181818,8.5625,3.1));
#2652 = B_SPLINE_CURVE_WITH_KNOTS('',5,(#2653,#2654,#2655,#2656,#2657,
    #2658,#2659,#2660,#2661,#2662),.UNSPECIFIED.,.F.,.F.,(6,4,6),(0.,
    0.5153063622,1.),.UNSPECIFIED.);
#2653 = CARTESIAN_POINT('',(3.041193181818,8.5625,3.1));
#2654 = CARTESIAN_POINT('',(3.139056520259,8.582888195509,3.1));
#2655 = CARTESIAN_POINT('',(3.233673544197,8.608199576943,3.1));
#2656 = CARTESIAN_POINT('',(3.324467001657,8.638842510839,3.1));
#2657 = CARTESIAN_POINT('',(3.410718135543,8.675213081299,3.1));
#2658 = CARTESIAN_POINT('',(3.567898185218,8.757288568963,3.1));
#2659 = CARTESIAN_POINT('',(3.63944064107,8.80231410554,3.1));
#2660 = CARTESIAN_POINT('',(3.705725434022,8.852733315609,3.1));
#2661 = CARTESIAN_POINT('',(3.766208569111,8.908542988373,3.1));
#2662 = CARTESIAN_POINT('',(3.820549242424,8.969460227273,3.1));
#2663 = ORIENTED_EDGE('',*,*,#2664,.T.);
#2664 = EDGE_CURVE('',#2650,#2665,#2667,.T.);
#2665 = VERTEX_POINT('',#2666);
#2666 = CARTESIAN_POINT('',(3.041193181818,8.548295454545,3.1));
#2667 = LINE('',#2668,#2669);
#2668 = CARTESIAN_POINT('',(3.041193181818,32.307937446008,3.1));
#2669 = VECTOR('',#2670,1.);
#2670 = DIRECTION('',(0.,-1.,0.));
#2671 = ORIENTED_EDGE('',*,*,#2672,.F.);
#2672 = EDGE_CURVE('',#2673,#2665,#2675,.T.);
#2673 = VERTEX_POINT('',#2674);
#2674 = CARTESIAN_POINT('',(3.914772727273,8.171875,3.1));
#2675 = B_SPLINE_CURVE_WITH_KNOTS('',6,(#2676,#2677,#2678,#2679,#2680,
    #2681,#2682,#2683,#2684,#2685,#2686,#2687),.UNSPECIFIED.,.F.,.F.,(7,
    5,7),(0.,0.496403203765,1.),.UNSPECIFIED.);
#2676 = CARTESIAN_POINT('',(3.914772727273,8.171875,3.1));
#2677 = CARTESIAN_POINT('',(3.860879984299,8.226380160508,3.1));
#2678 = CARTESIAN_POINT('',(3.802505217557,8.276369444226,3.1));
#2679 = CARTESIAN_POINT('',(3.739856808385,8.321602878633,3.1));
#2680 = CARTESIAN_POINT('',(3.673237675122,8.361994820792,3.1));
#2681 = CARTESIAN_POINT('',(3.603018189146,8.397581058108,3.1));
#2682 = CARTESIAN_POINT('',(3.455136189835,8.45983861557,3.1));
#2683 = CARTESIAN_POINT('',(3.377369507709,8.486377922069,3.1));
#2684 = CARTESIAN_POINT('',(3.296712180379,8.50824127782,3.1));
#2685 = CARTESIAN_POINT('',(3.213565123492,8.525665777802,3.1));
#2686 = CARTESIAN_POINT('',(3.12829021091,8.538924255213,3.1));
#2687 = CARTESIAN_POINT('',(3.041193181818,8.548295454545,3.1));
#2688 = ORIENTED_EDGE('',*,*,#2689,.F.);
#2689 = EDGE_CURVE('',#2245,#2673,#2690,.T.);
#2690 = B_SPLINE_CURVE_WITH_KNOTS('',5,(#2691,#2692,#2693,#2694,#2695,
    #2696,#2697,#2698,#2699,#2700),.UNSPECIFIED.,.F.,.F.,(6,4,6),(0.,
    0.632798724688,1.),.UNSPECIFIED.);
#2691 = CARTESIAN_POINT('',(4.227272727273,7.376420454545,3.1));
#2692 = CARTESIAN_POINT('',(4.227272727273,7.492986814903,3.1));
#2693 = CARTESIAN_POINT('',(4.215724801217,7.606460442758,3.1));
#2694 = CARTESIAN_POINT('',(4.19146782261,7.715570016293,3.1));
#2695 = CARTESIAN_POINT('',(4.153783103793,7.818981577045,3.1));
#2696 = CARTESIAN_POINT('',(4.073913115836,7.971719963105,3.1));
#2697 = CARTESIAN_POINT('',(4.040249006129,8.025542707398,3.1));
#2698 = CARTESIAN_POINT('',(4.002350975571,8.076905468123,3.1));
#2699 = CARTESIAN_POINT('',(3.960430722093,8.125698164329,3.1));
#2700 = CARTESIAN_POINT('',(3.914772727273,8.171875,3.1));
#2701 = FACE_BOUND('',#2702,.T.);
#2702 = EDGE_LOOP('',(#2703,#2728,#2747,#2784,#2792,#2809,#2826,#2843,
    #2862,#2873,#2884,#2895,#2906,#2917,#2929,#2942,#2953,#2972,#2989,
    #3006,#3023,#3031,#3048,#3063,#3080,#3095,#3110,#3121,#3140,#3150,
    #3160,#3170,#3183,#3194));
#2703 = ORIENTED_EDGE('',*,*,#2704,.F.);
#2704 = EDGE_CURVE('',#2705,#2707,#2709,.T.);
#2705 = VERTEX_POINT('',#2706);
#2706 = CARTESIAN_POINT('',(10.761126893939,6.304214015152,3.1));
#2707 = VERTEX_POINT('',#2708);
#2708 = CARTESIAN_POINT('',(11.302793560606,7.377367424242,3.1));
#2709 = B_SPLINE_CURVE_WITH_KNOTS('',5,(#2710,#2711,#2712,#2713,#2714,
    #2715,#2716,#2717,#2718,#2719,#2720,#2721,#2722,#2723,#2724,#2725,
    #2726,#2727),.UNSPECIFIED.,.F.,.F.,(6,4,4,4,6),(0.,0.14544179272,
    0.443351287121,0.807809979146,1.),.UNSPECIFIED.);
#2710 = CARTESIAN_POINT('',(10.761126893939,6.304214015152,3.1));
#2711 = CARTESIAN_POINT('',(10.791602950695,6.325605862682,3.1));
#2712 = CARTESIAN_POINT('',(10.821279418148,6.347807179004,3.1));
#2713 = CARTESIAN_POINT('',(10.850101550203,6.370829512923,3.1));
#2714 = CARTESIAN_POINT('',(10.878015239805,6.394677477915,3.1));
#2715 = CARTESIAN_POINT('',(10.96017254649,6.469883104675,3.1));
#2716 = CARTESIAN_POINT('',(11.011350251588,6.523877675946,3.1));
#2717 = CARTESIAN_POINT('',(11.058026987244,6.581292931038,3.1));
#2718 = CARTESIAN_POINT('',(11.099824121395,6.641970263552,3.1));
#2719 = CARTESIAN_POINT('',(11.181474179188,6.783373086287,3.1));
#2720 = CARTESIAN_POINT('',(11.218821930991,6.865575215703,3.1));
#2721 = CARTESIAN_POINT('',(11.248216796059,6.951540376695,3.1));
#2722 = CARTESIAN_POINT('',(11.269867679994,7.040498749426,3.1));
#2723 = CARTESIAN_POINT('',(11.291841895127,7.179764387134,3.1));
#2724 = CARTESIAN_POINT('',(11.29741005617,7.228472950995,3.1));
#2725 = CARTESIAN_POINT('',(11.301030484676,7.277703050233,3.1));
#2726 = CARTESIAN_POINT('',(11.302793560606,7.327361040345,3.1));
#2727 = CARTESIAN_POINT('',(11.302793560606,7.377367424242,3.1));
#2728 = ORIENTED_EDGE('',*,*,#2729,.F.);
#2729 = EDGE_CURVE('',#2730,#2705,#2732,.T.);
#2730 = VERTEX_POINT('',#2731);
#2731 = CARTESIAN_POINT('',(9.23603219697,5.924242424242,3.1));
#2732 = B_SPLINE_CURVE_WITH_KNOTS('',7,(#2733,#2734,#2735,#2736,#2737,
    #2738,#2739,#2740,#2741,#2742,#2743,#2744,#2745,#2746),
  .UNSPECIFIED.,.F.,.F.,(8,6,8),(0.,0.686742526573,1.),.UNSPECIFIED.);
#2733 = CARTESIAN_POINT('',(9.23603219697,5.924242424242,3.1));
#2734 = CARTESIAN_POINT('',(9.40099168725,5.924242424242,3.1));
#2735 = CARTESIAN_POINT('',(9.564385581933,5.930475948177,3.1));
#2736 = CARTESIAN_POINT('',(9.725881628978,5.943716396831,3.1));
#2737 = CARTESIAN_POINT('',(9.884812037892,5.964908526603,3.1));
#2738 = CARTESIAN_POINT('',(10.040190547867,5.995129560545,3.1));
#2739 = CARTESIAN_POINT('',(10.190725740132,6.035555054843,3.1));
#2740 = CARTESIAN_POINT('',(10.400669784167,6.110844816564,3.1));
#2741 = CARTESIAN_POINT('',(10.465094535475,6.136770223319,3.1));
#2742 = CARTESIAN_POINT('',(10.528018069786,6.165128424118,3.1));
#2743 = CARTESIAN_POINT('',(10.589265931929,6.196002528206,3.1));
#2744 = CARTESIAN_POINT('',(10.648655371226,6.229456907257,3.1));
#2745 = CARTESIAN_POINT('',(10.706002073642,6.265527816386,3.1));
#2746 = CARTESIAN_POINT('',(10.761126893939,6.304214015152,3.1));
#2747 = ORIENTED_EDGE('',*,*,#2748,.F.);
#2748 = EDGE_CURVE('',#2749,#2730,#2751,.T.);
#2749 = VERTEX_POINT('',#2750);
#2750 = CARTESIAN_POINT('',(7.116003787879,7.195549242424,3.1));
#2751 = B_SPLINE_CURVE_WITH_KNOTS('',6,(#2752,#2753,#2754,#2755,#2756,
    #2757,#2758,#2759,#2760,#2761,#2762,#2763,#2764,#2765,#2766,#2767,
    #2768,#2769,#2770,#2771,#2772,#2773,#2774,#2775,#2776,#2777,#2778,
    #2779,#2780,#2781,#2782,#2783),.UNSPECIFIED.,.F.,.F.,(7,5,5,5,5,5,7)
  ,(0.,9.339273084735E-02,0.267614468103,0.408982847104,0.479048282676,
    0.606746150167,1.),.UNSPECIFIED.);
#2752 = CARTESIAN_POINT('',(7.116003787879,7.195549242424,3.1));
#2753 = CARTESIAN_POINT('',(7.125355828662,7.154719600955,3.1));
#2754 = CARTESIAN_POINT('',(7.135767437813,7.114205466879,3.1));
#2755 = CARTESIAN_POINT('',(7.147277092995,7.0740523535,3.1));
#2756 = CARTESIAN_POINT('',(7.159921089856,7.034311257833,3.1));
#2757 = CARTESIAN_POINT('',(7.173730889767,6.995037667986,3.1));
#2758 = CARTESIAN_POINT('',(7.216711794148,6.884008856889,3.1));
#2759 = CARTESIAN_POINT('',(7.248840563248,6.813541398727,3.1));
#2760 = CARTESIAN_POINT('',(7.285262460327,6.745304947101,3.1));
#2761 = CARTESIAN_POINT('',(7.326035448066,6.679712329632,3.1));
#2762 = CARTESIAN_POINT('',(7.371080612078,6.617141987009,3.1));
#2763 = CARTESIAN_POINT('',(7.459935488299,6.509843001547,3.1));
#2764 = CARTESIAN_POINT('',(7.502386016592,6.463963154088,3.1));
#2765 = CARTESIAN_POINT('',(7.547348748555,6.420433215237,3.1));
#2766 = CARTESIAN_POINT('',(7.594643535601,6.379348741254,3.1));
#2767 = CARTESIAN_POINT('',(7.644058530958,6.340748748598,3.1));
#2768 = CARTESIAN_POINT('',(7.720790377029,6.286727017481,3.1));
#2769 = CARTESIAN_POINT('',(7.746683606151,6.269433478764,3.1));
#2770 = CARTESIAN_POINT('',(7.773015520123,6.252746512952,3.1));
#2771 = CARTESIAN_POINT('',(7.799759670209,6.236661897553,3.1));
#2772 = CARTESIAN_POINT('',(7.826890123294,6.221172924489,3.1));
#2773 = CARTESIAN_POINT('',(7.904485843365,6.179109781313,3.1));
#2774 = CARTESIAN_POINT('',(7.955788647184,6.153898035669,3.1));
#2775 = CARTESIAN_POINT('',(8.00813950492,6.130580003457,3.1));
#2776 = CARTESIAN_POINT('',(8.061399516393,6.109081690917,3.1));
#2777 = CARTESIAN_POINT('',(8.11544573664,6.089318839049,3.1));
#2778 = CARTESIAN_POINT('',(8.338720013832,6.015424268872,3.1));
#2779 = CARTESIAN_POINT('',(8.513529177178,5.975358425121,3.1));
#2780 = CARTESIAN_POINT('',(8.692029704416,5.948255738887,3.1));
#2781 = CARTESIAN_POINT('',(8.872447995456,5.931813305396,3.1));
#2782 = CARTESIAN_POINT('',(9.053829870155,5.924242424242,3.1));
#2783 = CARTESIAN_POINT('',(9.23603219697,5.924242424242,3.1));
#2784 = ORIENTED_EDGE('',*,*,#2785,.T.);
#2785 = EDGE_CURVE('',#2749,#2786,#2788,.T.);
#2786 = VERTEX_POINT('',#2787);
#2787 = CARTESIAN_POINT('',(7.772964015152,7.326941287879,3.1));
#2788 = LINE('',#2789,#2790);
#2789 = CARTESIAN_POINT('',(8.392715971552,7.450891679159,3.1));
#2790 = VECTOR('',#2791,1.);
#2791 = DIRECTION('',(0.980580675691,0.196116135138,-0.));
#2792 = ORIENTED_EDGE('',*,*,#2793,.F.);
#2793 = EDGE_CURVE('',#2794,#2786,#2796,.T.);
#2794 = VERTEX_POINT('',#2795);
#2795 = CARTESIAN_POINT('',(8.255918560606,6.664535984848,3.1));
#2796 = B_SPLINE_CURVE_WITH_KNOTS('',6,(#2797,#2798,#2799,#2800,#2801,
    #2802,#2803,#2804,#2805,#2806,#2807,#2808),.UNSPECIFIED.,.F.,.F.,(7,
    5,7),(0.,0.352897430785,1.),.UNSPECIFIED.);
#2797 = CARTESIAN_POINT('',(8.255918560606,6.664535984848,3.1));
#2798 = CARTESIAN_POINT('',(8.212625803476,6.689318313129,3.1));
#2799 = CARTESIAN_POINT('',(8.171129992962,6.716254035596,3.1));
#2800 = CARTESIAN_POINT('',(8.131556875363,6.745356954092,3.1));
#2801 = CARTESIAN_POINT('',(8.094016309022,6.776617124753,3.1));
#2802 = CARTESIAN_POINT('',(8.058598144719,6.809996478144,3.1));
#2803 = CARTESIAN_POINT('',(7.964434697328,6.910388144843,3.1));
#2804 = CARTESIAN_POINT('',(7.910837959056,6.982262074703,3.1));
#2805 = CARTESIAN_POINT('',(7.865021638306,7.060589983157,3.1));
#2806 = CARTESIAN_POINT('',(7.82698582162,7.144683226108,3.1));
#2807 = CARTESIAN_POINT('',(7.796447657685,7.233740581574,3.1));
#2808 = CARTESIAN_POINT('',(7.772964015152,7.326941287879,3.1));
#2809 = ORIENTED_EDGE('',*,*,#2810,.F.);
#2810 = EDGE_CURVE('',#2811,#2794,#2813,.T.);
#2811 = VERTEX_POINT('',#2812);
#2812 = CARTESIAN_POINT('',(9.260890151515,6.453361742424,3.1));
#2813 = B_SPLINE_CURVE_WITH_KNOTS('',6,(#2814,#2815,#2816,#2817,#2818,
    #2819,#2820,#2821,#2822,#2823,#2824,#2825),.UNSPECIFIED.,.F.,.F.,(7,
    5,7),(0.,0.526657925878,1.),.UNSPECIFIED.);
#2814 = CARTESIAN_POINT('',(9.260890151515,6.453361742424,3.1));
#2815 = CARTESIAN_POINT('',(9.161268320042,6.453361742424,3.1));
#2816 = CARTESIAN_POINT('',(9.063153143895,6.456474207594,3.1));
#2817 = CARTESIAN_POINT('',(8.966786801908,6.462981009581,3.1));
#2818 = CARTESIAN_POINT('',(8.872497493875,6.47320340056,3.1));
#2819 = CARTESIAN_POINT('',(8.780687384815,6.4874817536,3.1));
#2820 = CARTESIAN_POINT('',(8.611950086455,6.522938448568,3.1));
#2821 = CARTESIAN_POINT('',(8.534460836209,6.543270824431,3.1));
#2822 = CARTESIAN_POINT('',(8.459700545462,6.567394397706,3.1));
#2823 = CARTESIAN_POINT('',(8.388071161801,6.595538613185,3.1));
#2824 = CARTESIAN_POINT('',(8.320005729304,6.627891270439,3.1));
#2825 = CARTESIAN_POINT('',(8.255918560606,6.664535984848,3.1));
#2826 = ORIENTED_EDGE('',*,*,#2827,.F.);
#2827 = EDGE_CURVE('',#2828,#2811,#2830,.T.);
#2828 = VERTEX_POINT('',#2829);
#2829 = CARTESIAN_POINT('',(10.274621212121,6.678977272727,3.1));
#2830 = B_SPLINE_CURVE_WITH_KNOTS('',6,(#2831,#2832,#2833,#2834,#2835,
    #2836,#2837,#2838,#2839,#2840,#2841,#2842),.UNSPECIFIED.,.F.,.F.,(7,
    5,7),(0.,0.472149159484,1.),.UNSPECIFIED.);
#2831 = CARTESIAN_POINT('',(10.274621212121,6.678977272727,3.1));
#2832 = CARTESIAN_POINT('',(10.212215387951,6.639512939327,3.1));
#2833 = CARTESIAN_POINT('',(10.145160370535,6.604735371542,3.1));
#2834 = CARTESIAN_POINT('',(10.073966597716,6.574572131602,3.1));
#2835 = CARTESIAN_POINT('',(9.999181143993,6.548801238983,3.1));
#2836 = CARTESIAN_POINT('',(9.921307986052,6.527146007992,3.1));
#2837 = CARTESIAN_POINT('',(9.750739814935,6.489381010995,3.1));
#2838 = CARTESIAN_POINT('',(9.657386613853,6.474228918855,3.1));
#2839 = CARTESIAN_POINT('',(9.561288638568,6.463443116002,3.1));
#2840 = CARTESIAN_POINT('',(9.462934056844,6.456613867927,3.1));
#2841 = CARTESIAN_POINT('',(9.362710486405,6.453361742424,3.1));
#2842 = CARTESIAN_POINT('',(9.260890151515,6.453361742424,3.1));
#2843 = ORIENTED_EDGE('',*,*,#2844,.F.);
#2844 = EDGE_CURVE('',#2845,#2828,#2847,.T.);
#2845 = VERTEX_POINT('',#2846);
#2846 = CARTESIAN_POINT('',(10.631628787879,7.341856060606,3.1));
#2847 = B_SPLINE_CURVE_WITH_KNOTS('',5,(#2848,#2849,#2850,#2851,#2852,
    #2853,#2854,#2855,#2856,#2857,#2858,#2859,#2860,#2861),
  .UNSPECIFIED.,.F.,.F.,(6,4,4,6),(0.,0.176364866983,0.537276249225,1.),
  .UNSPECIFIED.);
#2848 = CARTESIAN_POINT('',(10.631628787879,7.341856060606,3.1));
#2849 = CARTESIAN_POINT('',(10.631628787879,7.312277122134,3.1));
#2850 = CARTESIAN_POINT('',(10.630606850099,7.283040763323,3.1));
#2851 = CARTESIAN_POINT('',(10.628525998189,7.254184065482,3.1));
#2852 = CARTESIAN_POINT('',(10.625354741636,7.225745777968,3.1));
#2853 = CARTESIAN_POINT('',(10.612292837185,7.140509418447,3.1));
#2854 = CARTESIAN_POINT('',(10.598843106612,7.085166295091,3.1));
#2855 = CARTESIAN_POINT('',(10.580502354117,7.032099347755,3.1));
#2856 = CARTESIAN_POINT('',(10.557191795795,6.981638080714,3.1));
#2857 = CARTESIAN_POINT('',(10.492996707586,6.872998968394,3.1));
#2858 = CARTESIAN_POINT('',(10.448996328441,6.816637825283,3.1));
#2859 = CARTESIAN_POINT('',(10.397376347854,6.765499965841,3.1));
#2860 = CARTESIAN_POINT('',(10.338935321068,6.719664049873,3.1));
#2861 = CARTESIAN_POINT('',(10.274621212121,6.678977272727,3.1));
#2862 = ORIENTED_EDGE('',*,*,#2863,.F.);
#2863 = EDGE_CURVE('',#2864,#2845,#2866,.T.);
#2864 = VERTEX_POINT('',#2865);
#2865 = CARTESIAN_POINT('',(10.519649621212,7.739583333333,3.1));
#2866 = B_SPLINE_CURVE_WITH_KNOTS('',5,(#2867,#2868,#2869,#2870,#2871,
    #2872),.UNSPECIFIED.,.F.,.F.,(6,6),(0.,1.),
  .PIECEWISE_BEZIER_KNOTS.);
#2867 = CARTESIAN_POINT('',(10.519649621212,7.739583333333,3.1));
#2868 = CARTESIAN_POINT('',(10.565104147333,7.677599888623,3.1));
#2869 = CARTESIAN_POINT('',(10.598970221128,7.606185098553,3.1));
#2870 = CARTESIAN_POINT('',(10.620996765852,7.525808835824,3.1));
#2871 = CARTESIAN_POINT('',(10.631628787879,7.437357775872,3.1));
#2872 = CARTESIAN_POINT('',(10.631628787879,7.341856060606,3.1));
#2873 = ORIENTED_EDGE('',*,*,#2874,.F.);
#2874 = EDGE_CURVE('',#2875,#2864,#2877,.T.);
#2875 = VERTEX_POINT('',#2876);
#2876 = CARTESIAN_POINT('',(10.205492424242,7.991950757576,3.1));
#2877 = B_SPLINE_CURVE_WITH_KNOTS('',5,(#2878,#2879,#2880,#2881,#2882,
    #2883),.UNSPECIFIED.,.F.,.F.,(6,6),(0.,1.),
  .PIECEWISE_BEZIER_KNOTS.);
#2878 = CARTESIAN_POINT('',(10.205492424242,7.991950757576,3.1));
#2879 = CARTESIAN_POINT('',(10.285188488738,7.952801813613,3.1));
#2880 = CARTESIAN_POINT('',(10.356953412445,7.908049516734,3.1));
#2881 = CARTESIAN_POINT('',(10.420210974927,7.857569938773,3.1));
#2882 = CARTESIAN_POINT('',(10.474515261122,7.801356207525,3.1));
#2883 = CARTESIAN_POINT('',(10.519649621212,7.739583333333,3.1));
#2884 = ORIENTED_EDGE('',*,*,#2885,.F.);
#2885 = EDGE_CURVE('',#2886,#2875,#2888,.T.);
#2886 = VERTEX_POINT('',#2887);
#2887 = CARTESIAN_POINT('',(9.722537878788,8.158854166667,3.1));
#2888 = B_SPLINE_CURVE_WITH_KNOTS('',5,(#2889,#2890,#2891,#2892,#2893,
    #2894),.UNSPECIFIED.,.F.,.F.,(6,6),(0.,1.),
  .PIECEWISE_BEZIER_KNOTS.);
#2889 = CARTESIAN_POINT('',(9.722537878788,8.158854166667,3.1));
#2890 = CARTESIAN_POINT('',(9.831775295109,8.132581876665,3.1));
#2891 = CARTESIAN_POINT('',(9.935186151315,8.102901679624,3.1));
#2892 = CARTESIAN_POINT('',(10.0322799951,8.069654383314,3.1));
#2893 = CARTESIAN_POINT('',(10.122540314917,8.032699162157,3.1));
#2894 = CARTESIAN_POINT('',(10.205492424242,7.991950757576,3.1));
#2895 = ORIENTED_EDGE('',*,*,#2896,.F.);
#2896 = EDGE_CURVE('',#2897,#2886,#2899,.T.);
#2897 = VERTEX_POINT('',#2898);
#2898 = CARTESIAN_POINT('',(9.101089015152,8.3046875,3.1));
#2899 = B_SPLINE_CURVE_WITH_KNOTS('',5,(#2900,#2901,#2902,#2903,#2904,
    #2905),.UNSPECIFIED.,.F.,.F.,(6,6),(0.,1.),
  .PIECEWISE_BEZIER_KNOTS.);
#2900 = CARTESIAN_POINT('',(9.101089015152,8.3046875,3.1));
#2901 = CARTESIAN_POINT('',(9.233695741986,8.274298458434,3.1));
#2902 = CARTESIAN_POINT('',(9.362445554597,8.244470068715,3.1));
#2903 = CARTESIAN_POINT('',(9.487053774309,8.215249522629,3.1));
#2904 = CARTESIAN_POINT('',(9.607199991511,8.186690990094,3.1));
#2905 = CARTESIAN_POINT('',(9.722537878788,8.158854166667,3.1));
#2906 = ORIENTED_EDGE('',*,*,#2907,.F.);
#2907 = EDGE_CURVE('',#2908,#2897,#2910,.T.);
#2908 = VERTEX_POINT('',#2909);
#2909 = CARTESIAN_POINT('',(8.200757575758,8.567471590909,3.1));
#2910 = B_SPLINE_CURVE_WITH_KNOTS('',5,(#2911,#2912,#2913,#2914,#2915,
    #2916),.UNSPECIFIED.,.F.,.F.,(6,6),(0.,1.),
  .PIECEWISE_BEZIER_KNOTS.);
#2911 = CARTESIAN_POINT('',(8.200757575758,8.567471590909,3.1));
#2912 = CARTESIAN_POINT('',(8.341491505538,8.507296451442,3.1));
#2913 = CARTESIAN_POINT('',(8.50966515773,8.451405290744,3.1));
#2914 = CARTESIAN_POINT('',(8.695602435878,8.399375493402,3.1));
#2915 = CARTESIAN_POINT('',(8.893467267058,8.350687528021,3.1));
#2916 = CARTESIAN_POINT('',(9.101089015152,8.3046875,3.1));
#2917 = ORIENTED_EDGE('',*,*,#2918,.F.);
#2918 = EDGE_CURVE('',#2919,#2908,#2921,.T.);
#2919 = VERTEX_POINT('',#2920);
#2920 = CARTESIAN_POINT('',(7.716145833333,8.860558712121,3.1));
#2921 = B_SPLINE_CURVE_WITH_KNOTS('',6,(#2922,#2923,#2924,#2925,#2926,
    #2927,#2928),.UNSPECIFIED.,.F.,.F.,(7,7),(0.,1.),
  .PIECEWISE_BEZIER_KNOTS.);
#2922 = CARTESIAN_POINT('',(7.716145833333,8.860558712121,3.1));
#2923 = CARTESIAN_POINT('',(7.77758647159,8.804688691733,3.1));
#2924 = CARTESIAN_POINT('',(7.847576058615,8.751647995475,3.1));
#2925 = CARTESIAN_POINT('',(7.925541586373,8.701469101589,3.1));
#2926 = CARTESIAN_POINT('',(8.01082318239,8.654108234207,3.1));
#2927 = CARTESIAN_POINT('',(8.102764455465,8.609479435846,3.1));
#2928 = CARTESIAN_POINT('',(8.200757575758,8.567471590909,3.1));
#2929 = ORIENTED_EDGE('',*,*,#2930,.F.);
#2930 = EDGE_CURVE('',#2931,#2919,#2933,.T.);
#2931 = VERTEX_POINT('',#2932);
#2932 = CARTESIAN_POINT('',(7.444365530303,9.238873106061,3.1));
#2933 = B_SPLINE_CURVE_WITH_KNOTS('',4,(#2934,#2935,#2936,#2937,#2938,
    #2939,#2940,#2941),.UNSPECIFIED.,.F.,.F.,(5,3,5),(0.,0.40475580756,
    1.),.UNSPECIFIED.);
#2934 = CARTESIAN_POINT('',(7.444365530303,9.238873106061,3.1));
#2935 = CARTESIAN_POINT('',(7.463411618196,9.195086245703,3.1));
#2936 = CARTESIAN_POINT('',(7.48476164433,9.152717357297,3.1));
#2937 = CARTESIAN_POINT('',(7.508417298907,9.1118168459,3.1));
#2938 = CARTESIAN_POINT('',(7.572500392068,9.014483001722,3.1));
#2939 = CARTESIAN_POINT('',(7.615582093313,8.959798107932,3.1));
#2940 = CARTESIAN_POINT('',(7.663524443076,8.908479258182,3.1));
#2941 = CARTESIAN_POINT('',(7.716145833333,8.860558712121,3.1));
#2942 = ORIENTED_EDGE('',*,*,#2943,.F.);
#2943 = EDGE_CURVE('',#2944,#2931,#2946,.T.);
#2944 = VERTEX_POINT('',#2945);
#2945 = CARTESIAN_POINT('',(7.350378787879,9.736268939394,3.1));
#2946 = B_SPLINE_CURVE_WITH_KNOTS('',5,(#2947,#2948,#2949,#2950,#2951,
    #2952),.UNSPECIFIED.,.F.,.F.,(6,6),(0.,1.),
  .PIECEWISE_BEZIER_KNOTS.);
#2947 = CARTESIAN_POINT('',(7.350378787879,9.736268939394,3.1));
#2948 = CARTESIAN_POINT('',(7.350378787879,9.626401400494,3.1));
#2949 = CARTESIAN_POINT('',(7.359388316139,9.521170690101,3.1));
#2950 = CARTESIAN_POINT('',(7.377888097369,9.421157978968,3.1));
#2951 = CARTESIAN_POINT('',(7.406207594713,9.326915093468,3.1));
#2952 = CARTESIAN_POINT('',(7.444365530303,9.238873106061,3.1));
#2953 = ORIENTED_EDGE('',*,*,#2954,.F.);
#2954 = EDGE_CURVE('',#2955,#2944,#2957,.T.);
#2955 = VERTEX_POINT('',#2956);
#2956 = CARTESIAN_POINT('',(7.84209280303,10.727509469697,3.1));
#2957 = B_SPLINE_CURVE_WITH_KNOTS('',5,(#2958,#2959,#2960,#2961,#2962,
    #2963,#2964,#2965,#2966,#2967,#2968,#2969,#2970,#2971),
  .UNSPECIFIED.,.F.,.F.,(6,4,4,6),(0.,0.419499746453,0.799217548758,1.),
  .UNSPECIFIED.);
#2958 = CARTESIAN_POINT('',(7.84209280303,10.727509469697,3.1));
#2959 = CARTESIAN_POINT('',(7.761616890571,10.670552516729,3.1));
#2960 = CARTESIAN_POINT('',(7.687474159899,10.607308903178,3.1));
#2961 = CARTESIAN_POINT('',(7.620881733218,10.537627265373,3.1));
#2962 = CARTESIAN_POINT('',(7.56292285529,10.461669897902,3.1));
#2963 = CARTESIAN_POINT('',(7.469877849997,10.306587176925,3.1));
#2964 = CARTESIAN_POINT('',(7.433123836256,10.228412252682,3.1));
#2965 = CARTESIAN_POINT('',(7.404190892986,10.146346472293,3.1));
#2966 = CARTESIAN_POINT('',(7.382872373633,10.061142119135,3.1));
#2967 = CARTESIAN_POINT('',(7.361197919488,9.927247628629,3.1));
#2968 = CARTESIAN_POINT('',(7.355696623881,9.880264636188,3.1));
#2969 = CARTESIAN_POINT('',(7.352120190259,9.832713347222,3.1));
#2970 = CARTESIAN_POINT('',(7.350378787879,9.784687968715,3.1));
#2971 = CARTESIAN_POINT('',(7.350378787879,9.736268939394,3.1));
#2972 = ORIENTED_EDGE('',*,*,#2973,.F.);
#2973 = EDGE_CURVE('',#2974,#2955,#2976,.T.);
#2974 = VERTEX_POINT('',#2975);
#2975 = CARTESIAN_POINT('',(9.250236742424,11.075757575758,3.1));
#2976 = B_SPLINE_CURVE_WITH_KNOTS('',6,(#2977,#2978,#2979,#2980,#2981,
    #2982,#2983,#2984,#2985,#2986,#2987,#2988),.UNSPECIFIED.,.F.,.F.,(7,
    5,7),(0.,0.628806178624,1.),.UNSPECIFIED.);
#2977 = CARTESIAN_POINT('',(9.250236742424,11.075757575758,3.1));
#2978 = CARTESIAN_POINT('',(9.086161467433,11.075757575758,3.1));
#2979 = CARTESIAN_POINT('',(8.924023971687,11.06905677707,3.1));
#2980 = CARTESIAN_POINT('',(8.764301637806,11.054699057678,3.1));
#2981 = CARTESIAN_POINT('',(8.607952071584,11.031492582208,3.1));
#2982 = CARTESIAN_POINT('',(8.456411996228,10.998019137931,3.1));
#2983 = CARTESIAN_POINT('',(8.225935962864,10.926238623588,3.1));
#2984 = CARTESIAN_POINT('',(8.142712502241,10.895537297509,3.1));
#2985 = CARTESIAN_POINT('',(8.062226188306,10.860509152918,3.1));
#2986 = CARTESIAN_POINT('',(7.98495500205,10.82091358644,3.1));
#2987 = CARTESIAN_POINT('',(7.911414843958,10.776582002038,3.1));
#2988 = CARTESIAN_POINT('',(7.84209280303,10.727509469697,3.1));
#2989 = ORIENTED_EDGE('',*,*,#2990,.F.);
#2990 = EDGE_CURVE('',#2991,#2974,#2993,.T.);
#2991 = VERTEX_POINT('',#2992);
#2992 = CARTESIAN_POINT('',(10.553503787879,10.814630681818,3.1));
#2993 = B_SPLINE_CURVE_WITH_KNOTS('',6,(#2994,#2995,#2996,#2997,#2998,
    #2999,#3000,#3001,#3002,#3003,#3004,#3005),.UNSPECIFIED.,.F.,.F.,(7,
    5,7),(0.,0.4618183514,1.),.UNSPECIFIED.);
#2994 = CARTESIAN_POINT('',(10.553503787879,10.814630681818,3.1));
#2995 = CARTESIAN_POINT('',(10.472797476195,10.861359848111,3.1));
#2996 = CARTESIAN_POINT('',(10.38627203578,10.901976441786,3.1));
#2997 = CARTESIAN_POINT('',(10.294870851621,10.936769074888,3.1));
#2998 = CARTESIAN_POINT('',(10.199501083736,10.966214831174,3.1));
#2999 = CARTESIAN_POINT('',(10.10089550123,10.990803567752,3.1));
#3000 = CARTESIAN_POINT('',(9.881515364639,11.03452962095,3.1));
#3001 = CARTESIAN_POINT('',(9.75980765241,11.052085798593,3.1));
#3002 = CARTESIAN_POINT('',(9.635280890825,11.064404564576,3.1));
#3003 = CARTESIAN_POINT('',(9.508571448652,11.072118190371,3.1));
#3004 = CARTESIAN_POINT('',(9.38013249704,11.075757575758,3.1));
#3005 = CARTESIAN_POINT('',(9.250236742424,11.075757575758,3.1));
#3006 = ORIENTED_EDGE('',*,*,#3007,.F.);
#3007 = EDGE_CURVE('',#3008,#2991,#3010,.T.);
#3008 = VERTEX_POINT('',#3009);
#3009 = CARTESIAN_POINT('',(11.185606060606,9.925189393939,3.1));
#3010 = B_SPLINE_CURVE_WITH_KNOTS('',6,(#3011,#3012,#3013,#3014,#3015,
    #3016,#3017,#3018,#3019,#3020,#3021,#3022),.UNSPECIFIED.,.F.,.F.,(7,
    5,7),(0.,0.881032028516,1.),.UNSPECIFIED.);
#3011 = CARTESIAN_POINT('',(11.185606060606,9.925189393939,3.1));
#3012 = CARTESIAN_POINT('',(11.137129082602,10.093433023481,3.1));
#3013 = CARTESIAN_POINT('',(11.074868101556,10.253446463717,3.1));
#3014 = CARTESIAN_POINT('',(10.996983932562,10.402134322718,3.1));
#3015 = CARTESIAN_POINT('',(10.901922801634,10.535706851586,3.1));
#3016 = CARTESIAN_POINT('',(10.789137044347,10.650367053359,3.1));
#3017 = CARTESIAN_POINT('',(10.643925026911,10.756957634111,3.1));
#3018 = CARTESIAN_POINT('',(10.626372207546,10.769260854935,3.1));
#3019 = CARTESIAN_POINT('',(10.608547542748,10.781182489097,3.1));
#3020 = CARTESIAN_POINT('',(10.590456918254,10.792719409841,3.1));
#3021 = CARTESIAN_POINT('',(10.572106710751,10.803869305963,3.1));
#3022 = CARTESIAN_POINT('',(10.553503787879,10.814630681818,3.1));
#3023 = ORIENTED_EDGE('',*,*,#3024,.T.);
#3024 = EDGE_CURVE('',#3008,#3025,#3027,.T.);
#3025 = VERTEX_POINT('',#3026);
#3026 = CARTESIAN_POINT('',(10.517992424242,9.808001893939,3.1));
#3027 = LINE('',#3028,#3029);
#3028 = CARTESIAN_POINT('',(9.687447828015,9.662214810559,3.1));
#3029 = VECTOR('',#3030,1.);
#3030 = DIRECTION('',(-0.984941376985,-0.17288864596,0.));
#3031 = ORIENTED_EDGE('',*,*,#3032,.F.);
#3032 = EDGE_CURVE('',#3033,#3025,#3035,.T.);
#3033 = VERTEX_POINT('',#3034);
#3034 = CARTESIAN_POINT('',(10.098958333333,10.384943181818,3.1));
#3035 = B_SPLINE_CURVE_WITH_KNOTS('',6,(#3036,#3037,#3038,#3039,#3040,
    #3041,#3042,#3043,#3044,#3045,#3046,#3047),.UNSPECIFIED.,.F.,.F.,(7,
    5,7),(0.,0.252489109718,1.),.UNSPECIFIED.);
#3036 = CARTESIAN_POINT('',(10.098958333333,10.384943181818,3.1));
#3037 = CARTESIAN_POINT('',(10.125188971125,10.369727401888,3.1));
#3038 = CARTESIAN_POINT('',(10.150638615781,10.353520745508,3.1));
#3039 = CARTESIAN_POINT('',(10.175278453539,10.336323290108,3.1));
#3040 = CARTESIAN_POINT('',(10.199083433065,10.31814032759,3.1));
#3041 = CARTESIAN_POINT('',(10.222032265458,10.298982364339,3.1));
#3042 = CARTESIAN_POINT('',(10.309462407729,10.219306677932,3.1));
#3043 = CARTESIAN_POINT('',(10.367180437084,10.151322460003,3.1));
#3044 = CARTESIAN_POINT('',(10.416755388232,10.07535775336,3.1));
#3045 = CARTESIAN_POINT('',(10.458182531416,9.992187160688,3.1));
#3046 = CARTESIAN_POINT('',(10.491768711741,9.902745629427,3.1));
#3047 = CARTESIAN_POINT('',(10.517992424242,9.808001893939,3.1));
#3048 = ORIENTED_EDGE('',*,*,#3049,.F.);
#3049 = EDGE_CURVE('',#3050,#3033,#3052,.T.);
#3050 = VERTEX_POINT('',#3051);
#3051 = CARTESIAN_POINT('',(9.243134469697,10.564393939394,3.1));
#3052 = B_SPLINE_CURVE_WITH_KNOTS('',5,(#3053,#3054,#3055,#3056,#3057,
    #3058,#3059,#3060,#3061,#3062),.UNSPECIFIED.,.F.,.F.,(6,4,6),(0.,
    0.523886112773,1.),.UNSPECIFIED.);
#3053 = CARTESIAN_POINT('',(9.243134469697,10.564393939394,3.1));
#3054 = CARTESIAN_POINT('',(9.346556647938,10.564393939394,3.1));
#3055 = CARTESIAN_POINT('',(9.447551576384,10.560382355702,3.1));
#3056 = CARTESIAN_POINT('',(9.545664260361,10.551912887959,3.1));
#3057 = CARTESIAN_POINT('',(9.640245983236,10.538461739598,3.1));
#3058 = CARTESIAN_POINT('',(9.812577240295,10.502326997454,3.1));
#3059 = CARTESIAN_POINT('',(9.891072213746,10.480597631417,3.1));
#3060 = CARTESIAN_POINT('',(9.965423234701,10.453978536005,3.1));
#3061 = CARTESIAN_POINT('',(10.034930629546,10.422133219727,3.1));
#3062 = CARTESIAN_POINT('',(10.098958333333,10.384943181818,3.1));
#3063 = ORIENTED_EDGE('',*,*,#3064,.F.);
#3064 = EDGE_CURVE('',#3065,#3050,#3067,.T.);
#3065 = VERTEX_POINT('',#3066);
#3066 = CARTESIAN_POINT('',(8.326941287879,10.365293560606,3.1));
#3067 = B_SPLINE_CURVE_WITH_KNOTS('',6,(#3068,#3069,#3070,#3071,#3072,
    #3073,#3074,#3075,#3076,#3077,#3078,#3079),.UNSPECIFIED.,.F.,.F.,(7,
    5,7),(0.,0.473218936024,1.),.UNSPECIFIED.);
#3068 = CARTESIAN_POINT('',(8.326941287879,10.365293560606,3.1));
#3069 = CARTESIAN_POINT('',(8.382150629924,10.400073378329,3.1));
#3070 = CARTESIAN_POINT('',(8.441814896982,10.430737613367,3.1));
#3071 = CARTESIAN_POINT('',(8.50548527127,10.457354748128,3.1));
#3072 = CARTESIAN_POINT('',(8.572674311553,10.480114481097,3.1));
#3073 = CARTESIAN_POINT('',(8.642926441194,10.499252264434,3.1));
#3074 = CARTESIAN_POINT('',(8.797024740094,10.532564508343,3.1));
#3075 = CARTESIAN_POINT('',(8.881504389418,10.545930398376,3.1));
#3076 = CARTESIAN_POINT('',(8.968763544834,10.55546337369,3.1));
#3077 = CARTESIAN_POINT('',(9.058349400504,10.561510133075,3.1));
#3078 = CARTESIAN_POINT('',(9.149895109255,10.564393939394,3.1));
#3079 = CARTESIAN_POINT('',(9.243134469697,10.564393939394,3.1));
#3080 = ORIENTED_EDGE('',*,*,#3081,.F.);
#3081 = EDGE_CURVE('',#3082,#3065,#3084,.T.);
#3082 = VERTEX_POINT('',#3083);
#3083 = CARTESIAN_POINT('',(8.010890151515,9.77178030303,3.1));
#3084 = B_SPLINE_CURVE_WITH_KNOTS('',5,(#3085,#3086,#3087,#3088,#3089,
    #3090,#3091,#3092,#3093,#3094),.UNSPECIFIED.,.F.,.F.,(6,4,6),(0.,
    0.559736099298,1.),.UNSPECIFIED.);
#3085 = CARTESIAN_POINT('',(8.010890151515,9.77178030303,3.1));
#3086 = CARTESIAN_POINT('',(8.010890151515,9.856622730421,3.1));
#3087 = CARTESIAN_POINT('',(8.02003118051,9.938023432726,3.1));
#3088 = CARTESIAN_POINT('',(8.039259664459,10.014907299778,3.1));
#3089 = CARTESIAN_POINT('',(8.069171470279,10.086189501265,3.1));
#3090 = CARTESIAN_POINT('',(8.14085815854,10.202212558066,3.1));
#3091 = CARTESIAN_POINT('',(8.178750734719,10.249391943813,3.1));
#3092 = CARTESIAN_POINT('',(8.222761531262,10.292315891606,3.1));
#3093 = CARTESIAN_POINT('',(8.272373819956,10.33091809954,3.1));
#3094 = CARTESIAN_POINT('',(8.326941287879,10.365293560606,3.1));
#3095 = ORIENTED_EDGE('',*,*,#3096,.F.);
#3096 = EDGE_CURVE('',#3097,#3082,#3099,.T.);
#3097 = VERTEX_POINT('',#3098);
#3098 = CARTESIAN_POINT('',(8.133285984848,9.389914772727,3.1));
#3099 = B_SPLINE_CURVE_WITH_KNOTS('',5,(#3100,#3101,#3102,#3103,#3104,
    #3105,#3106,#3107,#3108,#3109),.UNSPECIFIED.,.F.,.F.,(6,4,6),(0.,
    0.136950080603,1.),.UNSPECIFIED.);
#3100 = CARTESIAN_POINT('',(8.133285984848,9.389914772727,3.1));
#3101 = CARTESIAN_POINT('',(8.126532891941,9.398248376741,3.1));
#3102 = CARTESIAN_POINT('',(8.120010300077,9.406736702625,3.1));
#3103 = CARTESIAN_POINT('',(8.11371932828,9.415378987511,3.1));
#3104 = CARTESIAN_POINT('',(8.107660879597,9.424174320946,3.1));
#3105 = CARTESIAN_POINT('',(8.065125391684,9.489507060446,3.1));
#3106 = CARTESIAN_POINT('',(8.037673375776,9.55193407438,3.1));
#3107 = CARTESIAN_POINT('',(8.019666144785,9.620123322127,3.1));
#3108 = CARTESIAN_POINT('',(8.010890151515,9.693598525256,3.1));
#3109 = CARTESIAN_POINT('',(8.010890151515,9.77178030303,3.1));
#3110 = ORIENTED_EDGE('',*,*,#3111,.F.);
#3111 = EDGE_CURVE('',#3112,#3097,#3114,.T.);
#3112 = VERTEX_POINT('',#3113);
#3113 = CARTESIAN_POINT('',(8.486742424242,9.133996212121,3.1));
#3114 = B_SPLINE_CURVE_WITH_KNOTS('',5,(#3115,#3116,#3117,#3118,#3119,
    #3120),.UNSPECIFIED.,.F.,.F.,(6,6),(0.,1.),
  .PIECEWISE_BEZIER_KNOTS.);
#3115 = CARTESIAN_POINT('',(8.486742424242,9.133996212121,3.1));
#3116 = CARTESIAN_POINT('',(8.396730439766,9.174893965068,3.1));
#3117 = CARTESIAN_POINT('',(8.315590208792,9.22082069496,3.1));
#3118 = CARTESIAN_POINT('',(8.244175757203,9.27195510865,3.1));
#3119 = CARTESIAN_POINT('',(8.183255243456,9.328369624095,3.1));
#3120 = CARTESIAN_POINT('',(8.133285984848,9.389914772727,3.1));
#3121 = ORIENTED_EDGE('',*,*,#3122,.F.);
#3122 = EDGE_CURVE('',#3123,#3112,#3125,.T.);
#3123 = VERTEX_POINT('',#3124);
#3124 = CARTESIAN_POINT('',(9.406486742424,8.876420454545,3.1));
#3125 = B_SPLINE_CURVE_WITH_KNOTS('',7,(#3126,#3127,#3128,#3129,#3130,
    #3131,#3132,#3133,#3134,#3135,#3136,#3137,#3138,#3139),
  .UNSPECIFIED.,.F.,.F.,(8,6,8),(0.,0.858368402769,1.),.UNSPECIFIED.);
#3126 = CARTESIAN_POINT('',(9.406486742424,8.876420454545,3.1));
#3127 = CARTESIAN_POINT('',(9.269907967523,8.906740003888,3.1));
#3128 = CARTESIAN_POINT('',(9.13740590814,8.937378599856,3.1));
#3129 = CARTESIAN_POINT('',(9.009255387663,8.968484099758,3.1));
#3130 = CARTESIAN_POINT('',(8.886619882155,9.000096326566,3.1));
#3131 = CARTESIAN_POINT('',(8.771695346998,9.032148760684,3.1));
#3132 = CARTESIAN_POINT('',(8.667608458985,9.064467964704,3.1));
#3133 = CARTESIAN_POINT('',(8.564472007691,9.102131406308,3.1));
#3134 = CARTESIAN_POINT('',(8.550295830942,9.107463178473,3.1));
#3135 = CARTESIAN_POINT('',(8.536574308559,9.112790260598,3.1));
#3136 = CARTESIAN_POINT('',(8.523331995493,9.118110155292,3.1));
#3137 = CARTESIAN_POINT('',(8.510594550867,9.123419996578,3.1));
#3138 = CARTESIAN_POINT('',(8.498388737965,9.1287165499,3.1));
#3139 = CARTESIAN_POINT('',(8.486742424242,9.133996212121,3.1));
#3140 = ORIENTED_EDGE('',*,*,#3141,.F.);
#3141 = EDGE_CURVE('',#3142,#3123,#3144,.T.);
#3142 = VERTEX_POINT('',#3143);
#3143 = CARTESIAN_POINT('',(9.866240530303,8.767992424242,3.1));
#3144 = B_SPLINE_CURVE_WITH_KNOTS('',4,(#3145,#3146,#3147,#3148,#3149),
  .UNSPECIFIED.,.F.,.F.,(5,5),(0.,1.),.PIECEWISE_BEZIER_KNOTS.);
#3145 = CARTESIAN_POINT('',(9.866240530303,8.767992424242,3.1));
#3146 = CARTESIAN_POINT('',(9.751713477666,8.795587877463,3.1));
#3147 = CARTESIAN_POINT('',(9.636911580489,8.822857415319,3.1));
#3148 = CARTESIAN_POINT('',(9.521835709848,8.849801462063,3.1));
#3149 = CARTESIAN_POINT('',(9.406486742424,8.876420454545,3.1));
#3150 = ORIENTED_EDGE('',*,*,#3151,.F.);
#3151 = EDGE_CURVE('',#3152,#3142,#3154,.T.);
#3152 = VERTEX_POINT('',#3153);
#3153 = CARTESIAN_POINT('',(10.304924242424,8.636600378788,3.1));
#3154 = B_SPLINE_CURVE_WITH_KNOTS('',4,(#3155,#3156,#3157,#3158,#3159),
  .UNSPECIFIED.,.F.,.F.,(5,5),(0.,1.),.PIECEWISE_BEZIER_KNOTS.);
#3155 = CARTESIAN_POINT('',(10.304924242424,8.636600378788,3.1));
#3156 = CARTESIAN_POINT('',(10.199686157297,8.675009307032,3.1));
#3157 = CARTESIAN_POINT('',(10.091433344265,8.709688681612,3.1));
#3158 = CARTESIAN_POINT('',(9.980252640974,8.740667207635,3.1));
#3159 = CARTESIAN_POINT('',(9.866240530303,8.767992424242,3.1));
#3160 = ORIENTED_EDGE('',*,*,#3161,.F.);
#3161 = EDGE_CURVE('',#3162,#3152,#3164,.T.);
#3162 = VERTEX_POINT('',#3163);
#3163 = CARTESIAN_POINT('',(10.697206439394,8.457149621212,3.1));
#3164 = B_SPLINE_CURVE_WITH_KNOTS('',4,(#3165,#3166,#3167,#3168,#3169),
  .UNSPECIFIED.,.F.,.F.,(5,5),(0.,1.),.PIECEWISE_BEZIER_KNOTS.);
#3165 = CARTESIAN_POINT('',(10.697206439394,8.457149621212,3.1));
#3166 = CARTESIAN_POINT('',(10.60542345565,8.50898560685,3.1));
#3167 = CARTESIAN_POINT('',(10.509362279478,8.556159758307,3.1));
#3168 = CARTESIAN_POINT('',(10.409145088181,8.598680477846,3.1));
#3169 = CARTESIAN_POINT('',(10.304924242424,8.636600378788,3.1));
#3170 = ORIENTED_EDGE('',*,*,#3171,.F.);
#3171 = EDGE_CURVE('',#3172,#3162,#3174,.T.);
#3172 = VERTEX_POINT('',#3173);
#3173 = CARTESIAN_POINT('',(11.015151515152,8.205018939394,3.1));
#3174 = B_SPLINE_CURVE_WITH_KNOTS('',4,(#3175,#3176,#3177,#3178,#3179,
    #3180,#3181,#3182),.UNSPECIFIED.,.F.,.F.,(5,3,5),(0.,
    9.182584327051E-02,1.),.UNSPECIFIED.);
#3175 = CARTESIAN_POINT('',(11.015151515152,8.205018939394,3.1));
#3176 = CARTESIAN_POINT('',(11.008944388318,8.211879447999,3.1));
#3177 = CARTESIAN_POINT('',(11.002669210078,8.218675128802,3.1));
#3178 = CARTESIAN_POINT('',(10.996326101362,8.225405821513,3.1));
#3179 = CARTESIAN_POINT('',(10.926510237152,8.297994984055,3.1));
#3180 = CARTESIAN_POINT('',(10.856473366837,8.357547894997,3.1));
#3181 = CARTESIAN_POINT('',(10.779942450811,8.410590546223,3.1));
#3182 = CARTESIAN_POINT('',(10.697206439394,8.457149621212,3.1));
#3183 = ORIENTED_EDGE('',*,*,#3184,.F.);
#3184 = EDGE_CURVE('',#3185,#3172,#3187,.T.);
#3185 = VERTEX_POINT('',#3186);
#3186 = CARTESIAN_POINT('',(11.226325757576,7.85321969697,3.1));
#3187 = B_SPLINE_CURVE_WITH_KNOTS('',5,(#3188,#3189,#3190,#3191,#3192,
    #3193),.UNSPECIFIED.,.F.,.F.,(6,6),(0.,1.),
  .PIECEWISE_BEZIER_KNOTS.);
#3188 = CARTESIAN_POINT('',(11.226325757576,7.85321969697,3.1));
#3189 = CARTESIAN_POINT('',(11.196053379244,7.933695336261,3.1));
#3190 = CARTESIAN_POINT('',(11.159832531291,8.00932740816,3.1));
#3191 = CARTESIAN_POINT('',(11.117589326796,8.079870759044,3.1));
#3192 = CARTESIAN_POINT('',(11.069328672488,8.145138923391,3.1));
#3193 = CARTESIAN_POINT('',(11.015151515152,8.205018939394,3.1));
#3194 = ORIENTED_EDGE('',*,*,#3195,.F.);
#3195 = EDGE_CURVE('',#2707,#3185,#3196,.T.);
#3196 = B_SPLINE_CURVE_WITH_KNOTS('',5,(#3197,#3198,#3199,#3200,#3201,
    #3202),.UNSPECIFIED.,.F.,.F.,(6,6),(0.,1.),
  .PIECEWISE_BEZIER_KNOTS.);
#3197 = CARTESIAN_POINT('',(11.302793560606,7.377367424242,3.1));
#3198 = CARTESIAN_POINT('',(11.302793560606,7.484040310617,3.1));
#3199 = CARTESIAN_POINT('',(11.295519779399,7.585516231286,3.1));
#3200 = CARTESIAN_POINT('',(11.28054806633,7.681230697617,3.1));
#3201 = CARTESIAN_POINT('',(11.257530334154,7.770619347205,3.1));
#3202 = CARTESIAN_POINT('',(11.226325757576,7.85321969697,3.1));
#3203 = FACE_BOUND('',#3204,.T.);
#3204 = EDGE_LOOP('',(#3205,#3224,#3243,#3258,#3273,#3281,#3313,#3336,
    #3358,#3380,#3403,#3445,#3453));
#3205 = ORIENTED_EDGE('',*,*,#3206,.F.);
#3206 = EDGE_CURVE('',#3207,#3209,#3211,.T.);
#3207 = VERTEX_POINT('',#3208);
#3208 = CARTESIAN_POINT('',(12.999289772727,6.762547348485,3.1));
#3209 = VERTEX_POINT('',#3210);
#3210 = CARTESIAN_POINT('',(12.725852272727,7.782670454545,3.1));
#3211 = B_SPLINE_CURVE_WITH_KNOTS('',6,(#3212,#3213,#3214,#3215,#3216,
    #3217,#3218,#3219,#3220,#3221,#3222,#3223),.UNSPECIFIED.,.F.,.F.,(7,
    5,7),(0.,0.475140105739,1.),.UNSPECIFIED.);
#3212 = CARTESIAN_POINT('',(12.999289772727,6.762547348485,3.1));
#3213 = CARTESIAN_POINT('',(12.952018293077,6.824634651194,3.1));
#3214 = CARTESIAN_POINT('',(12.910010906719,6.891660903481,3.1));
#3215 = CARTESIAN_POINT('',(12.873357421148,6.963168922891,3.1));
#3216 = CARTESIAN_POINT('',(12.8419235731,7.038615408147,3.1));
#3217 = CARTESIAN_POINT('',(12.81546056228,7.117455282639,3.1));
#3218 = CARTESIAN_POINT('',(12.769590521971,7.289474911713,3.1));
#3219 = CARTESIAN_POINT('',(12.751210883321,7.38329501598,3.1));
#3220 = CARTESIAN_POINT('',(12.738107201803,7.480021509713,3.1));
#3221 = CARTESIAN_POINT('',(12.729803888242,7.579098980731,3.1));
#3222 = CARTESIAN_POINT('',(12.725852272727,7.680086909968,3.1));
#3223 = CARTESIAN_POINT('',(12.725852272727,7.782670454545,3.1));
#3224 = ORIENTED_EDGE('',*,*,#3225,.F.);
#3225 = EDGE_CURVE('',#3226,#3207,#3228,.T.);
#3226 = VERTEX_POINT('',#3227);
#3227 = CARTESIAN_POINT('',(13.798295454545,6.403645833333,3.1));
#3228 = B_SPLINE_CURVE_WITH_KNOTS('',5,(#3229,#3230,#3231,#3232,#3233,
    #3234,#3235,#3236,#3237,#3238,#3239,#3240,#3241,#3242),
  .UNSPECIFIED.,.F.,.F.,(6,4,4,6),(0.,0.242264910857,0.693633651618,1.),
  .UNSPECIFIED.);
#3229 = CARTESIAN_POINT('',(13.798295454545,6.403645833333,3.1));
#3230 = CARTESIAN_POINT('',(13.75080955277,6.403645833333,3.1));
#3231 = CARTESIAN_POINT('',(13.703934701777,6.405477023001,3.1));
#3232 = CARTESIAN_POINT('',(13.657766665353,6.409243395504,3.1));
#3233 = CARTESIAN_POINT('',(13.612416311097,6.415045708475,3.1));
#3234 = CARTESIAN_POINT('',(13.485254214594,6.437714866517,3.1));
#3235 = CARTESIAN_POINT('',(13.405732336773,6.459813640846,3.1));
#3236 = CARTESIAN_POINT('',(13.330267712384,6.489768568654,3.1));
#3237 = CARTESIAN_POINT('',(13.259655619978,6.52780768965,3.1));
#3238 = CARTESIAN_POINT('',(13.150205447304,6.604563516193,3.1));
#3239 = CARTESIAN_POINT('',(13.108437869459,6.639143309005,3.1));
#3240 = CARTESIAN_POINT('',(13.06932604225,6.677151480443,3.1));
#3241 = CARTESIAN_POINT('',(13.032942443202,6.718376397455,3.1));
#3242 = CARTESIAN_POINT('',(12.999289772727,6.762547348485,3.1));
#3243 = ORIENTED_EDGE('',*,*,#3244,.F.);
#3244 = EDGE_CURVE('',#3245,#3226,#3247,.T.);
#3245 = VERTEX_POINT('',#3246);
#3246 = CARTESIAN_POINT('',(14.464015151515,6.572443181818,3.1));
#3247 = B_SPLINE_CURVE_WITH_KNOTS('',5,(#3248,#3249,#3250,#3251,#3252,
    #3253,#3254,#3255,#3256,#3257),.UNSPECIFIED.,.F.,.F.,(6,4,6),(0.,
    0.488334793767,1.),.UNSPECIFIED.);
#3248 = CARTESIAN_POINT('',(14.464015151515,6.572443181818,3.1));
#3249 = CARTESIAN_POINT('',(14.412957055325,6.538001911635,3.1));
#3250 = CARTESIAN_POINT('',(14.357842730203,6.508117073514,3.1));
#3251 = CARTESIAN_POINT('',(14.298936116013,6.482827013316,3.1));
#3252 = CARTESIAN_POINT('',(14.2365800351,6.46201953643,3.1));
#3253 = CARTESIAN_POINT('',(14.102562798864,6.428208131439,3.1));
#3254 = CARTESIAN_POINT('',(14.030596326008,6.415623876504,3.1));
#3255 = CARTESIAN_POINT('',(13.955640459345,6.407537690311,3.1));
#3256 = CARTESIAN_POINT('',(13.87809464954,6.403645833333,3.1));
#3257 = CARTESIAN_POINT('',(13.798295454545,6.403645833333,3.1));
#3258 = ORIENTED_EDGE('',*,*,#3259,.F.);
#3259 = EDGE_CURVE('',#3260,#3245,#3262,.T.);
#3260 = VERTEX_POINT('',#3261);
#3261 = CARTESIAN_POINT('',(14.803267045455,7.,3.1));
#3262 = B_SPLINE_CURVE_WITH_KNOTS('',5,(#3263,#3264,#3265,#3266,#3267,
    #3268,#3269,#3270,#3271,#3272),.UNSPECIFIED.,.F.,.F.,(6,4,6),(0.,
    0.258403541665,1.),.UNSPECIFIED.);
#3263 = CARTESIAN_POINT('',(14.803267045455,7.,3.1));
#3264 = CARTESIAN_POINT('',(14.794056135214,6.973153266952,3.1));
#3265 = CARTESIAN_POINT('',(14.783740970103,6.946863887958,3.1));
#3266 = CARTESIAN_POINT('',(14.772319059756,6.921151789307,3.1));
#3267 = CARTESIAN_POINT('',(14.759793242549,6.89603437268,3.1));
#3268 = CARTESIAN_POINT('',(14.707078961408,6.801191022739,3.1));
#3269 = CARTESIAN_POINT('',(14.658957139863,6.735868315418,3.1));
#3270 = CARTESIAN_POINT('',(14.602008148411,6.675931963983,3.1));
#3271 = CARTESIAN_POINT('',(14.536781587018,6.621481431831,3.1));
#3272 = CARTESIAN_POINT('',(14.464015151515,6.572443181818,3.1));
#3273 = ORIENTED_EDGE('',*,*,#3274,.T.);
#3274 = EDGE_CURVE('',#3260,#3275,#3277,.T.);
#3275 = VERTEX_POINT('',#3276);
#3276 = CARTESIAN_POINT('',(15.364346590909,6.839251893939,3.1));
#3277 = LINE('',#3278,#3279);
#3278 = CARTESIAN_POINT('',(1.469258608626,10.820165286332,3.1));
#3279 = VECTOR('',#3280,1.);
#3280 = DIRECTION('',(0.961324710922,-0.275417501568,0.));
#3281 = ORIENTED_EDGE('',*,*,#3282,.F.);
#3282 = EDGE_CURVE('',#3283,#3275,#3285,.T.);
#3283 = VERTEX_POINT('',#3284);
#3284 = CARTESIAN_POINT('',(13.798295454545,5.924242424242,3.1));
#3285 = B_SPLINE_CURVE_WITH_KNOTS('',6,(#3286,#3287,#3288,#3289,#3290,
    #3291,#3292,#3293,#3294,#3295,#3296,#3297,#3298,#3299,#3300,#3301,
    #3302,#3303,#3304,#3305,#3306,#3307,#3308,#3309,#3310,#3311,#3312),
  .UNSPECIFIED.,.F.,.F.,(7,5,5,5,5,7),(0.,0.309175634059,0.442054057192,
    0.683026355712,0.89211489582,1.),.UNSPECIFIED.);
#3286 = CARTESIAN_POINT('',(13.798295454545,5.924242424242,3.1));
#3287 = CARTESIAN_POINT('',(13.902726865997,5.924242424242,3.1));
#3288 = CARTESIAN_POINT('',(14.006588750288,5.928254562269,3.1));
#3289 = CARTESIAN_POINT('',(14.109670263849,5.936751635311,3.1));
#3290 = CARTESIAN_POINT('',(14.21159686582,5.950289966527,3.1));
#3291 = CARTESIAN_POINT('',(14.311833720248,5.969493890067,3.1));
#3292 = CARTESIAN_POINT('',(14.451778178396,6.005902063885,3.1));
#3293 = CARTESIAN_POINT('',(14.493404384823,6.018001301305,3.1));
#3294 = CARTESIAN_POINT('',(14.534533820056,6.031301307846,3.1));
#3295 = CARTESIAN_POINT('',(14.57510268898,6.045845384916,3.1));
#3296 = CARTESIAN_POINT('',(14.615041642975,6.061671084676,3.1));
#3297 = CARTESIAN_POINT('',(14.725430613301,6.10988189676,3.1));
#3298 = CARTESIAN_POINT('',(14.794291547372,6.14527413598,3.1));
#3299 = CARTESIAN_POINT('',(14.860383940175,6.185138980856,3.1));
#3300 = CARTESIAN_POINT('',(14.92323972772,6.229535577691,3.1));
#3301 = CARTESIAN_POINT('',(14.982442661395,6.278366919741,3.1));
#3302 = CARTESIAN_POINT('',(15.085593660553,6.377266836258,3.1));
#3303 = CARTESIAN_POINT('',(15.130538843782,6.426331226674,3.1));
#3304 = CARTESIAN_POINT('',(15.172298433345,6.478315601665,3.1));
#3305 = CARTESIAN_POINT('',(15.210779136048,6.532960992059,3.1));
#3306 = CARTESIAN_POINT('',(15.245977177044,6.589968621257,3.1));
#3307 = CARTESIAN_POINT('',(15.294450398307,6.67949137778,3.1));
#3308 = CARTESIAN_POINT('',(15.310092133599,6.710508601169,3.1));
#3309 = CARTESIAN_POINT('',(15.324886592077,6.742032240147,3.1));
#3310 = CARTESIAN_POINT('',(15.338848114642,6.774022381641,3.1));
#3311 = CARTESIAN_POINT('',(15.351994690468,6.806440831943,3.1));
#3312 = CARTESIAN_POINT('',(15.364346590909,6.839251893939,3.1));
#3313 = ORIENTED_EDGE('',*,*,#3314,.F.);
#3314 = EDGE_CURVE('',#3315,#3283,#3317,.T.);
#3315 = VERTEX_POINT('',#3316);
#3316 = CARTESIAN_POINT('',(12.500236742424,6.432054924242,3.1));
#3317 = B_SPLINE_CURVE_WITH_KNOTS('',5,(#3318,#3319,#3320,#3321,#3322,
    #3323,#3324,#3325,#3326,#3327,#3328,#3329,#3330,#3331,#3332,#3333,
    #3334,#3335),.UNSPECIFIED.,.F.,.F.,(6,4,4,4,6),(0.,0.172383999694,
    0.417960980678,0.673095089779,1.),.UNSPECIFIED.);
#3318 = CARTESIAN_POINT('',(12.500236742424,6.432054924242,3.1));
#3319 = CARTESIAN_POINT('',(12.532299280687,6.395531214963,3.1));
#3320 = CARTESIAN_POINT('',(12.565832796613,6.360470379271,3.1));
#3321 = CARTESIAN_POINT('',(12.600814595799,6.32696127265,3.1));
#3322 = CARTESIAN_POINT('',(12.637201166794,6.295074665784,3.1));
#3323 = CARTESIAN_POINT('',(12.728673808852,6.221824275568,3.1));
#3324 = CARTESIAN_POINT('',(12.785143475226,6.182181442502,3.1));
#3325 = CARTESIAN_POINT('',(12.844145585785,6.146089705909,3.1));
#3326 = CARTESIAN_POINT('',(12.905433370585,6.113587885799,3.1));
#3327 = CARTESIAN_POINT('',(13.034484457353,6.054549146214,3.1));
#3328 = CARTESIAN_POINT('',(13.102411976727,6.028291440674,3.1));
#3329 = CARTESIAN_POINT('',(13.172204974475,6.005806177046,3.1));
#3330 = CARTESIAN_POINT('',(13.243562497791,5.986933936818,3.1));
#3331 = CARTESIAN_POINT('',(13.409322255634,5.951682612563,3.1));
#3332 = CARTESIAN_POINT('',(13.504558461515,5.93749894102,3.1));
#3333 = CARTESIAN_POINT('',(13.601397557843,5.928515651565,3.1));
#3334 = CARTESIAN_POINT('',(13.69940715712,5.924242424242,3.1));
#3335 = CARTESIAN_POINT('',(13.798295454545,5.924242424242,3.1));
#3336 = ORIENTED_EDGE('',*,*,#3337,.F.);
#3337 = EDGE_CURVE('',#3338,#3315,#3340,.T.);
#3338 = VERTEX_POINT('',#3339);
#3339 = CARTESIAN_POINT('',(12.0546875,7.941524621212,3.1));
#3340 = B_SPLINE_CURVE_WITH_KNOTS('',6,(#3341,#3342,#3343,#3344,#3345,
    #3346,#3347,#3348,#3349,#3350,#3351,#3352,#3353,#3354,#3355,#3356,
    #3357),.UNSPECIFIED.,.F.,.F.,(7,5,5,7),(0.,0.508046885303,
    0.761124460788,1.),.UNSPECIFIED.);
#3341 = CARTESIAN_POINT('',(12.0546875,7.941524621212,3.1));
#3342 = CARTESIAN_POINT('',(12.0546875,7.797851681523,3.1));
#3343 = CARTESIAN_POINT('',(12.060189846945,7.655432311154,3.1));
#3344 = CARTESIAN_POINT('',(12.071890915964,7.514601734197,3.1));
#3345 = CARTESIAN_POINT('',(12.090631649574,7.375978417161,3.1));
#3346 = CARTESIAN_POINT('',(12.117383606442,7.240460476146,3.1));
#3347 = CARTESIAN_POINT('',(12.17090567513,7.043776827343,3.1));
#3348 = CARTESIAN_POINT('',(12.19092620688,6.979438652842,3.1));
#3349 = CARTESIAN_POINT('',(12.213285147749,6.9163090464,3.1));
#3350 = CARTESIAN_POINT('',(12.238092134521,6.854560442681,3.1));
#3351 = CARTESIAN_POINT('',(12.2654386304,6.794381275264,3.1));
#3352 = CARTESIAN_POINT('',(12.323649575521,6.680832752717,3.1));
#3353 = CARTESIAN_POINT('',(12.354231417719,6.627268767228,3.1));
#3354 = CARTESIAN_POINT('',(12.387177067797,6.575446084483,3.1));
#3355 = CARTESIAN_POINT('',(12.422509359955,6.525533591931,3.1));
#3356 = CARTESIAN_POINT('',(12.460215656327,6.477690020292,3.1));
#3357 = CARTESIAN_POINT('',(12.500236742424,6.432054924242,3.1));
#3358 = ORIENTED_EDGE('',*,*,#3359,.F.);
#3359 = EDGE_CURVE('',#3360,#3338,#3362,.T.);
#3360 = VERTEX_POINT('',#3361);
#3361 = CARTESIAN_POINT('',(12.500236742424,9.401041666667,3.1));
#3362 = B_SPLINE_CURVE_WITH_KNOTS('',6,(#3363,#3364,#3365,#3366,#3367,
    #3368,#3369,#3370,#3371,#3372,#3373,#3374,#3375,#3376,#3377,#3378,
    #3379),.UNSPECIFIED.,.F.,.F.,(7,5,5,7),(0.,0.260646271736,
    0.534108603751,1.),.UNSPECIFIED.);
#3363 = CARTESIAN_POINT('',(12.500236742424,9.401041666667,3.1));
#3364 = CARTESIAN_POINT('',(12.457518349538,9.352353594009,3.1));
#3365 = CARTESIAN_POINT('',(12.417349132535,9.301321715087,3.1));
#3366 = CARTESIAN_POINT('',(12.379811903993,9.248082820979,3.1));
#3367 = CARTESIAN_POINT('',(12.344937208141,9.19279769379,3.1));
#3368 = CARTESIAN_POINT('',(12.312714111317,9.135642737672,3.1));
#3369 = CARTESIAN_POINT('',(12.252031787034,9.01506724501,3.1));
#3370 = CARTESIAN_POINT('',(12.22383397155,8.951473418771,3.1));
#3371 = CARTESIAN_POINT('',(12.19845591366,8.886225640457,3.1));
#3372 = CARTESIAN_POINT('',(12.175806204204,8.819523762695,3.1));
#3373 = CARTESIAN_POINT('',(12.155769619205,8.751553155749,3.1));
#3374 = CARTESIAN_POINT('',(12.10832945562,8.564790541653,3.1));
#3375 = CARTESIAN_POINT('',(12.085667545618,8.44391137459,3.1));
#3376 = CARTESIAN_POINT('',(12.069609649716,8.320599847783,3.1));
#3377 = CARTESIAN_POINT('',(12.05948587067,8.19548543611,3.1));
#3378 = CARTESIAN_POINT('',(12.0546875,8.06903058897,3.1));
#3379 = CARTESIAN_POINT('',(12.0546875,7.941524621212,3.1));
#3380 = ORIENTED_EDGE('',*,*,#3381,.F.);
#3381 = EDGE_CURVE('',#3382,#3360,#3384,.T.);
#3382 = VERTEX_POINT('',#3383);
#3383 = CARTESIAN_POINT('',(13.7734375,9.909090909091,3.1));
#3384 = B_SPLINE_CURVE_WITH_KNOTS('',5,(#3385,#3386,#3387,#3388,#3389,
    #3390,#3391,#3392,#3393,#3394,#3395,#3396,#3397,#3398,#3399,#3400,
    #3401,#3402),.UNSPECIFIED.,.F.,.F.,(6,4,4,4,6),(0.,0.303947703236,
    0.551930001438,0.790538935641,1.),.UNSPECIFIED.);
#3385 = CARTESIAN_POINT('',(13.7734375,9.909090909091,3.1));
#3386 = CARTESIAN_POINT('',(13.683217680242,9.909090909091,3.1));
#3387 = CARTESIAN_POINT('',(13.593757836109,9.90531542877,3.1));
#3388 = CARTESIAN_POINT('',(13.505299216994,9.897418583449,3.1));
#3389 = CARTESIAN_POINT('',(13.418180192315,9.885025259546,3.1));
#3390 = CARTESIAN_POINT('',(13.263156847118,9.853791087442,3.1));
#3391 = CARTESIAN_POINT('',(13.194668383618,9.836557730619,3.1));
#3392 = CARTESIAN_POINT('',(13.127571381416,9.815958612091,3.1));
#3393 = CARTESIAN_POINT('',(13.062122761149,9.791859919233,3.1));
#3394 = CARTESIAN_POINT('',(12.937443498467,9.737620157446,3.1));
#3395 = CARTESIAN_POINT('',(12.878067513685,9.707740351037,3.1));
#3396 = CARTESIAN_POINT('',(12.820691212379,9.674540867344,3.1));
#3397 = CARTESIAN_POINT('',(12.765524806467,9.638053996081,3.1));
#3398 = CARTESIAN_POINT('',(12.666395663686,9.563602438358,3.1));
#3399 = CARTESIAN_POINT('',(12.621884418604,9.52636041021,3.1));
#3400 = CARTESIAN_POINT('',(12.579315165437,9.486764821281,3.1));
#3401 = CARTESIAN_POINT('',(12.538755500468,9.44494036808,3.1));
#3402 = CARTESIAN_POINT('',(12.500236742424,9.401041666667,3.1));
#3403 = ORIENTED_EDGE('',*,*,#3404,.F.);
#3404 = EDGE_CURVE('',#3405,#3382,#3407,.T.);
#3405 = VERTEX_POINT('',#3406);
#3406 = CARTESIAN_POINT('',(15.467329545455,7.867897727273,3.1));
#3407 = B_SPLINE_CURVE_WITH_KNOTS('',6,(#3408,#3409,#3410,#3411,#3412,
    #3413,#3414,#3415,#3416,#3417,#3418,#3419,#3420,#3421,#3422,#3423,
    #3424,#3425,#3426,#3427,#3428,#3429,#3430,#3431,#3432,#3433,#3434,
    #3435,#3436,#3437,#3438,#3439,#3440,#3441,#3442,#3443,#3444),
  .UNSPECIFIED.,.F.,.F.,(7,5,5,5,5,5,5,7),(0.,0.330602733237,
    0.437017244987,0.494620508283,0.611008483417,0.754565379957,
    0.831313175935,1.),.UNSPECIFIED.);
#3408 = CARTESIAN_POINT('',(15.467329545455,7.867897727273,3.1));
#3409 = CARTESIAN_POINT('',(15.467329545455,8.03913094769,3.1));
#3410 = CARTESIAN_POINT('',(15.460177433851,8.209690917102,3.1));
#3411 = CARTESIAN_POINT('',(15.444627531371,8.379482371833,3.1));
#3412 = CARTESIAN_POINT('',(15.418951640143,8.547619610038,3.1));
#3413 = CARTESIAN_POINT('',(15.380914520115,8.712419483311,3.1));
#3414 = CARTESIAN_POINT('',(15.310710555686,8.922587996097,3.1));
#3415 = CARTESIAN_POINT('',(15.292061768381,8.973139780474,3.1));
#3416 = CARTESIAN_POINT('',(15.27177681952,9.022970301568,3.1));
#3417 = CARTESIAN_POINT('',(15.249775091092,9.071962991582,3.1));
#3418 = CARTESIAN_POINT('',(15.225985905533,9.119985640464,3.1));
#3419 = CARTESIAN_POINT('',(15.186483678924,9.19228704963,3.1));
#3420 = CARTESIAN_POINT('',(15.172071601745,9.217352993265,3.1));
#3421 = CARTESIAN_POINT('',(15.157112315049,9.242069218174,3.1));
#3422 = CARTESIAN_POINT('',(15.141599749063,9.266411914081,3.1));
#3423 = CARTESIAN_POINT('',(15.125530131715,9.290356770607,3.1));
#3424 = CARTESIAN_POINT('',(15.075304657644,9.361405833354,3.1));
#3425 = CARTESIAN_POINT('',(15.039423678087,9.407213188629,3.1));
#3426 = CARTESIAN_POINT('',(15.001256151976,9.451087498321,3.1));
#3427 = CARTESIAN_POINT('',(14.960839379593,9.492832516113,3.1));
#3428 = CARTESIAN_POINT('',(14.918263038683,9.532280884855,3.1));
#3429 = CARTESIAN_POINT('',(14.818692805713,9.614973430197,3.1));
#3430 = CARTESIAN_POINT('',(14.76063673498,9.656967806597,3.1));
#3431 = CARTESIAN_POINT('',(14.699806595472,9.695040838727,3.1));
#3432 = CARTESIAN_POINT('',(14.636555057132,9.729117102607,3.1));
#3433 = CARTESIAN_POINT('',(14.571265719491,9.75924801202,3.1));
#3434 = CARTESIAN_POINT('',(14.468537145239,9.799636110108,3.1));
#3435 = CARTESIAN_POINT('',(14.432272637625,9.812618296825,3.1));
#3436 = CARTESIAN_POINT('',(14.395585476568,9.824534324935,3.1));
#3437 = CARTESIAN_POINT('',(14.358526554951,9.83541276643,3.1));
#3438 = CARTESIAN_POINT('',(14.321142578605,9.845286638208,3.1));
#3439 = CARTESIAN_POINT('',(14.20068457861,9.873762153984,3.1));
#3440 = CARTESIAN_POINT('',(14.116537276085,9.888646644923,3.1));
#3441 = CARTESIAN_POINT('',(14.031451438912,9.899226243238,3.1));
#3442 = CARTESIAN_POINT('',(13.945762189146,9.905914039735,3.1));
#3443 = CARTESIAN_POINT('',(13.859709827645,9.909090909091,3.1));
#3444 = CARTESIAN_POINT('',(13.7734375,9.909090909091,3.1));
#3445 = ORIENTED_EDGE('',*,*,#3446,.T.);
#3446 = EDGE_CURVE('',#3405,#3447,#3449,.T.);
#3447 = VERTEX_POINT('',#3448);
#3448 = CARTESIAN_POINT('',(15.467329545455,7.782670454545,3.1));
#3449 = LINE('',#3450,#3451);
#3450 = CARTESIAN_POINT('',(15.467329545455,31.960636309644,3.1));
#3451 = VECTOR('',#3452,1.);
#3452 = DIRECTION('',(0.,-1.,0.));
#3453 = ORIENTED_EDGE('',*,*,#3454,.T.);
#3454 = EDGE_CURVE('',#3447,#3209,#3455,.T.);
#3455 = LINE('',#3456,#3457);
#3456 = CARTESIAN_POINT('',(7.733664772727,7.782670454545,3.1));
#3457 = VECTOR('',#3458,1.);
#3458 = DIRECTION('',(-1.,0.,0.));
#3459 = FACE_BOUND('',#3460,.T.);
#3460 = EDGE_LOOP('',(#3461,#3471,#3479,#3491,#3506,#3518,#3535,#3552,
    #3560,#3568,#3576,#3595,#3603,#3614,#3624,#3636,#3644,#3659,#3674,
    #3691,#3708));
#3461 = ORIENTED_EDGE('',*,*,#3462,.T.);
#3462 = EDGE_CURVE('',#3463,#3465,#3467,.T.);
#3463 = VERTEX_POINT('',#3464);
#3464 = CARTESIAN_POINT('',(19.475142045455,6.,3.1));
#3465 = VERTEX_POINT('',#3466);
#3466 = CARTESIAN_POINT('',(18.832386363636,6.,3.1));
#3467 = LINE('',#3468,#3469);
#3468 = CARTESIAN_POINT('',(9.737571022727,6.,3.1));
#3469 = VECTOR('',#3470,1.);
#3470 = DIRECTION('',(-1.,0.,0.));
#3471 = ORIENTED_EDGE('',*,*,#3472,.T.);
#3472 = EDGE_CURVE('',#3465,#3473,#3475,.T.);
#3473 = VERTEX_POINT('',#3474);
#3474 = CARTESIAN_POINT('',(18.832386363636,8.433001893939,3.1));
#3475 = LINE('',#3476,#3477);
#3476 = CARTESIAN_POINT('',(18.832386363636,31.026687446008,3.1));
#3477 = VECTOR('',#3478,1.);
#3478 = DIRECTION('',(0.,1.,0.));
#3479 = ORIENTED_EDGE('',*,*,#3480,.F.);
#3480 = EDGE_CURVE('',#3481,#3473,#3483,.T.);
#3481 = VERTEX_POINT('',#3482);
#3482 = CARTESIAN_POINT('',(18.7578125,9.02178030303,3.1));
#3483 = B_SPLINE_CURVE_WITH_KNOTS('',6,(#3484,#3485,#3486,#3487,#3488,
    #3489,#3490),.UNSPECIFIED.,.F.,.F.,(7,7),(0.,1.),
  .PIECEWISE_BEZIER_KNOTS.);
#3484 = CARTESIAN_POINT('',(18.7578125,9.02178030303,3.1));
#3485 = CARTESIAN_POINT('',(18.784321160431,8.947387744867,3.1));
#3486 = CARTESIAN_POINT('',(18.804602777888,8.861698240925,3.1));
#3487 = CARTESIAN_POINT('',(18.819011355415,8.766055589584,3.1));
#3488 = CARTESIAN_POINT('',(18.828091753808,8.661924978385,3.1));
#3489 = CARTESIAN_POINT('',(18.832386363636,8.550575598633,3.1));
#3490 = CARTESIAN_POINT('',(18.832386363636,8.433001893939,3.1));
#3491 = ORIENTED_EDGE('',*,*,#3492,.F.);
#3492 = EDGE_CURVE('',#3493,#3481,#3495,.T.);
#3493 = VERTEX_POINT('',#3494);
#3494 = CARTESIAN_POINT('',(18.519886363636,9.323153409091,3.1));
#3495 = B_SPLINE_CURVE_WITH_KNOTS('',5,(#3496,#3497,#3498,#3499,#3500,
    #3501,#3502,#3503,#3504,#3505),.UNSPECIFIED.,.F.,.F.,(6,4,6),(0.,
    0.169842646321,1.),.UNSPECIFIED.);
#3496 = CARTESIAN_POINT('',(18.519886363636,9.323153409091,3.1));
#3497 = CARTESIAN_POINT('',(18.531051353452,9.316858943818,3.1));
#3498 = CARTESIAN_POINT('',(18.541963339927,9.310218820836,3.1));
#3499 = CARTESIAN_POINT('',(18.552619697848,9.303233431133,3.1));
#3500 = CARTESIAN_POINT('',(18.563018170857,9.295903680748,3.1));
#3501 = CARTESIAN_POINT('',(18.622712840078,9.250728395582,3.1));
#3502 = CARTESIAN_POINT('',(18.666067064931,9.205029504921,3.1));
#3503 = CARTESIAN_POINT('',(18.702983856632,9.151307399756,3.1));
#3504 = CARTESIAN_POINT('',(18.733497102018,9.090017800858,3.1));
#3505 = CARTESIAN_POINT('',(18.7578125,9.02178030303,3.1));
#3506 = ORIENTED_EDGE('',*,*,#3507,.F.);
#3507 = EDGE_CURVE('',#3508,#3493,#3510,.T.);
#3508 = VERTEX_POINT('',#3509);
#3509 = CARTESIAN_POINT('',(18.040482954545,9.415482954545,3.1));
#3510 = B_SPLINE_CURVE_WITH_KNOTS('',6,(#3511,#3512,#3513,#3514,#3515,
    #3516,#3517),.UNSPECIFIED.,.F.,.F.,(7,7),(0.,1.),
  .PIECEWISE_BEZIER_KNOTS.);
#3511 = CARTESIAN_POINT('',(18.040482954545,9.415482954545,3.1));
#3512 = CARTESIAN_POINT('',(18.139953299775,9.415482954545,3.1));
#3513 = CARTESIAN_POINT('',(18.232953056205,9.409995644467,3.1));
#3514 = CARTESIAN_POINT('',(18.318512502851,9.398481768493,3.1));
#3515 = CARTESIAN_POINT('',(18.395539622791,9.380409227868,3.1));
#3516 = CARTESIAN_POINT('',(18.462937415552,9.355341944965,3.1));
#3517 = CARTESIAN_POINT('',(18.519886363636,9.323153409091,3.1));
#3518 = ORIENTED_EDGE('',*,*,#3519,.F.);
#3519 = EDGE_CURVE('',#3520,#3508,#3522,.T.);
#3520 = VERTEX_POINT('',#3521);
#3521 = CARTESIAN_POINT('',(17.3125,9.099668560606,3.1));
#3522 = B_SPLINE_CURVE_WITH_KNOTS('',6,(#3523,#3524,#3525,#3526,#3527,
    #3528,#3529,#3530,#3531,#3532,#3533,#3534),.UNSPECIFIED.,.F.,.F.,(7,
    5,7),(0.,0.342222122753,1.),.UNSPECIFIED.);
#3523 = CARTESIAN_POINT('',(17.3125,9.099668560606,3.1));
#3524 = CARTESIAN_POINT('',(17.342811721934,9.135611526882,3.1));
#3525 = CARTESIAN_POINT('',(17.374877705945,9.169380357854,3.1));
#3526 = CARTESIAN_POINT('',(17.408690478761,9.200841743933,3.1));
#3527 = CARTESIAN_POINT('',(17.444220958004,9.22988379348,3.1));
#3528 = CARTESIAN_POINT('',(17.481414343488,9.25642181265,3.1));
#3529 = CARTESIAN_POINT('',(17.594708202818,9.326499902238,3.1));
#3530 = CARTESIAN_POINT('',(17.675092471734,9.363173252975,3.1));
#3531 = CARTESIAN_POINT('',(17.7607002877,9.390011658188,3.1));
#3532 = CARTESIAN_POINT('',(17.850710311736,9.407248722052,3.1));
#3533 = CARTESIAN_POINT('',(17.94424893303,9.415482954545,3.1));
#3534 = CARTESIAN_POINT('',(18.040482954545,9.415482954545,3.1));
#3535 = ORIENTED_EDGE('',*,*,#3536,.F.);
#3536 = EDGE_CURVE('',#3537,#3520,#3539,.T.);
#3537 = VERTEX_POINT('',#3538);
#3538 = CARTESIAN_POINT('',(17.046164772727,8.223721590909,3.1));
#3539 = B_SPLINE_CURVE_WITH_KNOTS('',6,(#3540,#3541,#3542,#3543,#3544,
    #3545,#3546,#3547,#3548,#3549,#3550,#3551),.UNSPECIFIED.,.F.,.F.,(7,
    5,7),(0.,0.519020593846,1.),.UNSPECIFIED.);
#3540 = CARTESIAN_POINT('',(17.046164772727,8.223721590909,3.1));
#3541 = CARTESIAN_POINT('',(17.046164772727,8.312172016199,3.1));
#3542 = CARTESIAN_POINT('',(17.050146092958,8.399000221108,3.1));
#3543 = CARTESIAN_POINT('',(17.058452826847,8.483899352645,3.1));
#3544 = CARTESIAN_POINT('',(17.07144398162,8.566483654458,3.1));
#3545 = CARTESIAN_POINT('',(17.089461571963,8.646304611929,3.1));
#3546 = CARTESIAN_POINT('',(17.134328785054,8.793867890541,3.1));
#3547 = CARTESIAN_POINT('',(17.160436824125,8.86207465068,3.1));
#3548 = CARTESIAN_POINT('',(17.191259567399,8.927114417451,3.1));
#3549 = CARTESIAN_POINT('',(17.226909427003,8.988603372956,3.1));
#3550 = CARTESIAN_POINT('',(17.267379714695,9.046206035885,3.1));
#3551 = CARTESIAN_POINT('',(17.3125,9.099668560606,3.1));
#3552 = ORIENTED_EDGE('',*,*,#3553,.T.);
#3553 = EDGE_CURVE('',#3537,#3554,#3556,.T.);
#3554 = VERTEX_POINT('',#3555);
#3555 = CARTESIAN_POINT('',(17.046164772727,6.,3.1));
#3556 = LINE('',#3557,#3558);
#3557 = CARTESIAN_POINT('',(17.046164772727,32.138548241462,3.1));
#3558 = VECTOR('',#3559,1.);
#3559 = DIRECTION('',(0.,-1.,0.));
#3560 = ORIENTED_EDGE('',*,*,#3561,.T.);
#3561 = EDGE_CURVE('',#3554,#3562,#3564,.T.);
#3562 = VERTEX_POINT('',#3563);
#3563 = CARTESIAN_POINT('',(16.406960227273,6.,3.1));
#3564 = LINE('',#3565,#3566);
#3565 = CARTESIAN_POINT('',(8.523082386364,6.,3.1));
#3566 = VECTOR('',#3567,1.);
#3567 = DIRECTION('',(-1.,0.,0.));
#3568 = ORIENTED_EDGE('',*,*,#3569,.T.);
#3569 = EDGE_CURVE('',#3562,#3570,#3572,.T.);
#3570 = VERTEX_POINT('',#3571);
#3571 = CARTESIAN_POINT('',(16.406960227273,9.026751893939,3.1));
#3572 = LINE('',#3573,#3574);
#3573 = CARTESIAN_POINT('',(16.406960227273,31.026687446008,3.1));
#3574 = VECTOR('',#3575,1.);
#3575 = DIRECTION('',(0.,1.,0.));
#3576 = ORIENTED_EDGE('',*,*,#3577,.F.);
#3577 = EDGE_CURVE('',#3578,#3570,#3580,.T.);
#3578 = VERTEX_POINT('',#3579);
#3579 = CARTESIAN_POINT('',(16.385653409091,9.848484848485,3.1));
#3580 = B_SPLINE_CURVE_WITH_KNOTS('',7,(#3581,#3582,#3583,#3584,#3585,
    #3586,#3587,#3588,#3589,#3590,#3591,#3592,#3593,#3594),
  .UNSPECIFIED.,.F.,.F.,(8,6,8),(0.,0.330411094328,1.),.UNSPECIFIED.);
#3581 = CARTESIAN_POINT('',(16.385653409091,9.848484848485,3.1));
#3582 = CARTESIAN_POINT('',(16.388188808053,9.830708884652,3.1));
#3583 = CARTESIAN_POINT('',(16.390497366313,9.808969594074,3.1));
#3584 = CARTESIAN_POINT('',(16.392582726503,9.783643654827,3.1));
#3585 = CARTESIAN_POINT('',(16.394456196223,9.755157168282,3.1));
#3586 = CARTESIAN_POINT('',(16.396132369456,9.723919539896,3.1));
#3587 = CARTESIAN_POINT('',(16.397626522652,9.690284386684,3.1));
#3588 = CARTESIAN_POINT('',(16.401643527171,9.582095176504,3.1));
#3589 = CARTESIAN_POINT('',(16.403643153627,9.501106631454,3.1));
#3590 = CARTESIAN_POINT('',(16.405088426907,9.413828129385,3.1));
#3591 = CARTESIAN_POINT('',(16.406074798875,9.321837368106,3.1));
#3592 = CARTESIAN_POINT('',(16.406679419072,9.226271920799,3.1));
#3593 = CARTESIAN_POINT('',(16.406960227273,9.127816405145,3.1));
#3594 = CARTESIAN_POINT('',(16.406960227273,9.026751893939,3.1));
#3595 = ORIENTED_EDGE('',*,*,#3596,.T.);
#3596 = EDGE_CURVE('',#3578,#3597,#3599,.T.);
#3597 = VERTEX_POINT('',#3598);
#3598 = CARTESIAN_POINT('',(16.989346590909,9.848484848485,3.1));
#3599 = LINE('',#3600,#3601);
#3600 = CARTESIAN_POINT('',(8.192826704545,9.848484848485,3.1));
#3601 = VECTOR('',#3602,1.);
#3602 = DIRECTION('',(1.,0.,-0.));
#3603 = ORIENTED_EDGE('',*,*,#3604,.F.);
#3604 = EDGE_CURVE('',#3605,#3597,#3607,.T.);
#3605 = VERTEX_POINT('',#3606);
#3606 = CARTESIAN_POINT('',(16.996448863636,9.751183712121,3.1));
#3607 = B_SPLINE_CURVE_WITH_KNOTS('',5,(#3608,#3609,#3610,#3611,#3612,
    #3613),.UNSPECIFIED.,.F.,.F.,(6,6),(0.,1.),
  .PIECEWISE_BEZIER_KNOTS.);
#3608 = CARTESIAN_POINT('',(16.996448863636,9.751183712121,3.1));
#3609 = CARTESIAN_POINT('',(16.995038458642,9.782682756995,3.1));
#3610 = CARTESIAN_POINT('',(16.993621398018,9.808285272688,3.1));
#3611 = CARTESIAN_POINT('',(16.992199249127,9.827842129125,3.1));
#3612 = CARTESIAN_POINT('',(16.990773704598,9.841254139129,3.1));
#3613 = CARTESIAN_POINT('',(16.989346590909,9.848484848485,3.1));
#3614 = ORIENTED_EDGE('',*,*,#3615,.F.);
#3615 = EDGE_CURVE('',#3616,#3605,#3618,.T.);
#3616 = VERTEX_POINT('',#3617);
#3617 = CARTESIAN_POINT('',(17.005208333333,9.569128787879,3.1));
#3618 = B_SPLINE_CURVE_WITH_KNOTS('',4,(#3619,#3620,#3621,#3622,#3623),
  .UNSPECIFIED.,.F.,.F.,(5,5),(0.,1.),.PIECEWISE_BEZIER_KNOTS.);
#3619 = CARTESIAN_POINT('',(17.005208333333,9.569128787879,3.1));
#3620 = CARTESIAN_POINT('',(17.002615354643,9.620281185672,3.1));
#3621 = CARTESIAN_POINT('',(17.000288222459,9.667718329482,3.1));
#3622 = CARTESIAN_POINT('',(16.998231508873,9.711371301829,3.1));
#3623 = CARTESIAN_POINT('',(16.996448863636,9.751183712121,3.1));
#3624 = ORIENTED_EDGE('',*,*,#3625,.F.);
#3625 = EDGE_CURVE('',#3626,#3616,#3628,.T.);
#3626 = VERTEX_POINT('',#3627);
#3627 = CARTESIAN_POINT('',(17.017755681818,9.181818181818,3.1));
#3628 = B_SPLINE_CURVE_WITH_KNOTS('',6,(#3629,#3630,#3631,#3632,#3633,
    #3634,#3635),.UNSPECIFIED.,.F.,.F.,(7,7),(0.,1.),
  .PIECEWISE_BEZIER_KNOTS.);
#3629 = CARTESIAN_POINT('',(17.017755681818,9.181818181818,3.1));
#3630 = CARTESIAN_POINT('',(17.015540595523,9.270643142251,3.1));
#3631 = CARTESIAN_POINT('',(17.013356983842,9.351445476243,3.1));
#3632 = CARTESIAN_POINT('',(17.011215766811,9.423039420963,3.1));
#3633 = CARTESIAN_POINT('',(17.009131833723,9.484053086198,3.1));
#3634 = CARTESIAN_POINT('',(17.007123185082,9.533079622358,3.1));
#3635 = CARTESIAN_POINT('',(17.005208333333,9.569128787879,3.1));
#3636 = ORIENTED_EDGE('',*,*,#3637,.T.);
#3637 = EDGE_CURVE('',#3626,#3638,#3640,.T.);
#3638 = VERTEX_POINT('',#3639);
#3639 = CARTESIAN_POINT('',(17.028409090909,9.181818181818,3.1));
#3640 = LINE('',#3641,#3642);
#3641 = CARTESIAN_POINT('',(8.508877840909,9.181818181818,3.1));
#3642 = VECTOR('',#3643,1.);
#3643 = DIRECTION('',(1.,0.,-0.));
#3644 = ORIENTED_EDGE('',*,*,#3645,.F.);
#3645 = EDGE_CURVE('',#3646,#3638,#3648,.T.);
#3646 = VERTEX_POINT('',#3647);
#3647 = CARTESIAN_POINT('',(17.537878787879,9.744081439394,3.1));
#3648 = B_SPLINE_CURVE_WITH_KNOTS('',5,(#3649,#3650,#3651,#3652,#3653,
    #3654,#3655,#3656,#3657,#3658),.UNSPECIFIED.,.F.,.F.,(6,4,6),(0.,
    0.487063101979,1.),.UNSPECIFIED.);
#3649 = CARTESIAN_POINT('',(17.537878787879,9.744081439394,3.1));
#3650 = CARTESIAN_POINT('',(17.478666365679,9.710308069285,3.1));
#3651 = CARTESIAN_POINT('',(17.421646777177,9.670672208767,3.1));
#3652 = CARTESIAN_POINT('',(17.366976372254,9.625447837046,3.1));
#3653 = CARTESIAN_POINT('',(17.314709660899,9.575040280402,3.1));
#3654 = CARTESIAN_POINT('',(17.212327482592,9.46180064981,3.1));
#3655 = CARTESIAN_POINT('',(17.162472219169,9.398448909798,3.1));
#3656 = CARTESIAN_POINT('',(17.115264940914,9.330332729406,3.1));
#3657 = CARTESIAN_POINT('',(17.070616189475,9.257972495145,3.1));
#3658 = CARTESIAN_POINT('',(17.028409090909,9.181818181818,3.1));
#3659 = ORIENTED_EDGE('',*,*,#3660,.F.);
#3660 = EDGE_CURVE('',#3661,#3646,#3663,.T.);
#3661 = VERTEX_POINT('',#3662);
#3662 = CARTESIAN_POINT('',(18.257102272727,9.909090909091,3.1));
#3663 = B_SPLINE_CURVE_WITH_KNOTS('',5,(#3664,#3665,#3666,#3667,#3668,
    #3669,#3670,#3671,#3672,#3673),.UNSPECIFIED.,.F.,.F.,(6,4,6),(0.,
    0.516749214416,1.),.UNSPECIFIED.);
#3664 = CARTESIAN_POINT('',(18.257102272727,9.909090909091,3.1));
#3665 = CARTESIAN_POINT('',(18.172998379999,9.909090909091,3.1));
#3666 = CARTESIAN_POINT('',(18.090824319634,9.905139711155,3.1));
#3667 = CARTESIAN_POINT('',(18.01085977733,9.896970087206,3.1));
#3668 = CARTESIAN_POINT('',(17.933428206125,9.884322155486,3.1));
#3669 = CARTESIAN_POINT('',(17.789125774373,9.85081888945,3.1));
#3670 = CARTESIAN_POINT('',(17.721893732661,9.830548377238,3.1));
#3671 = CARTESIAN_POINT('',(17.657438932852,9.806046854478,3.1));
#3672 = CARTESIAN_POINT('',(17.596026627023,9.777220477729,3.1));
#3673 = CARTESIAN_POINT('',(17.537878787879,9.744081439394,3.1));
#3674 = ORIENTED_EDGE('',*,*,#3675,.F.);
#3675 = EDGE_CURVE('',#3676,#3661,#3678,.T.);
#3676 = VERTEX_POINT('',#3677);
#3677 = CARTESIAN_POINT('',(19.182054924242,9.595170454545,3.1));
#3678 = B_SPLINE_CURVE_WITH_KNOTS('',6,(#3679,#3680,#3681,#3682,#3683,
    #3684,#3685,#3686,#3687,#3688,#3689,#3690),.UNSPECIFIED.,.F.,.F.,(7,
    5,7),(0.,0.585125532963,1.),.UNSPECIFIED.);
#3679 = CARTESIAN_POINT('',(19.182054924242,9.595170454545,3.1));
#3680 = CARTESIAN_POINT('',(19.120496419185,9.661157987049,3.1));
#3681 = CARTESIAN_POINT('',(19.049932860486,9.718834970261,3.1));
#3682 = CARTESIAN_POINT('',(18.971049414635,9.767452983462,3.1));
#3683 = CARTESIAN_POINT('',(18.885005932794,9.807110511307,3.1));
#3684 = CARTESIAN_POINT('',(18.793095404426,9.838333476667,3.1));
#3685 = CARTESIAN_POINT('',(18.628081061786,9.878493391405,3.1));
#3686 = CARTESIAN_POINT('',(18.557251959978,9.891279349776,3.1));
#3687 = CARTESIAN_POINT('',(18.484433227473,9.900451310738,3.1));
#3688 = CARTESIAN_POINT('',(18.409961330085,9.906294586255,3.1));
#3689 = CARTESIAN_POINT('',(18.334115333791,9.909090909091,3.1));
#3690 = CARTESIAN_POINT('',(18.257102272727,9.909090909091,3.1));
#3691 = ORIENTED_EDGE('',*,*,#3692,.F.);
#3692 = EDGE_CURVE('',#3693,#3676,#3695,.T.);
#3693 = VERTEX_POINT('',#3694);
#3694 = CARTESIAN_POINT('',(19.475142045455,8.557528409091,3.1));
#3695 = B_SPLINE_CURVE_WITH_KNOTS('',6,(#3696,#3697,#3698,#3699,#3700,
    #3701,#3702,#3703,#3704,#3705,#3706,#3707),.UNSPECIFIED.,.F.,.F.,(7,
    5,7),(0.,0.524002775885,1.),.UNSPECIFIED.);
#3696 = CARTESIAN_POINT('',(19.475142045455,8.557528409091,3.1));
#3697 = CARTESIAN_POINT('',(19.475142045455,8.664822865053,3.1));
#3698 = CARTESIAN_POINT('',(19.471277075239,8.770344985705,3.1));
#3699 = CARTESIAN_POINT('',(19.46305572751,8.873738747223,3.1));
#3700 = CARTESIAN_POINT('',(19.449882952968,8.974416707034,3.1));
#3701 = CARTESIAN_POINT('',(19.431068608774,9.071564242008,3.1));
#3702 = CARTESIAN_POINT('',(19.383067777178,9.248334611374,3.1));
#3703 = CARTESIAN_POINT('',(19.354989288826,9.328749009822,3.1));
#3704 = CARTESIAN_POINT('',(19.321179146929,9.404616553093,3.1));
#3705 = CARTESIAN_POINT('',(19.281188961102,9.474956383622,3.1));
#3706 = CARTESIAN_POINT('',(19.234743146181,9.538737027817,3.1));
#3707 = CARTESIAN_POINT('',(19.182054924242,9.595170454545,3.1));
#3708 = ORIENTED_EDGE('',*,*,#3709,.T.);
#3709 = EDGE_CURVE('',#3693,#3463,#3710,.T.);
#3710 = LINE('',#3711,#3712);
#3711 = CARTESIAN_POINT('',(19.475142045455,32.305451650553,3.1));
#3712 = VECTOR('',#3713,1.);
#3713 = DIRECTION('',(0.,-1.,0.));
#3714 = FACE_BOUND('',#3715,.T.);
#3715 = EDGE_LOOP('',(#3716,#3737,#3754,#3771,#3788,#3796,#3811,#3823,
    #3840,#3855,#3870,#3882,#3890,#3903,#3914,#3925,#3944,#3961,#3978,
    #3995,#4003,#4018,#4030,#4043,#4058,#4073,#4084,#4098,#4111,#4122,
    #4135));
#3716 = ORIENTED_EDGE('',*,*,#3717,.F.);
#3717 = EDGE_CURVE('',#3718,#3720,#3722,.T.);
#3718 = VERTEX_POINT('',#3719);
#3719 = CARTESIAN_POINT('',(23.022964015152,6.219696969697,3.1));
#3720 = VERTEX_POINT('',#3721);
#3721 = CARTESIAN_POINT('',(23.433238636364,7.060132575758,3.1));
#3722 = B_SPLINE_CURVE_WITH_KNOTS('',5,(#3723,#3724,#3725,#3726,#3727,
    #3728,#3729,#3730,#3731,#3732,#3733,#3734,#3735,#3736),
  .UNSPECIFIED.,.F.,.F.,(6,4,4,6),(0.,0.408631347412,0.799034775571,1.),
  .UNSPECIFIED.);
#3723 = CARTESIAN_POINT('',(23.022964015152,6.219696969697,3.1));
#3724 = CARTESIAN_POINT('',(23.088808994643,6.267152468476,3.1));
#3725 = CARTESIAN_POINT('',(23.149302337672,6.319520495614,3.1));
#3726 = CARTESIAN_POINT('',(23.203623893613,6.376876446442,3.1));
#3727 = CARTESIAN_POINT('',(23.251089018162,6.439085246105,3.1));
#3728 = CARTESIAN_POINT('',(23.329890621781,6.569190436239,3.1));
#3729 = CARTESIAN_POINT('',(23.36186551793,6.636731417217,3.1));
#3730 = CARTESIAN_POINT('',(23.387036832769,6.707794780701,3.1));
#3731 = CARTESIAN_POINT('',(23.405557192448,6.781801355238,3.1));
#3732 = CARTESIAN_POINT('',(23.424098418632,6.897444092882,3.1));
#3733 = CARTESIAN_POINT('',(23.428735917497,6.937366705107,3.1));
#3734 = CARTESIAN_POINT('',(23.43176090536,6.977835837593,3.1));
#3735 = CARTESIAN_POINT('',(23.433238636364,7.018779179602,3.1));
#3736 = CARTESIAN_POINT('',(23.433238636364,7.060132575758,3.1));
#3737 = ORIENTED_EDGE('',*,*,#3738,.F.);
#3738 = EDGE_CURVE('',#3739,#3718,#3741,.T.);
#3739 = VERTEX_POINT('',#3740);
#3740 = CARTESIAN_POINT('',(21.874289772727,5.924242424242,3.1));
#3741 = B_SPLINE_CURVE_WITH_KNOTS('',6,(#3742,#3743,#3744,#3745,#3746,
    #3747,#3748,#3749,#3750,#3751,#3752,#3753),.UNSPECIFIED.,.F.,.F.,(7,
    5,7),(0.,0.529351329244,1.),.UNSPECIFIED.);
#3742 = CARTESIAN_POINT('',(21.874289772727,5.924242424242,3.1));
#3743 = CARTESIAN_POINT('',(21.988886312724,5.924242424242,3.1));
#3744 = CARTESIAN_POINT('',(22.101979504439,5.928509356379,3.1));
#3745 = CARTESIAN_POINT('',(22.213250980621,5.937496464379,3.1));
#3746 = CARTESIAN_POINT('',(22.322231868857,5.951722119475,3.1));
#3747 = CARTESIAN_POINT('',(22.428311266021,5.971750613179,3.1));
#3748 = CARTESIAN_POINT('',(22.621878833475,6.0215388086,3.1));
#3749 = CARTESIAN_POINT('',(22.7101233607,6.049972753563,3.1));
#3750 = CARTESIAN_POINT('',(22.794971328582,6.083766037355,3.1));
#3751 = CARTESIAN_POINT('',(22.875808399439,6.123229728849,3.1));
#3752 = CARTESIAN_POINT('',(22.951994380575,6.168559496284,3.1));
#3753 = CARTESIAN_POINT('',(23.022964015152,6.219696969697,3.1));
#3754 = ORIENTED_EDGE('',*,*,#3755,.F.);
#3755 = EDGE_CURVE('',#3756,#3739,#3758,.T.);
#3756 = VERTEX_POINT('',#3757);
#3757 = CARTESIAN_POINT('',(20.767992424242,6.160274621212,3.1));
#3758 = B_SPLINE_CURVE_WITH_KNOTS('',6,(#3759,#3760,#3761,#3762,#3763,
    #3764,#3765,#3766,#3767,#3768,#3769,#3770),.UNSPECIFIED.,.F.,.F.,(7,
    5,7),(0.,0.468978632942,1.),.UNSPECIFIED.);
#3759 = CARTESIAN_POINT('',(20.767992424242,6.160274621212,3.1));
#3760 = CARTESIAN_POINT('',(20.836506720701,6.118698995181,3.1));
#3761 = CARTESIAN_POINT('',(20.909987508943,6.082213017783,3.1));
#3762 = CARTESIAN_POINT('',(20.987808353216,6.050687803556,3.1));
#3763 = CARTESIAN_POINT('',(21.069323057845,6.023832064444,3.1));
#3764 = CARTESIAN_POINT('',(21.153961686385,6.001309207371,3.1));
#3765 = CARTESIAN_POINT('',(21.340117042952,5.96179812339,3.1));
#3766 = CARTESIAN_POINT('',(21.442372238753,5.945939599096,3.1));
#3767 = CARTESIAN_POINT('',(21.547385747676,5.934700881562,3.1));
#3768 = CARTESIAN_POINT('',(21.654626078311,5.927609676875,3.1));
#3769 = CARTESIAN_POINT('',(21.763685314746,5.924242424242,3.1));
#3770 = CARTESIAN_POINT('',(21.874289772727,5.924242424242,3.1));
#3771 = ORIENTED_EDGE('',*,*,#3772,.F.);
#3772 = EDGE_CURVE('',#3773,#3756,#3775,.T.);
#3773 = VERTEX_POINT('',#3774);
#3774 = CARTESIAN_POINT('',(20.262073863636,6.897253787879,3.1));
#3775 = B_SPLINE_CURVE_WITH_KNOTS('',6,(#3776,#3777,#3778,#3779,#3780,
    #3781,#3782,#3783,#3784,#3785,#3786,#3787),.UNSPECIFIED.,.F.,.F.,(7,
    5,7),(0.,0.704320640927,1.),.UNSPECIFIED.);
#3776 = CARTESIAN_POINT('',(20.262073863636,6.897253787879,3.1));
#3777 = CARTESIAN_POINT('',(20.288127658709,6.785933027114,3.1));
#3778 = CARTESIAN_POINT('',(20.322931067943,6.679479848125,3.1));
#3779 = CARTESIAN_POINT('',(20.367192234574,6.579100195605,3.1));
#3780 = CARTESIAN_POINT('',(20.421409624792,6.486032242954,3.1));
#3781 = CARTESIAN_POINT('',(20.485647474354,6.401375535428,3.1));
#3782 = CARTESIAN_POINT('',(20.590067577508,6.294123482484,3.1));
#3783 = CARTESIAN_POINT('',(20.622588278572,6.264012379122,3.1));
#3784 = CARTESIAN_POINT('',(20.656707902405,6.235550949567,3.1));
#3785 = CARTESIAN_POINT('',(20.692365523276,6.208768538427,3.1));
#3786 = CARTESIAN_POINT('',(20.729488107855,6.183677366495,3.1));
#3787 = CARTESIAN_POINT('',(20.767992424242,6.160274621212,3.1));
#3788 = ORIENTED_EDGE('',*,*,#3789,.T.);
#3789 = EDGE_CURVE('',#3773,#3790,#3792,.T.);
#3790 = VERTEX_POINT('',#3791);
#3791 = CARTESIAN_POINT('',(20.826704545455,7.007339015152,3.1));
#3792 = LINE('',#3793,#3794);
#3793 = CARTESIAN_POINT('',(15.118506901814,5.894419977712,3.1));
#3794 = VECTOR('',#3795,1.);
#3795 = DIRECTION('',(0.981518881938,0.191365316604,-0.));
#3796 = ORIENTED_EDGE('',*,*,#3797,.F.);
#3797 = EDGE_CURVE('',#3798,#3790,#3800,.T.);
#3798 = VERTEX_POINT('',#3799);
#3799 = CARTESIAN_POINT('',(21.1640625,6.554450757576,3.1));
#3800 = B_SPLINE_CURVE_WITH_KNOTS('',5,(#3801,#3802,#3803,#3804,#3805,
    #3806,#3807,#3808,#3809,#3810),.UNSPECIFIED.,.F.,.F.,(6,4,6),(0.,
    0.358178581643,1.),.UNSPECIFIED.);
#3801 = CARTESIAN_POINT('',(21.1640625,6.554450757576,3.1));
#3802 = CARTESIAN_POINT('',(21.12751858295,6.575023629396,3.1));
#3803 = CARTESIAN_POINT('',(21.092994126665,6.597817096256,3.1));
#3804 = CARTESIAN_POINT('',(21.060600953385,6.622842544677,3.1));
#3805 = CARTESIAN_POINT('',(21.030425615632,6.650080211044,3.1));
#3806 = CARTESIAN_POINT('',(20.952523446744,6.732140219507,3.1));
#3807 = CARTESIAN_POINT('',(20.909811724934,6.791735561366,3.1));
#3808 = CARTESIAN_POINT('',(20.874723023167,6.857914604214,3.1));
#3809 = CARTESIAN_POINT('',(20.847140719685,6.9300369648,3.1));
#3810 = CARTESIAN_POINT('',(20.826704545455,7.007339015152,3.1));
#3811 = ORIENTED_EDGE('',*,*,#3812,.F.);
#3812 = EDGE_CURVE('',#3813,#3798,#3815,.T.);
#3813 = VERTEX_POINT('',#3814);
#3814 = CARTESIAN_POINT('',(21.874289772727,6.410748106061,3.1));
#3815 = B_SPLINE_CURVE_WITH_KNOTS('',6,(#3816,#3817,#3818,#3819,#3820,
    #3821,#3822),.UNSPECIFIED.,.F.,.F.,(7,7),(0.,1.),
  .PIECEWISE_BEZIER_KNOTS.);
#3816 = CARTESIAN_POINT('',(21.874289772727,6.410748106061,3.1));
#3817 = CARTESIAN_POINT('',(21.735086854359,6.410748106061,3.1));
#3818 = CARTESIAN_POINT('',(21.601995105771,6.418833927259,3.1));
#3819 = CARTESIAN_POINT('',(21.476374633914,6.436116112928,3.1));
#3820 = CARTESIAN_POINT('',(21.360090036333,6.46382211145,3.1));
#3821 = CARTESIAN_POINT('',(21.255363003201,6.503136493277,3.1));
#3822 = CARTESIAN_POINT('',(21.1640625,6.554450757576,3.1));
#3823 = ORIENTED_EDGE('',*,*,#3824,.F.);
#3824 = EDGE_CURVE('',#3825,#3813,#3827,.T.);
#3825 = VERTEX_POINT('',#3826);
#3826 = CARTESIAN_POINT('',(22.586174242424,6.560606060606,3.1));
#3827 = B_SPLINE_CURVE_WITH_KNOTS('',6,(#3828,#3829,#3830,#3831,#3832,
    #3833,#3834,#3835,#3836,#3837,#3838,#3839),.UNSPECIFIED.,.F.,.F.,(7,
    5,7),(0.,0.444124713026,1.),.UNSPECIFIED.);
#3828 = CARTESIAN_POINT('',(22.586174242424,6.560606060606,3.1));
#3829 = CARTESIAN_POINT('',(22.54959826103,6.536286106591,3.1));
#3830 = CARTESIAN_POINT('',(22.509296675764,6.514601155682,3.1));
#3831 = CARTESIAN_POINT('',(22.465541747475,6.495519899739,3.1));
#3832 = CARTESIAN_POINT('',(22.418642389609,6.478951471617,3.1));
#3833 = CARTESIAN_POINT('',(22.368911826382,6.464770673541,3.1));
#3834 = CARTESIAN_POINT('',(22.251204853764,6.437914550253,3.1));
#3835 = CARTESIAN_POINT('',(22.181790411776,6.426516433427,3.1));
#3836 = CARTESIAN_POINT('',(22.10893740187,6.418378361118,3.1));
#3837 = CARTESIAN_POINT('',(22.033144001803,6.413211852488,3.1));
#3838 = CARTESIAN_POINT('',(21.954822627906,6.410748106061,3.1));
#3839 = CARTESIAN_POINT('',(21.874289772727,6.410748106061,3.1));
#3840 = ORIENTED_EDGE('',*,*,#3841,.F.);
#3841 = EDGE_CURVE('',#3842,#3825,#3844,.T.);
#3842 = VERTEX_POINT('',#3843);
#3843 = CARTESIAN_POINT('',(22.811789772727,7.010416666667,3.1));
#3844 = B_SPLINE_CURVE_WITH_KNOTS('',5,(#3845,#3846,#3847,#3848,#3849,
    #3850,#3851,#3852,#3853,#3854),.UNSPECIFIED.,.F.,.F.,(6,4,6),(0.,
    0.616025806334,1.),.UNSPECIFIED.);
#3845 = CARTESIAN_POINT('',(22.811789772727,7.010416666667,3.1));
#3846 = CARTESIAN_POINT('',(22.811789772727,6.938782362625,3.1));
#3847 = CARTESIAN_POINT('',(22.803747180909,6.871062427232,3.1));
#3848 = CARTESIAN_POINT('',(22.787018380444,6.808042805307,3.1));
#3849 = CARTESIAN_POINT('',(22.761248773084,6.750433289059,3.1));
#3850 = CARTESIAN_POINT('',(22.70522002808,6.666389118276,3.1));
#3851 = CARTESIAN_POINT('',(22.680305021544,6.636380145932,3.1));
#3852 = CARTESIAN_POINT('',(22.652054582213,6.608732774359,3.1));
#3853 = CARTESIAN_POINT('',(22.620611934045,6.583480204148,3.1));
#3854 = CARTESIAN_POINT('',(22.586174242424,6.560606060606,3.1));
#3855 = ORIENTED_EDGE('',*,*,#3856,.F.);
#3856 = EDGE_CURVE('',#3857,#3842,#3859,.T.);
#3857 = VERTEX_POINT('',#3858);
#3858 = CARTESIAN_POINT('',(22.655539772727,7.380681818182,3.1));
#3859 = B_SPLINE_CURVE_WITH_KNOTS('',5,(#3860,#3861,#3862,#3863,#3864,
    #3865,#3866,#3867,#3868,#3869),.UNSPECIFIED.,.F.,.F.,(6,4,6),(0.,
    0.383024178621,1.),.UNSPECIFIED.);
#3860 = CARTESIAN_POINT('',(22.655539772727,7.380681818182,3.1));
#3861 = CARTESIAN_POINT('',(22.679411765584,7.358943836808,3.1));
#3862 = CARTESIAN_POINT('',(22.701099249015,7.335869371,3.1));
#3863 = CARTESIAN_POINT('',(22.720535294793,7.311465451886,3.1));
#3864 = CARTESIAN_POINT('',(22.737675857139,7.285754034943,3.1));
#3865 = CARTESIAN_POINT('',(22.776378154319,7.215309304691,3.1));
#3866 = CARTESIAN_POINT('',(22.794247740949,7.168546962226,3.1));
#3867 = CARTESIAN_POINT('',(22.806018642596,7.11864429826,3.1));
#3868 = CARTESIAN_POINT('',(22.811789772727,7.065838825163,3.1));
#3869 = CARTESIAN_POINT('',(22.811789772727,7.010416666667,3.1));
#3870 = ORIENTED_EDGE('',*,*,#3871,.F.);
#3871 = EDGE_CURVE('',#3872,#3857,#3874,.T.);
#3872 = VERTEX_POINT('',#3873);
#3873 = CARTESIAN_POINT('',(22.151278409091,7.615767045455,3.1));
#3874 = B_SPLINE_CURVE_WITH_KNOTS('',6,(#3875,#3876,#3877,#3878,#3879,
    #3880,#3881),.UNSPECIFIED.,.F.,.F.,(7,7),(0.,1.),
  .PIECEWISE_BEZIER_KNOTS.);
#3875 = CARTESIAN_POINT('',(22.151278409091,7.615767045455,3.1));
#3876 = CARTESIAN_POINT('',(22.259453218057,7.586994018036,3.1));
#3877 = CARTESIAN_POINT('',(22.35982215604,7.554444678357,3.1));
#3878 = CARTESIAN_POINT('',(22.451127843224,7.517780543763,3.1));
#3879 = CARTESIAN_POINT('',(22.531860510644,7.476694148011,3.1));
#3880 = CARTESIAN_POINT('',(22.600406691387,7.430969871162,3.1));
#3881 = CARTESIAN_POINT('',(22.655539772727,7.380681818182,3.1));
#3882 = ORIENTED_EDGE('',*,*,#3883,.T.);
#3883 = EDGE_CURVE('',#3872,#3884,#3886,.T.);
#3884 = VERTEX_POINT('',#3885);
#3885 = CARTESIAN_POINT('',(21.693181818182,7.736979166667,3.1));
#3886 = LINE('',#3887,#3888);
#3887 = CARTESIAN_POINT('',(5.811360986729,11.93930075101,3.1));
#3888 = VECTOR('',#3889,1.);
#3889 = DIRECTION('',(-0.966730667668,0.255796435062,0.));
#3890 = ORIENTED_EDGE('',*,*,#3891,.F.);
#3891 = EDGE_CURVE('',#3892,#3884,#3894,.T.);
#3892 = VERTEX_POINT('',#3893);
#3893 = CARTESIAN_POINT('',(20.910037878788,8.016335227273,3.1));
#3894 = B_SPLINE_CURVE_WITH_KNOTS('',7,(#3895,#3896,#3897,#3898,#3899,
    #3900,#3901,#3902),.UNSPECIFIED.,.F.,.F.,(8,8),(0.,1.),
  .PIECEWISE_BEZIER_KNOTS.);
#3895 = CARTESIAN_POINT('',(20.910037878788,8.016335227273,3.1));
#3896 = CARTESIAN_POINT('',(20.986655278303,7.971206565707,3.1));
#3897 = CARTESIAN_POINT('',(21.079806202371,7.927842587332,3.1));
#3898 = CARTESIAN_POINT('',(21.186088266612,7.886323957988,3.1));
#3899 = CARTESIAN_POINT('',(21.302479497934,7.846611120232,3.1));
#3900 = CARTESIAN_POINT('',(21.426699234118,7.808602450244,3.1));
#3901 = CARTESIAN_POINT('',(21.557190289111,7.772132245794,3.1));
#3902 = CARTESIAN_POINT('',(21.693181818182,7.736979166667,3.1));
#3903 = ORIENTED_EDGE('',*,*,#3904,.F.);
#3904 = EDGE_CURVE('',#3905,#3892,#3907,.T.);
#3905 = VERTEX_POINT('',#3906);
#3906 = CARTESIAN_POINT('',(20.546164772727,8.349195075758,3.1));
#3907 = B_SPLINE_CURVE_WITH_KNOTS('',5,(#3908,#3909,#3910,#3911,#3912,
    #3913),.UNSPECIFIED.,.F.,.F.,(6,6),(0.,1.),
  .PIECEWISE_BEZIER_KNOTS.);
#3908 = CARTESIAN_POINT('',(20.546164772727,8.349195075758,3.1));
#3909 = CARTESIAN_POINT('',(20.599261840519,8.270075661229,3.1));
#3910 = CARTESIAN_POINT('',(20.662601458575,8.197060935808,3.1));
#3911 = CARTESIAN_POINT('',(20.735913358492,8.130432335306,3.1));
#3912 = CARTESIAN_POINT('',(20.818633172176,8.070228633717,3.1));
#3913 = CARTESIAN_POINT('',(20.910037878788,8.016335227273,3.1));
#3914 = ORIENTED_EDGE('',*,*,#3915,.F.);
#3915 = EDGE_CURVE('',#3916,#3905,#3918,.T.);
#3916 = VERTEX_POINT('',#3917);
#3917 = CARTESIAN_POINT('',(20.414772727273,8.830018939394,3.1));
#3918 = B_SPLINE_CURVE_WITH_KNOTS('',5,(#3919,#3920,#3921,#3922,#3923,
    #3924),.UNSPECIFIED.,.F.,.F.,(6,6),(0.,1.),
  .PIECEWISE_BEZIER_KNOTS.);
#3919 = CARTESIAN_POINT('',(20.414772727273,8.830018939394,3.1));
#3920 = CARTESIAN_POINT('',(20.414772727273,8.719059241094,3.1));
#3921 = CARTESIAN_POINT('',(20.427238065639,8.614431798324,3.1));
#3922 = CARTESIAN_POINT('',(20.453106459649,8.517296159303,3.1));
#3923 = CARTESIAN_POINT('',(20.492886071494,8.428681138139,3.1));
#3924 = CARTESIAN_POINT('',(20.546164772727,8.349195075758,3.1));
#3925 = ORIENTED_EDGE('',*,*,#3926,.F.);
#3926 = EDGE_CURVE('',#3927,#3916,#3929,.T.);
#3927 = VERTEX_POINT('',#3928);
#3928 = CARTESIAN_POINT('',(20.789299242424,9.633049242424,3.1));
#3929 = B_SPLINE_CURVE_WITH_KNOTS('',5,(#3930,#3931,#3932,#3933,#3934,
    #3935,#3936,#3937,#3938,#3939,#3940,#3941,#3942,#3943),
  .UNSPECIFIED.,.F.,.F.,(6,4,4,6),(0.,0.343034546644,0.772936706118,1.),
  .UNSPECIFIED.);
#3930 = CARTESIAN_POINT('',(20.789299242424,9.633049242424,3.1));
#3931 = CARTESIAN_POINT('',(20.73809716324,9.595343539359,3.1));
#3932 = CARTESIAN_POINT('',(20.690598627164,9.554206497954,3.1));
#3933 = CARTESIAN_POINT('',(20.647219628632,9.509621457069,3.1));
#3934 = CARTESIAN_POINT('',(20.608291286261,9.461680018155,3.1));
#3935 = CARTESIAN_POINT('',(20.53099224253,9.346677209203,3.1));
#3936 = CARTESIAN_POINT('',(20.495245290754,9.277827600761,3.1));
#3937 = CARTESIAN_POINT('',(20.467100811855,9.204608716197,3.1));
#3938 = CARTESIAN_POINT('',(20.446361779526,9.127731210264,3.1));
#3939 = CARTESIAN_POINT('',(20.425288172486,9.005797397324,3.1));
#3940 = CARTESIAN_POINT('',(20.419942107896,8.962835477336,3.1));
#3941 = CARTESIAN_POINT('',(20.416465769387,8.919156863426,3.1));
#3942 = CARTESIAN_POINT('',(20.414772727273,8.874856926591,3.1));
#3943 = CARTESIAN_POINT('',(20.414772727273,8.830018939394,3.1));
#3944 = ORIENTED_EDGE('',*,*,#3945,.F.);
#3945 = EDGE_CURVE('',#3946,#3927,#3948,.T.);
#3946 = VERTEX_POINT('',#3947);
#3947 = CARTESIAN_POINT('',(21.881392045455,9.909090909091,3.1));
#3948 = B_SPLINE_CURVE_WITH_KNOTS('',6,(#3949,#3950,#3951,#3952,#3953,
    #3954,#3955,#3956,#3957,#3958,#3959,#3960),.UNSPECIFIED.,.F.,.F.,(7,
    5,7),(0.,0.531946487653,1.),.UNSPECIFIED.);
#3949 = CARTESIAN_POINT('',(21.881392045455,9.909090909091,3.1));
#3950 = CARTESIAN_POINT('',(21.770596231319,9.909090909091,3.1));
#3951 = CARTESIAN_POINT('',(21.661418878204,9.905139729447,3.1));
#3952 = CARTESIAN_POINT('',(21.554181972598,9.89679754313,3.1));
#3953 = CARTESIAN_POINT('',(21.449370402682,9.883551890846,3.1));
#3954 = CARTESIAN_POINT('',(21.347625201433,9.864831421744,3.1));
#3955 = CARTESIAN_POINT('',(21.163544411849,9.818302438295,3.1));
#3956 = CARTESIAN_POINT('',(21.080349364824,9.791856717044,3.1));
#3957 = CARTESIAN_POINT('',(21.000671569499,9.760375130243,3.1));
#3958 = CARTESIAN_POINT('',(20.925158574253,9.723524456224,3.1));
#3959 = CARTESIAN_POINT('',(20.854499046059,9.681073860894,3.1));
#3960 = CARTESIAN_POINT('',(20.789299242424,9.633049242424,3.1));
#3961 = ORIENTED_EDGE('',*,*,#3962,.F.);
#3962 = EDGE_CURVE('',#3963,#3946,#3965,.T.);
#3963 = VERTEX_POINT('',#3964);
#3964 = CARTESIAN_POINT('',(22.891571969697,9.685369318182,3.1));
#3965 = B_SPLINE_CURVE_WITH_KNOTS('',6,(#3966,#3967,#3968,#3969,#3970,
    #3971,#3972,#3973,#3974,#3975,#3976,#3977),.UNSPECIFIED.,.F.,.F.,(7,
    5,7),(0.,0.476657846169,1.),.UNSPECIFIED.);
#3966 = CARTESIAN_POINT('',(22.891571969697,9.685369318182,3.1));
#3967 = CARTESIAN_POINT('',(22.826551053477,9.724209246012,3.1));
#3968 = CARTESIAN_POINT('',(22.757542552859,9.758564579619,3.1));
#3969 = CARTESIAN_POINT('',(22.684945332846,9.788488103437,3.1));
#3970 = CARTESIAN_POINT('',(22.609185101999,9.814150470783,3.1));
#3971 = CARTESIAN_POINT('',(22.53066529058,9.835775412405,3.1));
#3972 = CARTESIAN_POINT('',(22.360893693352,9.873185154838,3.1));
#3973 = CARTESIAN_POINT('',(22.269150490899,9.888189528544,3.1));
#3974 = CARTESIAN_POINT('',(22.17496715149,9.898949839375,3.1));
#3975 = CARTESIAN_POINT('',(22.078741707457,9.905807484944,3.1));
#3976 = CARTESIAN_POINT('',(21.980802026265,9.909090909091,3.1));
#3977 = CARTESIAN_POINT('',(21.881392045455,9.909090909091,3.1));
#3978 = ORIENTED_EDGE('',*,*,#3979,.F.);
#3979 = EDGE_CURVE('',#3980,#3963,#3982,.T.);
#3980 = VERTEX_POINT('',#3981);
#3981 = CARTESIAN_POINT('',(23.365767045455,8.968039772727,3.1));
#3982 = B_SPLINE_CURVE_WITH_KNOTS('',6,(#3983,#3984,#3985,#3986,#3987,
    #3988,#3989,#3990,#3991,#3992,#3993,#3994),.UNSPECIFIED.,.F.,.F.,(7,
    5,7),(0.,0.716774950419,1.),.UNSPECIFIED.);
#3983 = CARTESIAN_POINT('',(23.365767045455,8.968039772727,3.1));
#3984 = CARTESIAN_POINT('',(23.343389838437,9.079126621849,3.1));
#3985 = CARTESIAN_POINT('',(23.311993222232,9.185250322146,3.1));
#3986 = CARTESIAN_POINT('',(23.270748420665,9.285091362958,3.1));
#3987 = CARTESIAN_POINT('',(23.219038102737,9.377266256459,3.1));
#3988 = CARTESIAN_POINT('',(23.156725790452,9.460532902517,3.1));
#3989 = CARTESIAN_POINT('',(23.056098284903,9.563197378602,3.1));
#3990 = CARTESIAN_POINT('',(23.0260603308,9.590768605032,3.1));
#3991 = CARTESIAN_POINT('',(22.994527462302,9.616789909322,3.1));
#3992 = CARTESIAN_POINT('',(22.961555488805,9.641235062887,3.1));
#3993 = CARTESIAN_POINT('',(22.927211470578,9.664093684365,3.1));
#3994 = CARTESIAN_POINT('',(22.891571969697,9.685369318182,3.1));
#3995 = ORIENTED_EDGE('',*,*,#3996,.T.);
#3996 = EDGE_CURVE('',#3980,#3997,#3999,.T.);
#3997 = VERTEX_POINT('',#3998);
#3998 = CARTESIAN_POINT('',(22.790482954545,8.897017045455,3.1));
#3999 = LINE('',#4000,#4001);
#4000 = CARTESIAN_POINT('',(14.721143404965,7.900802286247,3.1));
#4001 = VECTOR('',#4002,1.);
#4002 = DIRECTION('',(-0.992465233221,-0.122526572003,0.));
#4003 = ORIENTED_EDGE('',*,*,#4004,.F.);
#4004 = EDGE_CURVE('',#4005,#3997,#4007,.T.);
#4005 = VERTEX_POINT('',#4006);
#4006 = CARTESIAN_POINT('',(22.504498106061,9.289299242424,3.1));
#4007 = B_SPLINE_CURVE_WITH_KNOTS('',5,(#4008,#4009,#4010,#4011,#4012,
    #4013,#4014,#4015,#4016,#4017),.UNSPECIFIED.,.F.,.F.,(6,4,6),(0.,
    0.550600874757,1.),.UNSPECIFIED.);
#4008 = CARTESIAN_POINT('',(22.504498106061,9.289299242424,3.1));
#4009 = CARTESIAN_POINT('',(22.554947434026,9.259686564666,3.1));
#4010 = CARTESIAN_POINT('',(22.600669782714,9.22625704349,3.1));
#4011 = CARTESIAN_POINT('',(22.641280884425,9.188951946467,3.1));
#4012 = CARTESIAN_POINT('',(22.676498492928,9.147810835287,3.1));
#4013 = CARTESIAN_POINT('',(22.730449265005,9.066455815708,3.1));
#4014 = CARTESIAN_POINT('',(22.751024676598,9.027458143521,3.1));
#4015 = CARTESIAN_POINT('',(22.767865098873,8.986120641194,3.1));
#4016 = CARTESIAN_POINT('',(22.78098997646,8.942583340264,3.1));
#4017 = CARTESIAN_POINT('',(22.790482954545,8.897017045455,3.1));
#4018 = ORIENTED_EDGE('',*,*,#4019,.F.);
#4019 = EDGE_CURVE('',#4020,#4005,#4022,.T.);
#4020 = VERTEX_POINT('',#4021);
#4021 = CARTESIAN_POINT('',(21.881392045455,9.426136363636,3.1));
#4022 = B_SPLINE_CURVE_WITH_KNOTS('',6,(#4023,#4024,#4025,#4026,#4027,
    #4028,#4029),.UNSPECIFIED.,.F.,.F.,(7,7),(0.,1.),
  .PIECEWISE_BEZIER_KNOTS.);
#4023 = CARTESIAN_POINT('',(21.881392045455,9.426136363636,3.1));
#4024 = CARTESIAN_POINT('',(22.003652244397,9.426136363636,3.1));
#4025 = CARTESIAN_POINT('',(22.120168228211,9.418093743078,3.1));
#4026 = CARTESIAN_POINT('',(22.229825081692,9.401131586823,3.1));
#4027 = CARTESIAN_POINT('',(22.331304048757,9.374379586614,3.1));
#4028 = CARTESIAN_POINT('',(22.423222497267,9.33713763538,3.1));
#4029 = CARTESIAN_POINT('',(22.504498106061,9.289299242424,3.1));
#4030 = ORIENTED_EDGE('',*,*,#4031,.F.);
#4031 = EDGE_CURVE('',#4032,#4020,#4034,.T.);
#4032 = VERTEX_POINT('',#4033);
#4033 = CARTESIAN_POINT('',(21.2421875,9.294034090909,3.1));
#4034 = B_SPLINE_CURVE_WITH_KNOTS('',7,(#4035,#4036,#4037,#4038,#4039,
    #4040,#4041,#4042),.UNSPECIFIED.,.F.,.F.,(8,8),(0.,1.),
  .PIECEWISE_BEZIER_KNOTS.);
#4035 = CARTESIAN_POINT('',(21.2421875,9.294034090909,3.1));
#4036 = CARTESIAN_POINT('',(21.305748974597,9.334801105651,3.1));
#4037 = CARTESIAN_POINT('',(21.380823358645,9.367515455763,3.1));
#4038 = CARTESIAN_POINT('',(21.4661690352,9.392354230436,3.1));
#4039 = CARTESIAN_POINT('',(21.560243689554,9.409923735372,3.1));
#4040 = CARTESIAN_POINT('',(21.661583026044,9.420944851917,3.1));
#4041 = CARTESIAN_POINT('',(21.768942142917,9.426136363636,3.1));
#4042 = CARTESIAN_POINT('',(21.881392045455,9.426136363636,3.1));
#4043 = ORIENTED_EDGE('',*,*,#4044,.F.);
#4044 = EDGE_CURVE('',#4045,#4032,#4047,.T.);
#4045 = VERTEX_POINT('',#4046);
#4046 = CARTESIAN_POINT('',(21.036221590909,8.894176136364,3.1));
#4047 = B_SPLINE_CURVE_WITH_KNOTS('',5,(#4048,#4049,#4050,#4051,#4052,
    #4053,#4054,#4055,#4056,#4057),.UNSPECIFIED.,.F.,.F.,(6,4,6),(0.,
    0.599528640937,1.),.UNSPECIFIED.);
#4048 = CARTESIAN_POINT('',(21.036221590909,8.894176136364,3.1));
#4049 = CARTESIAN_POINT('',(21.036221590909,8.956759729596,3.1));
#4050 = CARTESIAN_POINT('',(21.043254298855,9.015755790686,3.1));
#4051 = CARTESIAN_POINT('',(21.057788719175,9.070580062763,3.1));
#4052 = CARTESIAN_POINT('',(21.080064182332,9.120728377645,3.1));
#4053 = CARTESIAN_POINT('',(21.129789315539,9.196076491787,3.1));
#4054 = CARTESIAN_POINT('',(21.1530681424,9.224035658177,3.1));
#4055 = CARTESIAN_POINT('',(21.179655378023,9.24969222573,3.1));
#4056 = CARTESIAN_POINT('',(21.209422051543,9.273019010174,3.1));
#4057 = CARTESIAN_POINT('',(21.2421875,9.294034090909,3.1));
#4058 = ORIENTED_EDGE('',*,*,#4059,.F.);
#4059 = EDGE_CURVE('',#4060,#4045,#4062,.T.);
#4060 = VERTEX_POINT('',#4061);
#4061 = CARTESIAN_POINT('',(21.121448863636,8.623579545455,3.1));
#4062 = B_SPLINE_CURVE_WITH_KNOTS('',5,(#4063,#4064,#4065,#4066,#4067,
    #4068,#4069,#4070,#4071,#4072),.UNSPECIFIED.,.F.,.F.,(6,4,6),(0.,
    0.110504851313,1.),.UNSPECIFIED.);
#4063 = CARTESIAN_POINT('',(21.121448863636,8.623579545455,3.1));
#4064 = CARTESIAN_POINT('',(21.117665384627,8.62831940388,3.1));
#4065 = CARTESIAN_POINT('',(21.11398642225,8.633130110618,3.1));
#4066 = CARTESIAN_POINT('',(21.110412179213,8.638011509471,3.1));
#4067 = CARTESIAN_POINT('',(21.10694282469,8.642963421331,3.1));
#4068 = CARTESIAN_POINT('',(21.076497732626,8.688411406516,3.1));
#4069 = CARTESIAN_POINT('',(21.056220806935,8.733394146554,3.1));
#4070 = CARTESIAN_POINT('',(21.042822256652,8.782825071713,3.1));
#4071 = CARTESIAN_POINT('',(21.036221590909,8.836506488951,3.1));
#4072 = CARTESIAN_POINT('',(21.036221590909,8.894176136364,3.1));
#4073 = ORIENTED_EDGE('',*,*,#4074,.F.);
#4074 = EDGE_CURVE('',#4075,#4060,#4077,.T.);
#4075 = VERTEX_POINT('',#4076);
#4076 = CARTESIAN_POINT('',(21.373579545455,8.441998106061,3.1));
#4077 = B_SPLINE_CURVE_WITH_KNOTS('',5,(#4078,#4079,#4080,#4081,#4082,
    #4083),.UNSPECIFIED.,.F.,.F.,(6,6),(0.,1.),
  .PIECEWISE_BEZIER_KNOTS.);
#4078 = CARTESIAN_POINT('',(21.373579545455,8.441998106061,3.1));
#4079 = CARTESIAN_POINT('',(21.307850416308,8.471459673168,3.1));
#4080 = CARTESIAN_POINT('',(21.249394929836,8.504307591879,3.1));
#4081 = CARTESIAN_POINT('',(21.198638102393,8.540611422707,3.1));
#4082 = CARTESIAN_POINT('',(21.155924216597,8.580389589384,3.1));
#4083 = CARTESIAN_POINT('',(21.121448863636,8.623579545455,3.1));
#4084 = ORIENTED_EDGE('',*,*,#4085,.F.);
#4085 = EDGE_CURVE('',#4086,#4075,#4088,.T.);
#4086 = VERTEX_POINT('',#4087);
#4087 = CARTESIAN_POINT('',(22.076704545455,8.235321969697,3.1));
#4088 = B_SPLINE_CURVE_WITH_KNOTS('',8,(#4089,#4090,#4091,#4092,#4093,
    #4094,#4095,#4096,#4097),.UNSPECIFIED.,.F.,.F.,(9,9),(0.,1.),
  .PIECEWISE_BEZIER_KNOTS.);
#4089 = CARTESIAN_POINT('',(22.076704545455,8.235321969697,3.1));
#4090 = CARTESIAN_POINT('',(21.963938741773,8.26305289802,3.1));
#4091 = CARTESIAN_POINT('',(21.855744000809,8.29051302389,3.1));
#4092 = CARTESIAN_POINT('',(21.752598123904,8.317711163918,3.1));
#4093 = CARTESIAN_POINT('',(21.65564156818,8.344537987976,3.1));
#4094 = CARTESIAN_POINT('',(21.566675853591,8.370765653053,3.1));
#4095 = CARTESIAN_POINT('',(21.488065365376,8.396057593176,3.1));
#4096 = CARTESIAN_POINT('',(21.422726185565,8.419969257444,3.1));
#4097 = CARTESIAN_POINT('',(21.373579545455,8.441998106061,3.1));
#4098 = ORIENTED_EDGE('',*,*,#4099,.F.);
#4099 = EDGE_CURVE('',#4100,#4086,#4102,.T.);
#4100 = VERTEX_POINT('',#4101);
#4101 = CARTESIAN_POINT('',(22.808238636364,7.998579545455,3.1));
#4102 = B_SPLINE_CURVE_WITH_KNOTS('',7,(#4103,#4104,#4105,#4106,#4107,
    #4108,#4109,#4110),.UNSPECIFIED.,.F.,.F.,(8,8),(0.,1.),
  .PIECEWISE_BEZIER_KNOTS.);
#4103 = CARTESIAN_POINT('',(22.808238636364,7.998579545455,3.1));
#4104 = CARTESIAN_POINT('',(22.735611370629,8.033855645954,3.1));
#4105 = CARTESIAN_POINT('',(22.648515288931,8.068869968764,3.1));
#4106 = CARTESIAN_POINT('',(22.549618940259,8.103409757524,3.1));
#4107 = CARTESIAN_POINT('',(22.441357757057,8.137348122766,3.1));
#4108 = CARTESIAN_POINT('',(22.325637924655,8.170627668729,3.1));
#4109 = CARTESIAN_POINT('',(22.203827645337,8.203259686696,3.1));
#4110 = CARTESIAN_POINT('',(22.076704545455,8.235321969697,3.1));
#4111 = ORIENTED_EDGE('',*,*,#4112,.F.);
#4112 = EDGE_CURVE('',#4113,#4100,#4115,.T.);
#4113 = VERTEX_POINT('',#4114);
#4114 = CARTESIAN_POINT('',(23.161458333333,7.758049242424,3.1));
#4115 = B_SPLINE_CURVE_WITH_KNOTS('',5,(#4116,#4117,#4118,#4119,#4120,
    #4121),.UNSPECIFIED.,.F.,.F.,(6,6),(0.,1.),
  .PIECEWISE_BEZIER_KNOTS.);
#4116 = CARTESIAN_POINT('',(23.161458333333,7.758049242424,3.1));
#4117 = CARTESIAN_POINT('',(23.108556475735,7.811918227218,3.1));
#4118 = CARTESIAN_POINT('',(23.046260588927,7.862925434386,3.1));
#4119 = CARTESIAN_POINT('',(22.975030368038,7.911011924402,3.1));
#4120 = CARTESIAN_POINT('',(22.895478298665,7.956205995194,3.1));
#4121 = CARTESIAN_POINT('',(22.808238636364,7.998579545455,3.1));
#4122 = ORIENTED_EDGE('',*,*,#4123,.F.);
#4123 = EDGE_CURVE('',#4124,#4113,#4126,.T.);
#4124 = VERTEX_POINT('',#4125);
#4125 = CARTESIAN_POINT('',(23.362215909091,7.453598484848,3.1));
#4126 = B_SPLINE_CURVE_WITH_KNOTS('',4,(#4127,#4128,#4129,#4130,#4131,
    #4132,#4133,#4134),.UNSPECIFIED.,.F.,.F.,(5,3,5),(0.,0.572109378073,
    1.),.UNSPECIFIED.);
#4127 = CARTESIAN_POINT('',(23.362215909091,7.453598484848,3.1));
#4128 = CARTESIAN_POINT('',(23.341943599469,7.502927771596,3.1));
#4129 = CARTESIAN_POINT('',(23.318442401161,7.550116932476,3.1));
#4130 = CARTESIAN_POINT('',(23.291703377039,7.595098337231,3.1));
#4131 = CARTESIAN_POINT('',(23.239358256049,7.669788130107,3.1));
#4132 = CARTESIAN_POINT('',(23.215165684695,7.700488279874,3.1));
#4133 = CARTESIAN_POINT('',(23.189191021993,7.729911696996,3.1));
#4134 = CARTESIAN_POINT('',(23.161458333333,7.758049242424,3.1));
#4135 = ORIENTED_EDGE('',*,*,#4136,.F.);
#4136 = EDGE_CURVE('',#3720,#4124,#4137,.T.);
#4137 = B_SPLINE_CURVE_WITH_KNOTS('',5,(#4138,#4139,#4140,#4141,#4142,
    #4143),.UNSPECIFIED.,.F.,.F.,(6,6),(0.,1.),
  .PIECEWISE_BEZIER_KNOTS.);
#4138 = CARTESIAN_POINT('',(23.433238636364,7.060132575758,3.1));
#4139 = CARTESIAN_POINT('',(23.433238636364,7.147260116546,3.1));
#4140 = CARTESIAN_POINT('',(23.42633188458,7.230459969651,3.1));
#4141 = CARTESIAN_POINT('',(23.412274682132,7.309422937386,3.1));
#4142 = CARTESIAN_POINT('',(23.390909503951,7.383873049339,3.1));
#4143 = CARTESIAN_POINT('',(23.362215909091,7.453598484848,3.1));
#4144 = FACE_BOUND('',#4145,.T.);
#4145 = EDGE_LOOP('',(#4146,#4170,#4193,#4216,#4238,#4280,#4307));
#4146 = ORIENTED_EDGE('',*,*,#4147,.F.);
#4147 = EDGE_CURVE('',#4148,#4150,#4152,.T.);
#4148 = VERTEX_POINT('',#4149);
#4149 = CARTESIAN_POINT('',(27.102982954545,6.417850378788,3.1));
#4150 = VERTEX_POINT('',#4151);
#4151 = CARTESIAN_POINT('',(27.546875,7.92021780303,3.1));
#4152 = B_SPLINE_CURVE_WITH_KNOTS('',6,(#4153,#4154,#4155,#4156,#4157,
    #4158,#4159,#4160,#4161,#4162,#4163,#4164,#4165,#4166,#4167,#4168,
    #4169),.UNSPECIFIED.,.F.,.F.,(7,5,5,7),(0.,0.233521421811,
    0.479709559162,1.),.UNSPECIFIED.);
#4153 = CARTESIAN_POINT('',(27.102982954545,6.417850378788,3.1));
#4154 = CARTESIAN_POINT('',(27.142303057561,6.461574333342,3.1));
#4155 = CARTESIAN_POINT('',(27.179361429495,6.50753245255,3.1));
#4156 = CARTESIAN_POINT('',(27.214099794468,6.555581669044,3.1));
#4157 = CARTESIAN_POINT('',(27.246507560193,6.605559004661,3.1));
#4158 = CARTESIAN_POINT('',(27.276609966231,6.657291537242,3.1));
#4159 = CARTESIAN_POINT('',(27.333812940973,6.76681311126,3.1));
#4160 = CARTESIAN_POINT('',(27.360663105316,6.824780546133,3.1));
#4161 = CARTESIAN_POINT('',(27.38506819924,6.884311905411,3.1));
#4162 = CARTESIAN_POINT('',(27.407119984545,6.945219037937,3.1));
#4163 = CARTESIAN_POINT('',(27.426927203707,7.007330495652,3.1));
#4164 = CARTESIAN_POINT('',(27.481956507384,7.204000335497,3.1));
#4165 = CARTESIAN_POINT('',(27.509773856013,7.342174057891,3.1));
#4166 = CARTESIAN_POINT('',(27.529165208933,7.483729326361,3.1));
#4167 = CARTESIAN_POINT('',(27.541223057716,7.627652630191,3.1));
#4168 = CARTESIAN_POINT('',(27.546875,7.773263813921,3.1));
#4169 = CARTESIAN_POINT('',(27.546875,7.92021780303,3.1));
#4170 = ORIENTED_EDGE('',*,*,#4171,.F.);
#4171 = EDGE_CURVE('',#4172,#4148,#4174,.T.);
#4172 = VERTEX_POINT('',#4173);
#4173 = CARTESIAN_POINT('',(25.813920454545,5.924242424242,3.1));
#4174 = B_SPLINE_CURVE_WITH_KNOTS('',5,(#4175,#4176,#4177,#4178,#4179,
    #4180,#4181,#4182,#4183,#4184,#4185,#4186,#4187,#4188,#4189,#4190,
    #4191,#4192),.UNSPECIFIED.,.F.,.F.,(6,4,4,4,6),(0.,0.336528455132,
    0.596257872537,0.846135518514,1.),.UNSPECIFIED.);
#4175 = CARTESIAN_POINT('',(25.813920454545,5.924242424242,3.1));
#4176 = CARTESIAN_POINT('',(25.914773079641,5.924242424242,3.1));
#4177 = CARTESIAN_POINT('',(26.014696467709,5.92863571652,3.1));
#4178 = CARTESIAN_POINT('',(26.113385159474,5.937879970322,3.1));
#4179 = CARTESIAN_POINT('',(26.210382215337,5.9524919664,3.1));
#4180 = CARTESIAN_POINT('',(26.378243119901,5.988668785451,3.1));
#4181 = CARTESIAN_POINT('',(26.450017855019,6.007885457606,3.1));
#4182 = CARTESIAN_POINT('',(26.520178920047,6.03075726892,3.1));
#4183 = CARTESIAN_POINT('',(26.588417736405,6.057447404034,3.1));
#4184 = CARTESIAN_POINT('',(26.717923197361,6.117412734526,3.1));
#4185 = CARTESIAN_POINT('',(26.779360882825,6.150401805585,3.1));
#4186 = CARTESIAN_POINT('',(26.83844957164,6.187021742919,3.1));
#4187 = CARTESIAN_POINT('',(26.894937548703,6.227232708996,3.1));
#4188 = CARTESIAN_POINT('',(26.981692887917,6.297749194156,3.1));
#4189 = CARTESIAN_POINT('',(27.013696687112,6.325925260878,3.1));
#4190 = CARTESIAN_POINT('',(27.044598322924,6.355367683831,3.1));
#4191 = CARTESIAN_POINT('',(27.074366594201,6.386028986084,3.1));
#4192 = CARTESIAN_POINT('',(27.102982954545,6.417850378788,3.1));
#4193 = ORIENTED_EDGE('',*,*,#4194,.F.);
#4194 = EDGE_CURVE('',#4195,#4172,#4197,.T.);
#4195 = VERTEX_POINT('',#4196);
#4196 = CARTESIAN_POINT('',(24.542613636364,6.4375,3.1));
#4197 = B_SPLINE_CURVE_WITH_KNOTS('',5,(#4198,#4199,#4200,#4201,#4202,
    #4203,#4204,#4205,#4206,#4207,#4208,#4209,#4210,#4211,#4212,#4213,
    #4214,#4215),.UNSPECIFIED.,.F.,.F.,(6,4,4,4,6),(0.,0.190855807565,
    0.430969605812,0.680391504403,1.),.UNSPECIFIED.);
#4198 = CARTESIAN_POINT('',(24.542613636364,6.4375,3.1));
#4199 = CARTESIAN_POINT('',(24.576703588149,6.396779881284,3.1));
#4200 = CARTESIAN_POINT('',(24.612624212176,6.357827844531,3.1));
#4201 = CARTESIAN_POINT('',(24.650350644848,6.320771165529,3.1));
#4202 = CARTESIAN_POINT('',(24.689828268137,6.285713460647,3.1));
#4203 = CARTESIAN_POINT('',(24.782720767097,6.211227676922,3.1));
#4204 = CARTESIAN_POINT('',(24.837107413428,6.173003382763,3.1));
#4205 = CARTESIAN_POINT('',(24.893942336793,6.138202443963,3.1));
#4206 = CARTESIAN_POINT('',(24.95298894923,6.106861730521,3.1));
#4207 = CARTESIAN_POINT('',(25.077333566985,6.049933367269,3.1));
#4208 = CARTESIAN_POINT('',(25.142789968719,6.024613787707,3.1));
#4209 = CARTESIAN_POINT('',(25.210055863809,6.002929308028,3.1));
#4210 = CARTESIAN_POINT('',(25.278842120144,5.984727046558,3.1));
#4211 = CARTESIAN_POINT('',(25.438664056421,5.950722146332,3.1));
#4212 = CARTESIAN_POINT('',(25.53051208147,5.937036705964,3.1));
#4213 = CARTESIAN_POINT('',(25.623926705586,5.928367136376,3.1));
#4214 = CARTESIAN_POINT('',(25.718490429962,5.924242424242,3.1));
#4215 = CARTESIAN_POINT('',(25.813920454545,5.924242424242,3.1));
#4216 = ORIENTED_EDGE('',*,*,#4217,.F.);
#4217 = EDGE_CURVE('',#4218,#4195,#4220,.T.);
#4218 = VERTEX_POINT('',#4219);
#4219 = CARTESIAN_POINT('',(24.112926136364,7.92021780303,3.1));
#4220 = B_SPLINE_CURVE_WITH_KNOTS('',6,(#4221,#4222,#4223,#4224,#4225,
    #4226,#4227,#4228,#4229,#4230,#4231,#4232,#4233,#4234,#4235,#4236,
    #4237),.UNSPECIFIED.,.F.,.F.,(7,5,5,7),(0.,0.497355204819,
    0.755545289288,1.),.UNSPECIFIED.);
#4221 = CARTESIAN_POINT('',(24.112926136364,7.92021780303,3.1));
#4222 = CARTESIAN_POINT('',(24.112926136364,7.782571584119,3.1));
#4223 = CARTESIAN_POINT('',(24.118123229029,7.64611036564,3.1));
#4224 = CARTESIAN_POINT('',(24.129131871471,7.511153330558,3.1));
#4225 = CARTESIAN_POINT('',(24.146678370874,7.378245202675,3.1));
#4226 = CARTESIAN_POINT('',(24.171582941398,7.248150358868,3.1));
#4227 = CARTESIAN_POINT('',(24.22180132248,7.056223830861,3.1));
#4228 = CARTESIAN_POINT('',(24.241157466986,6.991657010896,3.1));
#4229 = CARTESIAN_POINT('',(24.262816170755,6.928249206464,3.1));
#4230 = CARTESIAN_POINT('',(24.286879840322,6.866160557465,3.1));
#4231 = CARTESIAN_POINT('',(24.313433832218,6.805565089765,3.1));
#4232 = CARTESIAN_POINT('',(24.370086813999,6.690857154225,3.1));
#4233 = CARTESIAN_POINT('',(24.399922893503,6.636569452198,3.1));
#4234 = CARTESIAN_POINT('',(24.432087903216,6.583938511813,3.1));
#4235 = CARTESIAN_POINT('',(24.466604634053,6.533120874314,3.1));
#4236 = CARTESIAN_POINT('',(24.503463663325,6.484264265316,3.1));
#4237 = CARTESIAN_POINT('',(24.542613636364,6.4375,3.1));
#4238 = ORIENTED_EDGE('',*,*,#4239,.F.);
#4239 = EDGE_CURVE('',#4240,#4218,#4242,.T.);
#4240 = VERTEX_POINT('',#4241);
#4241 = CARTESIAN_POINT('',(25.835227272727,9.909090909091,3.1));
#4242 = B_SPLINE_CURVE_WITH_KNOTS('',6,(#4243,#4244,#4245,#4246,#4247,
    #4248,#4249,#4250,#4251,#4252,#4253,#4254,#4255,#4256,#4257,#4258,
    #4259,#4260,#4261,#4262,#4263,#4264,#4265,#4266,#4267,#4268,#4269,
    #4270,#4271,#4272,#4273,#4274,#4275,#4276,#4277,#4278,#4279),
  .UNSPECIFIED.,.F.,.F.,(7,5,5,5,5,5,5,7),(0.,0.183992347162,
    0.265203856901,0.414098905335,0.530212073251,0.587138370752,
    0.690833215681,1.),.UNSPECIFIED.);
#4243 = CARTESIAN_POINT('',(25.835227272727,9.909090909091,3.1));
#4244 = CARTESIAN_POINT('',(25.741615308735,9.909090909091,3.1));
#4245 = CARTESIAN_POINT('',(25.648253406204,9.905565633775,3.1));
#4246 = CARTESIAN_POINT('',(25.555300039016,9.898118735306,3.1));
#4247 = CARTESIAN_POINT('',(25.463038913795,9.886290131277,3.1));
#4248 = CARTESIAN_POINT('',(25.371876617802,9.869571039882,3.1));
#4249 = CARTESIAN_POINT('',(25.242801511891,9.837734494692,3.1));
#4250 = CARTESIAN_POINT('',(25.203593499738,9.826940404709,3.1));
#4251 = CARTESIAN_POINT('',(25.164750359231,9.815061465768,3.1));
#4252 = CARTESIAN_POINT('',(25.126325379601,9.802059967749,3.1));
#4253 = CARTESIAN_POINT('',(25.08837688722,9.787903263784,3.1));
#4254 = CARTESIAN_POINT('',(24.982379183011,9.744448301674,3.1));
#4255 = CARTESIAN_POINT('',(24.915583485288,9.712356141235,3.1));
#4256 = CARTESIAN_POINT('',(24.850998992127,9.67614963855,3.1));
#4257 = CARTESIAN_POINT('',(24.789042313898,9.635775413994,3.1));
#4258 = CARTESIAN_POINT('',(24.730094347472,9.591319027464,3.1));
#4259 = CARTESIAN_POINT('',(24.631086857425,9.505420202747,3.1));
#4260 = CARTESIAN_POINT('',(24.58971545631,9.465459989716,3.1));
#4261 = CARTESIAN_POINT('',(24.550497930149,9.423301309825,3.1));
#4262 = CARTESIAN_POINT('',(24.51351774818,9.379106506962,3.1));
#4263 = CARTESIAN_POINT('',(24.478808146224,9.333064509,3.1));
#4264 = CARTESIAN_POINT('',(24.430457207715,9.262002374895,3.1));
#4265 = CARTESIAN_POINT('',(24.415094452293,9.23822837132,3.1));
#4266 = CARTESIAN_POINT('',(24.400273725172,9.214081447027,3.1));
#4267 = CARTESIAN_POINT('',(24.385991257934,9.18958429202,3.1));
#4268 = CARTESIAN_POINT('',(24.372241158659,9.164759131594,3.1));
#4269 = CARTESIAN_POINT('',(24.334923879263,9.093849284964,3.1));
#4270 = CARTESIAN_POINT('',(24.312572891567,9.047054942769,3.1));
#4271 = CARTESIAN_POINT('',(24.291914492263,8.999373399728,3.1));
#4272 = CARTESIAN_POINT('',(24.272884355309,8.950923446488,3.1));
#4273 = CARTESIAN_POINT('',(24.255409108059,8.901810342929,3.1));
#4274 = CARTESIAN_POINT('',(24.191723115004,8.703976699349,3.1));
#4275 = CARTESIAN_POINT('',(24.157239610586,8.550883830374,3.1));
#4276 = CARTESIAN_POINT('',(24.133797195062,8.394865170294,3.1));
#4277 = CARTESIAN_POINT('',(24.119518063732,8.237334839381,3.1));
#4278 = CARTESIAN_POINT('',(24.112926136364,8.079069956416,3.1));
#4279 = CARTESIAN_POINT('',(24.112926136364,7.92021780303,3.1));
#4280 = ORIENTED_EDGE('',*,*,#4281,.F.);
#4281 = EDGE_CURVE('',#4282,#4240,#4284,.T.);
#4282 = VERTEX_POINT('',#4283);
#4283 = CARTESIAN_POINT('',(27.131392045455,9.424242424242,3.1));
#4284 = B_SPLINE_CURVE_WITH_KNOTS('',6,(#4285,#4286,#4287,#4288,#4289,
    #4290,#4291,#4292,#4293,#4294,#4295,#4296,#4297,#4298,#4299,#4300,
    #4301,#4302,#4303,#4304,#4305,#4306),.UNSPECIFIED.,.F.,.F.,(7,5,5,5,
    7),(0.,8.619942576191E-02,0.341146238135,0.608661693556,1.),
  .UNSPECIFIED.);
#4285 = CARTESIAN_POINT('',(27.131392045455,9.424242424242,3.1));
#4286 = CARTESIAN_POINT('',(27.118537423071,9.439243145976,3.1));
#4287 = CARTESIAN_POINT('',(27.105400445579,9.45398311991,3.1));
#4288 = CARTESIAN_POINT('',(27.091983664124,9.468456735348,3.1));
#4289 = CARTESIAN_POINT('',(27.078290210085,9.482658879204,3.1));
#4290 = CARTESIAN_POINT('',(27.064323795074,9.496584936001,3.1));
#4291 = CARTESIAN_POINT('',(27.007986466145,9.550590296164,3.1));
#4292 = CARTESIAN_POINT('',(26.963531050296,9.588501569408,3.1));
#4293 = CARTESIAN_POINT('',(26.916839021043,9.623851893061,3.1));
#4294 = CARTESIAN_POINT('',(26.868058947364,9.656585321456,3.1));
#4295 = CARTESIAN_POINT('',(26.817363633642,9.686692944022,3.1));
#4296 = CARTESIAN_POINT('',(26.709936732545,9.743069586901,3.1));
#4297 = CARTESIAN_POINT('',(26.653025993494,9.769078486191,3.1));
#4298 = CARTESIAN_POINT('',(26.594420702279,9.792266673554,3.1));
#4299 = CARTESIAN_POINT('',(26.534329932715,9.812720799976,3.1));
#4300 = CARTESIAN_POINT('',(26.472950193399,9.83055773687,3.1));
#4301 = CARTESIAN_POINT('',(26.319031564633,9.868355859847,3.1));
#4302 = CARTESIAN_POINT('',(26.225229276206,9.885477004576,3.1));
#4303 = CARTESIAN_POINT('',(26.1295632256,9.897678992339,3.1));
#4304 = CARTESIAN_POINT('',(26.032470115451,9.905410677318,3.1));
#4305 = CARTESIAN_POINT('',(25.934283399728,9.909090909091,3.1));
#4306 = CARTESIAN_POINT('',(25.835227272727,9.909090909091,3.1));
#4307 = ORIENTED_EDGE('',*,*,#4308,.F.);
#4308 = EDGE_CURVE('',#4150,#4282,#4309,.T.);
#4309 = B_SPLINE_CURVE_WITH_KNOTS('',6,(#4310,#4311,#4312,#4313,#4314,
    #4315,#4316,#4317,#4318,#4319,#4320,#4321,#4322,#4323,#4324,#4325,
    #4326),.UNSPECIFIED.,.F.,.F.,(7,5,5,7),(0.,0.560837759012,
    0.787077847376,1.),.UNSPECIFIED.);
#4310 = CARTESIAN_POINT('',(27.546875,7.92021780303,3.1));
#4311 = CARTESIAN_POINT('',(27.546875,8.078357242594,3.1));
#4312 = CARTESIAN_POINT('',(27.54087616481,8.234920987836,3.1));
#4313 = CARTESIAN_POINT('',(27.528002573821,8.389548224118,3.1));
#4314 = CARTESIAN_POINT('',(27.507134788678,8.541418507836,3.1));
#4315 = CARTESIAN_POINT('',(27.476905751176,8.689248992997,3.1));
#4316 = CARTESIAN_POINT('',(27.419247515005,8.888665016796,3.1));
#4317 = CARTESIAN_POINT('',(27.400911331777,8.945039069001,3.1));
#4318 = CARTESIAN_POINT('',(27.38071948887,9.000345580649,3.1));
#4319 = CARTESIAN_POINT('',(27.35858029737,9.054442642547,3.1));
#4320 = CARTESIAN_POINT('',(27.334412333007,9.107173077566,3.1));
#4321 = CARTESIAN_POINT('',(27.283440335772,9.206553624548,3.1));
#4322 = CARTESIAN_POINT('',(27.256874917359,9.253379610909,3.1));
#4323 = CARTESIAN_POINT('',(27.228407716089,9.298706202803,3.1));
#4324 = CARTESIAN_POINT('',(27.198004823385,9.342386239215,3.1));
#4325 = CARTESIAN_POINT('',(27.165657545319,9.384275769985,3.1));
#4326 = CARTESIAN_POINT('',(27.131392045455,9.424242424242,3.1));
#4327 = FACE_BOUND('',#4328,.T.);
#4328 = EDGE_LOOP('',(#4329,#4339,#4347,#4357,#4365,#4384,#4392,#4405,
    #4420,#4430,#4438,#4449,#4468,#4485));
#4329 = ORIENTED_EDGE('',*,*,#4330,.T.);
#4330 = EDGE_CURVE('',#4331,#4333,#4335,.T.);
#4331 = VERTEX_POINT('',#4332);
#4332 = CARTESIAN_POINT('',(29.107954545455,6.,3.1));
#4333 = VERTEX_POINT('',#4334);
#4334 = CARTESIAN_POINT('',(28.46875,6.,3.1));
#4335 = LINE('',#4336,#4337);
#4336 = CARTESIAN_POINT('',(14.553977272727,6.,3.1));
#4337 = VECTOR('',#4338,1.);
#4338 = DIRECTION('',(-1.,0.,0.));
#4339 = ORIENTED_EDGE('',*,*,#4340,.T.);
#4340 = EDGE_CURVE('',#4333,#4341,#4343,.T.);
#4341 = VERTEX_POINT('',#4342);
#4342 = CARTESIAN_POINT('',(28.46875,8.952178030303,3.1));
#4343 = LINE('',#4344,#4345);
#4344 = CARTESIAN_POINT('',(28.46875,31.026687446008,3.1));
#4345 = VECTOR('',#4346,1.);
#4346 = DIRECTION('',(0.,1.,0.));
#4347 = ORIENTED_EDGE('',*,*,#4348,.F.);
#4348 = EDGE_CURVE('',#4349,#4341,#4351,.T.);
#4349 = VERTEX_POINT('',#4350);
#4350 = CARTESIAN_POINT('',(28.447443181818,9.848484848485,3.1));
#4351 = B_SPLINE_CURVE_WITH_KNOTS('',4,(#4352,#4353,#4354,#4355,#4356),
  .UNSPECIFIED.,.F.,.F.,(5,5),(0.,1.),.PIECEWISE_BEZIER_KNOTS.);
#4352 = CARTESIAN_POINT('',(28.447443181818,9.848484848485,3.1));
#4353 = CARTESIAN_POINT('',(28.4576539628,9.613296526533,3.1));
#4354 = CARTESIAN_POINT('',(28.464883042519,9.38469549945,3.1));
#4355 = CARTESIAN_POINT('',(28.46875,9.163773973806,3.1));
#4356 = CARTESIAN_POINT('',(28.46875,8.952178030303,3.1));
#4357 = ORIENTED_EDGE('',*,*,#4358,.T.);
#4358 = EDGE_CURVE('',#4349,#4359,#4361,.T.);
#4359 = VERTEX_POINT('',#4360);
#4360 = CARTESIAN_POINT('',(29.051136363636,9.848484848485,3.1));
#4361 = LINE('',#4362,#4363);
#4362 = CARTESIAN_POINT('',(14.223721590909,9.848484848485,3.1));
#4363 = VECTOR('',#4364,1.);
#4364 = DIRECTION('',(1.,0.,-0.));
#4365 = ORIENTED_EDGE('',*,*,#4366,.F.);
#4366 = EDGE_CURVE('',#4367,#4359,#4369,.T.);
#4367 = VERTEX_POINT('',#4368);
#4368 = CARTESIAN_POINT('',(29.079545454545,9.053267045455,3.1));
#4369 = B_SPLINE_CURVE_WITH_KNOTS('',7,(#4370,#4371,#4372,#4373,#4374,
    #4375,#4376,#4377,#4378,#4379,#4380,#4381,#4382,#4383),
  .UNSPECIFIED.,.F.,.F.,(8,6,8),(0.,0.337706976686,1.),.UNSPECIFIED.);
#4370 = CARTESIAN_POINT('',(29.079545454545,9.053267045455,3.1));
#4371 = CARTESIAN_POINT('',(29.079545454545,9.069413197495,3.1));
#4372 = CARTESIAN_POINT('',(29.079301388812,9.089799739571,3.1));
#4373 = CARTESIAN_POINT('',(29.078829933818,9.114045949798,3.1));
#4374 = CARTESIAN_POINT('',(29.078153445278,9.141697556554,3.1));
#4375 = CARTESIAN_POINT('',(29.077295024553,9.172308975864,3.1));
#4376 = CARTESIAN_POINT('',(29.076275586123,9.205492121611,3.1));
#4377 = CARTESIAN_POINT('',(29.072832778995,9.310434185069,3.1));
#4378 = CARTESIAN_POINT('',(29.07000569848,9.388495835038,3.1));
#4379 = CARTESIAN_POINT('',(29.066762890801,9.472873223347,3.1));
#4380 = CARTESIAN_POINT('',(29.063197240387,9.561982385786,3.1));
#4381 = CARTESIAN_POINT('',(29.059377939121,9.654680344598,3.1));
#4382 = CARTESIAN_POINT('',(29.055349829622,9.750275978795,3.1));
#4383 = CARTESIAN_POINT('',(29.051136363636,9.848484848485,3.1));
#4384 = ORIENTED_EDGE('',*,*,#4385,.T.);
#4385 = EDGE_CURVE('',#4367,#4386,#4388,.T.);
#4386 = VERTEX_POINT('',#4387);
#4387 = CARTESIAN_POINT('',(29.09375,9.053267045455,3.1));
#4388 = LINE('',#4389,#4390);
#4389 = CARTESIAN_POINT('',(14.539772727273,9.053267045455,3.1));
#4390 = VECTOR('',#4391,1.);
#4391 = DIRECTION('',(1.,0.,-0.));
#4392 = ORIENTED_EDGE('',*,*,#4393,.F.);
#4393 = EDGE_CURVE('',#4394,#4386,#4396,.T.);
#4394 = VERTEX_POINT('',#4395);
#4395 = CARTESIAN_POINT('',(29.4453125,9.727982954545,3.1));
#4396 = B_SPLINE_CURVE_WITH_KNOTS('',7,(#4397,#4398,#4399,#4400,#4401,
    #4402,#4403,#4404),.UNSPECIFIED.,.F.,.F.,(8,8),(0.,1.),
  .PIECEWISE_BEZIER_KNOTS.);
#4397 = CARTESIAN_POINT('',(29.4453125,9.727982954545,3.1));
#4398 = CARTESIAN_POINT('',(29.381895036231,9.670227764327,3.1));
#4399 = CARTESIAN_POINT('',(29.323044678827,9.595598872071,3.1));
#4400 = CARTESIAN_POINT('',(29.268943221673,9.506448269266,3.1));
#4401 = CARTESIAN_POINT('',(29.219346911418,9.40555820129,3.1));
#4402 = CARTESIAN_POINT('',(29.173899410683,9.295295608737,3.1));
#4403 = CARTESIAN_POINT('',(29.132178302518,9.177488767549,3.1));
#4404 = CARTESIAN_POINT('',(29.09375,9.053267045455,3.1));
#4405 = ORIENTED_EDGE('',*,*,#4406,.F.);
#4406 = EDGE_CURVE('',#4407,#4394,#4409,.T.);
#4407 = VERTEX_POINT('',#4408);
#4408 = CARTESIAN_POINT('',(30.006392045455,9.909090909091,3.1));
#4409 = B_SPLINE_CURVE_WITH_KNOTS('',5,(#4410,#4411,#4412,#4413,#4414,
    #4415,#4416,#4417,#4418,#4419),.UNSPECIFIED.,.F.,.F.,(6,4,6),(0.,
    0.508749038939,1.),.UNSPECIFIED.);
#4410 = CARTESIAN_POINT('',(30.006392045455,9.909090909091,3.1));
#4411 = CARTESIAN_POINT('',(29.936612396175,9.909090909091,3.1));
#4412 = CARTESIAN_POINT('',(29.869315856258,9.904889829182,3.1));
#4413 = CARTESIAN_POINT('',(29.804869080887,9.896174441803,3.1));
#4414 = CARTESIAN_POINT('',(29.743682875822,9.882654521339,3.1));
#4415 = CARTESIAN_POINT('',(29.630570409022,9.84633187895,3.1));
#4416 = CARTESIAN_POINT('',(29.578392909572,9.823863026386,3.1));
#4417 = CARTESIAN_POINT('',(29.529956209753,9.796632070632,3.1));
#4418 = CARTESIAN_POINT('',(29.485541426544,9.764620012648,3.1));
#4419 = CARTESIAN_POINT('',(29.4453125,9.727982954545,3.1));
#4420 = ORIENTED_EDGE('',*,*,#4421,.F.);
#4421 = EDGE_CURVE('',#4422,#4407,#4424,.T.);
#4422 = VERTEX_POINT('',#4423);
#4423 = CARTESIAN_POINT('',(30.265625,9.873579545455,3.1));
#4424 = B_SPLINE_CURVE_WITH_KNOTS('',4,(#4425,#4426,#4427,#4428,#4429),
  .UNSPECIFIED.,.F.,.F.,(5,5),(0.,1.),.PIECEWISE_BEZIER_KNOTS.);
#4425 = CARTESIAN_POINT('',(30.265625,9.873579545455,3.1));
#4426 = CARTESIAN_POINT('',(30.200088635862,9.891292076303,3.1));
#4427 = CARTESIAN_POINT('',(30.135000958227,9.903152766564,3.1));
#4428 = CARTESIAN_POINT('',(30.070417777218,9.909090909091,3.1));
#4429 = CARTESIAN_POINT('',(30.006392045455,9.909090909091,3.1));
#4430 = ORIENTED_EDGE('',*,*,#4431,.T.);
#4431 = EDGE_CURVE('',#4422,#4432,#4434,.T.);
#4432 = VERTEX_POINT('',#4433);
#4433 = CARTESIAN_POINT('',(30.265625,9.287642045455,3.1));
#4434 = LINE('',#4435,#4436);
#4435 = CARTESIAN_POINT('',(30.265625,32.963477218735,3.1));
#4436 = VECTOR('',#4437,1.);
#4437 = DIRECTION('',(0.,-1.,0.));
#4438 = ORIENTED_EDGE('',*,*,#4439,.F.);
#4439 = EDGE_CURVE('',#4440,#4432,#4442,.T.);
#4440 = VERTEX_POINT('',#4441);
#4441 = CARTESIAN_POINT('',(29.924715909091,9.323153409091,3.1));
#4442 = B_SPLINE_CURVE_WITH_KNOTS('',5,(#4443,#4444,#4445,#4446,#4447,
    #4448),.UNSPECIFIED.,.F.,.F.,(6,6),(0.,1.),
  .PIECEWISE_BEZIER_KNOTS.);
#4443 = CARTESIAN_POINT('',(29.924715909091,9.323153409091,3.1));
#4444 = CARTESIAN_POINT('',(30.00769509399,9.323153409091,3.1));
#4445 = CARTESIAN_POINT('',(30.083838162409,9.319787064476,3.1));
#4446 = CARTESIAN_POINT('',(30.152569030855,9.312853152802,3.1));
#4447 = CARTESIAN_POINT('',(30.213315609596,9.302172431678,3.1));
#4448 = CARTESIAN_POINT('',(30.265625,9.287642045455,3.1));
#4449 = ORIENTED_EDGE('',*,*,#4450,.F.);
#4450 = EDGE_CURVE('',#4451,#4440,#4453,.T.);
#4451 = VERTEX_POINT('',#4452);
#4452 = CARTESIAN_POINT('',(29.317471590909,8.980823863636,3.1));
#4453 = B_SPLINE_CURVE_WITH_KNOTS('',5,(#4454,#4455,#4456,#4457,#4458,
    #4459,#4460,#4461,#4462,#4463,#4464,#4465,#4466,#4467),
  .UNSPECIFIED.,.F.,.F.,(6,4,4,6),(0.,0.165279443347,0.510309986918,1.),
  .UNSPECIFIED.);
#4454 = CARTESIAN_POINT('',(29.317471590909,8.980823863636,3.1));
#4455 = CARTESIAN_POINT('',(29.330860639341,9.002700207176,3.1));
#4456 = CARTESIAN_POINT('',(29.344831171556,9.023868232147,3.1));
#4457 = CARTESIAN_POINT('',(29.359391447899,9.044290376593,3.1));
#4458 = CARTESIAN_POINT('',(29.374545774412,9.063930631295,3.1));
#4459 = CARTESIAN_POINT('',(29.423170898237,9.122050554103,3.1));
#4460 = CARTESIAN_POINT('',(29.458640435031,9.157793249047,3.1));
#4461 = CARTESIAN_POINT('',(29.496696846422,9.189662693678,3.1));
#4462 = CARTESIAN_POINT('',(29.537258380763,9.21741946122,3.1));
#4463 = CARTESIAN_POINT('',(29.640982163401,9.274370485243,3.1));
#4464 = CARTESIAN_POINT('',(29.70651192288,9.299299949118,3.1));
#4465 = CARTESIAN_POINT('',(29.776155394718,9.315429379441,3.1));
#4466 = CARTESIAN_POINT('',(29.849148112116,9.323153409091,3.1));
#4467 = CARTESIAN_POINT('',(29.924715909091,9.323153409091,3.1));
#4468 = ORIENTED_EDGE('',*,*,#4469,.F.);
#4469 = EDGE_CURVE('',#4470,#4451,#4472,.T.);
#4470 = VERTEX_POINT('',#4471);
#4471 = CARTESIAN_POINT('',(29.107954545455,8.000236742424,3.1));
#4472 = B_SPLINE_CURVE_WITH_KNOTS('',6,(#4473,#4474,#4475,#4476,#4477,
    #4478,#4479,#4480,#4481,#4482,#4483,#4484),.UNSPECIFIED.,.F.,.F.,(7,
    5,7),(0.,0.530136535281,1.),.UNSPECIFIED.);
#4473 = CARTESIAN_POINT('',(29.107954545455,8.000236742424,3.1));
#4474 = CARTESIAN_POINT('',(29.107954545455,8.099580809044,3.1));
#4475 = CARTESIAN_POINT('',(29.110998167876,8.197278693752,3.1));
#4476 = CARTESIAN_POINT('',(29.117389274984,8.293060978862,3.1));
#4477 = CARTESIAN_POINT('',(29.127482922141,8.386546954413,3.1));
#4478 = CARTESIAN_POINT('',(29.141665321686,8.477257952534,3.1));
#4479 = CARTESIAN_POINT('',(29.176879806804,8.64206970096,3.1));
#4480 = CARTESIAN_POINT('',(29.196948110487,8.716880334041,3.1));
#4481 = CARTESIAN_POINT('',(29.220809880892,8.788656974793,3.1));
#4482 = CARTESIAN_POINT('',(29.248726996773,8.856918642501,3.1));
#4483 = CARTESIAN_POINT('',(29.28091751479,8.921139524662,3.1));
#4484 = CARTESIAN_POINT('',(29.317471590909,8.980823863636,3.1));
#4485 = ORIENTED_EDGE('',*,*,#4486,.T.);
#4486 = EDGE_CURVE('',#4470,#4331,#4487,.T.);
#4487 = LINE('',#4488,#4489);
#4488 = CARTESIAN_POINT('',(29.107954545455,32.02680581722,3.1));
#4489 = VECTOR('',#4490,1.);
#4490 = DIRECTION('',(0.,-1.,0.));
#4491 = FACE_BOUND('',#4492,.T.);
#4492 = EDGE_LOOP('',(#4493,#4494,#4495,#4496,#4497,#4498));
#4493 = ORIENTED_EDGE('',*,*,#168,.F.);
#4494 = ORIENTED_EDGE('',*,*,#199,.F.);
#4495 = ORIENTED_EDGE('',*,*,#223,.F.);
#4496 = ORIENTED_EDGE('',*,*,#248,.F.);
#4497 = ORIENTED_EDGE('',*,*,#272,.F.);
#4498 = ORIENTED_EDGE('',*,*,#290,.F.);
#4499 = PLANE('',#4500);
#4500 = AXIS2_PLACEMENT_3D('',#4501,#4502,#4503);
#4501 = CARTESIAN_POINT('',(-3.757712744111E-16,56.053374892016,3.1));
#4502 = DIRECTION('',(0.,0.,1.));
#4503 = DIRECTION('',(1.,0.,0.));
#4504 = ADVANCED_FACE('',(#4505),#4524,.T.);
#4505 = FACE_BOUND('',#4506,.T.);
#4506 = EDGE_LOOP('',(#4507,#4515,#4516,#4517));
#4507 = ORIENTED_EDGE('',*,*,#4508,.F.);
#4508 = EDGE_CURVE('',#306,#4509,#4511,.T.);
#4509 = VERTEX_POINT('',#4510);
#4510 = CARTESIAN_POINT('',(14.7,86.5,5.));
#4511 = LINE('',#4512,#4513);
#4512 = CARTESIAN_POINT('',(15.2,86.5,3.5));
#4513 = VECTOR('',#4514,1.);
#4514 = DIRECTION('',(-0.316227766017,0.,0.948683298051));
#4515 = ORIENTED_EDGE('',*,*,#312,.T.);
#4516 = ORIENTED_EDGE('',*,*,#4508,.T.);
#4517 = ORIENTED_EDGE('',*,*,#4518,.F.);
#4518 = EDGE_CURVE('',#4509,#4509,#4519,.T.);
#4519 = CIRCLE('',#4520,0.7);
#4520 = AXIS2_PLACEMENT_3D('',#4521,#4522,#4523);
#4521 = CARTESIAN_POINT('',(14.,86.5,5.));
#4522 = DIRECTION('',(0.,0.,1.));
#4523 = DIRECTION('',(1.,0.,0.));
#4524 = CONICAL_SURFACE('',#4525,1.2,0.321750554397);
#4525 = AXIS2_PLACEMENT_3D('',#4526,#4527,#4528);
#4526 = CARTESIAN_POINT('',(14.,86.5,3.5));
#4527 = DIRECTION('',(-0.,-0.,-1.));
#4528 = DIRECTION('',(1.,0.,0.));
#4529 = ADVANCED_FACE('',(#4530),#4555,.T.);
#4530 = FACE_BOUND('',#4531,.T.);
#4531 = EDGE_LOOP('',(#4532,#4540,#4548,#4554));
#4532 = ORIENTED_EDGE('',*,*,#4533,.F.);
#4533 = EDGE_CURVE('',#4534,#330,#4536,.T.);
#4534 = VERTEX_POINT('',#4535);
#4535 = CARTESIAN_POINT('',(-35.,108.2,0.));
#4536 = LINE('',#4537,#4538);
#4537 = CARTESIAN_POINT('',(-35.,108.2,0.));
#4538 = VECTOR('',#4539,1.);
#4539 = DIRECTION('',(0.,0.,1.));
#4540 = ORIENTED_EDGE('',*,*,#4541,.T.);
#4541 = EDGE_CURVE('',#4534,#4542,#4544,.T.);
#4542 = VERTEX_POINT('',#4543);
#4543 = CARTESIAN_POINT('',(-35.,0.,0.));
#4544 = LINE('',#4545,#4546);
#4545 = CARTESIAN_POINT('',(-35.,108.2,0.));
#4546 = VECTOR('',#4547,1.);
#4547 = DIRECTION('',(0.,-1.,0.));
#4548 = ORIENTED_EDGE('',*,*,#4549,.T.);
#4549 = EDGE_CURVE('',#4542,#332,#4550,.T.);
#4550 = LINE('',#4551,#4552);
#4551 = CARTESIAN_POINT('',(-35.,0.,0.));
#4552 = VECTOR('',#4553,1.);
#4553 = DIRECTION('',(0.,0.,1.));
#4554 = ORIENTED_EDGE('',*,*,#329,.F.);
#4555 = PLANE('',#4556);
#4556 = AXIS2_PLACEMENT_3D('',#4557,#4558,#4559);
#4557 = CARTESIAN_POINT('',(-35.,54.1,1.55));
#4558 = DIRECTION('',(-1.,-0.,-0.));
#4559 = DIRECTION('',(0.,0.,-1.));
#4560 = ADVANCED_FACE('',(#4561),#4579,.T.);
#4561 = FACE_BOUND('',#4562,.T.);
#4562 = EDGE_LOOP('',(#4563,#4571,#4572,#4573));
#4563 = ORIENTED_EDGE('',*,*,#4564,.T.);
#4564 = EDGE_CURVE('',#4565,#4534,#4567,.T.);
#4565 = VERTEX_POINT('',#4566);
#4566 = CARTESIAN_POINT('',(35.,108.2,0.));
#4567 = LINE('',#4568,#4569);
#4568 = CARTESIAN_POINT('',(35.,108.2,0.));
#4569 = VECTOR('',#4570,1.);
#4570 = DIRECTION('',(-1.,0.,0.));
#4571 = ORIENTED_EDGE('',*,*,#4533,.T.);
#4572 = ORIENTED_EDGE('',*,*,#355,.F.);
#4573 = ORIENTED_EDGE('',*,*,#4574,.F.);
#4574 = EDGE_CURVE('',#4565,#348,#4575,.T.);
#4575 = LINE('',#4576,#4577);
#4576 = CARTESIAN_POINT('',(35.,108.2,0.));
#4577 = VECTOR('',#4578,1.);
#4578 = DIRECTION('',(0.,0.,1.));
#4579 = PLANE('',#4580);
#4580 = AXIS2_PLACEMENT_3D('',#4581,#4582,#4583);
#4581 = CARTESIAN_POINT('',(0.,108.2,1.55));
#4582 = DIRECTION('',(0.,1.,0.));
#4583 = DIRECTION('',(0.,0.,1.));
#4584 = ADVANCED_FACE('',(#4585),#4603,.T.);
#4585 = FACE_BOUND('',#4586,.T.);
#4586 = EDGE_LOOP('',(#4587,#4588,#4596,#4602));
#4587 = ORIENTED_EDGE('',*,*,#4549,.F.);
#4588 = ORIENTED_EDGE('',*,*,#4589,.T.);
#4589 = EDGE_CURVE('',#4542,#4590,#4592,.T.);
#4590 = VERTEX_POINT('',#4591);
#4591 = CARTESIAN_POINT('',(35.,0.,0.));
#4592 = LINE('',#4593,#4594);
#4593 = CARTESIAN_POINT('',(-35.,0.,0.));
#4594 = VECTOR('',#4595,1.);
#4595 = DIRECTION('',(1.,0.,0.));
#4596 = ORIENTED_EDGE('',*,*,#4597,.T.);
#4597 = EDGE_CURVE('',#4590,#340,#4598,.T.);
#4598 = LINE('',#4599,#4600);
#4599 = CARTESIAN_POINT('',(35.,0.,0.));
#4600 = VECTOR('',#4601,1.);
#4601 = DIRECTION('',(0.,0.,1.));
#4602 = ORIENTED_EDGE('',*,*,#339,.F.);
#4603 = PLANE('',#4604);
#4604 = AXIS2_PLACEMENT_3D('',#4605,#4606,#4607);
#4605 = CARTESIAN_POINT('',(0.,0.,1.55));
#4606 = DIRECTION('',(-0.,-1.,-0.));
#4607 = DIRECTION('',(0.,0.,-1.));
#4608 = ADVANCED_FACE('',(#4609),#4620,.T.);
#4609 = FACE_BOUND('',#4610,.T.);
#4610 = EDGE_LOOP('',(#4611,#4617,#4618,#4619));
#4611 = ORIENTED_EDGE('',*,*,#4612,.T.);
#4612 = EDGE_CURVE('',#4590,#4565,#4613,.T.);
#4613 = LINE('',#4614,#4615);
#4614 = CARTESIAN_POINT('',(35.,0.,0.));
#4615 = VECTOR('',#4616,1.);
#4616 = DIRECTION('',(0.,1.,0.));
#4617 = ORIENTED_EDGE('',*,*,#4574,.T.);
#4618 = ORIENTED_EDGE('',*,*,#347,.F.);
#4619 = ORIENTED_EDGE('',*,*,#4597,.F.);
#4620 = PLANE('',#4621);
#4621 = AXIS2_PLACEMENT_3D('',#4622,#4623,#4624);
#4622 = CARTESIAN_POINT('',(35.,54.1,1.55));
#4623 = DIRECTION('',(1.,0.,0.));
#4624 = DIRECTION('',(0.,0.,1.));
#4625 = ADVANCED_FACE('',(#4626),#4651,.T.);
#4626 = FACE_BOUND('',#4627,.T.);
#4627 = EDGE_LOOP('',(#4628,#4629,#4637,#4645));
#4628 = ORIENTED_EDGE('',*,*,#363,.F.);
#4629 = ORIENTED_EDGE('',*,*,#4630,.T.);
#4630 = EDGE_CURVE('',#364,#4631,#4633,.T.);
#4631 = VERTEX_POINT('',#4632);
#4632 = CARTESIAN_POINT('',(-26.05823863636,6.,2.51));
#4633 = LINE('',#4634,#4635);
#4634 = CARTESIAN_POINT('',(-26.05823863636,6.,4.01));
#4635 = VECTOR('',#4636,1.);
#4636 = DIRECTION('',(-0.,-0.,-1.));
#4637 = ORIENTED_EDGE('',*,*,#4638,.T.);
#4638 = EDGE_CURVE('',#4631,#4639,#4641,.T.);
#4639 = VERTEX_POINT('',#4640);
#4640 = CARTESIAN_POINT('',(-30.,6.,2.51));
#4641 = LINE('',#4642,#4643);
#4642 = CARTESIAN_POINT('',(-26.05823863636,6.,2.51));
#4643 = VECTOR('',#4644,1.);
#4644 = DIRECTION('',(-1.,0.,0.));
#4645 = ORIENTED_EDGE('',*,*,#4646,.F.);
#4646 = EDGE_CURVE('',#366,#4639,#4647,.T.);
#4647 = LINE('',#4648,#4649);
#4648 = CARTESIAN_POINT('',(-30.,6.,4.01));
#4649 = VECTOR('',#4650,1.);
#4650 = DIRECTION('',(-0.,-0.,-1.));
#4651 = PLANE('',#4652);
#4652 = AXIS2_PLACEMENT_3D('',#4653,#4654,#4655);
#4653 = CARTESIAN_POINT('',(-26.05823863636,6.,4.01));
#4654 = DIRECTION('',(0.,1.,-0.));
#4655 = DIRECTION('',(-1.,0.,0.));
#4656 = ADVANCED_FACE('',(#4657),#4675,.T.);
#4657 = FACE_BOUND('',#4658,.T.);
#4658 = EDGE_LOOP('',(#4659,#4660,#4668,#4674));
#4659 = ORIENTED_EDGE('',*,*,#453,.F.);
#4660 = ORIENTED_EDGE('',*,*,#4661,.T.);
#4661 = EDGE_CURVE('',#446,#4662,#4664,.T.);
#4662 = VERTEX_POINT('',#4663);
#4663 = CARTESIAN_POINT('',(-26.05823863636,6.553977272727,2.51));
#4664 = LINE('',#4665,#4666);
#4665 = CARTESIAN_POINT('',(-26.05823863636,6.553977272727,4.01));
#4666 = VECTOR('',#4667,1.);
#4667 = DIRECTION('',(-0.,-0.,-1.));
#4668 = ORIENTED_EDGE('',*,*,#4669,.T.);
#4669 = EDGE_CURVE('',#4662,#4631,#4670,.T.);
#4670 = LINE('',#4671,#4672);
#4671 = CARTESIAN_POINT('',(-26.05823863636,6.553977272727,2.51));
#4672 = VECTOR('',#4673,1.);
#4673 = DIRECTION('',(0.,-1.,0.));
#4674 = ORIENTED_EDGE('',*,*,#4630,.F.);
#4675 = PLANE('',#4676);
#4676 = AXIS2_PLACEMENT_3D('',#4677,#4678,#4679);
#4677 = CARTESIAN_POINT('',(-26.05823863636,6.553977272727,4.01));
#4678 = DIRECTION('',(-1.,0.,0.));
#4679 = DIRECTION('',(0.,-1.,0.));
#4680 = ADVANCED_FACE('',(#4681),#4699,.T.);
#4681 = FACE_BOUND('',#4682,.T.);
#4682 = EDGE_LOOP('',(#4683,#4684,#4692,#4698));
#4683 = ORIENTED_EDGE('',*,*,#445,.F.);
#4684 = ORIENTED_EDGE('',*,*,#4685,.T.);
#4685 = EDGE_CURVE('',#438,#4686,#4688,.T.);
#4686 = VERTEX_POINT('',#4687);
#4687 = CARTESIAN_POINT('',(-29.32173295454,6.553977272727,2.51));
#4688 = LINE('',#4689,#4690);
#4689 = CARTESIAN_POINT('',(-29.32173295454,6.553977272727,4.01));
#4690 = VECTOR('',#4691,1.);
#4691 = DIRECTION('',(-0.,-0.,-1.));
#4692 = ORIENTED_EDGE('',*,*,#4693,.T.);
#4693 = EDGE_CURVE('',#4686,#4662,#4694,.T.);
#4694 = LINE('',#4695,#4696);
#4695 = CARTESIAN_POINT('',(-29.32173295454,6.553977272727,2.51));
#4696 = VECTOR('',#4697,1.);
#4697 = DIRECTION('',(1.,0.,0.));
#4698 = ORIENTED_EDGE('',*,*,#4661,.F.);
#4699 = PLANE('',#4700);
#4700 = AXIS2_PLACEMENT_3D('',#4701,#4702,#4703);
#4701 = CARTESIAN_POINT('',(-29.32173295454,6.553977272727,4.01));
#4702 = DIRECTION('',(0.,-1.,0.));
#4703 = DIRECTION('',(1.,0.,0.));
#4704 = ADVANCED_FACE('',(#4705),#4723,.T.);
#4705 = FACE_BOUND('',#4706,.T.);
#4706 = EDGE_LOOP('',(#4707,#4708,#4716,#4722));
#4707 = ORIENTED_EDGE('',*,*,#437,.F.);
#4708 = ORIENTED_EDGE('',*,*,#4709,.T.);
#4709 = EDGE_CURVE('',#430,#4710,#4712,.T.);
#4710 = VERTEX_POINT('',#4711);
#4711 = CARTESIAN_POINT('',(-29.32173295454,8.301609848485,2.51));
#4712 = LINE('',#4713,#4714);
#4713 = CARTESIAN_POINT('',(-29.32173295454,8.301609848485,4.01));
#4714 = VECTOR('',#4715,1.);
#4715 = DIRECTION('',(-0.,-0.,-1.));
#4716 = ORIENTED_EDGE('',*,*,#4717,.T.);
#4717 = EDGE_CURVE('',#4710,#4686,#4718,.T.);
#4718 = LINE('',#4719,#4720);
#4719 = CARTESIAN_POINT('',(-29.32173295454,8.301609848485,2.51));
#4720 = VECTOR('',#4721,1.);
#4721 = DIRECTION('',(0.,-1.,0.));
#4722 = ORIENTED_EDGE('',*,*,#4685,.F.);
#4723 = PLANE('',#4724);
#4724 = AXIS2_PLACEMENT_3D('',#4725,#4726,#4727);
#4725 = CARTESIAN_POINT('',(-29.32173295454,8.301609848485,4.01));
#4726 = DIRECTION('',(-1.,0.,0.));
#4727 = DIRECTION('',(0.,-1.,0.));
#4728 = ADVANCED_FACE('',(#4729),#4747,.T.);
#4729 = FACE_BOUND('',#4730,.T.);
#4730 = EDGE_LOOP('',(#4731,#4732,#4740,#4746));
#4731 = ORIENTED_EDGE('',*,*,#429,.F.);
#4732 = ORIENTED_EDGE('',*,*,#4733,.T.);
#4733 = EDGE_CURVE('',#422,#4734,#4736,.T.);
#4734 = VERTEX_POINT('',#4735);
#4735 = CARTESIAN_POINT('',(-26.41690340909,8.301609848485,2.51));
#4736 = LINE('',#4737,#4738);
#4737 = CARTESIAN_POINT('',(-26.41690340909,8.301609848485,4.01));
#4738 = VECTOR('',#4739,1.);
#4739 = DIRECTION('',(-0.,-0.,-1.));
#4740 = ORIENTED_EDGE('',*,*,#4741,.T.);
#4741 = EDGE_CURVE('',#4734,#4710,#4742,.T.);
#4742 = LINE('',#4743,#4744);
#4743 = CARTESIAN_POINT('',(-26.41690340909,8.301609848485,2.51));
#4744 = VECTOR('',#4745,1.);
#4745 = DIRECTION('',(-1.,0.,0.));
#4746 = ORIENTED_EDGE('',*,*,#4709,.F.);
#4747 = PLANE('',#4748);
#4748 = AXIS2_PLACEMENT_3D('',#4749,#4750,#4751);
#4749 = CARTESIAN_POINT('',(-26.41690340909,8.301609848485,4.01));
#4750 = DIRECTION('',(0.,1.,-0.));
#4751 = DIRECTION('',(-1.,0.,0.));
#4752 = ADVANCED_FACE('',(#4753),#4771,.T.);
#4753 = FACE_BOUND('',#4754,.T.);
#4754 = EDGE_LOOP('',(#4755,#4756,#4764,#4770));
#4755 = ORIENTED_EDGE('',*,*,#421,.F.);
#4756 = ORIENTED_EDGE('',*,*,#4757,.T.);
#4757 = EDGE_CURVE('',#414,#4758,#4760,.T.);
#4758 = VERTEX_POINT('',#4759);
#4759 = CARTESIAN_POINT('',(-26.41690340909,8.848484848485,2.51));
#4760 = LINE('',#4761,#4762);
#4761 = CARTESIAN_POINT('',(-26.41690340909,8.848484848485,4.01));
#4762 = VECTOR('',#4763,1.);
#4763 = DIRECTION('',(-0.,-0.,-1.));
#4764 = ORIENTED_EDGE('',*,*,#4765,.T.);
#4765 = EDGE_CURVE('',#4758,#4734,#4766,.T.);
#4766 = LINE('',#4767,#4768);
#4767 = CARTESIAN_POINT('',(-26.41690340909,8.848484848485,2.51));
#4768 = VECTOR('',#4769,1.);
#4769 = DIRECTION('',(0.,-1.,0.));
#4770 = ORIENTED_EDGE('',*,*,#4733,.F.);
#4771 = PLANE('',#4772);
#4772 = AXIS2_PLACEMENT_3D('',#4773,#4774,#4775);
#4773 = CARTESIAN_POINT('',(-26.41690340909,8.848484848485,4.01));
#4774 = DIRECTION('',(-1.,0.,0.));
#4775 = DIRECTION('',(0.,-1.,0.));
#4776 = ADVANCED_FACE('',(#4777),#4795,.T.);
#4777 = FACE_BOUND('',#4778,.T.);
#4778 = EDGE_LOOP('',(#4779,#4780,#4788,#4794));
#4779 = ORIENTED_EDGE('',*,*,#413,.F.);
#4780 = ORIENTED_EDGE('',*,*,#4781,.T.);
#4781 = EDGE_CURVE('',#406,#4782,#4784,.T.);
#4782 = VERTEX_POINT('',#4783);
#4783 = CARTESIAN_POINT('',(-29.32173295454,8.848484848485,2.51));
#4784 = LINE('',#4785,#4786);
#4785 = CARTESIAN_POINT('',(-29.32173295454,8.848484848485,4.01));
#4786 = VECTOR('',#4787,1.);
#4787 = DIRECTION('',(-0.,-0.,-1.));
#4788 = ORIENTED_EDGE('',*,*,#4789,.T.);
#4789 = EDGE_CURVE('',#4782,#4758,#4790,.T.);
#4790 = LINE('',#4791,#4792);
#4791 = CARTESIAN_POINT('',(-29.32173295454,8.848484848485,2.51));
#4792 = VECTOR('',#4793,1.);
#4793 = DIRECTION('',(1.,0.,0.));
#4794 = ORIENTED_EDGE('',*,*,#4757,.F.);
#4795 = PLANE('',#4796);
#4796 = AXIS2_PLACEMENT_3D('',#4797,#4798,#4799);
#4797 = CARTESIAN_POINT('',(-29.32173295454,8.848484848485,4.01));
#4798 = DIRECTION('',(0.,-1.,0.));
#4799 = DIRECTION('',(1.,0.,0.));
#4800 = ADVANCED_FACE('',(#4801),#4819,.T.);
#4801 = FACE_BOUND('',#4802,.T.);
#4802 = EDGE_LOOP('',(#4803,#4804,#4812,#4818));
#4803 = ORIENTED_EDGE('',*,*,#405,.F.);
#4804 = ORIENTED_EDGE('',*,*,#4805,.T.);
#4805 = EDGE_CURVE('',#398,#4806,#4808,.T.);
#4806 = VERTEX_POINT('',#4807);
#4807 = CARTESIAN_POINT('',(-29.32173295454,10.446022727273,2.51));
#4808 = LINE('',#4809,#4810);
#4809 = CARTESIAN_POINT('',(-29.32173295454,10.446022727273,4.01));
#4810 = VECTOR('',#4811,1.);
#4811 = DIRECTION('',(-0.,-0.,-1.));
#4812 = ORIENTED_EDGE('',*,*,#4813,.T.);
#4813 = EDGE_CURVE('',#4806,#4782,#4814,.T.);
#4814 = LINE('',#4815,#4816);
#4815 = CARTESIAN_POINT('',(-29.32173295454,10.446022727273,2.51));
#4816 = VECTOR('',#4817,1.);
#4817 = DIRECTION('',(0.,-1.,0.));
#4818 = ORIENTED_EDGE('',*,*,#4781,.F.);
#4819 = PLANE('',#4820);
#4820 = AXIS2_PLACEMENT_3D('',#4821,#4822,#4823);
#4821 = CARTESIAN_POINT('',(-29.32173295454,10.446022727273,4.01));
#4822 = DIRECTION('',(-1.,0.,0.));
#4823 = DIRECTION('',(0.,-1.,0.));
#4824 = ADVANCED_FACE('',(#4825),#4843,.T.);
#4825 = FACE_BOUND('',#4826,.T.);
#4826 = EDGE_LOOP('',(#4827,#4828,#4836,#4842));
#4827 = ORIENTED_EDGE('',*,*,#397,.F.);
#4828 = ORIENTED_EDGE('',*,*,#4829,.T.);
#4829 = EDGE_CURVE('',#390,#4830,#4832,.T.);
#4830 = VERTEX_POINT('',#4831);
#4831 = CARTESIAN_POINT('',(-26.20383522727,10.446022727273,2.51));
#4832 = LINE('',#4833,#4834);
#4833 = CARTESIAN_POINT('',(-26.20383522727,10.446022727273,4.01));
#4834 = VECTOR('',#4835,1.);
#4835 = DIRECTION('',(-0.,-0.,-1.));
#4836 = ORIENTED_EDGE('',*,*,#4837,.T.);
#4837 = EDGE_CURVE('',#4830,#4806,#4838,.T.);
#4838 = LINE('',#4839,#4840);
#4839 = CARTESIAN_POINT('',(-26.20383522727,10.446022727273,2.51));
#4840 = VECTOR('',#4841,1.);
#4841 = DIRECTION('',(-1.,0.,0.));
#4842 = ORIENTED_EDGE('',*,*,#4805,.F.);
#4843 = PLANE('',#4844);
#4844 = AXIS2_PLACEMENT_3D('',#4845,#4846,#4847);
#4845 = CARTESIAN_POINT('',(-26.20383522727,10.446022727273,4.01));
#4846 = DIRECTION('',(0.,1.,-0.));
#4847 = DIRECTION('',(-1.,0.,0.));
#4848 = ADVANCED_FACE('',(#4849),#4867,.T.);
#4849 = FACE_BOUND('',#4850,.T.);
#4850 = EDGE_LOOP('',(#4851,#4852,#4860,#4866));
#4851 = ORIENTED_EDGE('',*,*,#389,.F.);
#4852 = ORIENTED_EDGE('',*,*,#4853,.T.);
#4853 = EDGE_CURVE('',#382,#4854,#4856,.T.);
#4854 = VERTEX_POINT('',#4855);
#4855 = CARTESIAN_POINT('',(-26.20383522727,11.,2.51));
#4856 = LINE('',#4857,#4858);
#4857 = CARTESIAN_POINT('',(-26.20383522727,11.,4.01));
#4858 = VECTOR('',#4859,1.);
#4859 = DIRECTION('',(-0.,-0.,-1.));
#4860 = ORIENTED_EDGE('',*,*,#4861,.T.);
#4861 = EDGE_CURVE('',#4854,#4830,#4862,.T.);
#4862 = LINE('',#4863,#4864);
#4863 = CARTESIAN_POINT('',(-26.20383522727,11.,2.51));
#4864 = VECTOR('',#4865,1.);
#4865 = DIRECTION('',(0.,-1.,0.));
#4866 = ORIENTED_EDGE('',*,*,#4829,.F.);
#4867 = PLANE('',#4868);
#4868 = AXIS2_PLACEMENT_3D('',#4869,#4870,#4871);
#4869 = CARTESIAN_POINT('',(-26.20383522727,11.,4.01));
#4870 = DIRECTION('',(-1.,0.,0.));
#4871 = DIRECTION('',(0.,-1.,0.));
#4872 = ADVANCED_FACE('',(#4873),#4891,.T.);
#4873 = FACE_BOUND('',#4874,.T.);
#4874 = EDGE_LOOP('',(#4875,#4876,#4884,#4890));
#4875 = ORIENTED_EDGE('',*,*,#381,.F.);
#4876 = ORIENTED_EDGE('',*,*,#4877,.T.);
#4877 = EDGE_CURVE('',#374,#4878,#4880,.T.);
#4878 = VERTEX_POINT('',#4879);
#4879 = CARTESIAN_POINT('',(-30.,11.,2.51));
#4880 = LINE('',#4881,#4882);
#4881 = CARTESIAN_POINT('',(-30.,11.,4.01));
#4882 = VECTOR('',#4883,1.);
#4883 = DIRECTION('',(-0.,-0.,-1.));
#4884 = ORIENTED_EDGE('',*,*,#4885,.T.);
#4885 = EDGE_CURVE('',#4878,#4854,#4886,.T.);
#4886 = LINE('',#4887,#4888);
#4887 = CARTESIAN_POINT('',(-30.,11.,2.51));
#4888 = VECTOR('',#4889,1.);
#4889 = DIRECTION('',(1.,0.,0.));
#4890 = ORIENTED_EDGE('',*,*,#4853,.F.);
#4891 = PLANE('',#4892);
#4892 = AXIS2_PLACEMENT_3D('',#4893,#4894,#4895);
#4893 = CARTESIAN_POINT('',(-30.,11.,4.01));
#4894 = DIRECTION('',(0.,-1.,0.));
#4895 = DIRECTION('',(1.,0.,0.));
#4896 = ADVANCED_FACE('',(#4897),#4908,.T.);
#4897 = FACE_BOUND('',#4898,.T.);
#4898 = EDGE_LOOP('',(#4899,#4900,#4901,#4907));
#4899 = ORIENTED_EDGE('',*,*,#373,.F.);
#4900 = ORIENTED_EDGE('',*,*,#4646,.T.);
#4901 = ORIENTED_EDGE('',*,*,#4902,.T.);
#4902 = EDGE_CURVE('',#4639,#4878,#4903,.T.);
#4903 = LINE('',#4904,#4905);
#4904 = CARTESIAN_POINT('',(-30.,6.,2.51));
#4905 = VECTOR('',#4906,1.);
#4906 = DIRECTION('',(0.,1.,0.));
#4907 = ORIENTED_EDGE('',*,*,#4877,.F.);
#4908 = PLANE('',#4909);
#4909 = AXIS2_PLACEMENT_3D('',#4910,#4911,#4912);
#4910 = CARTESIAN_POINT('',(-30.,6.,4.01));
#4911 = DIRECTION('',(1.,0.,0.));
#4912 = DIRECTION('',(-0.,1.,0.));
#4913 = ADVANCED_FACE('',(#4914),#4939,.T.);
#4914 = FACE_BOUND('',#4915,.T.);
#4915 = EDGE_LOOP('',(#4916,#4917,#4925,#4933));
#4916 = ORIENTED_EDGE('',*,*,#461,.T.);
#4917 = ORIENTED_EDGE('',*,*,#4918,.T.);
#4918 = EDGE_CURVE('',#464,#4919,#4921,.T.);
#4919 = VERTEX_POINT('',#4920);
#4920 = CARTESIAN_POINT('',(-21.11955492424,7.377367424242,2.51));
#4921 = LINE('',#4922,#4923);
#4922 = CARTESIAN_POINT('',(-21.11955492424,7.377367424242,4.01));
#4923 = VECTOR('',#4924,1.);
#4924 = DIRECTION('',(-0.,-0.,-1.));
#4925 = ORIENTED_EDGE('',*,*,#4926,.T.);
#4926 = EDGE_CURVE('',#4919,#4927,#4929,.T.);
#4927 = VERTEX_POINT('',#4928);
#4928 = CARTESIAN_POINT('',(-21.6612215909,6.304214015152,2.51));
#4929 = B_SPLINE_CURVE_WITH_KNOTS('',2,(#4930,#4931,#4932),
  .UNSPECIFIED.,.F.,.F.,(3,3),(0.,1.),.PIECEWISE_BEZIER_KNOTS.);
#4930 = CARTESIAN_POINT('',(-21.11955492424,7.377367424242,2.51));
#4931 = CARTESIAN_POINT('',(-21.11955492424,6.684422348485,2.51));
#4932 = CARTESIAN_POINT('',(-21.6612215909,6.304214015152,2.51));
#4933 = ORIENTED_EDGE('',*,*,#4934,.F.);
#4934 = EDGE_CURVE('',#462,#4927,#4935,.T.);
#4935 = LINE('',#4936,#4937);
#4936 = CARTESIAN_POINT('',(-21.6612215909,6.304214015152,4.01));
#4937 = VECTOR('',#4938,1.);
#4938 = DIRECTION('',(-0.,-0.,-1.));
#4939 = SURFACE_OF_LINEAR_EXTRUSION('',#4940,#4944);
#4940 = B_SPLINE_CURVE_WITH_KNOTS('',2,(#4941,#4942,#4943),
  .UNSPECIFIED.,.F.,.F.,(3,3),(0.,1.),.PIECEWISE_BEZIER_KNOTS.);
#4941 = CARTESIAN_POINT('',(-21.11955492424,7.377367424242,4.01));
#4942 = CARTESIAN_POINT('',(-21.11955492424,6.684422348485,4.01));
#4943 = CARTESIAN_POINT('',(-21.6612215909,6.304214015152,4.01));
#4944 = VECTOR('',#4945,1.);
#4945 = DIRECTION('',(0.,0.,1.));
#4946 = ADVANCED_FACE('',(#4947),#4965,.T.);
#4947 = FACE_BOUND('',#4948,.T.);
#4948 = EDGE_LOOP('',(#4949,#4950,#4958,#4964));
#4949 = ORIENTED_EDGE('',*,*,#952,.T.);
#4950 = ORIENTED_EDGE('',*,*,#4951,.T.);
#4951 = EDGE_CURVE('',#942,#4952,#4954,.T.);
#4952 = VERTEX_POINT('',#4953);
#4953 = CARTESIAN_POINT('',(-21.19602272727,7.85321969697,2.51));
#4954 = LINE('',#4955,#4956);
#4955 = CARTESIAN_POINT('',(-21.19602272727,7.85321969697,4.01));
#4956 = VECTOR('',#4957,1.);
#4957 = DIRECTION('',(-0.,-0.,-1.));
#4958 = ORIENTED_EDGE('',*,*,#4959,.T.);
#4959 = EDGE_CURVE('',#4952,#4919,#4960,.T.);
#4960 = B_SPLINE_CURVE_WITH_KNOTS('',2,(#4961,#4962,#4963),
  .UNSPECIFIED.,.F.,.F.,(3,3),(0.,1.),.PIECEWISE_BEZIER_KNOTS.);
#4961 = CARTESIAN_POINT('',(-21.19602272727,7.85321969697,2.51));
#4962 = CARTESIAN_POINT('',(-21.11955492424,7.650804924242,2.51));
#4963 = CARTESIAN_POINT('',(-21.11955492424,7.377367424242,2.51));
#4964 = ORIENTED_EDGE('',*,*,#4918,.F.);
#4965 = SURFACE_OF_LINEAR_EXTRUSION('',#4966,#4970);
#4966 = B_SPLINE_CURVE_WITH_KNOTS('',2,(#4967,#4968,#4969),
  .UNSPECIFIED.,.F.,.F.,(3,3),(0.,1.),.PIECEWISE_BEZIER_KNOTS.);
#4967 = CARTESIAN_POINT('',(-21.19602272727,7.85321969697,4.01));
#4968 = CARTESIAN_POINT('',(-21.11955492424,7.650804924242,4.01));
#4969 = CARTESIAN_POINT('',(-21.11955492424,7.377367424242,4.01));
#4970 = VECTOR('',#4971,1.);
#4971 = DIRECTION('',(0.,0.,1.));
#4972 = ADVANCED_FACE('',(#4973),#4991,.T.);
#4973 = FACE_BOUND('',#4974,.T.);
#4974 = EDGE_LOOP('',(#4975,#4976,#4984,#4990));
#4975 = ORIENTED_EDGE('',*,*,#941,.T.);
#4976 = ORIENTED_EDGE('',*,*,#4977,.T.);
#4977 = EDGE_CURVE('',#929,#4978,#4980,.T.);
#4978 = VERTEX_POINT('',#4979);
#4979 = CARTESIAN_POINT('',(-21.40719696969,8.205018939394,2.51));
#4980 = LINE('',#4981,#4982);
#4981 = CARTESIAN_POINT('',(-21.40719696969,8.205018939394,4.01));
#4982 = VECTOR('',#4983,1.);
#4983 = DIRECTION('',(-0.,-0.,-1.));
#4984 = ORIENTED_EDGE('',*,*,#4985,.T.);
#4985 = EDGE_CURVE('',#4978,#4952,#4986,.T.);
#4986 = B_SPLINE_CURVE_WITH_KNOTS('',2,(#4987,#4988,#4989),
  .UNSPECIFIED.,.F.,.F.,(3,3),(0.,1.),.PIECEWISE_BEZIER_KNOTS.);
#4987 = CARTESIAN_POINT('',(-21.40719696969,8.205018939394,2.51));
#4988 = CARTESIAN_POINT('',(-21.27225378787,8.055871212121,2.51));
#4989 = CARTESIAN_POINT('',(-21.19602272727,7.85321969697,2.51));
#4990 = ORIENTED_EDGE('',*,*,#4951,.F.);
#4991 = SURFACE_OF_LINEAR_EXTRUSION('',#4992,#4996);
#4992 = B_SPLINE_CURVE_WITH_KNOTS('',2,(#4993,#4994,#4995),
  .UNSPECIFIED.,.F.,.F.,(3,3),(0.,1.),.PIECEWISE_BEZIER_KNOTS.);
#4993 = CARTESIAN_POINT('',(-21.40719696969,8.205018939394,4.01));
#4994 = CARTESIAN_POINT('',(-21.27225378787,8.055871212121,4.01));
#4995 = CARTESIAN_POINT('',(-21.19602272727,7.85321969697,4.01));
#4996 = VECTOR('',#4997,1.);
#4997 = DIRECTION('',(0.,0.,1.));
#4998 = ADVANCED_FACE('',(#4999),#5017,.T.);
#4999 = FACE_BOUND('',#5000,.T.);
#5000 = EDGE_LOOP('',(#5001,#5002,#5010,#5016));
#5001 = ORIENTED_EDGE('',*,*,#928,.T.);
#5002 = ORIENTED_EDGE('',*,*,#5003,.T.);
#5003 = EDGE_CURVE('',#919,#5004,#5006,.T.);
#5004 = VERTEX_POINT('',#5005);
#5005 = CARTESIAN_POINT('',(-21.72514204545,8.457149621212,2.51));
#5006 = LINE('',#5007,#5008);
#5007 = CARTESIAN_POINT('',(-21.72514204545,8.457149621212,4.01));
#5008 = VECTOR('',#5009,1.);
#5009 = DIRECTION('',(-0.,-0.,-1.));
#5010 = ORIENTED_EDGE('',*,*,#5011,.T.);
#5011 = EDGE_CURVE('',#5004,#4978,#5012,.T.);
#5012 = B_SPLINE_CURVE_WITH_KNOTS('',2,(#5013,#5014,#5015),
  .UNSPECIFIED.,.F.,.F.,(3,3),(0.,1.),.PIECEWISE_BEZIER_KNOTS.);
#5013 = CARTESIAN_POINT('',(-21.72514204545,8.457149621212,2.51));
#5014 = CARTESIAN_POINT('',(-21.54214015151,8.354166666667,2.51));
#5015 = CARTESIAN_POINT('',(-21.40719696969,8.205018939394,2.51));
#5016 = ORIENTED_EDGE('',*,*,#4977,.F.);
#5017 = SURFACE_OF_LINEAR_EXTRUSION('',#5018,#5022);
#5018 = B_SPLINE_CURVE_WITH_KNOTS('',2,(#5019,#5020,#5021),
  .UNSPECIFIED.,.F.,.F.,(3,3),(0.,1.),.PIECEWISE_BEZIER_KNOTS.);
#5019 = CARTESIAN_POINT('',(-21.72514204545,8.457149621212,4.01));
#5020 = CARTESIAN_POINT('',(-21.54214015151,8.354166666667,4.01));
#5021 = CARTESIAN_POINT('',(-21.40719696969,8.205018939394,4.01));
#5022 = VECTOR('',#5023,1.);
#5023 = DIRECTION('',(0.,0.,1.));
#5024 = ADVANCED_FACE('',(#5025),#5043,.T.);
#5025 = FACE_BOUND('',#5026,.T.);
#5026 = EDGE_LOOP('',(#5027,#5028,#5036,#5042));
#5027 = ORIENTED_EDGE('',*,*,#918,.T.);
#5028 = ORIENTED_EDGE('',*,*,#5029,.T.);
#5029 = EDGE_CURVE('',#909,#5030,#5032,.T.);
#5030 = VERTEX_POINT('',#5031);
#5031 = CARTESIAN_POINT('',(-22.11742424242,8.636600378788,2.51));
#5032 = LINE('',#5033,#5034);
#5033 = CARTESIAN_POINT('',(-22.11742424242,8.636600378788,4.01));
#5034 = VECTOR('',#5035,1.);
#5035 = DIRECTION('',(-0.,-0.,-1.));
#5036 = ORIENTED_EDGE('',*,*,#5037,.T.);
#5037 = EDGE_CURVE('',#5030,#5004,#5038,.T.);
#5038 = B_SPLINE_CURVE_WITH_KNOTS('',2,(#5039,#5040,#5041),
  .UNSPECIFIED.,.F.,.F.,(3,3),(0.,1.),.PIECEWISE_BEZIER_KNOTS.);
#5039 = CARTESIAN_POINT('',(-22.11742424242,8.636600378788,2.51));
#5040 = CARTESIAN_POINT('',(-21.90790719697,8.560369318182,2.51));
#5041 = CARTESIAN_POINT('',(-21.72514204545,8.457149621212,2.51));
#5042 = ORIENTED_EDGE('',*,*,#5003,.F.);
#5043 = SURFACE_OF_LINEAR_EXTRUSION('',#5044,#5048);
#5044 = B_SPLINE_CURVE_WITH_KNOTS('',2,(#5045,#5046,#5047),
  .UNSPECIFIED.,.F.,.F.,(3,3),(0.,1.),.PIECEWISE_BEZIER_KNOTS.);
#5045 = CARTESIAN_POINT('',(-22.11742424242,8.636600378788,4.01));
#5046 = CARTESIAN_POINT('',(-21.90790719697,8.560369318182,4.01));
#5047 = CARTESIAN_POINT('',(-21.72514204545,8.457149621212,4.01));
#5048 = VECTOR('',#5049,1.);
#5049 = DIRECTION('',(0.,0.,1.));
#5050 = ADVANCED_FACE('',(#5051),#5069,.T.);
#5051 = FACE_BOUND('',#5052,.T.);
#5052 = EDGE_LOOP('',(#5053,#5054,#5062,#5068));
#5053 = ORIENTED_EDGE('',*,*,#908,.T.);
#5054 = ORIENTED_EDGE('',*,*,#5055,.T.);
#5055 = EDGE_CURVE('',#899,#5056,#5058,.T.);
#5056 = VERTEX_POINT('',#5057);
#5057 = CARTESIAN_POINT('',(-22.55610795454,8.767992424242,2.51));
#5058 = LINE('',#5059,#5060);
#5059 = CARTESIAN_POINT('',(-22.55610795454,8.767992424242,4.01));
#5060 = VECTOR('',#5061,1.);
#5061 = DIRECTION('',(-0.,-0.,-1.));
#5062 = ORIENTED_EDGE('',*,*,#5063,.T.);
#5063 = EDGE_CURVE('',#5056,#5030,#5064,.T.);
#5064 = B_SPLINE_CURVE_WITH_KNOTS('',2,(#5065,#5066,#5067),
  .UNSPECIFIED.,.F.,.F.,(3,3),(0.,1.),.PIECEWISE_BEZIER_KNOTS.);
#5065 = CARTESIAN_POINT('',(-22.55610795454,8.767992424242,2.51));
#5066 = CARTESIAN_POINT('',(-22.32694128787,8.713068181818,2.51));
#5067 = CARTESIAN_POINT('',(-22.11742424242,8.636600378788,2.51));
#5068 = ORIENTED_EDGE('',*,*,#5029,.F.);
#5069 = SURFACE_OF_LINEAR_EXTRUSION('',#5070,#5074);
#5070 = B_SPLINE_CURVE_WITH_KNOTS('',2,(#5071,#5072,#5073),
  .UNSPECIFIED.,.F.,.F.,(3,3),(0.,1.),.PIECEWISE_BEZIER_KNOTS.);
#5071 = CARTESIAN_POINT('',(-22.55610795454,8.767992424242,4.01));
#5072 = CARTESIAN_POINT('',(-22.32694128787,8.713068181818,4.01));
#5073 = CARTESIAN_POINT('',(-22.11742424242,8.636600378788,4.01));
#5074 = VECTOR('',#5075,1.);
#5075 = DIRECTION('',(0.,0.,1.));
#5076 = ADVANCED_FACE('',(#5077),#5095,.T.);
#5077 = FACE_BOUND('',#5078,.T.);
#5078 = EDGE_LOOP('',(#5079,#5080,#5088,#5094));
#5079 = ORIENTED_EDGE('',*,*,#898,.T.);
#5080 = ORIENTED_EDGE('',*,*,#5081,.T.);
#5081 = EDGE_CURVE('',#880,#5082,#5084,.T.);
#5082 = VERTEX_POINT('',#5083);
#5083 = CARTESIAN_POINT('',(-23.01586174242,8.876420454545,2.51));
#5084 = LINE('',#5085,#5086);
#5085 = CARTESIAN_POINT('',(-23.01586174242,8.876420454545,4.01));
#5086 = VECTOR('',#5087,1.);
#5087 = DIRECTION('',(-0.,-0.,-1.));
#5088 = ORIENTED_EDGE('',*,*,#5089,.T.);
#5089 = EDGE_CURVE('',#5082,#5056,#5090,.T.);
#5090 = B_SPLINE_CURVE_WITH_KNOTS('',2,(#5091,#5092,#5093),
  .UNSPECIFIED.,.F.,.F.,(3,3),(0.,1.),.PIECEWISE_BEZIER_KNOTS.);
#5091 = CARTESIAN_POINT('',(-23.01586174242,8.876420454545,2.51));
#5092 = CARTESIAN_POINT('',(-22.78503787878,8.823153409091,2.51));
#5093 = CARTESIAN_POINT('',(-22.55610795454,8.767992424242,2.51));
#5094 = ORIENTED_EDGE('',*,*,#5055,.F.);
#5095 = SURFACE_OF_LINEAR_EXTRUSION('',#5096,#5100);
#5096 = B_SPLINE_CURVE_WITH_KNOTS('',2,(#5097,#5098,#5099),
  .UNSPECIFIED.,.F.,.F.,(3,3),(0.,1.),.PIECEWISE_BEZIER_KNOTS.);
#5097 = CARTESIAN_POINT('',(-23.01586174242,8.876420454545,4.01));
#5098 = CARTESIAN_POINT('',(-22.78503787878,8.823153409091,4.01));
#5099 = CARTESIAN_POINT('',(-22.55610795454,8.767992424242,4.01));
#5100 = VECTOR('',#5101,1.);
#5101 = DIRECTION('',(0.,0.,1.));
#5102 = ADVANCED_FACE('',(#5103),#5121,.T.);
#5103 = FACE_BOUND('',#5104,.T.);
#5104 = EDGE_LOOP('',(#5105,#5106,#5114,#5120));
#5105 = ORIENTED_EDGE('',*,*,#879,.T.);
#5106 = ORIENTED_EDGE('',*,*,#5107,.T.);
#5107 = EDGE_CURVE('',#869,#5108,#5110,.T.);
#5108 = VERTEX_POINT('',#5109);
#5109 = CARTESIAN_POINT('',(-23.9356060606,9.133996212121,2.51));
#5110 = LINE('',#5111,#5112);
#5111 = CARTESIAN_POINT('',(-23.9356060606,9.133996212121,4.01));
#5112 = VECTOR('',#5113,1.);
#5113 = DIRECTION('',(-0.,-0.,-1.));
#5114 = ORIENTED_EDGE('',*,*,#5115,.T.);
#5115 = EDGE_CURVE('',#5108,#5082,#5116,.T.);
#5116 = B_SPLINE_CURVE_WITH_KNOTS('',2,(#5117,#5118,#5119),
  .UNSPECIFIED.,.F.,.F.,(3,3),(0.,1.),.PIECEWISE_BEZIER_KNOTS.);
#5117 = CARTESIAN_POINT('',(-23.9356060606,9.133996212121,2.51));
#5118 = CARTESIAN_POINT('',(-23.70478219697,9.029356060606,2.51));
#5119 = CARTESIAN_POINT('',(-23.01586174242,8.876420454545,2.51));
#5120 = ORIENTED_EDGE('',*,*,#5081,.F.);
#5121 = SURFACE_OF_LINEAR_EXTRUSION('',#5122,#5126);
#5122 = B_SPLINE_CURVE_WITH_KNOTS('',2,(#5123,#5124,#5125),
  .UNSPECIFIED.,.F.,.F.,(3,3),(0.,1.),.PIECEWISE_BEZIER_KNOTS.);
#5123 = CARTESIAN_POINT('',(-23.9356060606,9.133996212121,4.01));
#5124 = CARTESIAN_POINT('',(-23.70478219697,9.029356060606,4.01));
#5125 = CARTESIAN_POINT('',(-23.01586174242,8.876420454545,4.01));
#5126 = VECTOR('',#5127,1.);
#5127 = DIRECTION('',(0.,0.,1.));
#5128 = ADVANCED_FACE('',(#5129),#5147,.T.);
#5129 = FACE_BOUND('',#5130,.T.);
#5130 = EDGE_LOOP('',(#5131,#5132,#5140,#5146));
#5131 = ORIENTED_EDGE('',*,*,#868,.T.);
#5132 = ORIENTED_EDGE('',*,*,#5133,.T.);
#5133 = EDGE_CURVE('',#854,#5134,#5136,.T.);
#5134 = VERTEX_POINT('',#5135);
#5135 = CARTESIAN_POINT('',(-24.2890625,9.389914772727,2.51));
#5136 = LINE('',#5137,#5138);
#5137 = CARTESIAN_POINT('',(-24.2890625,9.389914772727,4.01));
#5138 = VECTOR('',#5139,1.);
#5139 = DIRECTION('',(-0.,-0.,-1.));
#5140 = ORIENTED_EDGE('',*,*,#5141,.T.);
#5141 = EDGE_CURVE('',#5134,#5108,#5142,.T.);
#5142 = B_SPLINE_CURVE_WITH_KNOTS('',2,(#5143,#5144,#5145),
  .UNSPECIFIED.,.F.,.F.,(3,3),(0.,1.),.PIECEWISE_BEZIER_KNOTS.);
#5143 = CARTESIAN_POINT('',(-24.2890625,9.389914772727,2.51));
#5144 = CARTESIAN_POINT('',(-24.16642992424,9.238873106061,2.51));
#5145 = CARTESIAN_POINT('',(-23.9356060606,9.133996212121,2.51));
#5146 = ORIENTED_EDGE('',*,*,#5107,.F.);
#5147 = SURFACE_OF_LINEAR_EXTRUSION('',#5148,#5152);
#5148 = B_SPLINE_CURVE_WITH_KNOTS('',2,(#5149,#5150,#5151),
  .UNSPECIFIED.,.F.,.F.,(3,3),(0.,1.),.PIECEWISE_BEZIER_KNOTS.);
#5149 = CARTESIAN_POINT('',(-24.2890625,9.389914772727,4.01));
#5150 = CARTESIAN_POINT('',(-24.16642992424,9.238873106061,4.01));
#5151 = CARTESIAN_POINT('',(-23.9356060606,9.133996212121,4.01));
#5152 = VECTOR('',#5153,1.);
#5153 = DIRECTION('',(0.,0.,1.));
#5154 = ADVANCED_FACE('',(#5155),#5173,.T.);
#5155 = FACE_BOUND('',#5156,.T.);
#5156 = EDGE_LOOP('',(#5157,#5158,#5166,#5172));
#5157 = ORIENTED_EDGE('',*,*,#853,.T.);
#5158 = ORIENTED_EDGE('',*,*,#5159,.T.);
#5159 = EDGE_CURVE('',#839,#5160,#5162,.T.);
#5160 = VERTEX_POINT('',#5161);
#5161 = CARTESIAN_POINT('',(-24.41145833333,9.77178030303,2.51));
#5162 = LINE('',#5163,#5164);
#5163 = CARTESIAN_POINT('',(-24.41145833333,9.77178030303,4.01));
#5164 = VECTOR('',#5165,1.);
#5165 = DIRECTION('',(-0.,-0.,-1.));
#5166 = ORIENTED_EDGE('',*,*,#5167,.T.);
#5167 = EDGE_CURVE('',#5160,#5134,#5168,.T.);
#5168 = B_SPLINE_CURVE_WITH_KNOTS('',2,(#5169,#5170,#5171),
  .UNSPECIFIED.,.F.,.F.,(3,3),(0.,1.),.PIECEWISE_BEZIER_KNOTS.);
#5169 = CARTESIAN_POINT('',(-24.41145833333,9.77178030303,2.51));
#5170 = CARTESIAN_POINT('',(-24.41145833333,9.540956439394,2.51));
#5171 = CARTESIAN_POINT('',(-24.2890625,9.389914772727,2.51));
#5172 = ORIENTED_EDGE('',*,*,#5133,.F.);
#5173 = SURFACE_OF_LINEAR_EXTRUSION('',#5174,#5178);
#5174 = B_SPLINE_CURVE_WITH_KNOTS('',2,(#5175,#5176,#5177),
  .UNSPECIFIED.,.F.,.F.,(3,3),(0.,1.),.PIECEWISE_BEZIER_KNOTS.);
#5175 = CARTESIAN_POINT('',(-24.41145833333,9.77178030303,4.01));
#5176 = CARTESIAN_POINT('',(-24.41145833333,9.540956439394,4.01));
#5177 = CARTESIAN_POINT('',(-24.2890625,9.389914772727,4.01));
#5178 = VECTOR('',#5179,1.);
#5179 = DIRECTION('',(0.,0.,1.));
#5180 = ADVANCED_FACE('',(#5181),#5199,.T.);
#5181 = FACE_BOUND('',#5182,.T.);
#5182 = EDGE_LOOP('',(#5183,#5184,#5192,#5198));
#5183 = ORIENTED_EDGE('',*,*,#838,.T.);
#5184 = ORIENTED_EDGE('',*,*,#5185,.T.);
#5185 = EDGE_CURVE('',#822,#5186,#5188,.T.);
#5186 = VERTEX_POINT('',#5187);
#5187 = CARTESIAN_POINT('',(-24.09540719697,10.365293560606,2.51));
#5188 = LINE('',#5189,#5190);
#5189 = CARTESIAN_POINT('',(-24.09540719697,10.365293560606,4.01));
#5190 = VECTOR('',#5191,1.);
#5191 = DIRECTION('',(-0.,-0.,-1.));
#5192 = ORIENTED_EDGE('',*,*,#5193,.T.);
#5193 = EDGE_CURVE('',#5186,#5160,#5194,.T.);
#5194 = B_SPLINE_CURVE_WITH_KNOTS('',2,(#5195,#5196,#5197),
  .UNSPECIFIED.,.F.,.F.,(3,3),(0.,1.),.PIECEWISE_BEZIER_KNOTS.);
#5195 = CARTESIAN_POINT('',(-24.09540719697,10.365293560606,2.51));
#5196 = CARTESIAN_POINT('',(-24.41145833333,10.166193181818,2.51));
#5197 = CARTESIAN_POINT('',(-24.41145833333,9.77178030303,2.51));
#5198 = ORIENTED_EDGE('',*,*,#5159,.F.);
#5199 = SURFACE_OF_LINEAR_EXTRUSION('',#5200,#5204);
#5200 = B_SPLINE_CURVE_WITH_KNOTS('',2,(#5201,#5202,#5203),
  .UNSPECIFIED.,.F.,.F.,(3,3),(0.,1.),.PIECEWISE_BEZIER_KNOTS.);
#5201 = CARTESIAN_POINT('',(-24.09540719697,10.365293560606,4.01));
#5202 = CARTESIAN_POINT('',(-24.41145833333,10.166193181818,4.01));
#5203 = CARTESIAN_POINT('',(-24.41145833333,9.77178030303,4.01));
#5204 = VECTOR('',#5205,1.);
#5205 = DIRECTION('',(0.,0.,1.));
#5206 = ADVANCED_FACE('',(#5207),#5225,.T.);
#5207 = FACE_BOUND('',#5208,.T.);
#5208 = EDGE_LOOP('',(#5209,#5210,#5218,#5224));
#5209 = ORIENTED_EDGE('',*,*,#821,.T.);
#5210 = ORIENTED_EDGE('',*,*,#5211,.T.);
#5211 = EDGE_CURVE('',#807,#5212,#5214,.T.);
#5212 = VERTEX_POINT('',#5213);
#5213 = CARTESIAN_POINT('',(-23.17921401515,10.564393939394,2.51));
#5214 = LINE('',#5215,#5216);
#5215 = CARTESIAN_POINT('',(-23.17921401515,10.564393939394,4.01));
#5216 = VECTOR('',#5217,1.);
#5217 = DIRECTION('',(-0.,-0.,-1.));
#5218 = ORIENTED_EDGE('',*,*,#5219,.T.);
#5219 = EDGE_CURVE('',#5212,#5186,#5220,.T.);
#5220 = B_SPLINE_CURVE_WITH_KNOTS('',2,(#5221,#5222,#5223),
  .UNSPECIFIED.,.F.,.F.,(3,3),(0.,1.),.PIECEWISE_BEZIER_KNOTS.);
#5221 = CARTESIAN_POINT('',(-23.17921401515,10.564393939394,2.51));
#5222 = CARTESIAN_POINT('',(-23.7793560606,10.564393939394,2.51));
#5223 = CARTESIAN_POINT('',(-24.09540719697,10.365293560606,2.51));
#5224 = ORIENTED_EDGE('',*,*,#5185,.F.);
#5225 = SURFACE_OF_LINEAR_EXTRUSION('',#5226,#5230);
#5226 = B_SPLINE_CURVE_WITH_KNOTS('',2,(#5227,#5228,#5229),
  .UNSPECIFIED.,.F.,.F.,(3,3),(0.,1.),.PIECEWISE_BEZIER_KNOTS.);
#5227 = CARTESIAN_POINT('',(-23.17921401515,10.564393939394,4.01));
#5228 = CARTESIAN_POINT('',(-23.7793560606,10.564393939394,4.01));
#5229 = CARTESIAN_POINT('',(-24.09540719697,10.365293560606,4.01));
#5230 = VECTOR('',#5231,1.);
#5231 = DIRECTION('',(0.,0.,1.));
#5232 = ADVANCED_FACE('',(#5233),#5251,.T.);
#5233 = FACE_BOUND('',#5234,.T.);
#5234 = EDGE_LOOP('',(#5235,#5236,#5244,#5250));
#5235 = ORIENTED_EDGE('',*,*,#806,.T.);
#5236 = ORIENTED_EDGE('',*,*,#5237,.T.);
#5237 = EDGE_CURVE('',#790,#5238,#5240,.T.);
#5238 = VERTEX_POINT('',#5239);
#5239 = CARTESIAN_POINT('',(-22.32339015151,10.384943181818,2.51));
#5240 = LINE('',#5241,#5242);
#5241 = CARTESIAN_POINT('',(-22.32339015151,10.384943181818,4.01));
#5242 = VECTOR('',#5243,1.);
#5243 = DIRECTION('',(-0.,-0.,-1.));
#5244 = ORIENTED_EDGE('',*,*,#5245,.T.);
#5245 = EDGE_CURVE('',#5238,#5212,#5246,.T.);
#5246 = B_SPLINE_CURVE_WITH_KNOTS('',2,(#5247,#5248,#5249),
  .UNSPECIFIED.,.F.,.F.,(3,3),(0.,1.),.PIECEWISE_BEZIER_KNOTS.);
#5247 = CARTESIAN_POINT('',(-22.32339015151,10.384943181818,2.51));
#5248 = CARTESIAN_POINT('',(-22.63233901515,10.564393939394,2.51));
#5249 = CARTESIAN_POINT('',(-23.17921401515,10.564393939394,2.51));
#5250 = ORIENTED_EDGE('',*,*,#5211,.F.);
#5251 = SURFACE_OF_LINEAR_EXTRUSION('',#5252,#5256);
#5252 = B_SPLINE_CURVE_WITH_KNOTS('',2,(#5253,#5254,#5255),
  .UNSPECIFIED.,.F.,.F.,(3,3),(0.,1.),.PIECEWISE_BEZIER_KNOTS.);
#5253 = CARTESIAN_POINT('',(-22.32339015151,10.384943181818,4.01));
#5254 = CARTESIAN_POINT('',(-22.63233901515,10.564393939394,4.01));
#5255 = CARTESIAN_POINT('',(-23.17921401515,10.564393939394,4.01));
#5256 = VECTOR('',#5257,1.);
#5257 = DIRECTION('',(0.,0.,1.));
#5258 = ADVANCED_FACE('',(#5259),#5277,.T.);
#5259 = FACE_BOUND('',#5260,.T.);
#5260 = EDGE_LOOP('',(#5261,#5262,#5270,#5276));
#5261 = ORIENTED_EDGE('',*,*,#789,.T.);
#5262 = ORIENTED_EDGE('',*,*,#5263,.T.);
#5263 = EDGE_CURVE('',#782,#5264,#5266,.T.);
#5264 = VERTEX_POINT('',#5265);
#5265 = CARTESIAN_POINT('',(-21.9043560606,9.808001893939,2.51));
#5266 = LINE('',#5267,#5268);
#5267 = CARTESIAN_POINT('',(-21.9043560606,9.808001893939,4.01));
#5268 = VECTOR('',#5269,1.);
#5269 = DIRECTION('',(-0.,-0.,-1.));
#5270 = ORIENTED_EDGE('',*,*,#5271,.T.);
#5271 = EDGE_CURVE('',#5264,#5238,#5272,.T.);
#5272 = B_SPLINE_CURVE_WITH_KNOTS('',2,(#5273,#5274,#5275),
  .UNSPECIFIED.,.F.,.F.,(3,3),(0.,1.),.PIECEWISE_BEZIER_KNOTS.);
#5273 = CARTESIAN_POINT('',(-21.9043560606,9.808001893939,2.51));
#5274 = CARTESIAN_POINT('',(-22.01444128787,10.205729166667,2.51));
#5275 = CARTESIAN_POINT('',(-22.32339015151,10.384943181818,2.51));
#5276 = ORIENTED_EDGE('',*,*,#5237,.F.);
#5277 = SURFACE_OF_LINEAR_EXTRUSION('',#5278,#5282);
#5278 = B_SPLINE_CURVE_WITH_KNOTS('',2,(#5279,#5280,#5281),
  .UNSPECIFIED.,.F.,.F.,(3,3),(0.,1.),.PIECEWISE_BEZIER_KNOTS.);
#5279 = CARTESIAN_POINT('',(-21.9043560606,9.808001893939,4.01));
#5280 = CARTESIAN_POINT('',(-22.01444128787,10.205729166667,4.01));
#5281 = CARTESIAN_POINT('',(-22.32339015151,10.384943181818,4.01));
#5282 = VECTOR('',#5283,1.);
#5283 = DIRECTION('',(0.,0.,1.));
#5284 = ADVANCED_FACE('',(#5285),#5303,.T.);
#5285 = FACE_BOUND('',#5286,.T.);
#5286 = EDGE_LOOP('',(#5287,#5288,#5296,#5302));
#5287 = ORIENTED_EDGE('',*,*,#781,.F.);
#5288 = ORIENTED_EDGE('',*,*,#5289,.T.);
#5289 = EDGE_CURVE('',#765,#5290,#5292,.T.);
#5290 = VERTEX_POINT('',#5291);
#5291 = CARTESIAN_POINT('',(-21.23674242424,9.925189393939,2.51));
#5292 = LINE('',#5293,#5294);
#5293 = CARTESIAN_POINT('',(-21.23674242424,9.925189393939,4.01));
#5294 = VECTOR('',#5295,1.);
#5295 = DIRECTION('',(-0.,-0.,-1.));
#5296 = ORIENTED_EDGE('',*,*,#5297,.T.);
#5297 = EDGE_CURVE('',#5290,#5264,#5298,.T.);
#5298 = LINE('',#5299,#5300);
#5299 = CARTESIAN_POINT('',(-21.23674242424,9.925189393939,2.51));
#5300 = VECTOR('',#5301,1.);
#5301 = DIRECTION('',(-0.984941376985,-0.17288864596,0.));
#5302 = ORIENTED_EDGE('',*,*,#5263,.F.);
#5303 = PLANE('',#5304);
#5304 = AXIS2_PLACEMENT_3D('',#5305,#5306,#5307);
#5305 = CARTESIAN_POINT('',(-21.23674242424,9.925189393939,4.01));
#5306 = DIRECTION('',(-0.17288864596,0.984941376985,0.));
#5307 = DIRECTION('',(-0.984941376985,-0.17288864596,0.));
#5308 = ADVANCED_FACE('',(#5309),#5327,.T.);
#5309 = FACE_BOUND('',#5310,.T.);
#5310 = EDGE_LOOP('',(#5311,#5312,#5320,#5326));
#5311 = ORIENTED_EDGE('',*,*,#764,.T.);
#5312 = ORIENTED_EDGE('',*,*,#5313,.T.);
#5313 = EDGE_CURVE('',#748,#5314,#5316,.T.);
#5314 = VERTEX_POINT('',#5315);
#5315 = CARTESIAN_POINT('',(-21.86884469697,10.814630681818,2.51));
#5316 = LINE('',#5317,#5318);
#5317 = CARTESIAN_POINT('',(-21.86884469697,10.814630681818,4.01));
#5318 = VECTOR('',#5319,1.);
#5319 = DIRECTION('',(-0.,-0.,-1.));
#5320 = ORIENTED_EDGE('',*,*,#5321,.T.);
#5321 = EDGE_CURVE('',#5314,#5290,#5322,.T.);
#5322 = B_SPLINE_CURVE_WITH_KNOTS('',2,(#5323,#5324,#5325),
  .UNSPECIFIED.,.F.,.F.,(3,3),(0.,1.),.PIECEWISE_BEZIER_KNOTS.);
#5323 = CARTESIAN_POINT('',(-21.86884469697,10.814630681818,2.51));
#5324 = CARTESIAN_POINT('',(-21.41785037878,10.553740530303,2.51));
#5325 = CARTESIAN_POINT('',(-21.23674242424,9.925189393939,2.51));
#5326 = ORIENTED_EDGE('',*,*,#5289,.F.);
#5327 = SURFACE_OF_LINEAR_EXTRUSION('',#5328,#5332);
#5328 = B_SPLINE_CURVE_WITH_KNOTS('',2,(#5329,#5330,#5331),
  .UNSPECIFIED.,.F.,.F.,(3,3),(0.,1.),.PIECEWISE_BEZIER_KNOTS.);
#5329 = CARTESIAN_POINT('',(-21.86884469697,10.814630681818,4.01));
#5330 = CARTESIAN_POINT('',(-21.41785037878,10.553740530303,4.01));
#5331 = CARTESIAN_POINT('',(-21.23674242424,9.925189393939,4.01));
#5332 = VECTOR('',#5333,1.);
#5333 = DIRECTION('',(0.,0.,1.));
#5334 = ADVANCED_FACE('',(#5335),#5353,.T.);
#5335 = FACE_BOUND('',#5336,.T.);
#5336 = EDGE_LOOP('',(#5337,#5338,#5346,#5352));
#5337 = ORIENTED_EDGE('',*,*,#747,.T.);
#5338 = ORIENTED_EDGE('',*,*,#5339,.T.);
#5339 = EDGE_CURVE('',#731,#5340,#5342,.T.);
#5340 = VERTEX_POINT('',#5341);
#5341 = CARTESIAN_POINT('',(-23.17211174242,11.075757575758,2.51));
#5342 = LINE('',#5343,#5344);
#5343 = CARTESIAN_POINT('',(-23.17211174242,11.075757575758,4.01));
#5344 = VECTOR('',#5345,1.);
#5345 = DIRECTION('',(-0.,-0.,-1.));
#5346 = ORIENTED_EDGE('',*,*,#5347,.T.);
#5347 = EDGE_CURVE('',#5340,#5314,#5348,.T.);
#5348 = B_SPLINE_CURVE_WITH_KNOTS('',2,(#5349,#5350,#5351),
  .UNSPECIFIED.,.F.,.F.,(3,3),(0.,1.),.PIECEWISE_BEZIER_KNOTS.);
#5349 = CARTESIAN_POINT('',(-23.17211174242,11.075757575758,2.51));
#5350 = CARTESIAN_POINT('',(-22.31983901515,11.075757575758,2.51));
#5351 = CARTESIAN_POINT('',(-21.86884469697,10.814630681818,2.51));
#5352 = ORIENTED_EDGE('',*,*,#5313,.F.);
#5353 = SURFACE_OF_LINEAR_EXTRUSION('',#5354,#5358);
#5354 = B_SPLINE_CURVE_WITH_KNOTS('',2,(#5355,#5356,#5357),
  .UNSPECIFIED.,.F.,.F.,(3,3),(0.,1.),.PIECEWISE_BEZIER_KNOTS.);
#5355 = CARTESIAN_POINT('',(-23.17211174242,11.075757575758,4.01));
#5356 = CARTESIAN_POINT('',(-22.31983901515,11.075757575758,4.01));
#5357 = CARTESIAN_POINT('',(-21.86884469697,10.814630681818,4.01));
#5358 = VECTOR('',#5359,1.);
#5359 = DIRECTION('',(0.,0.,1.));
#5360 = ADVANCED_FACE('',(#5361),#5379,.T.);
#5361 = FACE_BOUND('',#5362,.T.);
#5362 = EDGE_LOOP('',(#5363,#5364,#5372,#5378));
#5363 = ORIENTED_EDGE('',*,*,#730,.T.);
#5364 = ORIENTED_EDGE('',*,*,#5365,.T.);
#5365 = EDGE_CURVE('',#712,#5366,#5368,.T.);
#5366 = VERTEX_POINT('',#5367);
#5367 = CARTESIAN_POINT('',(-24.58025568181,10.727509469697,2.51));
#5368 = LINE('',#5369,#5370);
#5369 = CARTESIAN_POINT('',(-24.58025568181,10.727509469697,4.01));
#5370 = VECTOR('',#5371,1.);
#5371 = DIRECTION('',(-0.,-0.,-1.));
#5372 = ORIENTED_EDGE('',*,*,#5373,.T.);
#5373 = EDGE_CURVE('',#5366,#5340,#5374,.T.);
#5374 = B_SPLINE_CURVE_WITH_KNOTS('',2,(#5375,#5376,#5377),
  .UNSPECIFIED.,.F.,.F.,(3,3),(0.,1.),.PIECEWISE_BEZIER_KNOTS.);
#5375 = CARTESIAN_POINT('',(-24.58025568181,10.727509469697,2.51));
#5376 = CARTESIAN_POINT('',(-24.08830492424,11.075757575758,2.51));
#5377 = CARTESIAN_POINT('',(-23.17211174242,11.075757575758,2.51));
#5378 = ORIENTED_EDGE('',*,*,#5339,.F.);
#5379 = SURFACE_OF_LINEAR_EXTRUSION('',#5380,#5384);
#5380 = B_SPLINE_CURVE_WITH_KNOTS('',2,(#5381,#5382,#5383),
  .UNSPECIFIED.,.F.,.F.,(3,3),(0.,1.),.PIECEWISE_BEZIER_KNOTS.);
#5381 = CARTESIAN_POINT('',(-24.58025568181,10.727509469697,4.01));
#5382 = CARTESIAN_POINT('',(-24.08830492424,11.075757575758,4.01));
#5383 = CARTESIAN_POINT('',(-23.17211174242,11.075757575758,4.01));
#5384 = VECTOR('',#5385,1.);
#5385 = DIRECTION('',(0.,0.,1.));
#5386 = ADVANCED_FACE('',(#5387),#5405,.T.);
#5387 = FACE_BOUND('',#5388,.T.);
#5388 = EDGE_LOOP('',(#5389,#5390,#5398,#5404));
#5389 = ORIENTED_EDGE('',*,*,#711,.T.);
#5390 = ORIENTED_EDGE('',*,*,#5391,.T.);
#5391 = EDGE_CURVE('',#701,#5392,#5394,.T.);
#5392 = VERTEX_POINT('',#5393);
#5393 = CARTESIAN_POINT('',(-25.07196969697,9.736268939394,2.51));
#5394 = LINE('',#5395,#5396);
#5395 = CARTESIAN_POINT('',(-25.07196969697,9.736268939394,4.01));
#5396 = VECTOR('',#5397,1.);
#5397 = DIRECTION('',(-0.,-0.,-1.));
#5398 = ORIENTED_EDGE('',*,*,#5399,.T.);
#5399 = EDGE_CURVE('',#5392,#5366,#5400,.T.);
#5400 = B_SPLINE_CURVE_WITH_KNOTS('',2,(#5401,#5402,#5403),
  .UNSPECIFIED.,.F.,.F.,(3,3),(0.,1.),.PIECEWISE_BEZIER_KNOTS.);
#5401 = CARTESIAN_POINT('',(-25.07196969697,9.736268939394,2.51));
#5402 = CARTESIAN_POINT('',(-25.07196969697,10.379498106061,2.51));
#5403 = CARTESIAN_POINT('',(-24.58025568181,10.727509469697,2.51));
#5404 = ORIENTED_EDGE('',*,*,#5365,.F.);
#5405 = SURFACE_OF_LINEAR_EXTRUSION('',#5406,#5410);
#5406 = B_SPLINE_CURVE_WITH_KNOTS('',2,(#5407,#5408,#5409),
  .UNSPECIFIED.,.F.,.F.,(3,3),(0.,1.),.PIECEWISE_BEZIER_KNOTS.);
#5407 = CARTESIAN_POINT('',(-25.07196969697,9.736268939394,4.01));
#5408 = CARTESIAN_POINT('',(-25.07196969697,10.379498106061,4.01));
#5409 = CARTESIAN_POINT('',(-24.58025568181,10.727509469697,4.01));
#5410 = VECTOR('',#5411,1.);
#5411 = DIRECTION('',(0.,0.,1.));
#5412 = ADVANCED_FACE('',(#5413),#5431,.T.);
#5413 = FACE_BOUND('',#5414,.T.);
#5414 = EDGE_LOOP('',(#5415,#5416,#5424,#5430));
#5415 = ORIENTED_EDGE('',*,*,#700,.T.);
#5416 = ORIENTED_EDGE('',*,*,#5417,.T.);
#5417 = EDGE_CURVE('',#688,#5418,#5420,.T.);
#5418 = VERTEX_POINT('',#5419);
#5419 = CARTESIAN_POINT('',(-24.97798295454,9.238873106061,2.51));
#5420 = LINE('',#5421,#5422);
#5421 = CARTESIAN_POINT('',(-24.97798295454,9.238873106061,4.01));
#5422 = VECTOR('',#5423,1.);
#5423 = DIRECTION('',(-0.,-0.,-1.));
#5424 = ORIENTED_EDGE('',*,*,#5425,.T.);
#5425 = EDGE_CURVE('',#5418,#5392,#5426,.T.);
#5426 = B_SPLINE_CURVE_WITH_KNOTS('',2,(#5427,#5428,#5429),
  .UNSPECIFIED.,.F.,.F.,(3,3),(0.,1.),.PIECEWISE_BEZIER_KNOTS.);
#5427 = CARTESIAN_POINT('',(-24.97798295454,9.238873106061,2.51));
#5428 = CARTESIAN_POINT('',(-25.07196969697,9.455729166667,2.51));
#5429 = CARTESIAN_POINT('',(-25.07196969697,9.736268939394,2.51));
#5430 = ORIENTED_EDGE('',*,*,#5391,.F.);
#5431 = SURFACE_OF_LINEAR_EXTRUSION('',#5432,#5436);
#5432 = B_SPLINE_CURVE_WITH_KNOTS('',2,(#5433,#5434,#5435),
  .UNSPECIFIED.,.F.,.F.,(3,3),(0.,1.),.PIECEWISE_BEZIER_KNOTS.);
#5433 = CARTESIAN_POINT('',(-24.97798295454,9.238873106061,4.01));
#5434 = CARTESIAN_POINT('',(-25.07196969697,9.455729166667,4.01));
#5435 = CARTESIAN_POINT('',(-25.07196969697,9.736268939394,4.01));
#5436 = VECTOR('',#5437,1.);
#5437 = DIRECTION('',(0.,0.,1.));
#5438 = ADVANCED_FACE('',(#5439),#5457,.T.);
#5439 = FACE_BOUND('',#5440,.T.);
#5440 = EDGE_LOOP('',(#5441,#5442,#5450,#5456));
#5441 = ORIENTED_EDGE('',*,*,#687,.T.);
#5442 = ORIENTED_EDGE('',*,*,#5443,.T.);
#5443 = EDGE_CURVE('',#676,#5444,#5446,.T.);
#5444 = VERTEX_POINT('',#5445);
#5445 = CARTESIAN_POINT('',(-24.70620265151,8.860558712121,2.51));
#5446 = LINE('',#5447,#5448);
#5447 = CARTESIAN_POINT('',(-24.70620265151,8.860558712121,4.01));
#5448 = VECTOR('',#5449,1.);
#5449 = DIRECTION('',(-0.,-0.,-1.));
#5450 = ORIENTED_EDGE('',*,*,#5451,.T.);
#5451 = EDGE_CURVE('',#5444,#5418,#5452,.T.);
#5452 = B_SPLINE_CURVE_WITH_KNOTS('',2,(#5453,#5454,#5455),
  .UNSPECIFIED.,.F.,.F.,(3,3),(0.,1.),.PIECEWISE_BEZIER_KNOTS.);
#5453 = CARTESIAN_POINT('',(-24.70620265151,8.860558712121,2.51));
#5454 = CARTESIAN_POINT('',(-24.88375946969,9.022253787879,2.51));
#5455 = CARTESIAN_POINT('',(-24.97798295454,9.238873106061,2.51));
#5456 = ORIENTED_EDGE('',*,*,#5417,.F.);
#5457 = SURFACE_OF_LINEAR_EXTRUSION('',#5458,#5462);
#5458 = B_SPLINE_CURVE_WITH_KNOTS('',2,(#5459,#5460,#5461),
  .UNSPECIFIED.,.F.,.F.,(3,3),(0.,1.),.PIECEWISE_BEZIER_KNOTS.);
#5459 = CARTESIAN_POINT('',(-24.70620265151,8.860558712121,4.01));
#5460 = CARTESIAN_POINT('',(-24.88375946969,9.022253787879,4.01));
#5461 = CARTESIAN_POINT('',(-24.97798295454,9.238873106061,4.01));
#5462 = VECTOR('',#5463,1.);
#5463 = DIRECTION('',(0.,0.,1.));
#5464 = ADVANCED_FACE('',(#5465),#5483,.T.);
#5465 = FACE_BOUND('',#5466,.T.);
#5466 = EDGE_LOOP('',(#5467,#5468,#5476,#5482));
#5467 = ORIENTED_EDGE('',*,*,#675,.T.);
#5468 = ORIENTED_EDGE('',*,*,#5469,.T.);
#5469 = EDGE_CURVE('',#665,#5470,#5472,.T.);
#5470 = VERTEX_POINT('',#5471);
#5471 = CARTESIAN_POINT('',(-24.22159090909,8.567471590909,2.51));
#5472 = LINE('',#5473,#5474);
#5473 = CARTESIAN_POINT('',(-24.22159090909,8.567471590909,4.01));
#5474 = VECTOR('',#5475,1.);
#5475 = DIRECTION('',(-0.,-0.,-1.));
#5476 = ORIENTED_EDGE('',*,*,#5477,.T.);
#5477 = EDGE_CURVE('',#5470,#5444,#5478,.T.);
#5478 = B_SPLINE_CURVE_WITH_KNOTS('',2,(#5479,#5480,#5481),
  .UNSPECIFIED.,.F.,.F.,(3,3),(0.,1.),.PIECEWISE_BEZIER_KNOTS.);
#5479 = CARTESIAN_POINT('',(-24.22159090909,8.567471590909,2.51));
#5480 = CARTESIAN_POINT('',(-24.52864583333,8.699100378788,2.51));
#5481 = CARTESIAN_POINT('',(-24.70620265151,8.860558712121,2.51));
#5482 = ORIENTED_EDGE('',*,*,#5443,.F.);
#5483 = SURFACE_OF_LINEAR_EXTRUSION('',#5484,#5488);
#5484 = B_SPLINE_CURVE_WITH_KNOTS('',2,(#5485,#5486,#5487),
  .UNSPECIFIED.,.F.,.F.,(3,3),(0.,1.),.PIECEWISE_BEZIER_KNOTS.);
#5485 = CARTESIAN_POINT('',(-24.22159090909,8.567471590909,4.01));
#5486 = CARTESIAN_POINT('',(-24.52864583333,8.699100378788,4.01));
#5487 = CARTESIAN_POINT('',(-24.70620265151,8.860558712121,4.01));
#5488 = VECTOR('',#5489,1.);
#5489 = DIRECTION('',(0.,0.,1.));
#5490 = ADVANCED_FACE('',(#5491),#5509,.T.);
#5491 = FACE_BOUND('',#5492,.T.);
#5492 = EDGE_LOOP('',(#5493,#5494,#5502,#5508));
#5493 = ORIENTED_EDGE('',*,*,#664,.T.);
#5494 = ORIENTED_EDGE('',*,*,#5495,.T.);
#5495 = EDGE_CURVE('',#654,#5496,#5498,.T.);
#5496 = VERTEX_POINT('',#5497);
#5497 = CARTESIAN_POINT('',(-23.32125946969,8.3046875,2.51));
#5498 = LINE('',#5499,#5500);
#5499 = CARTESIAN_POINT('',(-23.32125946969,8.3046875,4.01));
#5500 = VECTOR('',#5501,1.);
#5501 = DIRECTION('',(-0.,-0.,-1.));
#5502 = ORIENTED_EDGE('',*,*,#5503,.T.);
#5503 = EDGE_CURVE('',#5496,#5470,#5504,.T.);
#5504 = B_SPLINE_CURVE_WITH_KNOTS('',2,(#5505,#5506,#5507),
  .UNSPECIFIED.,.F.,.F.,(3,3),(0.,1.),.PIECEWISE_BEZIER_KNOTS.);
#5505 = CARTESIAN_POINT('',(-23.32125946969,8.3046875,2.51));
#5506 = CARTESIAN_POINT('',(-23.91429924242,8.436079545455,2.51));
#5507 = CARTESIAN_POINT('',(-24.22159090909,8.567471590909,2.51));
#5508 = ORIENTED_EDGE('',*,*,#5469,.F.);
#5509 = SURFACE_OF_LINEAR_EXTRUSION('',#5510,#5514);
#5510 = B_SPLINE_CURVE_WITH_KNOTS('',2,(#5511,#5512,#5513),
  .UNSPECIFIED.,.F.,.F.,(3,3),(0.,1.),.PIECEWISE_BEZIER_KNOTS.);
#5511 = CARTESIAN_POINT('',(-23.32125946969,8.3046875,4.01));
#5512 = CARTESIAN_POINT('',(-23.91429924242,8.436079545455,4.01));
#5513 = CARTESIAN_POINT('',(-24.22159090909,8.567471590909,4.01));
#5514 = VECTOR('',#5515,1.);
#5515 = DIRECTION('',(0.,0.,1.));
#5516 = ADVANCED_FACE('',(#5517),#5535,.T.);
#5517 = FACE_BOUND('',#5518,.T.);
#5518 = EDGE_LOOP('',(#5519,#5520,#5528,#5534));
#5519 = ORIENTED_EDGE('',*,*,#653,.T.);
#5520 = ORIENTED_EDGE('',*,*,#5521,.T.);
#5521 = EDGE_CURVE('',#643,#5522,#5524,.T.);
#5522 = VERTEX_POINT('',#5523);
#5523 = CARTESIAN_POINT('',(-22.69981060606,8.158854166667,2.51));
#5524 = LINE('',#5525,#5526);
#5525 = CARTESIAN_POINT('',(-22.69981060606,8.158854166667,4.01));
#5526 = VECTOR('',#5527,1.);
#5527 = DIRECTION('',(-0.,-0.,-1.));
#5528 = ORIENTED_EDGE('',*,*,#5529,.T.);
#5529 = EDGE_CURVE('',#5522,#5496,#5530,.T.);
#5530 = B_SPLINE_CURVE_WITH_KNOTS('',2,(#5531,#5532,#5533),
  .UNSPECIFIED.,.F.,.F.,(3,3),(0.,1.),.PIECEWISE_BEZIER_KNOTS.);
#5531 = CARTESIAN_POINT('',(-22.69981060606,8.158854166667,2.51));
#5532 = CARTESIAN_POINT('',(-22.98035037878,8.2265625,2.51));
#5533 = CARTESIAN_POINT('',(-23.32125946969,8.3046875,2.51));
#5534 = ORIENTED_EDGE('',*,*,#5495,.F.);
#5535 = SURFACE_OF_LINEAR_EXTRUSION('',#5536,#5540);
#5536 = B_SPLINE_CURVE_WITH_KNOTS('',2,(#5537,#5538,#5539),
  .UNSPECIFIED.,.F.,.F.,(3,3),(0.,1.),.PIECEWISE_BEZIER_KNOTS.);
#5537 = CARTESIAN_POINT('',(-22.69981060606,8.158854166667,4.01));
#5538 = CARTESIAN_POINT('',(-22.98035037878,8.2265625,4.01));
#5539 = CARTESIAN_POINT('',(-23.32125946969,8.3046875,4.01));
#5540 = VECTOR('',#5541,1.);
#5541 = DIRECTION('',(0.,0.,1.));
#5542 = ADVANCED_FACE('',(#5543),#5561,.T.);
#5543 = FACE_BOUND('',#5544,.T.);
#5544 = EDGE_LOOP('',(#5545,#5546,#5554,#5560));
#5545 = ORIENTED_EDGE('',*,*,#642,.T.);
#5546 = ORIENTED_EDGE('',*,*,#5547,.T.);
#5547 = EDGE_CURVE('',#632,#5548,#5550,.T.);
#5548 = VERTEX_POINT('',#5549);
#5549 = CARTESIAN_POINT('',(-22.2168560606,7.991950757576,2.51));
#5550 = LINE('',#5551,#5552);
#5551 = CARTESIAN_POINT('',(-22.2168560606,7.991950757576,4.01));
#5552 = VECTOR('',#5553,1.);
#5553 = DIRECTION('',(-0.,-0.,-1.));
#5554 = ORIENTED_EDGE('',*,*,#5555,.T.);
#5555 = EDGE_CURVE('',#5548,#5522,#5556,.T.);
#5556 = B_SPLINE_CURVE_WITH_KNOTS('',2,(#5557,#5558,#5559),
  .UNSPECIFIED.,.F.,.F.,(3,3),(0.,1.),.PIECEWISE_BEZIER_KNOTS.);
#5557 = CARTESIAN_POINT('',(-22.2168560606,7.991950757576,2.51));
#5558 = CARTESIAN_POINT('',(-22.41927083333,8.091382575758,2.51));
#5559 = CARTESIAN_POINT('',(-22.69981060606,8.158854166667,2.51));
#5560 = ORIENTED_EDGE('',*,*,#5521,.F.);
#5561 = SURFACE_OF_LINEAR_EXTRUSION('',#5562,#5566);
#5562 = B_SPLINE_CURVE_WITH_KNOTS('',2,(#5563,#5564,#5565),
  .UNSPECIFIED.,.F.,.F.,(3,3),(0.,1.),.PIECEWISE_BEZIER_KNOTS.);
#5563 = CARTESIAN_POINT('',(-22.2168560606,7.991950757576,4.01));
#5564 = CARTESIAN_POINT('',(-22.41927083333,8.091382575758,4.01));
#5565 = CARTESIAN_POINT('',(-22.69981060606,8.158854166667,4.01));
#5566 = VECTOR('',#5567,1.);
#5567 = DIRECTION('',(0.,0.,1.));
#5568 = ADVANCED_FACE('',(#5569),#5587,.T.);
#5569 = FACE_BOUND('',#5570,.T.);
#5570 = EDGE_LOOP('',(#5571,#5572,#5580,#5586));
#5571 = ORIENTED_EDGE('',*,*,#631,.T.);
#5572 = ORIENTED_EDGE('',*,*,#5573,.T.);
#5573 = EDGE_CURVE('',#621,#5574,#5576,.T.);
#5574 = VERTEX_POINT('',#5575);
#5575 = CARTESIAN_POINT('',(-21.90269886363,7.739583333333,2.51));
#5576 = LINE('',#5577,#5578);
#5577 = CARTESIAN_POINT('',(-21.90269886363,7.739583333333,4.01));
#5578 = VECTOR('',#5579,1.);
#5579 = DIRECTION('',(-0.,-0.,-1.));
#5580 = ORIENTED_EDGE('',*,*,#5581,.T.);
#5581 = EDGE_CURVE('',#5574,#5548,#5582,.T.);
#5582 = B_SPLINE_CURVE_WITH_KNOTS('',2,(#5583,#5584,#5585),
  .UNSPECIFIED.,.F.,.F.,(3,3),(0.,1.),.PIECEWISE_BEZIER_KNOTS.);
#5583 = CARTESIAN_POINT('',(-21.90269886363,7.739583333333,2.51));
#5584 = CARTESIAN_POINT('',(-22.01444128787,7.892518939394,2.51));
#5585 = CARTESIAN_POINT('',(-22.2168560606,7.991950757576,2.51));
#5586 = ORIENTED_EDGE('',*,*,#5547,.F.);
#5587 = SURFACE_OF_LINEAR_EXTRUSION('',#5588,#5592);
#5588 = B_SPLINE_CURVE_WITH_KNOTS('',2,(#5589,#5590,#5591),
  .UNSPECIFIED.,.F.,.F.,(3,3),(0.,1.),.PIECEWISE_BEZIER_KNOTS.);
#5589 = CARTESIAN_POINT('',(-21.90269886363,7.739583333333,4.01));
#5590 = CARTESIAN_POINT('',(-22.01444128787,7.892518939394,4.01));
#5591 = CARTESIAN_POINT('',(-22.2168560606,7.991950757576,4.01));
#5592 = VECTOR('',#5593,1.);
#5593 = DIRECTION('',(0.,0.,1.));
#5594 = ADVANCED_FACE('',(#5595),#5613,.T.);
#5595 = FACE_BOUND('',#5596,.T.);
#5596 = EDGE_LOOP('',(#5597,#5598,#5606,#5612));
#5597 = ORIENTED_EDGE('',*,*,#620,.T.);
#5598 = ORIENTED_EDGE('',*,*,#5599,.T.);
#5599 = EDGE_CURVE('',#602,#5600,#5602,.T.);
#5600 = VERTEX_POINT('',#5601);
#5601 = CARTESIAN_POINT('',(-21.79071969697,7.341856060606,2.51));
#5602 = LINE('',#5603,#5604);
#5603 = CARTESIAN_POINT('',(-21.79071969697,7.341856060606,4.01));
#5604 = VECTOR('',#5605,1.);
#5605 = DIRECTION('',(-0.,-0.,-1.));
#5606 = ORIENTED_EDGE('',*,*,#5607,.T.);
#5607 = EDGE_CURVE('',#5600,#5574,#5608,.T.);
#5608 = B_SPLINE_CURVE_WITH_KNOTS('',2,(#5609,#5610,#5611),
  .UNSPECIFIED.,.F.,.F.,(3,3),(0.,1.),.PIECEWISE_BEZIER_KNOTS.);
#5609 = CARTESIAN_POINT('',(-21.79071969697,7.341856060606,2.51));
#5610 = CARTESIAN_POINT('',(-21.79071969697,7.586884469697,2.51));
#5611 = CARTESIAN_POINT('',(-21.90269886363,7.739583333333,2.51));
#5612 = ORIENTED_EDGE('',*,*,#5573,.F.);
#5613 = SURFACE_OF_LINEAR_EXTRUSION('',#5614,#5618);
#5614 = B_SPLINE_CURVE_WITH_KNOTS('',2,(#5615,#5616,#5617),
  .UNSPECIFIED.,.F.,.F.,(3,3),(0.,1.),.PIECEWISE_BEZIER_KNOTS.);
#5615 = CARTESIAN_POINT('',(-21.79071969697,7.341856060606,4.01));
#5616 = CARTESIAN_POINT('',(-21.79071969697,7.586884469697,4.01));
#5617 = CARTESIAN_POINT('',(-21.90269886363,7.739583333333,4.01));
#5618 = VECTOR('',#5619,1.);
#5619 = DIRECTION('',(0.,0.,1.));
#5620 = ADVANCED_FACE('',(#5621),#5639,.T.);
#5621 = FACE_BOUND('',#5622,.T.);
#5622 = EDGE_LOOP('',(#5623,#5624,#5632,#5638));
#5623 = ORIENTED_EDGE('',*,*,#601,.T.);
#5624 = ORIENTED_EDGE('',*,*,#5625,.T.);
#5625 = EDGE_CURVE('',#585,#5626,#5628,.T.);
#5626 = VERTEX_POINT('',#5627);
#5627 = CARTESIAN_POINT('',(-22.14772727272,6.678977272727,2.51));
#5628 = LINE('',#5629,#5630);
#5629 = CARTESIAN_POINT('',(-22.14772727272,6.678977272727,4.01));
#5630 = VECTOR('',#5631,1.);
#5631 = DIRECTION('',(-0.,-0.,-1.));
#5632 = ORIENTED_EDGE('',*,*,#5633,.T.);
#5633 = EDGE_CURVE('',#5626,#5600,#5634,.T.);
#5634 = B_SPLINE_CURVE_WITH_KNOTS('',2,(#5635,#5636,#5637),
  .UNSPECIFIED.,.F.,.F.,(3,3),(0.,1.),.PIECEWISE_BEZIER_KNOTS.);
#5635 = CARTESIAN_POINT('',(-22.14772727272,6.678977272727,2.51));
#5636 = CARTESIAN_POINT('',(-21.79071969697,6.904829545455,2.51));
#5637 = CARTESIAN_POINT('',(-21.79071969697,7.341856060606,2.51));
#5638 = ORIENTED_EDGE('',*,*,#5599,.F.);
#5639 = SURFACE_OF_LINEAR_EXTRUSION('',#5640,#5644);
#5640 = B_SPLINE_CURVE_WITH_KNOTS('',2,(#5641,#5642,#5643),
  .UNSPECIFIED.,.F.,.F.,(3,3),(0.,1.),.PIECEWISE_BEZIER_KNOTS.);
#5641 = CARTESIAN_POINT('',(-22.14772727272,6.678977272727,4.01));
#5642 = CARTESIAN_POINT('',(-21.79071969697,6.904829545455,4.01));
#5643 = CARTESIAN_POINT('',(-21.79071969697,7.341856060606,4.01));
#5644 = VECTOR('',#5645,1.);
#5645 = DIRECTION('',(0.,0.,1.));
#5646 = ADVANCED_FACE('',(#5647),#5665,.T.);
#5647 = FACE_BOUND('',#5648,.T.);
#5648 = EDGE_LOOP('',(#5649,#5650,#5658,#5664));
#5649 = ORIENTED_EDGE('',*,*,#584,.T.);
#5650 = ORIENTED_EDGE('',*,*,#5651,.T.);
#5651 = EDGE_CURVE('',#568,#5652,#5654,.T.);
#5652 = VERTEX_POINT('',#5653);
#5653 = CARTESIAN_POINT('',(-23.16145833333,6.453361742424,2.51));
#5654 = LINE('',#5655,#5656);
#5655 = CARTESIAN_POINT('',(-23.16145833333,6.453361742424,4.01));
#5656 = VECTOR('',#5657,1.);
#5657 = DIRECTION('',(-0.,-0.,-1.));
#5658 = ORIENTED_EDGE('',*,*,#5659,.T.);
#5659 = EDGE_CURVE('',#5652,#5626,#5660,.T.);
#5660 = B_SPLINE_CURVE_WITH_KNOTS('',2,(#5661,#5662,#5663),
  .UNSPECIFIED.,.F.,.F.,(3,3),(0.,1.),.PIECEWISE_BEZIER_KNOTS.);
#5661 = CARTESIAN_POINT('',(-23.16145833333,6.453361742424,2.51));
#5662 = CARTESIAN_POINT('',(-22.50449810606,6.453361742424,2.51));
#5663 = CARTESIAN_POINT('',(-22.14772727272,6.678977272727,2.51));
#5664 = ORIENTED_EDGE('',*,*,#5625,.F.);
#5665 = SURFACE_OF_LINEAR_EXTRUSION('',#5666,#5670);
#5666 = B_SPLINE_CURVE_WITH_KNOTS('',2,(#5667,#5668,#5669),
  .UNSPECIFIED.,.F.,.F.,(3,3),(0.,1.),.PIECEWISE_BEZIER_KNOTS.);
#5667 = CARTESIAN_POINT('',(-23.16145833333,6.453361742424,4.01));
#5668 = CARTESIAN_POINT('',(-22.50449810606,6.453361742424,4.01));
#5669 = CARTESIAN_POINT('',(-22.14772727272,6.678977272727,4.01));
#5670 = VECTOR('',#5671,1.);
#5671 = DIRECTION('',(0.,0.,1.));
#5672 = ADVANCED_FACE('',(#5673),#5691,.T.);
#5673 = FACE_BOUND('',#5674,.T.);
#5674 = EDGE_LOOP('',(#5675,#5676,#5684,#5690));
#5675 = ORIENTED_EDGE('',*,*,#567,.T.);
#5676 = ORIENTED_EDGE('',*,*,#5677,.T.);
#5677 = EDGE_CURVE('',#551,#5678,#5680,.T.);
#5678 = VERTEX_POINT('',#5679);
#5679 = CARTESIAN_POINT('',(-24.16642992424,6.664535984848,2.51));
#5680 = LINE('',#5681,#5682);
#5681 = CARTESIAN_POINT('',(-24.16642992424,6.664535984848,4.01));
#5682 = VECTOR('',#5683,1.);
#5683 = DIRECTION('',(-0.,-0.,-1.));
#5684 = ORIENTED_EDGE('',*,*,#5685,.T.);
#5685 = EDGE_CURVE('',#5678,#5652,#5686,.T.);
#5686 = B_SPLINE_CURVE_WITH_KNOTS('',2,(#5687,#5688,#5689),
  .UNSPECIFIED.,.F.,.F.,(3,3),(0.,1.),.PIECEWISE_BEZIER_KNOTS.);
#5687 = CARTESIAN_POINT('',(-24.16642992424,6.664535984848,2.51));
#5688 = CARTESIAN_POINT('',(-23.79711174242,6.453361742424,2.51));
#5689 = CARTESIAN_POINT('',(-23.16145833333,6.453361742424,2.51));
#5690 = ORIENTED_EDGE('',*,*,#5651,.F.);
#5691 = SURFACE_OF_LINEAR_EXTRUSION('',#5692,#5696);
#5692 = B_SPLINE_CURVE_WITH_KNOTS('',2,(#5693,#5694,#5695),
  .UNSPECIFIED.,.F.,.F.,(3,3),(0.,1.),.PIECEWISE_BEZIER_KNOTS.);
#5693 = CARTESIAN_POINT('',(-24.16642992424,6.664535984848,4.01));
#5694 = CARTESIAN_POINT('',(-23.79711174242,6.453361742424,4.01));
#5695 = CARTESIAN_POINT('',(-23.16145833333,6.453361742424,4.01));
#5696 = VECTOR('',#5697,1.);
#5697 = DIRECTION('',(0.,0.,1.));
#5698 = ADVANCED_FACE('',(#5699),#5717,.T.);
#5699 = FACE_BOUND('',#5700,.T.);
#5700 = EDGE_LOOP('',(#5701,#5702,#5710,#5716));
#5701 = ORIENTED_EDGE('',*,*,#550,.T.);
#5702 = ORIENTED_EDGE('',*,*,#5703,.T.);
#5703 = EDGE_CURVE('',#543,#5704,#5706,.T.);
#5704 = VERTEX_POINT('',#5705);
#5705 = CARTESIAN_POINT('',(-24.64938446969,7.326941287879,2.51));
#5706 = LINE('',#5707,#5708);
#5707 = CARTESIAN_POINT('',(-24.64938446969,7.326941287879,4.01));
#5708 = VECTOR('',#5709,1.);
#5709 = DIRECTION('',(-0.,-0.,-1.));
#5710 = ORIENTED_EDGE('',*,*,#5711,.T.);
#5711 = EDGE_CURVE('',#5704,#5678,#5712,.T.);
#5712 = B_SPLINE_CURVE_WITH_KNOTS('',2,(#5713,#5714,#5715),
  .UNSPECIFIED.,.F.,.F.,(3,3),(0.,1.),.PIECEWISE_BEZIER_KNOTS.);
#5713 = CARTESIAN_POINT('',(-24.64938446969,7.326941287879,2.51));
#5714 = CARTESIAN_POINT('',(-24.53574810606,6.875946969697,2.51));
#5715 = CARTESIAN_POINT('',(-24.16642992424,6.664535984848,2.51));
#5716 = ORIENTED_EDGE('',*,*,#5677,.F.);
#5717 = SURFACE_OF_LINEAR_EXTRUSION('',#5718,#5722);
#5718 = B_SPLINE_CURVE_WITH_KNOTS('',2,(#5719,#5720,#5721),
  .UNSPECIFIED.,.F.,.F.,(3,3),(0.,1.),.PIECEWISE_BEZIER_KNOTS.);
#5719 = CARTESIAN_POINT('',(-24.64938446969,7.326941287879,4.01));
#5720 = CARTESIAN_POINT('',(-24.53574810606,6.875946969697,4.01));
#5721 = CARTESIAN_POINT('',(-24.16642992424,6.664535984848,4.01));
#5722 = VECTOR('',#5723,1.);
#5723 = DIRECTION('',(0.,0.,1.));
#5724 = ADVANCED_FACE('',(#5725),#5743,.T.);
#5725 = FACE_BOUND('',#5726,.T.);
#5726 = EDGE_LOOP('',(#5727,#5728,#5736,#5742));
#5727 = ORIENTED_EDGE('',*,*,#542,.F.);
#5728 = ORIENTED_EDGE('',*,*,#5729,.T.);
#5729 = EDGE_CURVE('',#506,#5730,#5732,.T.);
#5730 = VERTEX_POINT('',#5731);
#5731 = CARTESIAN_POINT('',(-25.30634469697,7.195549242424,2.51));
#5732 = LINE('',#5733,#5734);
#5733 = CARTESIAN_POINT('',(-25.30634469697,7.195549242424,4.01));
#5734 = VECTOR('',#5735,1.);
#5735 = DIRECTION('',(-0.,-0.,-1.));
#5736 = ORIENTED_EDGE('',*,*,#5737,.T.);
#5737 = EDGE_CURVE('',#5730,#5704,#5738,.T.);
#5738 = LINE('',#5739,#5740);
#5739 = CARTESIAN_POINT('',(-25.30634469697,7.195549242424,2.51));
#5740 = VECTOR('',#5741,1.);
#5741 = DIRECTION('',(0.980580675691,0.196116135138,0.));
#5742 = ORIENTED_EDGE('',*,*,#5703,.F.);
#5743 = PLANE('',#5744);
#5744 = AXIS2_PLACEMENT_3D('',#5745,#5746,#5747);
#5745 = CARTESIAN_POINT('',(-25.30634469697,7.195549242424,4.01));
#5746 = DIRECTION('',(0.196116135138,-0.980580675691,0.));
#5747 = DIRECTION('',(0.980580675691,0.196116135138,0.));
#5748 = ADVANCED_FACE('',(#5749),#5767,.T.);
#5749 = FACE_BOUND('',#5750,.T.);
#5750 = EDGE_LOOP('',(#5751,#5752,#5760,#5766));
#5751 = ORIENTED_EDGE('',*,*,#505,.T.);
#5752 = ORIENTED_EDGE('',*,*,#5753,.T.);
#5753 = EDGE_CURVE('',#487,#5754,#5756,.T.);
#5754 = VERTEX_POINT('',#5755);
#5755 = CARTESIAN_POINT('',(-23.18631628787,5.924242424242,2.51));
#5756 = LINE('',#5757,#5758);
#5757 = CARTESIAN_POINT('',(-23.18631628787,5.924242424242,4.01));
#5758 = VECTOR('',#5759,1.);
#5759 = DIRECTION('',(-0.,-0.,-1.));
#5760 = ORIENTED_EDGE('',*,*,#5761,.T.);
#5761 = EDGE_CURVE('',#5754,#5730,#5762,.T.);
#5762 = B_SPLINE_CURVE_WITH_KNOTS('',2,(#5763,#5764,#5765),
  .UNSPECIFIED.,.F.,.F.,(3,3),(0.,1.),.PIECEWISE_BEZIER_KNOTS.);
#5763 = CARTESIAN_POINT('',(-23.18631628787,5.924242424242,2.51));
#5764 = CARTESIAN_POINT('',(-25.01515151515,5.924242424242,2.51));
#5765 = CARTESIAN_POINT('',(-25.30634469697,7.195549242424,2.51));
#5766 = ORIENTED_EDGE('',*,*,#5729,.F.);
#5767 = SURFACE_OF_LINEAR_EXTRUSION('',#5768,#5772);
#5768 = B_SPLINE_CURVE_WITH_KNOTS('',2,(#5769,#5770,#5771),
  .UNSPECIFIED.,.F.,.F.,(3,3),(0.,1.),.PIECEWISE_BEZIER_KNOTS.);
#5769 = CARTESIAN_POINT('',(-23.18631628787,5.924242424242,4.01));
#5770 = CARTESIAN_POINT('',(-25.01515151515,5.924242424242,4.01));
#5771 = CARTESIAN_POINT('',(-25.30634469697,7.195549242424,4.01));
#5772 = VECTOR('',#5773,1.);
#5773 = DIRECTION('',(0.,0.,1.));
#5774 = ADVANCED_FACE('',(#5775),#5786,.T.);
#5775 = FACE_BOUND('',#5776,.T.);
#5776 = EDGE_LOOP('',(#5777,#5778,#5779,#5785));
#5777 = ORIENTED_EDGE('',*,*,#486,.T.);
#5778 = ORIENTED_EDGE('',*,*,#4934,.T.);
#5779 = ORIENTED_EDGE('',*,*,#5780,.T.);
#5780 = EDGE_CURVE('',#4927,#5754,#5781,.T.);
#5781 = B_SPLINE_CURVE_WITH_KNOTS('',2,(#5782,#5783,#5784),
  .UNSPECIFIED.,.F.,.F.,(3,3),(0.,1.),.PIECEWISE_BEZIER_KNOTS.);
#5782 = CARTESIAN_POINT('',(-21.6612215909,6.304214015152,2.51));
#5783 = CARTESIAN_POINT('',(-22.20265151515,5.924242424242,2.51));
#5784 = CARTESIAN_POINT('',(-23.18631628787,5.924242424242,2.51));
#5785 = ORIENTED_EDGE('',*,*,#5753,.F.);
#5786 = SURFACE_OF_LINEAR_EXTRUSION('',#5787,#5791);
#5787 = B_SPLINE_CURVE_WITH_KNOTS('',2,(#5788,#5789,#5790),
  .UNSPECIFIED.,.F.,.F.,(3,3),(0.,1.),.PIECEWISE_BEZIER_KNOTS.);
#5788 = CARTESIAN_POINT('',(-21.6612215909,6.304214015152,4.01));
#5789 = CARTESIAN_POINT('',(-22.20265151515,5.924242424242,4.01));
#5790 = CARTESIAN_POINT('',(-23.18631628787,5.924242424242,4.01));
#5791 = VECTOR('',#5792,1.);
#5792 = DIRECTION('',(0.,0.,1.));
#5793 = ADVANCED_FACE('',(#5794),#5819,.T.);
#5794 = FACE_BOUND('',#5795,.T.);
#5795 = EDGE_LOOP('',(#5796,#5797,#5805,#5813));
#5796 = ORIENTED_EDGE('',*,*,#963,.T.);
#5797 = ORIENTED_EDGE('',*,*,#5798,.T.);
#5798 = EDGE_CURVE('',#966,#5799,#5801,.T.);
#5799 = VERTEX_POINT('',#5800);
#5800 = CARTESIAN_POINT('',(-16.20928030303,9.495501893939,2.51));
#5801 = LINE('',#5802,#5803);
#5802 = CARTESIAN_POINT('',(-16.20928030303,9.495501893939,4.01));
#5803 = VECTOR('',#5804,1.);
#5804 = DIRECTION('',(-0.,-0.,-1.));
#5805 = ORIENTED_EDGE('',*,*,#5806,.T.);
#5806 = EDGE_CURVE('',#5799,#5807,#5809,.T.);
#5807 = VERTEX_POINT('',#5808);
#5808 = CARTESIAN_POINT('',(-16.67282196969,8.3671875,2.51));
#5809 = B_SPLINE_CURVE_WITH_KNOTS('',2,(#5810,#5811,#5812),
  .UNSPECIFIED.,.F.,.F.,(3,3),(0.,1.),.PIECEWISE_BEZIER_KNOTS.);
#5810 = CARTESIAN_POINT('',(-16.20928030303,9.495501893939,2.51));
#5811 = CARTESIAN_POINT('',(-16.20928030303,8.785984848485,2.51));
#5812 = CARTESIAN_POINT('',(-16.67282196969,8.3671875,2.51));
#5813 = ORIENTED_EDGE('',*,*,#5814,.F.);
#5814 = EDGE_CURVE('',#964,#5807,#5815,.T.);
#5815 = LINE('',#5816,#5817);
#5816 = CARTESIAN_POINT('',(-16.67282196969,8.3671875,4.01));
#5817 = VECTOR('',#5818,1.);
#5818 = DIRECTION('',(-0.,-0.,-1.));
#5819 = SURFACE_OF_LINEAR_EXTRUSION('',#5820,#5824);
#5820 = B_SPLINE_CURVE_WITH_KNOTS('',2,(#5821,#5822,#5823),
  .UNSPECIFIED.,.F.,.F.,(3,3),(0.,1.),.PIECEWISE_BEZIER_KNOTS.);
#5821 = CARTESIAN_POINT('',(-16.20928030303,9.495501893939,4.01));
#5822 = CARTESIAN_POINT('',(-16.20928030303,8.785984848485,4.01));
#5823 = CARTESIAN_POINT('',(-16.67282196969,8.3671875,4.01));
#5824 = VECTOR('',#5825,1.);
#5825 = DIRECTION('',(0.,0.,1.));
#5826 = ADVANCED_FACE('',(#5827),#5845,.T.);
#5827 = FACE_BOUND('',#5828,.T.);
#5828 = EDGE_LOOP('',(#5829,#5830,#5838,#5844));
#5829 = ORIENTED_EDGE('',*,*,#1073,.T.);
#5830 = ORIENTED_EDGE('',*,*,#5831,.T.);
#5831 = EDGE_CURVE('',#1052,#5832,#5834,.T.);
#5832 = VERTEX_POINT('',#5833);
#5833 = CARTESIAN_POINT('',(-16.6709280303,10.606060606061,2.51));
#5834 = LINE('',#5835,#5836);
#5835 = CARTESIAN_POINT('',(-16.6709280303,10.606060606061,4.01));
#5836 = VECTOR('',#5837,1.);
#5837 = DIRECTION('',(-0.,-0.,-1.));
#5838 = ORIENTED_EDGE('',*,*,#5839,.T.);
#5839 = EDGE_CURVE('',#5832,#5799,#5840,.T.);
#5840 = B_SPLINE_CURVE_WITH_KNOTS('',2,(#5841,#5842,#5843),
  .UNSPECIFIED.,.F.,.F.,(3,3),(0.,1.),.PIECEWISE_BEZIER_KNOTS.);
#5841 = CARTESIAN_POINT('',(-16.6709280303,10.606060606061,2.51));
#5842 = CARTESIAN_POINT('',(-16.20928030303,10.212357954545,2.51));
#5843 = CARTESIAN_POINT('',(-16.20928030303,9.495501893939,2.51));
#5844 = ORIENTED_EDGE('',*,*,#5798,.F.);
#5845 = SURFACE_OF_LINEAR_EXTRUSION('',#5846,#5850);
#5846 = B_SPLINE_CURVE_WITH_KNOTS('',2,(#5847,#5848,#5849),
  .UNSPECIFIED.,.F.,.F.,(3,3),(0.,1.),.PIECEWISE_BEZIER_KNOTS.);
#5847 = CARTESIAN_POINT('',(-16.6709280303,10.606060606061,4.01));
#5848 = CARTESIAN_POINT('',(-16.20928030303,10.212357954545,4.01));
#5849 = CARTESIAN_POINT('',(-16.20928030303,9.495501893939,4.01));
#5850 = VECTOR('',#5851,1.);
#5851 = DIRECTION('',(0.,0.,1.));
#5852 = ADVANCED_FACE('',(#5853),#5871,.T.);
#5853 = FACE_BOUND('',#5854,.T.);
#5854 = EDGE_LOOP('',(#5855,#5856,#5864,#5870));
#5855 = ORIENTED_EDGE('',*,*,#1051,.T.);
#5856 = ORIENTED_EDGE('',*,*,#5857,.T.);
#5857 = EDGE_CURVE('',#1044,#5858,#5860,.T.);
#5858 = VERTEX_POINT('',#5859);
#5859 = CARTESIAN_POINT('',(-17.97419507575,11.,2.51));
#5860 = LINE('',#5861,#5862);
#5861 = CARTESIAN_POINT('',(-17.97419507575,11.,4.01));
#5862 = VECTOR('',#5863,1.);
#5863 = DIRECTION('',(-0.,-0.,-1.));
#5864 = ORIENTED_EDGE('',*,*,#5865,.T.);
#5865 = EDGE_CURVE('',#5858,#5832,#5866,.T.);
#5866 = B_SPLINE_CURVE_WITH_KNOTS('',2,(#5867,#5868,#5869),
  .UNSPECIFIED.,.F.,.F.,(3,3),(0.,1.),.PIECEWISE_BEZIER_KNOTS.);
#5867 = CARTESIAN_POINT('',(-17.97419507575,11.,2.51));
#5868 = CARTESIAN_POINT('',(-17.13257575757,11.,2.51));
#5869 = CARTESIAN_POINT('',(-16.6709280303,10.606060606061,2.51));
#5870 = ORIENTED_EDGE('',*,*,#5831,.F.);
#5871 = SURFACE_OF_LINEAR_EXTRUSION('',#5872,#5876);
#5872 = B_SPLINE_CURVE_WITH_KNOTS('',2,(#5873,#5874,#5875),
  .UNSPECIFIED.,.F.,.F.,(3,3),(0.,1.),.PIECEWISE_BEZIER_KNOTS.);
#5873 = CARTESIAN_POINT('',(-17.97419507575,11.,4.01));
#5874 = CARTESIAN_POINT('',(-17.13257575757,11.,4.01));
#5875 = CARTESIAN_POINT('',(-16.6709280303,10.606060606061,4.01));
#5876 = VECTOR('',#5877,1.);
#5877 = DIRECTION('',(0.,0.,1.));
#5878 = ADVANCED_FACE('',(#5879),#5897,.T.);
#5879 = FACE_BOUND('',#5880,.T.);
#5880 = EDGE_LOOP('',(#5881,#5882,#5890,#5896));
#5881 = ORIENTED_EDGE('',*,*,#1043,.F.);
#5882 = ORIENTED_EDGE('',*,*,#5883,.T.);
#5883 = EDGE_CURVE('',#1036,#5884,#5886,.T.);
#5884 = VERTEX_POINT('',#5885);
#5885 = CARTESIAN_POINT('',(-20.08001893939,11.,2.51));
#5886 = LINE('',#5887,#5888);
#5887 = CARTESIAN_POINT('',(-20.08001893939,11.,4.01));
#5888 = VECTOR('',#5889,1.);
#5889 = DIRECTION('',(-0.,-0.,-1.));
#5890 = ORIENTED_EDGE('',*,*,#5891,.T.);
#5891 = EDGE_CURVE('',#5884,#5858,#5892,.T.);
#5892 = LINE('',#5893,#5894);
#5893 = CARTESIAN_POINT('',(-20.08001893939,11.,2.51));
#5894 = VECTOR('',#5895,1.);
#5895 = DIRECTION('',(1.,0.,0.));
#5896 = ORIENTED_EDGE('',*,*,#5857,.F.);
#5897 = PLANE('',#5898);
#5898 = AXIS2_PLACEMENT_3D('',#5899,#5900,#5901);
#5899 = CARTESIAN_POINT('',(-20.08001893939,11.,4.01));
#5900 = DIRECTION('',(0.,-1.,0.));
#5901 = DIRECTION('',(1.,0.,0.));
#5902 = ADVANCED_FACE('',(#5903),#5921,.T.);
#5903 = FACE_BOUND('',#5904,.T.);
#5904 = EDGE_LOOP('',(#5905,#5906,#5914,#5920));
#5905 = ORIENTED_EDGE('',*,*,#1035,.F.);
#5906 = ORIENTED_EDGE('',*,*,#5907,.T.);
#5907 = EDGE_CURVE('',#1028,#5908,#5910,.T.);
#5908 = VERTEX_POINT('',#5909);
#5909 = CARTESIAN_POINT('',(-20.08001893939,6.,2.51));
#5910 = LINE('',#5911,#5912);
#5911 = CARTESIAN_POINT('',(-20.08001893939,6.,4.01));
#5912 = VECTOR('',#5913,1.);
#5913 = DIRECTION('',(-0.,-0.,-1.));
#5914 = ORIENTED_EDGE('',*,*,#5915,.T.);
#5915 = EDGE_CURVE('',#5908,#5884,#5916,.T.);
#5916 = LINE('',#5917,#5918);
#5917 = CARTESIAN_POINT('',(-20.08001893939,6.,2.51));
#5918 = VECTOR('',#5919,1.);
#5919 = DIRECTION('',(0.,1.,0.));
#5920 = ORIENTED_EDGE('',*,*,#5883,.F.);
#5921 = PLANE('',#5922);
#5922 = AXIS2_PLACEMENT_3D('',#5923,#5924,#5925);
#5923 = CARTESIAN_POINT('',(-20.08001893939,6.,4.01));
#5924 = DIRECTION('',(1.,0.,0.));
#5925 = DIRECTION('',(-0.,1.,0.));
#5926 = ADVANCED_FACE('',(#5927),#5945,.T.);
#5927 = FACE_BOUND('',#5928,.T.);
#5928 = EDGE_LOOP('',(#5929,#5930,#5938,#5944));
#5929 = ORIENTED_EDGE('',*,*,#1027,.F.);
#5930 = ORIENTED_EDGE('',*,*,#5931,.T.);
#5931 = EDGE_CURVE('',#1020,#5932,#5934,.T.);
#5932 = VERTEX_POINT('',#5933);
#5933 = CARTESIAN_POINT('',(-19.40175189393,6.,2.51));
#5934 = LINE('',#5935,#5936);
#5935 = CARTESIAN_POINT('',(-19.40175189393,6.,4.01));
#5936 = VECTOR('',#5937,1.);
#5937 = DIRECTION('',(-0.,-0.,-1.));
#5938 = ORIENTED_EDGE('',*,*,#5939,.T.);
#5939 = EDGE_CURVE('',#5932,#5908,#5940,.T.);
#5940 = LINE('',#5941,#5942);
#5941 = CARTESIAN_POINT('',(-19.40175189393,6.,2.51));
#5942 = VECTOR('',#5943,1.);
#5943 = DIRECTION('',(-1.,0.,0.));
#5944 = ORIENTED_EDGE('',*,*,#5907,.F.);
#5945 = PLANE('',#5946);
#5946 = AXIS2_PLACEMENT_3D('',#5947,#5948,#5949);
#5947 = CARTESIAN_POINT('',(-19.40175189393,6.,4.01));
#5948 = DIRECTION('',(0.,1.,-0.));
#5949 = DIRECTION('',(-1.,0.,0.));
#5950 = ADVANCED_FACE('',(#5951),#5969,.T.);
#5951 = FACE_BOUND('',#5952,.T.);
#5952 = EDGE_LOOP('',(#5953,#5954,#5962,#5968));
#5953 = ORIENTED_EDGE('',*,*,#1019,.F.);
#5954 = ORIENTED_EDGE('',*,*,#5955,.T.);
#5955 = EDGE_CURVE('',#1012,#5956,#5958,.T.);
#5956 = VERTEX_POINT('',#5957);
#5957 = CARTESIAN_POINT('',(-19.40175189393,7.948626893939,2.51));
#5958 = LINE('',#5959,#5960);
#5959 = CARTESIAN_POINT('',(-19.40175189393,7.948626893939,4.01));
#5960 = VECTOR('',#5961,1.);
#5961 = DIRECTION('',(-0.,-0.,-1.));
#5962 = ORIENTED_EDGE('',*,*,#5963,.T.);
#5963 = EDGE_CURVE('',#5956,#5932,#5964,.T.);
#5964 = LINE('',#5965,#5966);
#5965 = CARTESIAN_POINT('',(-19.40175189393,7.948626893939,2.51));
#5966 = VECTOR('',#5967,1.);
#5967 = DIRECTION('',(0.,-1.,0.));
#5968 = ORIENTED_EDGE('',*,*,#5931,.F.);
#5969 = PLANE('',#5970);
#5970 = AXIS2_PLACEMENT_3D('',#5971,#5972,#5973);
#5971 = CARTESIAN_POINT('',(-19.40175189393,7.948626893939,4.01));
#5972 = DIRECTION('',(-1.,0.,0.));
#5973 = DIRECTION('',(0.,-1.,0.));
#5974 = ADVANCED_FACE('',(#5975),#5993,.T.);
#5975 = FACE_BOUND('',#5976,.T.);
#5976 = EDGE_LOOP('',(#5977,#5978,#5986,#5992));
#5977 = ORIENTED_EDGE('',*,*,#1011,.F.);
#5978 = ORIENTED_EDGE('',*,*,#5979,.T.);
#5979 = EDGE_CURVE('',#989,#5980,#5982,.T.);
#5980 = VERTEX_POINT('',#5981);
#5981 = CARTESIAN_POINT('',(-17.93158143939,7.948626893939,2.51));
#5982 = LINE('',#5983,#5984);
#5983 = CARTESIAN_POINT('',(-17.93158143939,7.948626893939,4.01));
#5984 = VECTOR('',#5985,1.);
#5985 = DIRECTION('',(-0.,-0.,-1.));
#5986 = ORIENTED_EDGE('',*,*,#5987,.T.);
#5987 = EDGE_CURVE('',#5980,#5956,#5988,.T.);
#5988 = LINE('',#5989,#5990);
#5989 = CARTESIAN_POINT('',(-17.93158143939,7.948626893939,2.51));
#5990 = VECTOR('',#5991,1.);
#5991 = DIRECTION('',(-1.,0.,0.));
#5992 = ORIENTED_EDGE('',*,*,#5955,.F.);
#5993 = PLANE('',#5994);
#5994 = AXIS2_PLACEMENT_3D('',#5995,#5996,#5997);
#5995 = CARTESIAN_POINT('',(-17.93158143939,7.948626893939,4.01));
#5996 = DIRECTION('',(0.,1.,-0.));
#5997 = DIRECTION('',(-1.,0.,0.));
#5998 = ADVANCED_FACE('',(#5999),#6010,.T.);
#5999 = FACE_BOUND('',#6000,.T.);
#6000 = EDGE_LOOP('',(#6001,#6002,#6003,#6009));
#6001 = ORIENTED_EDGE('',*,*,#988,.T.);
#6002 = ORIENTED_EDGE('',*,*,#5814,.T.);
#6003 = ORIENTED_EDGE('',*,*,#6004,.T.);
#6004 = EDGE_CURVE('',#5807,#5980,#6005,.T.);
#6005 = B_SPLINE_CURVE_WITH_KNOTS('',2,(#6006,#6007,#6008),
  .UNSPECIFIED.,.F.,.F.,(3,3),(0.,1.),.PIECEWISE_BEZIER_KNOTS.);
#6006 = CARTESIAN_POINT('',(-16.67282196969,8.3671875,2.51));
#6007 = CARTESIAN_POINT('',(-17.13612689393,7.948626893939,2.51));
#6008 = CARTESIAN_POINT('',(-17.93158143939,7.948626893939,2.51));
#6009 = ORIENTED_EDGE('',*,*,#5979,.F.);
#6010 = SURFACE_OF_LINEAR_EXTRUSION('',#6011,#6015);
#6011 = B_SPLINE_CURVE_WITH_KNOTS('',2,(#6012,#6013,#6014),
  .UNSPECIFIED.,.F.,.F.,(3,3),(0.,1.),.PIECEWISE_BEZIER_KNOTS.);
#6012 = CARTESIAN_POINT('',(-16.67282196969,8.3671875,4.01));
#6013 = CARTESIAN_POINT('',(-17.13612689393,7.948626893939,4.01));
#6014 = CARTESIAN_POINT('',(-17.93158143939,7.948626893939,4.01));
#6015 = VECTOR('',#6016,1.);
#6016 = DIRECTION('',(0.,0.,1.));
#6017 = ADVANCED_FACE('',(#6018),#6043,.T.);
#6018 = FACE_BOUND('',#6019,.T.);
#6019 = EDGE_LOOP('',(#6020,#6021,#6029,#6037));
#6020 = ORIENTED_EDGE('',*,*,#1096,.T.);
#6021 = ORIENTED_EDGE('',*,*,#6022,.T.);
#6022 = EDGE_CURVE('',#1099,#6023,#6025,.T.);
#6023 = VERTEX_POINT('',#6024);
#6024 = CARTESIAN_POINT('',(-11.99147727272,7.376420454545,2.51));
#6025 = LINE('',#6026,#6027);
#6026 = CARTESIAN_POINT('',(-11.99147727272,7.376420454545,4.01));
#6027 = VECTOR('',#6028,1.);
#6028 = DIRECTION('',(-0.,-0.,-1.));
#6029 = ORIENTED_EDGE('',*,*,#6030,.T.);
#6030 = EDGE_CURVE('',#6023,#6031,#6033,.T.);
#6031 = VERTEX_POINT('',#6032);
#6032 = CARTESIAN_POINT('',(-12.43181818181,6.304214015152,2.51));
#6033 = B_SPLINE_CURVE_WITH_KNOTS('',2,(#6034,#6035,#6036),
  .UNSPECIFIED.,.F.,.F.,(3,3),(0.,1.),.PIECEWISE_BEZIER_KNOTS.);
#6034 = CARTESIAN_POINT('',(-11.99147727272,7.376420454545,2.51));
#6035 = CARTESIAN_POINT('',(-11.99147727272,6.684185606061,2.51));
#6036 = CARTESIAN_POINT('',(-12.43181818181,6.304214015152,2.51));
#6037 = ORIENTED_EDGE('',*,*,#6038,.F.);
#6038 = EDGE_CURVE('',#1097,#6031,#6039,.T.);
#6039 = LINE('',#6040,#6041);
#6040 = CARTESIAN_POINT('',(-12.43181818181,6.304214015152,4.01));
#6041 = VECTOR('',#6042,1.);
#6042 = DIRECTION('',(-0.,-0.,-1.));
#6043 = SURFACE_OF_LINEAR_EXTRUSION('',#6044,#6048);
#6044 = B_SPLINE_CURVE_WITH_KNOTS('',2,(#6045,#6046,#6047),
  .UNSPECIFIED.,.F.,.F.,(3,3),(0.,1.),.PIECEWISE_BEZIER_KNOTS.);
#6045 = CARTESIAN_POINT('',(-11.99147727272,7.376420454545,4.01));
#6046 = CARTESIAN_POINT('',(-11.99147727272,6.684185606061,4.01));
#6047 = CARTESIAN_POINT('',(-12.43181818181,6.304214015152,4.01));
#6048 = VECTOR('',#6049,1.);
#6049 = DIRECTION('',(0.,0.,1.));
#6050 = ADVANCED_FACE('',(#6051),#6069,.T.);
#6051 = FACE_BOUND('',#6052,.T.);
#6052 = EDGE_LOOP('',(#6053,#6054,#6062,#6068));
#6053 = ORIENTED_EDGE('',*,*,#1543,.T.);
#6054 = ORIENTED_EDGE('',*,*,#6055,.T.);
#6055 = EDGE_CURVE('',#1527,#6056,#6058,.T.);
#6056 = VERTEX_POINT('',#6057);
#6057 = CARTESIAN_POINT('',(-12.30397727272,8.171875,2.51));
#6058 = LINE('',#6059,#6060);
#6059 = CARTESIAN_POINT('',(-12.30397727272,8.171875,4.01));
#6060 = VECTOR('',#6061,1.);
#6061 = DIRECTION('',(-0.,-0.,-1.));
#6062 = ORIENTED_EDGE('',*,*,#6063,.T.);
#6063 = EDGE_CURVE('',#6056,#6023,#6064,.T.);
#6064 = B_SPLINE_CURVE_WITH_KNOTS('',2,(#6065,#6066,#6067),
  .UNSPECIFIED.,.F.,.F.,(3,3),(0.,1.),.PIECEWISE_BEZIER_KNOTS.);
#6065 = CARTESIAN_POINT('',(-12.30397727272,8.171875,2.51));
#6066 = CARTESIAN_POINT('',(-11.99147727272,7.855823863636,2.51));
#6067 = CARTESIAN_POINT('',(-11.99147727272,7.376420454545,2.51));
#6068 = ORIENTED_EDGE('',*,*,#6022,.F.);
#6069 = SURFACE_OF_LINEAR_EXTRUSION('',#6070,#6074);
#6070 = B_SPLINE_CURVE_WITH_KNOTS('',2,(#6071,#6072,#6073),
  .UNSPECIFIED.,.F.,.F.,(3,3),(0.,1.),.PIECEWISE_BEZIER_KNOTS.);
#6071 = CARTESIAN_POINT('',(-12.30397727272,8.171875,4.01));
#6072 = CARTESIAN_POINT('',(-11.99147727272,7.855823863636,4.01));
#6073 = CARTESIAN_POINT('',(-11.99147727272,7.376420454545,4.01));
#6074 = VECTOR('',#6075,1.);
#6075 = DIRECTION('',(0.,0.,1.));
#6076 = ADVANCED_FACE('',(#6077),#6095,.T.);
#6077 = FACE_BOUND('',#6078,.T.);
#6078 = EDGE_LOOP('',(#6079,#6080,#6088,#6094));
#6079 = ORIENTED_EDGE('',*,*,#1526,.T.);
#6080 = ORIENTED_EDGE('',*,*,#6081,.T.);
#6081 = EDGE_CURVE('',#1519,#6082,#6084,.T.);
#6082 = VERTEX_POINT('',#6083);
#6083 = CARTESIAN_POINT('',(-13.17755681818,8.548295454545,2.51));
#6084 = LINE('',#6085,#6086);
#6085 = CARTESIAN_POINT('',(-13.17755681818,8.548295454545,4.01));
#6086 = VECTOR('',#6087,1.);
#6087 = DIRECTION('',(-0.,-0.,-1.));
#6088 = ORIENTED_EDGE('',*,*,#6089,.T.);
#6089 = EDGE_CURVE('',#6082,#6056,#6090,.T.);
#6090 = B_SPLINE_CURVE_WITH_KNOTS('',2,(#6091,#6092,#6093),
  .UNSPECIFIED.,.F.,.F.,(3,3),(0.,1.),.PIECEWISE_BEZIER_KNOTS.);
#6091 = CARTESIAN_POINT('',(-13.17755681818,8.548295454545,2.51));
#6092 = CARTESIAN_POINT('',(-12.61647727272,8.487926136364,2.51));
#6093 = CARTESIAN_POINT('',(-12.30397727272,8.171875,2.51));
#6094 = ORIENTED_EDGE('',*,*,#6055,.F.);
#6095 = SURFACE_OF_LINEAR_EXTRUSION('',#6096,#6100);
#6096 = B_SPLINE_CURVE_WITH_KNOTS('',2,(#6097,#6098,#6099),
  .UNSPECIFIED.,.F.,.F.,(3,3),(0.,1.),.PIECEWISE_BEZIER_KNOTS.);
#6097 = CARTESIAN_POINT('',(-13.17755681818,8.548295454545,4.01));
#6098 = CARTESIAN_POINT('',(-12.61647727272,8.487926136364,4.01));
#6099 = CARTESIAN_POINT('',(-12.30397727272,8.171875,4.01));
#6100 = VECTOR('',#6101,1.);
#6101 = DIRECTION('',(0.,0.,1.));
#6102 = ADVANCED_FACE('',(#6103),#6121,.T.);
#6103 = FACE_BOUND('',#6104,.T.);
#6104 = EDGE_LOOP('',(#6105,#6106,#6114,#6120));
#6105 = ORIENTED_EDGE('',*,*,#1518,.F.);
#6106 = ORIENTED_EDGE('',*,*,#6107,.T.);
#6107 = EDGE_CURVE('',#1504,#6108,#6110,.T.);
#6108 = VERTEX_POINT('',#6109);
#6109 = CARTESIAN_POINT('',(-13.17755681818,8.5625,2.51));
#6110 = LINE('',#6111,#6112);
#6111 = CARTESIAN_POINT('',(-13.17755681818,8.5625,4.01));
#6112 = VECTOR('',#6113,1.);
#6113 = DIRECTION('',(-0.,-0.,-1.));
#6114 = ORIENTED_EDGE('',*,*,#6115,.T.);
#6115 = EDGE_CURVE('',#6108,#6082,#6116,.T.);
#6116 = LINE('',#6117,#6118);
#6117 = CARTESIAN_POINT('',(-13.17755681818,8.5625,2.51));
#6118 = VECTOR('',#6119,1.);
#6119 = DIRECTION('',(0.,-1.,0.));
#6120 = ORIENTED_EDGE('',*,*,#6081,.F.);
#6121 = PLANE('',#6122);
#6122 = AXIS2_PLACEMENT_3D('',#6123,#6124,#6125);
#6123 = CARTESIAN_POINT('',(-13.17755681818,8.5625,4.01));
#6124 = DIRECTION('',(-1.,0.,0.));
#6125 = DIRECTION('',(0.,-1.,0.));
#6126 = ADVANCED_FACE('',(#6127),#6145,.T.);
#6127 = FACE_BOUND('',#6128,.T.);
#6128 = EDGE_LOOP('',(#6129,#6130,#6138,#6144));
#6129 = ORIENTED_EDGE('',*,*,#1503,.T.);
#6130 = ORIENTED_EDGE('',*,*,#6131,.T.);
#6131 = EDGE_CURVE('',#1487,#6132,#6134,.T.);
#6132 = VERTEX_POINT('',#6133);
#6133 = CARTESIAN_POINT('',(-12.39820075757,8.969460227273,2.51));
#6134 = LINE('',#6135,#6136);
#6135 = CARTESIAN_POINT('',(-12.39820075757,8.969460227273,4.01));
#6136 = VECTOR('',#6137,1.);
#6137 = DIRECTION('',(-0.,-0.,-1.));
#6138 = ORIENTED_EDGE('',*,*,#6139,.T.);
#6139 = EDGE_CURVE('',#6132,#6108,#6140,.T.);
#6140 = B_SPLINE_CURVE_WITH_KNOTS('',2,(#6141,#6142,#6143),
  .UNSPECIFIED.,.F.,.F.,(3,3),(0.,1.),.PIECEWISE_BEZIER_KNOTS.);
#6141 = CARTESIAN_POINT('',(-12.39820075757,8.969460227273,2.51));
#6142 = CARTESIAN_POINT('',(-12.66619318181,8.669034090909,2.51));
#6143 = CARTESIAN_POINT('',(-13.17755681818,8.5625,2.51));
#6144 = ORIENTED_EDGE('',*,*,#6107,.F.);
#6145 = SURFACE_OF_LINEAR_EXTRUSION('',#6146,#6150);
#6146 = B_SPLINE_CURVE_WITH_KNOTS('',2,(#6147,#6148,#6149),
  .UNSPECIFIED.,.F.,.F.,(3,3),(0.,1.),.PIECEWISE_BEZIER_KNOTS.);
#6147 = CARTESIAN_POINT('',(-12.39820075757,8.969460227273,4.01));
#6148 = CARTESIAN_POINT('',(-12.66619318181,8.669034090909,4.01));
#6149 = CARTESIAN_POINT('',(-13.17755681818,8.5625,4.01));
#6150 = VECTOR('',#6151,1.);
#6151 = DIRECTION('',(0.,0.,1.));
#6152 = ADVANCED_FACE('',(#6153),#6171,.T.);
#6153 = FACE_BOUND('',#6154,.T.);
#6154 = EDGE_LOOP('',(#6155,#6156,#6164,#6170));
#6155 = ORIENTED_EDGE('',*,*,#1486,.T.);
#6156 = ORIENTED_EDGE('',*,*,#6157,.T.);
#6157 = EDGE_CURVE('',#1468,#6158,#6160,.T.);
#6158 = VERTEX_POINT('',#6159);
#6159 = CARTESIAN_POINT('',(-12.1299715909,9.749763257576,2.51));
#6160 = LINE('',#6161,#6162);
#6161 = CARTESIAN_POINT('',(-12.1299715909,9.749763257576,4.01));
#6162 = VECTOR('',#6163,1.);
#6163 = DIRECTION('',(-0.,-0.,-1.));
#6164 = ORIENTED_EDGE('',*,*,#6165,.T.);
#6165 = EDGE_CURVE('',#6158,#6132,#6166,.T.);
#6166 = B_SPLINE_CURVE_WITH_KNOTS('',2,(#6167,#6168,#6169),
  .UNSPECIFIED.,.F.,.F.,(3,3),(0.,1.),.PIECEWISE_BEZIER_KNOTS.);
#6167 = CARTESIAN_POINT('',(-12.1299715909,9.749763257576,2.51));
#6168 = CARTESIAN_POINT('',(-12.1299715909,9.269886363636,2.51));
#6169 = CARTESIAN_POINT('',(-12.39820075757,8.969460227273,2.51));
#6170 = ORIENTED_EDGE('',*,*,#6131,.F.);
#6171 = SURFACE_OF_LINEAR_EXTRUSION('',#6172,#6176);
#6172 = B_SPLINE_CURVE_WITH_KNOTS('',2,(#6173,#6174,#6175),
  .UNSPECIFIED.,.F.,.F.,(3,3),(0.,1.),.PIECEWISE_BEZIER_KNOTS.);
#6173 = CARTESIAN_POINT('',(-12.1299715909,9.749763257576,4.01));
#6174 = CARTESIAN_POINT('',(-12.1299715909,9.269886363636,4.01));
#6175 = CARTESIAN_POINT('',(-12.39820075757,8.969460227273,4.01));
#6176 = VECTOR('',#6177,1.);
#6177 = DIRECTION('',(0.,0.,1.));
#6178 = ADVANCED_FACE('',(#6179),#6197,.T.);
#6179 = FACE_BOUND('',#6180,.T.);
#6180 = EDGE_LOOP('',(#6181,#6182,#6190,#6196));
#6181 = ORIENTED_EDGE('',*,*,#1467,.T.);
#6182 = ORIENTED_EDGE('',*,*,#6183,.T.);
#6183 = EDGE_CURVE('',#1451,#6184,#6186,.T.);
#6184 = VERTEX_POINT('',#6185);
#6185 = CARTESIAN_POINT('',(-12.54734848484,10.725615530303,2.51));
#6186 = LINE('',#6187,#6188);
#6187 = CARTESIAN_POINT('',(-12.54734848484,10.725615530303,4.01));
#6188 = VECTOR('',#6189,1.);
#6189 = DIRECTION('',(-0.,-0.,-1.));
#6190 = ORIENTED_EDGE('',*,*,#6191,.T.);
#6191 = EDGE_CURVE('',#6184,#6158,#6192,.T.);
#6192 = B_SPLINE_CURVE_WITH_KNOTS('',2,(#6193,#6194,#6195),
  .UNSPECIFIED.,.F.,.F.,(3,3),(0.,1.),.PIECEWISE_BEZIER_KNOTS.);
#6193 = CARTESIAN_POINT('',(-12.54734848484,10.725615530303,2.51));
#6194 = CARTESIAN_POINT('',(-12.1299715909,10.375473484848,2.51));
#6195 = CARTESIAN_POINT('',(-12.1299715909,9.749763257576,2.51));
#6196 = ORIENTED_EDGE('',*,*,#6157,.F.);
#6197 = SURFACE_OF_LINEAR_EXTRUSION('',#6198,#6202);
#6198 = B_SPLINE_CURVE_WITH_KNOTS('',2,(#6199,#6200,#6201),
  .UNSPECIFIED.,.F.,.F.,(3,3),(0.,1.),.PIECEWISE_BEZIER_KNOTS.);
#6199 = CARTESIAN_POINT('',(-12.54734848484,10.725615530303,4.01));
#6200 = CARTESIAN_POINT('',(-12.1299715909,10.375473484848,4.01));
#6201 = CARTESIAN_POINT('',(-12.1299715909,9.749763257576,4.01));
#6202 = VECTOR('',#6203,1.);
#6203 = DIRECTION('',(0.,0.,1.));
#6204 = ADVANCED_FACE('',(#6205),#6223,.T.);
#6205 = FACE_BOUND('',#6206,.T.);
#6206 = EDGE_LOOP('',(#6207,#6208,#6216,#6222));
#6207 = ORIENTED_EDGE('',*,*,#1450,.T.);
#6208 = ORIENTED_EDGE('',*,*,#6209,.T.);
#6209 = EDGE_CURVE('',#1434,#6210,#6212,.T.);
#6210 = VERTEX_POINT('',#6211);
#6211 = CARTESIAN_POINT('',(-13.71732954545,11.075757575758,2.51));
#6212 = LINE('',#6213,#6214);
#6213 = CARTESIAN_POINT('',(-13.71732954545,11.075757575758,4.01));
#6214 = VECTOR('',#6215,1.);
#6215 = DIRECTION('',(-0.,-0.,-1.));
#6216 = ORIENTED_EDGE('',*,*,#6217,.T.);
#6217 = EDGE_CURVE('',#6210,#6184,#6218,.T.);
#6218 = B_SPLINE_CURVE_WITH_KNOTS('',2,(#6219,#6220,#6221),
  .UNSPECIFIED.,.F.,.F.,(3,3),(0.,1.),.PIECEWISE_BEZIER_KNOTS.);
#6219 = CARTESIAN_POINT('',(-13.71732954545,11.075757575758,2.51));
#6220 = CARTESIAN_POINT('',(-12.96448863636,11.075757575758,2.51));
#6221 = CARTESIAN_POINT('',(-12.54734848484,10.725615530303,2.51));
#6222 = ORIENTED_EDGE('',*,*,#6183,.F.);
#6223 = SURFACE_OF_LINEAR_EXTRUSION('',#6224,#6228);
#6224 = B_SPLINE_CURVE_WITH_KNOTS('',2,(#6225,#6226,#6227),
  .UNSPECIFIED.,.F.,.F.,(3,3),(0.,1.),.PIECEWISE_BEZIER_KNOTS.);
#6225 = CARTESIAN_POINT('',(-13.71732954545,11.075757575758,4.01));
#6226 = CARTESIAN_POINT('',(-12.96448863636,11.075757575758,4.01));
#6227 = CARTESIAN_POINT('',(-12.54734848484,10.725615530303,4.01));
#6228 = VECTOR('',#6229,1.);
#6229 = DIRECTION('',(0.,0.,1.));
#6230 = ADVANCED_FACE('',(#6231),#6249,.T.);
#6231 = FACE_BOUND('',#6232,.T.);
#6232 = EDGE_LOOP('',(#6233,#6234,#6242,#6248));
#6233 = ORIENTED_EDGE('',*,*,#1433,.T.);
#6234 = ORIENTED_EDGE('',*,*,#6235,.T.);
#6235 = EDGE_CURVE('',#1417,#6236,#6238,.T.);
#6236 = VERTEX_POINT('',#6237);
#6237 = CARTESIAN_POINT('',(-14.84493371212,10.731297348485,2.51));
#6238 = LINE('',#6239,#6240);
#6239 = CARTESIAN_POINT('',(-14.84493371212,10.731297348485,4.01));
#6240 = VECTOR('',#6241,1.);
#6241 = DIRECTION('',(-0.,-0.,-1.));
#6242 = ORIENTED_EDGE('',*,*,#6243,.T.);
#6243 = EDGE_CURVE('',#6236,#6210,#6244,.T.);
#6244 = B_SPLINE_CURVE_WITH_KNOTS('',2,(#6245,#6246,#6247),
  .UNSPECIFIED.,.F.,.F.,(3,3),(0.,1.),.PIECEWISE_BEZIER_KNOTS.);
#6245 = CARTESIAN_POINT('',(-14.84493371212,10.731297348485,2.51));
#6246 = CARTESIAN_POINT('',(-14.40625,11.075757575758,2.51));
#6247 = CARTESIAN_POINT('',(-13.71732954545,11.075757575758,2.51));
#6248 = ORIENTED_EDGE('',*,*,#6209,.F.);
#6249 = SURFACE_OF_LINEAR_EXTRUSION('',#6250,#6254);
#6250 = B_SPLINE_CURVE_WITH_KNOTS('',2,(#6251,#6252,#6253),
  .UNSPECIFIED.,.F.,.F.,(3,3),(0.,1.),.PIECEWISE_BEZIER_KNOTS.);
#6251 = CARTESIAN_POINT('',(-14.84493371212,10.731297348485,4.01));
#6252 = CARTESIAN_POINT('',(-14.40625,11.075757575758,4.01));
#6253 = CARTESIAN_POINT('',(-13.71732954545,11.075757575758,4.01));
#6254 = VECTOR('',#6255,1.);
#6255 = DIRECTION('',(0.,0.,1.));
#6256 = ADVANCED_FACE('',(#6257),#6275,.T.);
#6257 = FACE_BOUND('',#6258,.T.);
#6258 = EDGE_LOOP('',(#6259,#6260,#6268,#6274));
#6259 = ORIENTED_EDGE('',*,*,#1416,.T.);
#6260 = ORIENTED_EDGE('',*,*,#6261,.T.);
#6261 = EDGE_CURVE('',#1409,#6262,#6264,.T.);
#6262 = VERTEX_POINT('',#6263);
#6263 = CARTESIAN_POINT('',(-15.35440340909,9.772490530303,2.51));
#6264 = LINE('',#6265,#6266);
#6265 = CARTESIAN_POINT('',(-15.35440340909,9.772490530303,4.01));
#6266 = VECTOR('',#6267,1.);
#6267 = DIRECTION('',(-0.,-0.,-1.));
#6268 = ORIENTED_EDGE('',*,*,#6269,.T.);
#6269 = EDGE_CURVE('',#6262,#6236,#6270,.T.);
#6270 = B_SPLINE_CURVE_WITH_KNOTS('',2,(#6271,#6272,#6273),
  .UNSPECIFIED.,.F.,.F.,(3,3),(0.,1.),.PIECEWISE_BEZIER_KNOTS.);
#6271 = CARTESIAN_POINT('',(-15.35440340909,9.772490530303,2.51));
#6272 = CARTESIAN_POINT('',(-15.28338068181,10.386837121212,2.51));
#6273 = CARTESIAN_POINT('',(-14.84493371212,10.731297348485,2.51));
#6274 = ORIENTED_EDGE('',*,*,#6235,.F.);
#6275 = SURFACE_OF_LINEAR_EXTRUSION('',#6276,#6280);
#6276 = B_SPLINE_CURVE_WITH_KNOTS('',2,(#6277,#6278,#6279),
  .UNSPECIFIED.,.F.,.F.,(3,3),(0.,1.),.PIECEWISE_BEZIER_KNOTS.);
#6277 = CARTESIAN_POINT('',(-15.35440340909,9.772490530303,4.01));
#6278 = CARTESIAN_POINT('',(-15.28338068181,10.386837121212,4.01));
#6279 = CARTESIAN_POINT('',(-14.84493371212,10.731297348485,4.01));
#6280 = VECTOR('',#6281,1.);
#6281 = DIRECTION('',(0.,0.,1.));
#6282 = ADVANCED_FACE('',(#6283),#6301,.T.);
#6283 = FACE_BOUND('',#6284,.T.);
#6284 = EDGE_LOOP('',(#6285,#6286,#6294,#6300));
#6285 = ORIENTED_EDGE('',*,*,#1408,.F.);
#6286 = ORIENTED_EDGE('',*,*,#6287,.T.);
#6287 = EDGE_CURVE('',#1392,#6288,#6290,.T.);
#6288 = VERTEX_POINT('',#6289);
#6289 = CARTESIAN_POINT('',(-14.71164772727,9.722774621212,2.51));
#6290 = LINE('',#6291,#6292);
#6291 = CARTESIAN_POINT('',(-14.71164772727,9.722774621212,4.01));
#6292 = VECTOR('',#6293,1.);
#6293 = DIRECTION('',(-0.,-0.,-1.));
#6294 = ORIENTED_EDGE('',*,*,#6295,.T.);
#6295 = EDGE_CURVE('',#6288,#6262,#6296,.T.);
#6296 = LINE('',#6297,#6298);
#6297 = CARTESIAN_POINT('',(-14.71164772727,9.722774621212,2.51));
#6298 = VECTOR('',#6299,1.);
#6299 = DIRECTION('',(-0.997021994117,7.711772330186E-02,0.));
#6300 = ORIENTED_EDGE('',*,*,#6261,.F.);
#6301 = PLANE('',#6302);
#6302 = AXIS2_PLACEMENT_3D('',#6303,#6304,#6305);
#6303 = CARTESIAN_POINT('',(-14.71164772727,9.722774621212,4.01));
#6304 = DIRECTION('',(7.711772330186E-02,0.997021994117,-0.));
#6305 = DIRECTION('',(-0.997021994117,7.711772330186E-02,0.));
#6306 = ADVANCED_FACE('',(#6307),#6325,.T.);
#6307 = FACE_BOUND('',#6308,.T.);
#6308 = EDGE_LOOP('',(#6309,#6310,#6318,#6324));
#6309 = ORIENTED_EDGE('',*,*,#1391,.T.);
#6310 = ORIENTED_EDGE('',*,*,#6311,.T.);
#6311 = EDGE_CURVE('',#1373,#6312,#6314,.T.);
#6312 = VERTEX_POINT('',#6313);
#6313 = CARTESIAN_POINT('',(-14.40814393939,10.333570075758,2.51));
#6314 = LINE('',#6315,#6316);
#6315 = CARTESIAN_POINT('',(-14.40814393939,10.333570075758,4.01));
#6316 = VECTOR('',#6317,1.);
#6317 = DIRECTION('',(-0.,-0.,-1.));
#6318 = ORIENTED_EDGE('',*,*,#6319,.T.);
#6319 = EDGE_CURVE('',#6312,#6288,#6320,.T.);
#6320 = B_SPLINE_CURVE_WITH_KNOTS('',2,(#6321,#6322,#6323),
  .UNSPECIFIED.,.F.,.F.,(3,3),(0.,1.),.PIECEWISE_BEZIER_KNOTS.);
#6321 = CARTESIAN_POINT('',(-14.40814393939,10.333570075758,2.51));
#6322 = CARTESIAN_POINT('',(-14.6690340909,10.116950757576,2.51));
#6323 = CARTESIAN_POINT('',(-14.71164772727,9.722774621212,2.51));
#6324 = ORIENTED_EDGE('',*,*,#6287,.F.);
#6325 = SURFACE_OF_LINEAR_EXTRUSION('',#6326,#6330);
#6326 = B_SPLINE_CURVE_WITH_KNOTS('',2,(#6327,#6328,#6329),
  .UNSPECIFIED.,.F.,.F.,(3,3),(0.,1.),.PIECEWISE_BEZIER_KNOTS.);
#6327 = CARTESIAN_POINT('',(-14.40814393939,10.333570075758,4.01));
#6328 = CARTESIAN_POINT('',(-14.6690340909,10.116950757576,4.01));
#6329 = CARTESIAN_POINT('',(-14.71164772727,9.722774621212,4.01));
#6330 = VECTOR('',#6331,1.);
#6331 = DIRECTION('',(0.,0.,1.));
#6332 = ADVANCED_FACE('',(#6333),#6351,.T.);
#6333 = FACE_BOUND('',#6334,.T.);
#6334 = EDGE_LOOP('',(#6335,#6336,#6344,#6350));
#6335 = ORIENTED_EDGE('',*,*,#1372,.T.);
#6336 = ORIENTED_EDGE('',*,*,#6337,.T.);
#6337 = EDGE_CURVE('',#1356,#6338,#6340,.T.);
#6338 = VERTEX_POINT('',#6339);
#6339 = CARTESIAN_POINT('',(-13.72443181818,10.550189393939,2.51));
#6340 = LINE('',#6341,#6342);
#6341 = CARTESIAN_POINT('',(-13.72443181818,10.550189393939,4.01));
#6342 = VECTOR('',#6343,1.);
#6343 = DIRECTION('',(-0.,-0.,-1.));
#6344 = ORIENTED_EDGE('',*,*,#6345,.T.);
#6345 = EDGE_CURVE('',#6338,#6312,#6346,.T.);
#6346 = B_SPLINE_CURVE_WITH_KNOTS('',2,(#6347,#6348,#6349),
  .UNSPECIFIED.,.F.,.F.,(3,3),(0.,1.),.PIECEWISE_BEZIER_KNOTS.);
#6347 = CARTESIAN_POINT('',(-13.72443181818,10.550189393939,2.51));
#6348 = CARTESIAN_POINT('',(-14.14701704545,10.550189393939,2.51));
#6349 = CARTESIAN_POINT('',(-14.40814393939,10.333570075758,2.51));
#6350 = ORIENTED_EDGE('',*,*,#6311,.F.);
#6351 = SURFACE_OF_LINEAR_EXTRUSION('',#6352,#6356);
#6352 = B_SPLINE_CURVE_WITH_KNOTS('',2,(#6353,#6354,#6355),
  .UNSPECIFIED.,.F.,.F.,(3,3),(0.,1.),.PIECEWISE_BEZIER_KNOTS.);
#6353 = CARTESIAN_POINT('',(-13.72443181818,10.550189393939,4.01));
#6354 = CARTESIAN_POINT('',(-14.14701704545,10.550189393939,4.01));
#6355 = CARTESIAN_POINT('',(-14.40814393939,10.333570075758,4.01));
#6356 = VECTOR('',#6357,1.);
#6357 = DIRECTION('',(0.,0.,1.));
#6358 = ADVANCED_FACE('',(#6359),#6377,.T.);
#6359 = FACE_BOUND('',#6360,.T.);
#6360 = EDGE_LOOP('',(#6361,#6362,#6370,#6376));
#6361 = ORIENTED_EDGE('',*,*,#1355,.T.);
#6362 = ORIENTED_EDGE('',*,*,#6363,.T.);
#6363 = EDGE_CURVE('',#1339,#6364,#6366,.T.);
#6364 = VERTEX_POINT('',#6365);
#6365 = CARTESIAN_POINT('',(-13.02320075757,10.317234848485,2.51));
#6366 = LINE('',#6367,#6368);
#6367 = CARTESIAN_POINT('',(-13.02320075757,10.317234848485,4.01));
#6368 = VECTOR('',#6369,1.);
#6369 = DIRECTION('',(-0.,-0.,-1.));
#6370 = ORIENTED_EDGE('',*,*,#6371,.T.);
#6371 = EDGE_CURVE('',#6364,#6338,#6372,.T.);
#6372 = B_SPLINE_CURVE_WITH_KNOTS('',2,(#6373,#6374,#6375),
  .UNSPECIFIED.,.F.,.F.,(3,3),(0.,1.),.PIECEWISE_BEZIER_KNOTS.);
#6373 = CARTESIAN_POINT('',(-13.02320075757,10.317234848485,2.51));
#6374 = CARTESIAN_POINT('',(-13.25923295454,10.550189393939,2.51));
#6375 = CARTESIAN_POINT('',(-13.72443181818,10.550189393939,2.51));
#6376 = ORIENTED_EDGE('',*,*,#6337,.F.);
#6377 = SURFACE_OF_LINEAR_EXTRUSION('',#6378,#6382);
#6378 = B_SPLINE_CURVE_WITH_KNOTS('',2,(#6379,#6380,#6381),
  .UNSPECIFIED.,.F.,.F.,(3,3),(0.,1.),.PIECEWISE_BEZIER_KNOTS.);
#6379 = CARTESIAN_POINT('',(-13.02320075757,10.317234848485,4.01));
#6380 = CARTESIAN_POINT('',(-13.25923295454,10.550189393939,4.01));
#6381 = CARTESIAN_POINT('',(-13.72443181818,10.550189393939,4.01));
#6382 = VECTOR('',#6383,1.);
#6383 = DIRECTION('',(0.,0.,1.));
#6384 = ADVANCED_FACE('',(#6385),#6403,.T.);
#6385 = FACE_BOUND('',#6386,.T.);
#6386 = EDGE_LOOP('',(#6387,#6388,#6396,#6402));
#6387 = ORIENTED_EDGE('',*,*,#1338,.T.);
#6388 = ORIENTED_EDGE('',*,*,#6389,.T.);
#6389 = EDGE_CURVE('',#1324,#6390,#6392,.T.);
#6390 = VERTEX_POINT('',#6391);
#6391 = CARTESIAN_POINT('',(-12.78693181818,9.682291666667,2.51));
#6392 = LINE('',#6393,#6394);
#6393 = CARTESIAN_POINT('',(-12.78693181818,9.682291666667,4.01));
#6394 = VECTOR('',#6395,1.);
#6395 = DIRECTION('',(-0.,-0.,-1.));
#6396 = ORIENTED_EDGE('',*,*,#6397,.T.);
#6397 = EDGE_CURVE('',#6390,#6364,#6398,.T.);
#6398 = B_SPLINE_CURVE_WITH_KNOTS('',2,(#6399,#6400,#6401),
  .UNSPECIFIED.,.F.,.F.,(3,3),(0.,1.),.PIECEWISE_BEZIER_KNOTS.);
#6399 = CARTESIAN_POINT('',(-12.78693181818,9.682291666667,2.51));
#6400 = CARTESIAN_POINT('',(-12.78693181818,10.08428030303,2.51));
#6401 = CARTESIAN_POINT('',(-13.02320075757,10.317234848485,2.51));
#6402 = ORIENTED_EDGE('',*,*,#6363,.F.);
#6403 = SURFACE_OF_LINEAR_EXTRUSION('',#6404,#6408);
#6404 = B_SPLINE_CURVE_WITH_KNOTS('',2,(#6405,#6406,#6407),
  .UNSPECIFIED.,.F.,.F.,(3,3),(0.,1.),.PIECEWISE_BEZIER_KNOTS.);
#6405 = CARTESIAN_POINT('',(-12.78693181818,9.682291666667,4.01));
#6406 = CARTESIAN_POINT('',(-12.78693181818,10.08428030303,4.01));
#6407 = CARTESIAN_POINT('',(-13.02320075757,10.317234848485,4.01));
#6408 = VECTOR('',#6409,1.);
#6409 = DIRECTION('',(0.,0.,1.));
#6410 = ADVANCED_FACE('',(#6411),#6429,.T.);
#6411 = FACE_BOUND('',#6412,.T.);
#6412 = EDGE_LOOP('',(#6413,#6414,#6422,#6428));
#6413 = ORIENTED_EDGE('',*,*,#1323,.T.);
#6414 = ORIENTED_EDGE('',*,*,#6415,.T.);
#6415 = EDGE_CURVE('',#1307,#6416,#6418,.T.);
#6416 = VERTEX_POINT('',#6417);
#6417 = CARTESIAN_POINT('',(-13.07646780303,9.047585227273,2.51));
#6418 = LINE('',#6419,#6420);
#6419 = CARTESIAN_POINT('',(-13.07646780303,9.047585227273,4.01));
#6420 = VECTOR('',#6421,1.);
#6421 = DIRECTION('',(-0.,-0.,-1.));
#6422 = ORIENTED_EDGE('',*,*,#6423,.T.);
#6423 = EDGE_CURVE('',#6416,#6390,#6424,.T.);
#6424 = B_SPLINE_CURVE_WITH_KNOTS('',2,(#6425,#6426,#6427),
  .UNSPECIFIED.,.F.,.F.,(3,3),(0.,1.),.PIECEWISE_BEZIER_KNOTS.);
#6425 = CARTESIAN_POINT('',(-13.07646780303,9.047585227273,2.51));
#6426 = CARTESIAN_POINT('',(-12.78693181818,9.276988636364,2.51));
#6427 = CARTESIAN_POINT('',(-12.78693181818,9.682291666667,2.51));
#6428 = ORIENTED_EDGE('',*,*,#6389,.F.);
#6429 = SURFACE_OF_LINEAR_EXTRUSION('',#6430,#6434);
#6430 = B_SPLINE_CURVE_WITH_KNOTS('',2,(#6431,#6432,#6433),
  .UNSPECIFIED.,.F.,.F.,(3,3),(0.,1.),.PIECEWISE_BEZIER_KNOTS.);
#6431 = CARTESIAN_POINT('',(-13.07646780303,9.047585227273,4.01));
#6432 = CARTESIAN_POINT('',(-12.78693181818,9.276988636364,4.01));
#6433 = CARTESIAN_POINT('',(-12.78693181818,9.682291666667,4.01));
#6434 = VECTOR('',#6435,1.);
#6435 = DIRECTION('',(0.,0.,1.));
#6436 = ADVANCED_FACE('',(#6437),#6455,.T.);
#6437 = FACE_BOUND('',#6438,.T.);
#6438 = EDGE_LOOP('',(#6439,#6440,#6448,#6454));
#6439 = ORIENTED_EDGE('',*,*,#1306,.T.);
#6440 = ORIENTED_EDGE('',*,*,#6441,.T.);
#6441 = EDGE_CURVE('',#1299,#6442,#6444,.T.);
#6442 = VERTEX_POINT('',#6443);
#6443 = CARTESIAN_POINT('',(-13.89133522727,8.818181818182,2.51));
#6444 = LINE('',#6445,#6446);
#6445 = CARTESIAN_POINT('',(-13.89133522727,8.818181818182,4.01));
#6446 = VECTOR('',#6447,1.);
#6447 = DIRECTION('',(-0.,-0.,-1.));
#6448 = ORIENTED_EDGE('',*,*,#6449,.T.);
#6449 = EDGE_CURVE('',#6442,#6416,#6450,.T.);
#6450 = B_SPLINE_CURVE_WITH_KNOTS('',2,(#6451,#6452,#6453),
  .UNSPECIFIED.,.F.,.F.,(3,3),(0.,1.),.PIECEWISE_BEZIER_KNOTS.);
#6451 = CARTESIAN_POINT('',(-13.89133522727,8.818181818182,2.51));
#6452 = CARTESIAN_POINT('',(-13.36576704545,8.818181818182,2.51));
#6453 = CARTESIAN_POINT('',(-13.07646780303,9.047585227273,2.51));
#6454 = ORIENTED_EDGE('',*,*,#6415,.F.);
#6455 = SURFACE_OF_LINEAR_EXTRUSION('',#6456,#6460);
#6456 = B_SPLINE_CURVE_WITH_KNOTS('',2,(#6457,#6458,#6459),
  .UNSPECIFIED.,.F.,.F.,(3,3),(0.,1.),.PIECEWISE_BEZIER_KNOTS.);
#6457 = CARTESIAN_POINT('',(-13.89133522727,8.818181818182,4.01));
#6458 = CARTESIAN_POINT('',(-13.36576704545,8.818181818182,4.01));
#6459 = CARTESIAN_POINT('',(-13.07646780303,9.047585227273,4.01));
#6460 = VECTOR('',#6461,1.);
#6461 = DIRECTION('',(0.,0.,1.));
#6462 = ADVANCED_FACE('',(#6463),#6481,.T.);
#6463 = FACE_BOUND('',#6464,.T.);
#6464 = EDGE_LOOP('',(#6465,#6466,#6474,#6480));
#6465 = ORIENTED_EDGE('',*,*,#1298,.F.);
#6466 = ORIENTED_EDGE('',*,*,#6467,.T.);
#6467 = EDGE_CURVE('',#1291,#6468,#6470,.T.);
#6468 = VERTEX_POINT('',#6469);
#6469 = CARTESIAN_POINT('',(-14.2393465909,8.818181818182,2.51));
#6470 = LINE('',#6471,#6472);
#6471 = CARTESIAN_POINT('',(-14.2393465909,8.818181818182,4.01));
#6472 = VECTOR('',#6473,1.);
#6473 = DIRECTION('',(-0.,-0.,-1.));
#6474 = ORIENTED_EDGE('',*,*,#6475,.T.);
#6475 = EDGE_CURVE('',#6468,#6442,#6476,.T.);
#6476 = LINE('',#6477,#6478);
#6477 = CARTESIAN_POINT('',(-14.2393465909,8.818181818182,2.51));
#6478 = VECTOR('',#6479,1.);
#6479 = DIRECTION('',(1.,0.,0.));
#6480 = ORIENTED_EDGE('',*,*,#6441,.F.);
#6481 = PLANE('',#6482);
#6482 = AXIS2_PLACEMENT_3D('',#6483,#6484,#6485);
#6483 = CARTESIAN_POINT('',(-14.2393465909,8.818181818182,4.01));
#6484 = DIRECTION('',(0.,-1.,0.));
#6485 = DIRECTION('',(1.,0.,0.));
#6486 = ADVANCED_FACE('',(#6487),#6505,.T.);
#6487 = FACE_BOUND('',#6488,.T.);
#6488 = EDGE_LOOP('',(#6489,#6490,#6498,#6504));
#6489 = ORIENTED_EDGE('',*,*,#1290,.F.);
#6490 = ORIENTED_EDGE('',*,*,#6491,.T.);
#6491 = EDGE_CURVE('',#1283,#6492,#6494,.T.);
#6492 = VERTEX_POINT('',#6493);
#6493 = CARTESIAN_POINT('',(-14.2393465909,8.264204545455,2.51));
#6494 = LINE('',#6495,#6496);
#6495 = CARTESIAN_POINT('',(-14.2393465909,8.264204545455,4.01));
#6496 = VECTOR('',#6497,1.);
#6497 = DIRECTION('',(-0.,-0.,-1.));
#6498 = ORIENTED_EDGE('',*,*,#6499,.T.);
#6499 = EDGE_CURVE('',#6492,#6468,#6500,.T.);
#6500 = LINE('',#6501,#6502);
#6501 = CARTESIAN_POINT('',(-14.2393465909,8.264204545455,2.51));
#6502 = VECTOR('',#6503,1.);
#6503 = DIRECTION('',(0.,1.,0.));
#6504 = ORIENTED_EDGE('',*,*,#6467,.F.);
#6505 = PLANE('',#6506);
#6506 = AXIS2_PLACEMENT_3D('',#6507,#6508,#6509);
#6507 = CARTESIAN_POINT('',(-14.2393465909,8.264204545455,4.01));
#6508 = DIRECTION('',(1.,0.,0.));
#6509 = DIRECTION('',(-0.,1.,0.));
#6510 = ADVANCED_FACE('',(#6511),#6529,.T.);
#6511 = FACE_BOUND('',#6512,.T.);
#6512 = EDGE_LOOP('',(#6513,#6514,#6522,#6528));
#6513 = ORIENTED_EDGE('',*,*,#1282,.F.);
#6514 = ORIENTED_EDGE('',*,*,#6515,.T.);
#6515 = EDGE_CURVE('',#1266,#6516,#6518,.T.);
#6516 = VERTEX_POINT('',#6517);
#6517 = CARTESIAN_POINT('',(-13.87713068181,8.264204545455,2.51));
#6518 = LINE('',#6519,#6520);
#6519 = CARTESIAN_POINT('',(-13.87713068181,8.264204545455,4.01));
#6520 = VECTOR('',#6521,1.);
#6521 = DIRECTION('',(-0.,-0.,-1.));
#6522 = ORIENTED_EDGE('',*,*,#6523,.T.);
#6523 = EDGE_CURVE('',#6516,#6492,#6524,.T.);
#6524 = LINE('',#6525,#6526);
#6525 = CARTESIAN_POINT('',(-13.87713068181,8.264204545455,2.51));
#6526 = VECTOR('',#6527,1.);
#6527 = DIRECTION('',(-1.,0.,0.));
#6528 = ORIENTED_EDGE('',*,*,#6491,.F.);
#6529 = PLANE('',#6530);
#6530 = AXIS2_PLACEMENT_3D('',#6531,#6532,#6533);
#6531 = CARTESIAN_POINT('',(-13.87713068181,8.264204545455,4.01));
#6532 = DIRECTION('',(0.,1.,-0.));
#6533 = DIRECTION('',(-1.,0.,0.));
#6534 = ADVANCED_FACE('',(#6535),#6553,.T.);
#6535 = FACE_BOUND('',#6536,.T.);
#6536 = EDGE_LOOP('',(#6537,#6538,#6546,#6552));
#6537 = ORIENTED_EDGE('',*,*,#1265,.T.);
#6538 = ORIENTED_EDGE('',*,*,#6539,.T.);
#6539 = EDGE_CURVE('',#1251,#6540,#6542,.T.);
#6540 = VERTEX_POINT('',#6541);
#6541 = CARTESIAN_POINT('',(-12.96993371212,8.035037878788,2.51));
#6542 = LINE('',#6543,#6544);
#6543 = CARTESIAN_POINT('',(-12.96993371212,8.035037878788,4.01));
#6544 = VECTOR('',#6545,1.);
#6545 = DIRECTION('',(-0.,-0.,-1.));
#6546 = ORIENTED_EDGE('',*,*,#6547,.T.);
#6547 = EDGE_CURVE('',#6540,#6516,#6548,.T.);
#6548 = B_SPLINE_CURVE_WITH_KNOTS('',2,(#6549,#6550,#6551),
  .UNSPECIFIED.,.F.,.F.,(3,3),(0.,1.),.PIECEWISE_BEZIER_KNOTS.);
#6549 = CARTESIAN_POINT('',(-12.96993371212,8.035037878788,2.51));
#6550 = CARTESIAN_POINT('',(-13.28409090909,8.264204545455,2.51));
#6551 = CARTESIAN_POINT('',(-13.87713068181,8.264204545455,2.51));
#6552 = ORIENTED_EDGE('',*,*,#6515,.F.);
#6553 = SURFACE_OF_LINEAR_EXTRUSION('',#6554,#6558);
#6554 = B_SPLINE_CURVE_WITH_KNOTS('',2,(#6555,#6556,#6557),
  .UNSPECIFIED.,.F.,.F.,(3,3),(0.,1.),.PIECEWISE_BEZIER_KNOTS.);
#6555 = CARTESIAN_POINT('',(-12.96993371212,8.035037878788,4.01));
#6556 = CARTESIAN_POINT('',(-13.28409090909,8.264204545455,4.01));
#6557 = CARTESIAN_POINT('',(-13.87713068181,8.264204545455,4.01));
#6558 = VECTOR('',#6559,1.);
#6559 = DIRECTION('',(0.,0.,1.));
#6560 = ADVANCED_FACE('',(#6561),#6579,.T.);
#6561 = FACE_BOUND('',#6562,.T.);
#6562 = EDGE_LOOP('',(#6563,#6564,#6572,#6578));
#6563 = ORIENTED_EDGE('',*,*,#1250,.T.);
#6564 = ORIENTED_EDGE('',*,*,#6565,.T.);
#6565 = EDGE_CURVE('',#1234,#6566,#6568,.T.);
#6566 = VERTEX_POINT('',#6567);
#6567 = CARTESIAN_POINT('',(-12.65553977272,7.397727272727,2.51));
#6568 = LINE('',#6569,#6570);
#6569 = CARTESIAN_POINT('',(-12.65553977272,7.397727272727,4.01));
#6570 = VECTOR('',#6571,1.);
#6571 = DIRECTION('',(-0.,-0.,-1.));
#6572 = ORIENTED_EDGE('',*,*,#6573,.T.);
#6573 = EDGE_CURVE('',#6566,#6540,#6574,.T.);
#6574 = B_SPLINE_CURVE_WITH_KNOTS('',2,(#6575,#6576,#6577),
  .UNSPECIFIED.,.F.,.F.,(3,3),(0.,1.),.PIECEWISE_BEZIER_KNOTS.);
#6575 = CARTESIAN_POINT('',(-12.65553977272,7.397727272727,2.51));
#6576 = CARTESIAN_POINT('',(-12.65553977272,7.806107954545,2.51));
#6577 = CARTESIAN_POINT('',(-12.96993371212,8.035037878788,2.51));
#6578 = ORIENTED_EDGE('',*,*,#6539,.F.);
#6579 = SURFACE_OF_LINEAR_EXTRUSION('',#6580,#6584);
#6580 = B_SPLINE_CURVE_WITH_KNOTS('',2,(#6581,#6582,#6583),
  .UNSPECIFIED.,.F.,.F.,(3,3),(0.,1.),.PIECEWISE_BEZIER_KNOTS.);
#6581 = CARTESIAN_POINT('',(-12.65553977272,7.397727272727,4.01));
#6582 = CARTESIAN_POINT('',(-12.65553977272,7.806107954545,4.01));
#6583 = CARTESIAN_POINT('',(-12.96993371212,8.035037878788,4.01));
#6584 = VECTOR('',#6585,1.);
#6585 = DIRECTION('',(0.,0.,1.));
#6586 = ADVANCED_FACE('',(#6587),#6605,.T.);
#6587 = FACE_BOUND('',#6588,.T.);
#6588 = EDGE_LOOP('',(#6589,#6590,#6598,#6604));
#6589 = ORIENTED_EDGE('',*,*,#1233,.T.);
#6590 = ORIENTED_EDGE('',*,*,#6591,.T.);
#6591 = EDGE_CURVE('',#1219,#6592,#6594,.T.);
#6592 = VERTEX_POINT('',#6593);
#6593 = CARTESIAN_POINT('',(-12.93087121212,6.691287878788,2.51));
#6594 = LINE('',#6595,#6596);
#6595 = CARTESIAN_POINT('',(-12.93087121212,6.691287878788,4.01));
#6596 = VECTOR('',#6597,1.);
#6597 = DIRECTION('',(-0.,-0.,-1.));
#6598 = ORIENTED_EDGE('',*,*,#6599,.T.);
#6599 = EDGE_CURVE('',#6592,#6566,#6600,.T.);
#6600 = B_SPLINE_CURVE_WITH_KNOTS('',2,(#6601,#6602,#6603),
  .UNSPECIFIED.,.F.,.F.,(3,3),(0.,1.),.PIECEWISE_BEZIER_KNOTS.);
#6601 = CARTESIAN_POINT('',(-12.93087121212,6.691287878788,2.51));
#6602 = CARTESIAN_POINT('',(-12.65553977272,6.929214015152,2.51));
#6603 = CARTESIAN_POINT('',(-12.65553977272,7.397727272727,2.51));
#6604 = ORIENTED_EDGE('',*,*,#6565,.F.);
#6605 = SURFACE_OF_LINEAR_EXTRUSION('',#6606,#6610);
#6606 = B_SPLINE_CURVE_WITH_KNOTS('',2,(#6607,#6608,#6609),
  .UNSPECIFIED.,.F.,.F.,(3,3),(0.,1.),.PIECEWISE_BEZIER_KNOTS.);
#6607 = CARTESIAN_POINT('',(-12.93087121212,6.691287878788,4.01));
#6608 = CARTESIAN_POINT('',(-12.65553977272,6.929214015152,4.01));
#6609 = CARTESIAN_POINT('',(-12.65553977272,7.397727272727,4.01));
#6610 = VECTOR('',#6611,1.);
#6611 = DIRECTION('',(0.,0.,1.));
#6612 = ADVANCED_FACE('',(#6613),#6631,.T.);
#6613 = FACE_BOUND('',#6614,.T.);
#6614 = EDGE_LOOP('',(#6615,#6616,#6624,#6630));
#6615 = ORIENTED_EDGE('',*,*,#1218,.T.);
#6616 = ORIENTED_EDGE('',*,*,#6617,.T.);
#6617 = EDGE_CURVE('',#1188,#6618,#6620,.T.);
#6618 = VERTEX_POINT('',#6619);
#6619 = CARTESIAN_POINT('',(-13.68892045454,6.453361742424,2.51));
#6620 = LINE('',#6621,#6622);
#6621 = CARTESIAN_POINT('',(-13.68892045454,6.453361742424,4.01));
#6622 = VECTOR('',#6623,1.);
#6623 = DIRECTION('',(-0.,-0.,-1.));
#6624 = ORIENTED_EDGE('',*,*,#6625,.T.);
#6625 = EDGE_CURVE('',#6618,#6592,#6626,.T.);
#6626 = B_SPLINE_CURVE_WITH_KNOTS('',2,(#6627,#6628,#6629),
  .UNSPECIFIED.,.F.,.F.,(3,3),(0.,1.),.PIECEWISE_BEZIER_KNOTS.);
#6627 = CARTESIAN_POINT('',(-13.68892045454,6.453361742424,2.51));
#6628 = CARTESIAN_POINT('',(-13.20596590909,6.453361742424,2.51));
#6629 = CARTESIAN_POINT('',(-12.93087121212,6.691287878788,2.51));
#6630 = ORIENTED_EDGE('',*,*,#6591,.F.);
#6631 = SURFACE_OF_LINEAR_EXTRUSION('',#6632,#6636);
#6632 = B_SPLINE_CURVE_WITH_KNOTS('',2,(#6633,#6634,#6635),
  .UNSPECIFIED.,.F.,.F.,(3,3),(0.,1.),.PIECEWISE_BEZIER_KNOTS.);
#6633 = CARTESIAN_POINT('',(-13.68892045454,6.453361742424,4.01));
#6634 = CARTESIAN_POINT('',(-13.20596590909,6.453361742424,4.01));
#6635 = CARTESIAN_POINT('',(-12.93087121212,6.691287878788,4.01));
#6636 = VECTOR('',#6637,1.);
#6637 = DIRECTION('',(0.,0.,1.));
#6638 = ADVANCED_FACE('',(#6639),#6657,.T.);
#6639 = FACE_BOUND('',#6640,.T.);
#6640 = EDGE_LOOP('',(#6641,#6642,#6650,#6656));
#6641 = ORIENTED_EDGE('',*,*,#1187,.T.);
#6642 = ORIENTED_EDGE('',*,*,#6643,.T.);
#6643 = EDGE_CURVE('',#1180,#6644,#6646,.T.);
#6644 = VERTEX_POINT('',#6645);
#6645 = CARTESIAN_POINT('',(-14.77911931818,7.341145833333,2.51));
#6646 = LINE('',#6647,#6648);
#6647 = CARTESIAN_POINT('',(-14.77911931818,7.341145833333,4.01));
#6648 = VECTOR('',#6649,1.);
#6649 = DIRECTION('',(-0.,-0.,-1.));
#6650 = ORIENTED_EDGE('',*,*,#6651,.T.);
#6651 = EDGE_CURVE('',#6644,#6618,#6652,.T.);
#6652 = B_SPLINE_CURVE_WITH_KNOTS('',2,(#6653,#6654,#6655),
  .UNSPECIFIED.,.F.,.F.,(3,3),(0.,1.),.PIECEWISE_BEZIER_KNOTS.);
#6653 = CARTESIAN_POINT('',(-14.77911931818,7.341145833333,2.51));
#6654 = CARTESIAN_POINT('',(-14.65127840909,6.453361742424,2.51));
#6655 = CARTESIAN_POINT('',(-13.68892045454,6.453361742424,2.51));
#6656 = ORIENTED_EDGE('',*,*,#6617,.F.);
#6657 = SURFACE_OF_LINEAR_EXTRUSION('',#6658,#6662);
#6658 = B_SPLINE_CURVE_WITH_KNOTS('',2,(#6659,#6660,#6661),
  .UNSPECIFIED.,.F.,.F.,(3,3),(0.,1.),.PIECEWISE_BEZIER_KNOTS.);
#6659 = CARTESIAN_POINT('',(-14.77911931818,7.341145833333,4.01));
#6660 = CARTESIAN_POINT('',(-14.65127840909,6.453361742424,4.01));
#6661 = CARTESIAN_POINT('',(-13.68892045454,6.453361742424,4.01));
#6662 = VECTOR('',#6663,1.);
#6663 = DIRECTION('',(0.,0.,1.));
#6664 = ADVANCED_FACE('',(#6665),#6683,.T.);
#6665 = FACE_BOUND('',#6666,.T.);
#6666 = EDGE_LOOP('',(#6667,#6668,#6676,#6682));
#6667 = ORIENTED_EDGE('',*,*,#1179,.F.);
#6668 = ORIENTED_EDGE('',*,*,#6669,.T.);
#6669 = EDGE_CURVE('',#1161,#6670,#6672,.T.);
#6670 = VERTEX_POINT('',#6671);
#6671 = CARTESIAN_POINT('',(-15.43963068181,7.280776515152,2.51));
#6672 = LINE('',#6673,#6674);
#6673 = CARTESIAN_POINT('',(-15.43963068181,7.280776515152,4.01));
#6674 = VECTOR('',#6675,1.);
#6675 = DIRECTION('',(-0.,-0.,-1.));
#6676 = ORIENTED_EDGE('',*,*,#6677,.T.);
#6677 = EDGE_CURVE('',#6670,#6644,#6678,.T.);
#6678 = LINE('',#6679,#6680);
#6679 = CARTESIAN_POINT('',(-15.43963068181,7.280776515152,2.51));
#6680 = VECTOR('',#6681,1.);
#6681 = DIRECTION('',(0.995849203993,9.101847563376E-02,0.));
#6682 = ORIENTED_EDGE('',*,*,#6643,.F.);
#6683 = PLANE('',#6684);
#6684 = AXIS2_PLACEMENT_3D('',#6685,#6686,#6687);
#6685 = CARTESIAN_POINT('',(-15.43963068181,7.280776515152,4.01));
#6686 = DIRECTION('',(9.101847563376E-02,-0.995849203993,0.));
#6687 = DIRECTION('',(0.995849203993,9.101847563376E-02,0.));
#6688 = ADVANCED_FACE('',(#6689),#6707,.T.);
#6689 = FACE_BOUND('',#6690,.T.);
#6690 = EDGE_LOOP('',(#6691,#6692,#6700,#6706));
#6691 = ORIENTED_EDGE('',*,*,#1160,.T.);
#6692 = ORIENTED_EDGE('',*,*,#6693,.T.);
#6693 = EDGE_CURVE('',#1144,#6694,#6696,.T.);
#6694 = VERTEX_POINT('',#6695);
#6695 = CARTESIAN_POINT('',(-14.90175189393,6.266808712121,2.51));
#6696 = LINE('',#6697,#6698);
#6697 = CARTESIAN_POINT('',(-14.90175189393,6.266808712121,4.01));
#6698 = VECTOR('',#6699,1.);
#6699 = DIRECTION('',(-0.,-0.,-1.));
#6700 = ORIENTED_EDGE('',*,*,#6701,.T.);
#6701 = EDGE_CURVE('',#6694,#6670,#6702,.T.);
#6702 = B_SPLINE_CURVE_WITH_KNOTS('',2,(#6703,#6704,#6705),
  .UNSPECIFIED.,.F.,.F.,(3,3),(0.,1.),.PIECEWISE_BEZIER_KNOTS.);
#6703 = CARTESIAN_POINT('',(-14.90175189393,6.266808712121,2.51));
#6704 = CARTESIAN_POINT('',(-15.35440340909,6.609611742424,2.51));
#6705 = CARTESIAN_POINT('',(-15.43963068181,7.280776515152,2.51));
#6706 = ORIENTED_EDGE('',*,*,#6669,.F.);
#6707 = SURFACE_OF_LINEAR_EXTRUSION('',#6708,#6712);
#6708 = B_SPLINE_CURVE_WITH_KNOTS('',2,(#6709,#6710,#6711),
  .UNSPECIFIED.,.F.,.F.,(3,3),(0.,1.),.PIECEWISE_BEZIER_KNOTS.);
#6709 = CARTESIAN_POINT('',(-14.90175189393,6.266808712121,4.01));
#6710 = CARTESIAN_POINT('',(-15.35440340909,6.609611742424,4.01));
#6711 = CARTESIAN_POINT('',(-15.43963068181,7.280776515152,4.01));
#6712 = VECTOR('',#6713,1.);
#6713 = DIRECTION('',(0.,0.,1.));
#6714 = ADVANCED_FACE('',(#6715),#6733,.T.);
#6715 = FACE_BOUND('',#6716,.T.);
#6716 = EDGE_LOOP('',(#6717,#6718,#6726,#6732));
#6717 = ORIENTED_EDGE('',*,*,#1143,.T.);
#6718 = ORIENTED_EDGE('',*,*,#6719,.T.);
#6719 = EDGE_CURVE('',#1122,#6720,#6722,.T.);
#6720 = VERTEX_POINT('',#6721);
#6721 = CARTESIAN_POINT('',(-13.68892045454,5.924242424242,2.51));
#6722 = LINE('',#6723,#6724);
#6723 = CARTESIAN_POINT('',(-13.68892045454,5.924242424242,4.01));
#6724 = VECTOR('',#6725,1.);
#6725 = DIRECTION('',(-0.,-0.,-1.));
#6726 = ORIENTED_EDGE('',*,*,#6727,.T.);
#6727 = EDGE_CURVE('',#6720,#6694,#6728,.T.);
#6728 = B_SPLINE_CURVE_WITH_KNOTS('',2,(#6729,#6730,#6731),
  .UNSPECIFIED.,.F.,.F.,(3,3),(0.,1.),.PIECEWISE_BEZIER_KNOTS.);
#6729 = CARTESIAN_POINT('',(-13.68892045454,5.924242424242,2.51));
#6730 = CARTESIAN_POINT('',(-14.44886363636,5.924242424242,2.51));
#6731 = CARTESIAN_POINT('',(-14.90175189393,6.266808712121,2.51));
#6732 = ORIENTED_EDGE('',*,*,#6693,.F.);
#6733 = SURFACE_OF_LINEAR_EXTRUSION('',#6734,#6738);
#6734 = B_SPLINE_CURVE_WITH_KNOTS('',2,(#6735,#6736,#6737),
  .UNSPECIFIED.,.F.,.F.,(3,3),(0.,1.),.PIECEWISE_BEZIER_KNOTS.);
#6735 = CARTESIAN_POINT('',(-13.68892045454,5.924242424242,4.01));
#6736 = CARTESIAN_POINT('',(-14.44886363636,5.924242424242,4.01));
#6737 = CARTESIAN_POINT('',(-14.90175189393,6.266808712121,4.01));
#6738 = VECTOR('',#6739,1.);
#6739 = DIRECTION('',(0.,0.,1.));
#6740 = ADVANCED_FACE('',(#6741),#6752,.T.);
#6741 = FACE_BOUND('',#6742,.T.);
#6742 = EDGE_LOOP('',(#6743,#6744,#6745,#6751));
#6743 = ORIENTED_EDGE('',*,*,#1121,.T.);
#6744 = ORIENTED_EDGE('',*,*,#6038,.T.);
#6745 = ORIENTED_EDGE('',*,*,#6746,.T.);
#6746 = EDGE_CURVE('',#6031,#6720,#6747,.T.);
#6747 = B_SPLINE_CURVE_WITH_KNOTS('',2,(#6748,#6749,#6750),
  .UNSPECIFIED.,.F.,.F.,(3,3),(0.,1.),.PIECEWISE_BEZIER_KNOTS.);
#6748 = CARTESIAN_POINT('',(-12.43181818181,6.304214015152,2.51));
#6749 = CARTESIAN_POINT('',(-12.8721590909,5.924242424242,2.51));
#6750 = CARTESIAN_POINT('',(-13.68892045454,5.924242424242,2.51));
#6751 = ORIENTED_EDGE('',*,*,#6719,.F.);
#6752 = SURFACE_OF_LINEAR_EXTRUSION('',#6753,#6757);
#6753 = B_SPLINE_CURVE_WITH_KNOTS('',2,(#6754,#6755,#6756),
  .UNSPECIFIED.,.F.,.F.,(3,3),(0.,1.),.PIECEWISE_BEZIER_KNOTS.);
#6754 = CARTESIAN_POINT('',(-12.43181818181,6.304214015152,4.01));
#6755 = CARTESIAN_POINT('',(-12.8721590909,5.924242424242,4.01));
#6756 = CARTESIAN_POINT('',(-13.68892045454,5.924242424242,4.01));
#6757 = VECTOR('',#6758,1.);
#6758 = DIRECTION('',(0.,0.,1.));
#6759 = ADVANCED_FACE('',(#6760),#6785,.T.);
#6760 = FACE_BOUND('',#6761,.T.);
#6761 = EDGE_LOOP('',(#6762,#6763,#6771,#6779));
#6762 = ORIENTED_EDGE('',*,*,#1558,.F.);
#6763 = ORIENTED_EDGE('',*,*,#6764,.T.);
#6764 = EDGE_CURVE('',#1559,#6765,#6767,.T.);
#6765 = VERTEX_POINT('',#6766);
#6766 = CARTESIAN_POINT('',(-7.880681818182,6.,2.51));
#6767 = LINE('',#6768,#6769);
#6768 = CARTESIAN_POINT('',(-7.880681818182,6.,4.01));
#6769 = VECTOR('',#6770,1.);
#6770 = DIRECTION('',(-0.,-0.,-1.));
#6771 = ORIENTED_EDGE('',*,*,#6772,.T.);
#6772 = EDGE_CURVE('',#6765,#6773,#6775,.T.);
#6773 = VERTEX_POINT('',#6774);
#6774 = CARTESIAN_POINT('',(-11.19389204545,6.,2.51));
#6775 = LINE('',#6776,#6777);
#6776 = CARTESIAN_POINT('',(-7.880681818182,6.,2.51));
#6777 = VECTOR('',#6778,1.);
#6778 = DIRECTION('',(-1.,0.,0.));
#6779 = ORIENTED_EDGE('',*,*,#6780,.F.);
#6780 = EDGE_CURVE('',#1561,#6773,#6781,.T.);
#6781 = LINE('',#6782,#6783);
#6782 = CARTESIAN_POINT('',(-11.19389204545,6.,4.01));
#6783 = VECTOR('',#6784,1.);
#6784 = DIRECTION('',(-0.,-0.,-1.));
#6785 = PLANE('',#6786);
#6786 = AXIS2_PLACEMENT_3D('',#6787,#6788,#6789);
#6787 = CARTESIAN_POINT('',(-7.880681818182,6.,4.01));
#6788 = DIRECTION('',(0.,1.,-0.));
#6789 = DIRECTION('',(-1.,0.,0.));
#6790 = ADVANCED_FACE('',(#6791),#6809,.T.);
#6791 = FACE_BOUND('',#6792,.T.);
#6792 = EDGE_LOOP('',(#6793,#6794,#6802,#6808));
#6793 = ORIENTED_EDGE('',*,*,#1873,.F.);
#6794 = ORIENTED_EDGE('',*,*,#6795,.T.);
#6795 = EDGE_CURVE('',#1866,#6796,#6798,.T.);
#6796 = VERTEX_POINT('',#6797);
#6797 = CARTESIAN_POINT('',(-7.880681818182,6.543323863636,2.51));
#6798 = LINE('',#6799,#6800);
#6799 = CARTESIAN_POINT('',(-7.880681818182,6.543323863636,4.01));
#6800 = VECTOR('',#6801,1.);
#6801 = DIRECTION('',(-0.,-0.,-1.));
#6802 = ORIENTED_EDGE('',*,*,#6803,.T.);
#6803 = EDGE_CURVE('',#6796,#6765,#6804,.T.);
#6804 = LINE('',#6805,#6806);
#6805 = CARTESIAN_POINT('',(-7.880681818182,6.543323863636,2.51));
#6806 = VECTOR('',#6807,1.);
#6807 = DIRECTION('',(0.,-1.,0.));
#6808 = ORIENTED_EDGE('',*,*,#6764,.F.);
#6809 = PLANE('',#6810);
#6810 = AXIS2_PLACEMENT_3D('',#6811,#6812,#6813);
#6811 = CARTESIAN_POINT('',(-7.880681818182,6.543323863636,4.01));
#6812 = DIRECTION('',(-1.,0.,0.));
#6813 = DIRECTION('',(0.,-1.,0.));
#6814 = ADVANCED_FACE('',(#6815),#6833,.T.);
#6815 = FACE_BOUND('',#6816,.T.);
#6816 = EDGE_LOOP('',(#6817,#6818,#6826,#6832));
#6817 = ORIENTED_EDGE('',*,*,#1865,.F.);
#6818 = ORIENTED_EDGE('',*,*,#6819,.T.);
#6819 = EDGE_CURVE('',#1854,#6820,#6822,.T.);
#6820 = VERTEX_POINT('',#6821);
#6821 = CARTESIAN_POINT('',(-10.49076704545,6.543323863636,2.51));
#6822 = LINE('',#6823,#6824);
#6823 = CARTESIAN_POINT('',(-10.49076704545,6.543323863636,4.01));
#6824 = VECTOR('',#6825,1.);
#6825 = DIRECTION('',(-0.,-0.,-1.));
#6826 = ORIENTED_EDGE('',*,*,#6827,.T.);
#6827 = EDGE_CURVE('',#6820,#6796,#6828,.T.);
#6828 = LINE('',#6829,#6830);
#6829 = CARTESIAN_POINT('',(-10.49076704545,6.543323863636,2.51));
#6830 = VECTOR('',#6831,1.);
#6831 = DIRECTION('',(1.,0.,0.));
#6832 = ORIENTED_EDGE('',*,*,#6795,.F.);
#6833 = PLANE('',#6834);
#6834 = AXIS2_PLACEMENT_3D('',#6835,#6836,#6837);
#6835 = CARTESIAN_POINT('',(-10.49076704545,6.543323863636,4.01));
#6836 = DIRECTION('',(0.,-1.,0.));
#6837 = DIRECTION('',(1.,0.,0.));
#6838 = ADVANCED_FACE('',(#6839),#6857,.T.);
#6839 = FACE_BOUND('',#6840,.T.);
#6840 = EDGE_LOOP('',(#6841,#6842,#6850,#6856));
#6841 = ORIENTED_EDGE('',*,*,#1853,.T.);
#6842 = ORIENTED_EDGE('',*,*,#6843,.T.);
#6843 = EDGE_CURVE('',#1842,#6844,#6846,.T.);
#6844 = VERTEX_POINT('',#6845);
#6845 = CARTESIAN_POINT('',(-10.14275568181,7.059659090909,2.51));
#6846 = LINE('',#6847,#6848);
#6847 = CARTESIAN_POINT('',(-10.14275568181,7.059659090909,4.01));
#6848 = VECTOR('',#6849,1.);
#6849 = DIRECTION('',(-0.,-0.,-1.));
#6850 = ORIENTED_EDGE('',*,*,#6851,.T.);
#6851 = EDGE_CURVE('',#6844,#6820,#6852,.T.);
#6852 = B_SPLINE_CURVE_WITH_KNOTS('',2,(#6853,#6854,#6855),
  .UNSPECIFIED.,.F.,.F.,(3,3),(0.,1.),.PIECEWISE_BEZIER_KNOTS.);
#6853 = CARTESIAN_POINT('',(-10.14275568181,7.059659090909,2.51));
#6854 = CARTESIAN_POINT('',(-10.38423295454,6.791666666667,2.51));
#6855 = CARTESIAN_POINT('',(-10.49076704545,6.543323863636,2.51));
#6856 = ORIENTED_EDGE('',*,*,#6819,.F.);
#6857 = SURFACE_OF_LINEAR_EXTRUSION('',#6858,#6862);
#6858 = B_SPLINE_CURVE_WITH_KNOTS('',2,(#6859,#6860,#6861),
  .UNSPECIFIED.,.F.,.F.,(3,3),(0.,1.),.PIECEWISE_BEZIER_KNOTS.);
#6859 = CARTESIAN_POINT('',(-10.14275568181,7.059659090909,4.01));
#6860 = CARTESIAN_POINT('',(-10.38423295454,6.791666666667,4.01));
#6861 = CARTESIAN_POINT('',(-10.49076704545,6.543323863636,4.01));
#6862 = VECTOR('',#6863,1.);
#6863 = DIRECTION('',(0.,0.,1.));
#6864 = ADVANCED_FACE('',(#6865),#6883,.T.);
#6865 = FACE_BOUND('',#6866,.T.);
#6866 = EDGE_LOOP('',(#6867,#6868,#6876,#6882));
#6867 = ORIENTED_EDGE('',*,*,#1841,.T.);
#6868 = ORIENTED_EDGE('',*,*,#6869,.T.);
#6869 = EDGE_CURVE('',#1821,#6870,#6872,.T.);
#6870 = VERTEX_POINT('',#6871);
#6871 = CARTESIAN_POINT('',(-9.492897727273,7.661458333333,2.51));
#6872 = LINE('',#6873,#6874);
#6873 = CARTESIAN_POINT('',(-9.492897727273,7.661458333333,4.01));
#6874 = VECTOR('',#6875,1.);
#6875 = DIRECTION('',(-0.,-0.,-1.));
#6876 = ORIENTED_EDGE('',*,*,#6877,.T.);
#6877 = EDGE_CURVE('',#6870,#6844,#6878,.T.);
#6878 = B_SPLINE_CURVE_WITH_KNOTS('',2,(#6879,#6880,#6881),
  .UNSPECIFIED.,.F.,.F.,(3,3),(0.,1.),.PIECEWISE_BEZIER_KNOTS.);
#6879 = CARTESIAN_POINT('',(-9.492897727273,7.661458333333,2.51));
#6880 = CARTESIAN_POINT('',(-9.901278409091,7.327651515152,2.51));
#6881 = CARTESIAN_POINT('',(-10.14275568181,7.059659090909,2.51));
#6882 = ORIENTED_EDGE('',*,*,#6843,.F.);
#6883 = SURFACE_OF_LINEAR_EXTRUSION('',#6884,#6888);
#6884 = B_SPLINE_CURVE_WITH_KNOTS('',2,(#6885,#6886,#6887),
  .UNSPECIFIED.,.F.,.F.,(3,3),(0.,1.),.PIECEWISE_BEZIER_KNOTS.);
#6885 = CARTESIAN_POINT('',(-9.492897727273,7.661458333333,4.01));
#6886 = CARTESIAN_POINT('',(-9.901278409091,7.327651515152,4.01));
#6887 = CARTESIAN_POINT('',(-10.14275568181,7.059659090909,4.01));
#6888 = VECTOR('',#6889,1.);
#6889 = DIRECTION('',(0.,0.,1.));
#6890 = ADVANCED_FACE('',(#6891),#6909,.T.);
#6891 = FACE_BOUND('',#6892,.T.);
#6892 = EDGE_LOOP('',(#6893,#6894,#6902,#6908));
#6893 = ORIENTED_EDGE('',*,*,#1820,.T.);
#6894 = ORIENTED_EDGE('',*,*,#6895,.T.);
#6895 = EDGE_CURVE('',#1810,#6896,#6898,.T.);
#6896 = VERTEX_POINT('',#6897);
#6897 = CARTESIAN_POINT('',(-8.487926136364,8.552083333333,2.51));
#6898 = LINE('',#6899,#6900);
#6899 = CARTESIAN_POINT('',(-8.487926136364,8.552083333333,4.01));
#6900 = VECTOR('',#6901,1.);
#6901 = DIRECTION('',(-0.,-0.,-1.));
#6902 = ORIENTED_EDGE('',*,*,#6903,.T.);
#6903 = EDGE_CURVE('',#6896,#6870,#6904,.T.);
#6904 = B_SPLINE_CURVE_WITH_KNOTS('',2,(#6905,#6906,#6907),
  .UNSPECIFIED.,.F.,.F.,(3,3),(0.,1.),.PIECEWISE_BEZIER_KNOTS.);
#6905 = CARTESIAN_POINT('',(-8.487926136364,8.552083333333,2.51));
#6906 = CARTESIAN_POINT('',(-8.750710227273,8.264678030303,2.51));
#6907 = CARTESIAN_POINT('',(-9.492897727273,7.661458333333,2.51));
#6908 = ORIENTED_EDGE('',*,*,#6869,.F.);
#6909 = SURFACE_OF_LINEAR_EXTRUSION('',#6910,#6914);
#6910 = B_SPLINE_CURVE_WITH_KNOTS('',2,(#6911,#6912,#6913),
  .UNSPECIFIED.,.F.,.F.,(3,3),(0.,1.),.PIECEWISE_BEZIER_KNOTS.);
#6911 = CARTESIAN_POINT('',(-8.487926136364,8.552083333333,4.01));
#6912 = CARTESIAN_POINT('',(-8.750710227273,8.264678030303,4.01));
#6913 = CARTESIAN_POINT('',(-9.492897727273,7.661458333333,4.01));
#6914 = VECTOR('',#6915,1.);
#6915 = DIRECTION('',(0.,0.,1.));
#6916 = ADVANCED_FACE('',(#6917),#6935,.T.);
#6917 = FACE_BOUND('',#6918,.T.);
#6918 = EDGE_LOOP('',(#6919,#6920,#6928,#6934));
#6919 = ORIENTED_EDGE('',*,*,#1809,.T.);
#6920 = ORIENTED_EDGE('',*,*,#6921,.T.);
#6921 = EDGE_CURVE('',#1799,#6922,#6924,.T.);
#6922 = VERTEX_POINT('',#6923);
#6923 = CARTESIAN_POINT('',(-8.09209280303,9.127130681818,2.51));
#6924 = LINE('',#6925,#6926);
#6925 = CARTESIAN_POINT('',(-8.09209280303,9.127130681818,4.01));
#6926 = VECTOR('',#6927,1.);
#6927 = DIRECTION('',(-0.,-0.,-1.));
#6928 = ORIENTED_EDGE('',*,*,#6929,.T.);
#6929 = EDGE_CURVE('',#6922,#6896,#6930,.T.);
#6930 = B_SPLINE_CURVE_WITH_KNOTS('',2,(#6931,#6932,#6933),
  .UNSPECIFIED.,.F.,.F.,(3,3),(0.,1.),.PIECEWISE_BEZIER_KNOTS.);
#6931 = CARTESIAN_POINT('',(-8.09209280303,9.127130681818,2.51));
#6932 = CARTESIAN_POINT('',(-8.225142045455,8.839725378788,2.51));
#6933 = CARTESIAN_POINT('',(-8.487926136364,8.552083333333,2.51));
#6934 = ORIENTED_EDGE('',*,*,#6895,.F.);
#6935 = SURFACE_OF_LINEAR_EXTRUSION('',#6936,#6940);
#6936 = B_SPLINE_CURVE_WITH_KNOTS('',2,(#6937,#6938,#6939),
  .UNSPECIFIED.,.F.,.F.,(3,3),(0.,1.),.PIECEWISE_BEZIER_KNOTS.);
#6937 = CARTESIAN_POINT('',(-8.09209280303,9.127130681818,4.01));
#6938 = CARTESIAN_POINT('',(-8.225142045455,8.839725378788,4.01));
#6939 = CARTESIAN_POINT('',(-8.487926136364,8.552083333333,4.01));
#6940 = VECTOR('',#6941,1.);
#6941 = DIRECTION('',(0.,0.,1.));
#6942 = ADVANCED_FACE('',(#6943),#6961,.T.);
#6943 = FACE_BOUND('',#6944,.T.);
#6944 = EDGE_LOOP('',(#6945,#6946,#6954,#6960));
#6945 = ORIENTED_EDGE('',*,*,#1798,.T.);
#6946 = ORIENTED_EDGE('',*,*,#6947,.T.);
#6947 = EDGE_CURVE('',#1780,#6948,#6950,.T.);
#6948 = VERTEX_POINT('',#6949);
#6949 = CARTESIAN_POINT('',(-7.958806818182,9.705729166667,2.51));
#6950 = LINE('',#6951,#6952);
#6951 = CARTESIAN_POINT('',(-7.958806818182,9.705729166667,4.01));
#6952 = VECTOR('',#6953,1.);
#6953 = DIRECTION('',(-0.,-0.,-1.));
#6954 = ORIENTED_EDGE('',*,*,#6955,.T.);
#6955 = EDGE_CURVE('',#6948,#6922,#6956,.T.);
#6956 = B_SPLINE_CURVE_WITH_KNOTS('',2,(#6957,#6958,#6959),
  .UNSPECIFIED.,.F.,.F.,(3,3),(0.,1.),.PIECEWISE_BEZIER_KNOTS.);
#6957 = CARTESIAN_POINT('',(-7.958806818182,9.705729166667,2.51));
#6958 = CARTESIAN_POINT('',(-7.958806818182,9.414772727273,2.51));
#6959 = CARTESIAN_POINT('',(-8.09209280303,9.127130681818,2.51));
#6960 = ORIENTED_EDGE('',*,*,#6921,.F.);
#6961 = SURFACE_OF_LINEAR_EXTRUSION('',#6962,#6966);
#6962 = B_SPLINE_CURVE_WITH_KNOTS('',2,(#6963,#6964,#6965),
  .UNSPECIFIED.,.F.,.F.,(3,3),(0.,1.),.PIECEWISE_BEZIER_KNOTS.);
#6963 = CARTESIAN_POINT('',(-7.958806818182,9.705729166667,4.01));
#6964 = CARTESIAN_POINT('',(-7.958806818182,9.414772727273,4.01));
#6965 = CARTESIAN_POINT('',(-8.09209280303,9.127130681818,4.01));
#6966 = VECTOR('',#6967,1.);
#6967 = DIRECTION('',(0.,0.,1.));
#6968 = ADVANCED_FACE('',(#6969),#6987,.T.);
#6969 = FACE_BOUND('',#6970,.T.);
#6970 = EDGE_LOOP('',(#6971,#6972,#6980,#6986));
#6971 = ORIENTED_EDGE('',*,*,#1779,.T.);
#6972 = ORIENTED_EDGE('',*,*,#6973,.T.);
#6973 = EDGE_CURVE('',#1763,#6974,#6976,.T.);
#6974 = VERTEX_POINT('',#6975);
#6975 = CARTESIAN_POINT('',(-8.36553030303,10.718986742424,2.51));
#6976 = LINE('',#6977,#6978);
#6977 = CARTESIAN_POINT('',(-8.36553030303,10.718986742424,4.01));
#6978 = VECTOR('',#6979,1.);
#6979 = DIRECTION('',(-0.,-0.,-1.));
#6980 = ORIENTED_EDGE('',*,*,#6981,.T.);
#6981 = EDGE_CURVE('',#6974,#6948,#6982,.T.);
#6982 = B_SPLINE_CURVE_WITH_KNOTS('',2,(#6983,#6984,#6985),
  .UNSPECIFIED.,.F.,.F.,(3,3),(0.,1.),.PIECEWISE_BEZIER_KNOTS.);
#6983 = CARTESIAN_POINT('',(-8.36553030303,10.718986742424,2.51));
#6984 = CARTESIAN_POINT('',(-7.958806818182,10.362452651515,2.51));
#6985 = CARTESIAN_POINT('',(-7.958806818182,9.705729166667,2.51));
#6986 = ORIENTED_EDGE('',*,*,#6947,.F.);
#6987 = SURFACE_OF_LINEAR_EXTRUSION('',#6988,#6992);
#6988 = B_SPLINE_CURVE_WITH_KNOTS('',2,(#6989,#6990,#6991),
  .UNSPECIFIED.,.F.,.F.,(3,3),(0.,1.),.PIECEWISE_BEZIER_KNOTS.);
#6989 = CARTESIAN_POINT('',(-8.36553030303,10.718986742424,4.01));
#6990 = CARTESIAN_POINT('',(-7.958806818182,10.362452651515,4.01));
#6991 = CARTESIAN_POINT('',(-7.958806818182,9.705729166667,4.01));
#6992 = VECTOR('',#6993,1.);
#6993 = DIRECTION('',(0.,0.,1.));
#6994 = ADVANCED_FACE('',(#6995),#7013,.T.);
#6995 = FACE_BOUND('',#6996,.T.);
#6996 = EDGE_LOOP('',(#6997,#6998,#7006,#7012));
#6997 = ORIENTED_EDGE('',*,*,#1762,.T.);
#6998 = ORIENTED_EDGE('',*,*,#6999,.T.);
#6999 = EDGE_CURVE('',#1741,#7000,#7002,.T.);
#7000 = VERTEX_POINT('',#7001);
#7001 = CARTESIAN_POINT('',(-9.528409090909,11.075757575758,2.51));
#7002 = LINE('',#7003,#7004);
#7003 = CARTESIAN_POINT('',(-9.528409090909,11.075757575758,4.01));
#7004 = VECTOR('',#7005,1.);
#7005 = DIRECTION('',(-0.,-0.,-1.));
#7006 = ORIENTED_EDGE('',*,*,#7007,.T.);
#7007 = EDGE_CURVE('',#7000,#6974,#7008,.T.);
#7008 = B_SPLINE_CURVE_WITH_KNOTS('',2,(#7009,#7010,#7011),
  .UNSPECIFIED.,.F.,.F.,(3,3),(0.,1.),.PIECEWISE_BEZIER_KNOTS.);
#7009 = CARTESIAN_POINT('',(-9.528409090909,11.075757575758,2.51));
#7010 = CARTESIAN_POINT('',(-8.772017045455,11.075757575758,2.51));
#7011 = CARTESIAN_POINT('',(-8.36553030303,10.718986742424,2.51));
#7012 = ORIENTED_EDGE('',*,*,#6973,.F.);
#7013 = SURFACE_OF_LINEAR_EXTRUSION('',#7014,#7018);
#7014 = B_SPLINE_CURVE_WITH_KNOTS('',2,(#7015,#7016,#7017),
  .UNSPECIFIED.,.F.,.F.,(3,3),(0.,1.),.PIECEWISE_BEZIER_KNOTS.);
#7015 = CARTESIAN_POINT('',(-9.528409090909,11.075757575758,4.01));
#7016 = CARTESIAN_POINT('',(-8.772017045455,11.075757575758,4.01));
#7017 = CARTESIAN_POINT('',(-8.36553030303,10.718986742424,4.01));
#7018 = VECTOR('',#7019,1.);
#7019 = DIRECTION('',(0.,0.,1.));
#7020 = ADVANCED_FACE('',(#7021),#7039,.T.);
#7021 = FACE_BOUND('',#7022,.T.);
#7022 = EDGE_LOOP('',(#7023,#7024,#7032,#7038));
#7023 = ORIENTED_EDGE('',*,*,#1740,.T.);
#7024 = ORIENTED_EDGE('',*,*,#7025,.T.);
#7025 = EDGE_CURVE('',#1724,#7026,#7028,.T.);
#7026 = VERTEX_POINT('',#7027);
#7027 = CARTESIAN_POINT('',(-10.65601325757,10.720643939394,2.51));
#7028 = LINE('',#7029,#7030);
#7029 = CARTESIAN_POINT('',(-10.65601325757,10.720643939394,4.01));
#7030 = VECTOR('',#7031,1.);
#7031 = DIRECTION('',(-0.,-0.,-1.));
#7032 = ORIENTED_EDGE('',*,*,#7033,.T.);
#7033 = EDGE_CURVE('',#7026,#7000,#7034,.T.);
#7034 = B_SPLINE_CURVE_WITH_KNOTS('',2,(#7035,#7036,#7037),
  .UNSPECIFIED.,.F.,.F.,(3,3),(0.,1.),.PIECEWISE_BEZIER_KNOTS.);
#7035 = CARTESIAN_POINT('',(-10.65601325757,10.720643939394,2.51));
#7036 = CARTESIAN_POINT('',(-10.21732954545,11.075757575758,2.51));
#7037 = CARTESIAN_POINT('',(-9.528409090909,11.075757575758,2.51));
#7038 = ORIENTED_EDGE('',*,*,#6999,.F.);
#7039 = SURFACE_OF_LINEAR_EXTRUSION('',#7040,#7044);
#7040 = B_SPLINE_CURVE_WITH_KNOTS('',2,(#7041,#7042,#7043),
  .UNSPECIFIED.,.F.,.F.,(3,3),(0.,1.),.PIECEWISE_BEZIER_KNOTS.);
#7041 = CARTESIAN_POINT('',(-10.65601325757,10.720643939394,4.01));
#7042 = CARTESIAN_POINT('',(-10.21732954545,11.075757575758,4.01));
#7043 = CARTESIAN_POINT('',(-9.528409090909,11.075757575758,4.01));
#7044 = VECTOR('',#7045,1.);
#7045 = DIRECTION('',(0.,0.,1.));
#7046 = ADVANCED_FACE('',(#7047),#7065,.T.);
#7047 = FACE_BOUND('',#7048,.T.);
#7048 = EDGE_LOOP('',(#7049,#7050,#7058,#7064));
#7049 = ORIENTED_EDGE('',*,*,#1723,.T.);
#7050 = ORIENTED_EDGE('',*,*,#7051,.T.);
#7051 = EDGE_CURVE('',#1716,#7052,#7054,.T.);
#7052 = VERTEX_POINT('',#7053);
#7053 = CARTESIAN_POINT('',(-11.16548295454,9.765388257576,2.51));
#7054 = LINE('',#7055,#7056);
#7055 = CARTESIAN_POINT('',(-11.16548295454,9.765388257576,4.01));
#7056 = VECTOR('',#7057,1.);
#7057 = DIRECTION('',(-0.,-0.,-1.));
#7058 = ORIENTED_EDGE('',*,*,#7059,.T.);
#7059 = EDGE_CURVE('',#7052,#7026,#7060,.T.);
#7060 = B_SPLINE_CURVE_WITH_KNOTS('',2,(#7061,#7062,#7063),
  .UNSPECIFIED.,.F.,.F.,(3,3),(0.,1.),.PIECEWISE_BEZIER_KNOTS.);
#7061 = CARTESIAN_POINT('',(-11.16548295454,9.765388257576,2.51));
#7062 = CARTESIAN_POINT('',(-11.09446022727,10.36553030303,2.51));
#7063 = CARTESIAN_POINT('',(-10.65601325757,10.720643939394,2.51));
#7064 = ORIENTED_EDGE('',*,*,#7025,.F.);
#7065 = SURFACE_OF_LINEAR_EXTRUSION('',#7066,#7070);
#7066 = B_SPLINE_CURVE_WITH_KNOTS('',2,(#7067,#7068,#7069),
  .UNSPECIFIED.,.F.,.F.,(3,3),(0.,1.),.PIECEWISE_BEZIER_KNOTS.);
#7067 = CARTESIAN_POINT('',(-11.16548295454,9.765388257576,4.01));
#7068 = CARTESIAN_POINT('',(-11.09446022727,10.36553030303,4.01));
#7069 = CARTESIAN_POINT('',(-10.65601325757,10.720643939394,4.01));
#7070 = VECTOR('',#7071,1.);
#7071 = DIRECTION('',(0.,0.,1.));
#7072 = ADVANCED_FACE('',(#7073),#7091,.T.);
#7073 = FACE_BOUND('',#7074,.T.);
#7074 = EDGE_LOOP('',(#7075,#7076,#7084,#7090));
#7075 = ORIENTED_EDGE('',*,*,#1715,.F.);
#7076 = ORIENTED_EDGE('',*,*,#7077,.T.);
#7077 = EDGE_CURVE('',#1699,#7078,#7080,.T.);
#7078 = VERTEX_POINT('',#7079);
#7079 = CARTESIAN_POINT('',(-10.51207386363,9.705018939394,2.51));
#7080 = LINE('',#7081,#7082);
#7081 = CARTESIAN_POINT('',(-10.51207386363,9.705018939394,4.01));
#7082 = VECTOR('',#7083,1.);
#7083 = DIRECTION('',(-0.,-0.,-1.));
#7084 = ORIENTED_EDGE('',*,*,#7085,.T.);
#7085 = EDGE_CURVE('',#7078,#7052,#7086,.T.);
#7086 = LINE('',#7087,#7088);
#7087 = CARTESIAN_POINT('',(-10.51207386363,9.705018939394,2.51));
#7088 = VECTOR('',#7089,1.);
#7089 = DIRECTION('',(-0.995759055224,9.199947792832E-02,0.));
#7090 = ORIENTED_EDGE('',*,*,#7051,.F.);
#7091 = PLANE('',#7092);
#7092 = AXIS2_PLACEMENT_3D('',#7093,#7094,#7095);
#7093 = CARTESIAN_POINT('',(-10.51207386363,9.705018939394,4.01));
#7094 = DIRECTION('',(9.199947792832E-02,0.995759055224,-0.));
#7095 = DIRECTION('',(-0.995759055224,9.199947792832E-02,0.));
#7096 = ADVANCED_FACE('',(#7097),#7115,.T.);
#7097 = FACE_BOUND('',#7098,.T.);
#7098 = EDGE_LOOP('',(#7099,#7100,#7108,#7114));
#7099 = ORIENTED_EDGE('',*,*,#1698,.T.);
#7100 = ORIENTED_EDGE('',*,*,#7101,.T.);
#7101 = EDGE_CURVE('',#1682,#7102,#7104,.T.);
#7102 = VERTEX_POINT('',#7103);
#7103 = CARTESIAN_POINT('',(-10.20146780303,10.328125,2.51));
#7104 = LINE('',#7105,#7106);
#7105 = CARTESIAN_POINT('',(-10.20146780303,10.328125,4.01));
#7106 = VECTOR('',#7107,1.);
#7107 = DIRECTION('',(-0.,-0.,-1.));
#7108 = ORIENTED_EDGE('',*,*,#7109,.T.);
#7109 = EDGE_CURVE('',#7102,#7078,#7110,.T.);
#7110 = B_SPLINE_CURVE_WITH_KNOTS('',2,(#7111,#7112,#7113),
  .UNSPECIFIED.,.F.,.F.,(3,3),(0.,1.),.PIECEWISE_BEZIER_KNOTS.);
#7111 = CARTESIAN_POINT('',(-10.20146780303,10.328125,2.51));
#7112 = CARTESIAN_POINT('',(-10.4659090909,10.106297348485,2.51));
#7113 = CARTESIAN_POINT('',(-10.51207386363,9.705018939394,2.51));
#7114 = ORIENTED_EDGE('',*,*,#7077,.F.);
#7115 = SURFACE_OF_LINEAR_EXTRUSION('',#7116,#7120);
#7116 = B_SPLINE_CURVE_WITH_KNOTS('',2,(#7117,#7118,#7119),
  .UNSPECIFIED.,.F.,.F.,(3,3),(0.,1.),.PIECEWISE_BEZIER_KNOTS.);
#7117 = CARTESIAN_POINT('',(-10.20146780303,10.328125,4.01));
#7118 = CARTESIAN_POINT('',(-10.4659090909,10.106297348485,4.01));
#7119 = CARTESIAN_POINT('',(-10.51207386363,9.705018939394,4.01));
#7120 = VECTOR('',#7121,1.);
#7121 = DIRECTION('',(0.,0.,1.));
#7122 = ADVANCED_FACE('',(#7123),#7141,.T.);
#7123 = FACE_BOUND('',#7124,.T.);
#7124 = EDGE_LOOP('',(#7125,#7126,#7134,#7140));
#7125 = ORIENTED_EDGE('',*,*,#1681,.T.);
#7126 = ORIENTED_EDGE('',*,*,#7127,.T.);
#7127 = EDGE_CURVE('',#1663,#7128,#7130,.T.);
#7128 = VERTEX_POINT('',#7129);
#7129 = CARTESIAN_POINT('',(-9.528409090909,10.550189393939,2.51));
#7130 = LINE('',#7131,#7132);
#7131 = CARTESIAN_POINT('',(-9.528409090909,10.550189393939,4.01));
#7132 = VECTOR('',#7133,1.);
#7133 = DIRECTION('',(-0.,-0.,-1.));
#7134 = ORIENTED_EDGE('',*,*,#7135,.T.);
#7135 = EDGE_CURVE('',#7128,#7102,#7136,.T.);
#7136 = B_SPLINE_CURVE_WITH_KNOTS('',2,(#7137,#7138,#7139),
  .UNSPECIFIED.,.F.,.F.,(3,3),(0.,1.),.PIECEWISE_BEZIER_KNOTS.);
#7137 = CARTESIAN_POINT('',(-9.528409090909,10.550189393939,2.51));
#7138 = CARTESIAN_POINT('',(-9.936789772727,10.550189393939,2.51));
#7139 = CARTESIAN_POINT('',(-10.20146780303,10.328125,2.51));
#7140 = ORIENTED_EDGE('',*,*,#7101,.F.);
#7141 = SURFACE_OF_LINEAR_EXTRUSION('',#7142,#7146);
#7142 = B_SPLINE_CURVE_WITH_KNOTS('',2,(#7143,#7144,#7145),
  .UNSPECIFIED.,.F.,.F.,(3,3),(0.,1.),.PIECEWISE_BEZIER_KNOTS.);
#7143 = CARTESIAN_POINT('',(-9.528409090909,10.550189393939,4.01));
#7144 = CARTESIAN_POINT('',(-9.936789772727,10.550189393939,4.01));
#7145 = CARTESIAN_POINT('',(-10.20146780303,10.328125,4.01));
#7146 = VECTOR('',#7147,1.);
#7147 = DIRECTION('',(0.,0.,1.));
#7148 = ADVANCED_FACE('',(#7149),#7167,.T.);
#7149 = FACE_BOUND('',#7150,.T.);
#7150 = EDGE_LOOP('',(#7151,#7152,#7160,#7166));
#7151 = ORIENTED_EDGE('',*,*,#1662,.T.);
#7152 = ORIENTED_EDGE('',*,*,#7153,.T.);
#7153 = EDGE_CURVE('',#1646,#7154,#7156,.T.);
#7154 = VERTEX_POINT('',#7155);
#7155 = CARTESIAN_POINT('',(-8.857244318182,10.323153409091,2.51));
#7156 = LINE('',#7157,#7158);
#7157 = CARTESIAN_POINT('',(-8.857244318182,10.323153409091,4.01));
#7158 = VECTOR('',#7159,1.);
#7159 = DIRECTION('',(-0.,-0.,-1.));
#7160 = ORIENTED_EDGE('',*,*,#7161,.T.);
#7161 = EDGE_CURVE('',#7154,#7128,#7162,.T.);
#7162 = B_SPLINE_CURVE_WITH_KNOTS('',2,(#7163,#7164,#7165),
  .UNSPECIFIED.,.F.,.F.,(3,3),(0.,1.),.PIECEWISE_BEZIER_KNOTS.);
#7163 = CARTESIAN_POINT('',(-8.857244318182,10.323153409091,2.51));
#7164 = CARTESIAN_POINT('',(-9.098721590909,10.550189393939,2.51));
#7165 = CARTESIAN_POINT('',(-9.528409090909,10.550189393939,2.51));
#7166 = ORIENTED_EDGE('',*,*,#7127,.F.);
#7167 = SURFACE_OF_LINEAR_EXTRUSION('',#7168,#7172);
#7168 = B_SPLINE_CURVE_WITH_KNOTS('',2,(#7169,#7170,#7171),
  .UNSPECIFIED.,.F.,.F.,(3,3),(0.,1.),.PIECEWISE_BEZIER_KNOTS.);
#7169 = CARTESIAN_POINT('',(-8.857244318182,10.323153409091,4.01));
#7170 = CARTESIAN_POINT('',(-9.098721590909,10.550189393939,4.01));
#7171 = CARTESIAN_POINT('',(-9.528409090909,10.550189393939,4.01));
#7172 = VECTOR('',#7173,1.);
#7173 = DIRECTION('',(0.,0.,1.));
#7174 = ADVANCED_FACE('',(#7175),#7193,.T.);
#7175 = FACE_BOUND('',#7176,.T.);
#7176 = EDGE_LOOP('',(#7177,#7178,#7186,#7192));
#7177 = ORIENTED_EDGE('',*,*,#1645,.T.);
#7178 = ORIENTED_EDGE('',*,*,#7179,.T.);
#7179 = EDGE_CURVE('',#1631,#7180,#7182,.T.);
#7180 = VERTEX_POINT('',#7181);
#7181 = CARTESIAN_POINT('',(-8.615767045455,9.684422348485,2.51));
#7182 = LINE('',#7183,#7184);
#7183 = CARTESIAN_POINT('',(-8.615767045455,9.684422348485,4.01));
#7184 = VECTOR('',#7185,1.);
#7185 = DIRECTION('',(-0.,-0.,-1.));
#7186 = ORIENTED_EDGE('',*,*,#7187,.T.);
#7187 = EDGE_CURVE('',#7180,#7154,#7188,.T.);
#7188 = B_SPLINE_CURVE_WITH_KNOTS('',2,(#7189,#7190,#7191),
  .UNSPECIFIED.,.F.,.F.,(3,3),(0.,1.),.PIECEWISE_BEZIER_KNOTS.);
#7189 = CARTESIAN_POINT('',(-8.615767045455,9.684422348485,2.51));
#7190 = CARTESIAN_POINT('',(-8.615767045455,10.096117424242,2.51));
#7191 = CARTESIAN_POINT('',(-8.857244318182,10.323153409091,2.51));
#7192 = ORIENTED_EDGE('',*,*,#7153,.F.);
#7193 = SURFACE_OF_LINEAR_EXTRUSION('',#7194,#7198);
#7194 = B_SPLINE_CURVE_WITH_KNOTS('',2,(#7195,#7196,#7197),
  .UNSPECIFIED.,.F.,.F.,(3,3),(0.,1.),.PIECEWISE_BEZIER_KNOTS.);
#7195 = CARTESIAN_POINT('',(-8.615767045455,9.684422348485,4.01));
#7196 = CARTESIAN_POINT('',(-8.615767045455,10.096117424242,4.01));
#7197 = CARTESIAN_POINT('',(-8.857244318182,10.323153409091,4.01));
#7198 = VECTOR('',#7199,1.);
#7199 = DIRECTION('',(0.,0.,1.));
#7200 = ADVANCED_FACE('',(#7201),#7219,.T.);
#7201 = FACE_BOUND('',#7202,.T.);
#7202 = EDGE_LOOP('',(#7203,#7204,#7212,#7218));
#7203 = ORIENTED_EDGE('',*,*,#1630,.T.);
#7204 = ORIENTED_EDGE('',*,*,#7205,.T.);
#7205 = EDGE_CURVE('',#1620,#7206,#7208,.T.);
#7206 = VERTEX_POINT('',#7207);
#7207 = CARTESIAN_POINT('',(-8.75615530303,9.137784090909,2.51));
#7208 = LINE('',#7209,#7210);
#7209 = CARTESIAN_POINT('',(-8.75615530303,9.137784090909,4.01));
#7210 = VECTOR('',#7211,1.);
#7211 = DIRECTION('',(-0.,-0.,-1.));
#7212 = ORIENTED_EDGE('',*,*,#7213,.T.);
#7213 = EDGE_CURVE('',#7206,#7180,#7214,.T.);
#7214 = B_SPLINE_CURVE_WITH_KNOTS('',2,(#7215,#7216,#7217),
  .UNSPECIFIED.,.F.,.F.,(3,3),(0.,1.),.PIECEWISE_BEZIER_KNOTS.);
#7215 = CARTESIAN_POINT('',(-8.75615530303,9.137784090909,2.51));
#7216 = CARTESIAN_POINT('',(-8.615767045455,9.379261363636,2.51));
#7217 = CARTESIAN_POINT('',(-8.615767045455,9.684422348485,2.51));
#7218 = ORIENTED_EDGE('',*,*,#7179,.F.);
#7219 = SURFACE_OF_LINEAR_EXTRUSION('',#7220,#7224);
#7220 = B_SPLINE_CURVE_WITH_KNOTS('',2,(#7221,#7222,#7223),
  .UNSPECIFIED.,.F.,.F.,(3,3),(0.,1.),.PIECEWISE_BEZIER_KNOTS.);
#7221 = CARTESIAN_POINT('',(-8.75615530303,9.137784090909,4.01));
#7222 = CARTESIAN_POINT('',(-8.615767045455,9.379261363636,4.01));
#7223 = CARTESIAN_POINT('',(-8.615767045455,9.684422348485,4.01));
#7224 = VECTOR('',#7225,1.);
#7225 = DIRECTION('',(0.,0.,1.));
#7226 = ADVANCED_FACE('',(#7227),#7245,.T.);
#7227 = FACE_BOUND('',#7228,.T.);
#7228 = EDGE_LOOP('',(#7229,#7230,#7238,#7244));
#7229 = ORIENTED_EDGE('',*,*,#1619,.T.);
#7230 = ORIENTED_EDGE('',*,*,#7231,.T.);
#7231 = EDGE_CURVE('',#1609,#7232,#7234,.T.);
#7232 = VERTEX_POINT('',#7233);
#7233 = CARTESIAN_POINT('',(-9.123579545455,8.676373106061,2.51));
#7234 = LINE('',#7235,#7236);
#7235 = CARTESIAN_POINT('',(-9.123579545455,8.676373106061,4.01));
#7236 = VECTOR('',#7237,1.);
#7237 = DIRECTION('',(-0.,-0.,-1.));
#7238 = ORIENTED_EDGE('',*,*,#7239,.T.);
#7239 = EDGE_CURVE('',#7232,#7206,#7240,.T.);
#7240 = B_SPLINE_CURVE_WITH_KNOTS('',2,(#7241,#7242,#7243),
  .UNSPECIFIED.,.F.,.F.,(3,3),(0.,1.),.PIECEWISE_BEZIER_KNOTS.);
#7241 = CARTESIAN_POINT('',(-9.123579545455,8.676373106061,2.51));
#7242 = CARTESIAN_POINT('',(-8.896306818182,8.896543560606,2.51));
#7243 = CARTESIAN_POINT('',(-8.75615530303,9.137784090909,2.51));
#7244 = ORIENTED_EDGE('',*,*,#7205,.F.);
#7245 = SURFACE_OF_LINEAR_EXTRUSION('',#7246,#7250);
#7246 = B_SPLINE_CURVE_WITH_KNOTS('',2,(#7247,#7248,#7249),
  .UNSPECIFIED.,.F.,.F.,(3,3),(0.,1.),.PIECEWISE_BEZIER_KNOTS.);
#7247 = CARTESIAN_POINT('',(-9.123579545455,8.676373106061,4.01));
#7248 = CARTESIAN_POINT('',(-8.896306818182,8.896543560606,4.01));
#7249 = CARTESIAN_POINT('',(-8.75615530303,9.137784090909,4.01));
#7250 = VECTOR('',#7251,1.);
#7251 = DIRECTION('',(0.,0.,1.));
#7252 = ADVANCED_FACE('',(#7253),#7271,.T.);
#7253 = FACE_BOUND('',#7254,.T.);
#7254 = EDGE_LOOP('',(#7255,#7256,#7264,#7270));
#7255 = ORIENTED_EDGE('',*,*,#1608,.T.);
#7256 = ORIENTED_EDGE('',*,*,#7257,.T.);
#7257 = EDGE_CURVE('',#1599,#7258,#7260,.T.);
#7258 = VERTEX_POINT('',#7259);
#7259 = CARTESIAN_POINT('',(-9.633285984848,8.236268939394,2.51));
#7260 = LINE('',#7261,#7262);
#7261 = CARTESIAN_POINT('',(-9.633285984848,8.236268939394,4.01));
#7262 = VECTOR('',#7263,1.);
#7263 = DIRECTION('',(-0.,-0.,-1.));
#7264 = ORIENTED_EDGE('',*,*,#7265,.T.);
#7265 = EDGE_CURVE('',#7258,#7232,#7266,.T.);
#7266 = B_SPLINE_CURVE_WITH_KNOTS('',2,(#7267,#7268,#7269),
  .UNSPECIFIED.,.F.,.F.,(3,3),(0.,1.),.PIECEWISE_BEZIER_KNOTS.);
#7267 = CARTESIAN_POINT('',(-9.633285984848,8.236268939394,2.51));
#7268 = CARTESIAN_POINT('',(-9.350852272727,8.456439393939,2.51));
#7269 = CARTESIAN_POINT('',(-9.123579545455,8.676373106061,2.51));
#7270 = ORIENTED_EDGE('',*,*,#7231,.F.);
#7271 = SURFACE_OF_LINEAR_EXTRUSION('',#7272,#7276);
#7272 = B_SPLINE_CURVE_WITH_KNOTS('',2,(#7273,#7274,#7275),
  .UNSPECIFIED.,.F.,.F.,(3,3),(0.,1.),.PIECEWISE_BEZIER_KNOTS.);
#7273 = CARTESIAN_POINT('',(-9.633285984848,8.236268939394,4.01));
#7274 = CARTESIAN_POINT('',(-9.350852272727,8.456439393939,4.01));
#7275 = CARTESIAN_POINT('',(-9.123579545455,8.676373106061,4.01));
#7276 = VECTOR('',#7277,1.);
#7277 = DIRECTION('',(0.,0.,1.));
#7278 = ADVANCED_FACE('',(#7279),#7297,.T.);
#7279 = FACE_BOUND('',#7280,.T.);
#7280 = EDGE_LOOP('',(#7281,#7282,#7290,#7296));
#7281 = ORIENTED_EDGE('',*,*,#1598,.T.);
#7282 = ORIENTED_EDGE('',*,*,#7283,.T.);
#7283 = EDGE_CURVE('',#1588,#7284,#7286,.T.);
#7284 = VERTEX_POINT('',#7285);
#7285 = CARTESIAN_POINT('',(-10.203125,7.758996212121,2.51));
#7286 = LINE('',#7287,#7288);
#7287 = CARTESIAN_POINT('',(-10.203125,7.758996212121,4.01));
#7288 = VECTOR('',#7289,1.);
#7289 = DIRECTION('',(-0.,-0.,-1.));
#7290 = ORIENTED_EDGE('',*,*,#7291,.T.);
#7291 = EDGE_CURVE('',#7284,#7258,#7292,.T.);
#7292 = B_SPLINE_CURVE_WITH_KNOTS('',2,(#7293,#7294,#7295),
  .UNSPECIFIED.,.F.,.F.,(3,3),(0.,1.),.PIECEWISE_BEZIER_KNOTS.);
#7293 = CARTESIAN_POINT('',(-10.203125,7.758996212121,2.51));
#7294 = CARTESIAN_POINT('',(-9.915482954545,8.016335227273,2.51));
#7295 = CARTESIAN_POINT('',(-9.633285984848,8.236268939394,2.51));
#7296 = ORIENTED_EDGE('',*,*,#7257,.F.);
#7297 = SURFACE_OF_LINEAR_EXTRUSION('',#7298,#7302);
#7298 = B_SPLINE_CURVE_WITH_KNOTS('',2,(#7299,#7300,#7301),
  .UNSPECIFIED.,.F.,.F.,(3,3),(0.,1.),.PIECEWISE_BEZIER_KNOTS.);
#7299 = CARTESIAN_POINT('',(-10.203125,7.758996212121,4.01));
#7300 = CARTESIAN_POINT('',(-9.915482954545,8.016335227273,4.01));
#7301 = CARTESIAN_POINT('',(-9.633285984848,8.236268939394,4.01));
#7302 = VECTOR('',#7303,1.);
#7303 = DIRECTION('',(0.,0.,1.));
#7304 = ADVANCED_FACE('',(#7305),#7323,.T.);
#7305 = FACE_BOUND('',#7306,.T.);
#7306 = EDGE_LOOP('',(#7307,#7308,#7316,#7322));
#7307 = ORIENTED_EDGE('',*,*,#1587,.T.);
#7308 = ORIENTED_EDGE('',*,*,#7309,.T.);
#7309 = EDGE_CURVE('',#1577,#7310,#7312,.T.);
#7310 = VERTEX_POINT('',#7311);
#7311 = CARTESIAN_POINT('',(-10.75189393939,7.183948863636,2.51));
#7312 = LINE('',#7313,#7314);
#7313 = CARTESIAN_POINT('',(-10.75189393939,7.183948863636,4.01));
#7314 = VECTOR('',#7315,1.);
#7315 = DIRECTION('',(-0.,-0.,-1.));
#7316 = ORIENTED_EDGE('',*,*,#7317,.T.);
#7317 = EDGE_CURVE('',#7310,#7284,#7318,.T.);
#7318 = B_SPLINE_CURVE_WITH_KNOTS('',2,(#7319,#7320,#7321),
  .UNSPECIFIED.,.F.,.F.,(3,3),(0.,1.),.PIECEWISE_BEZIER_KNOTS.);
#7319 = CARTESIAN_POINT('',(-10.75189393939,7.183948863636,2.51));
#7320 = CARTESIAN_POINT('',(-10.49076704545,7.50165719697,2.51));
#7321 = CARTESIAN_POINT('',(-10.203125,7.758996212121,2.51));
#7322 = ORIENTED_EDGE('',*,*,#7283,.F.);
#7323 = SURFACE_OF_LINEAR_EXTRUSION('',#7324,#7328);
#7324 = B_SPLINE_CURVE_WITH_KNOTS('',2,(#7325,#7326,#7327),
  .UNSPECIFIED.,.F.,.F.,(3,3),(0.,1.),.PIECEWISE_BEZIER_KNOTS.);
#7325 = CARTESIAN_POINT('',(-10.75189393939,7.183948863636,4.01));
#7326 = CARTESIAN_POINT('',(-10.49076704545,7.50165719697,4.01));
#7327 = CARTESIAN_POINT('',(-10.203125,7.758996212121,4.01));
#7328 = VECTOR('',#7329,1.);
#7329 = DIRECTION('',(0.,0.,1.));
#7330 = ADVANCED_FACE('',(#7331),#7349,.T.);
#7331 = FACE_BOUND('',#7332,.T.);
#7332 = EDGE_LOOP('',(#7333,#7334,#7342,#7348));
#7333 = ORIENTED_EDGE('',*,*,#1576,.T.);
#7334 = ORIENTED_EDGE('',*,*,#7335,.T.);
#7335 = EDGE_CURVE('',#1569,#7336,#7338,.T.);
#7336 = VERTEX_POINT('',#7337);
#7337 = CARTESIAN_POINT('',(-11.19389204545,6.450994318182,2.51));
#7338 = LINE('',#7339,#7340);
#7339 = CARTESIAN_POINT('',(-11.19389204545,6.450994318182,4.01));
#7340 = VECTOR('',#7341,1.);
#7341 = DIRECTION('',(-0.,-0.,-1.));
#7342 = ORIENTED_EDGE('',*,*,#7343,.T.);
#7343 = EDGE_CURVE('',#7336,#7310,#7344,.T.);
#7344 = B_SPLINE_CURVE_WITH_KNOTS('',2,(#7345,#7346,#7347),
  .UNSPECIFIED.,.F.,.F.,(3,3),(0.,1.),.PIECEWISE_BEZIER_KNOTS.);
#7345 = CARTESIAN_POINT('',(-11.19389204545,6.450994318182,2.51));
#7346 = CARTESIAN_POINT('',(-11.0127840909,6.866240530303,2.51));
#7347 = CARTESIAN_POINT('',(-10.75189393939,7.183948863636,2.51));
#7348 = ORIENTED_EDGE('',*,*,#7309,.F.);
#7349 = SURFACE_OF_LINEAR_EXTRUSION('',#7350,#7354);
#7350 = B_SPLINE_CURVE_WITH_KNOTS('',2,(#7351,#7352,#7353),
  .UNSPECIFIED.,.F.,.F.,(3,3),(0.,1.),.PIECEWISE_BEZIER_KNOTS.);
#7351 = CARTESIAN_POINT('',(-11.19389204545,6.450994318182,4.01));
#7352 = CARTESIAN_POINT('',(-11.0127840909,6.866240530303,4.01));
#7353 = CARTESIAN_POINT('',(-10.75189393939,7.183948863636,4.01));
#7354 = VECTOR('',#7355,1.);
#7355 = DIRECTION('',(0.,0.,1.));
#7356 = ADVANCED_FACE('',(#7357),#7368,.T.);
#7357 = FACE_BOUND('',#7358,.T.);
#7358 = EDGE_LOOP('',(#7359,#7360,#7361,#7367));
#7359 = ORIENTED_EDGE('',*,*,#1568,.F.);
#7360 = ORIENTED_EDGE('',*,*,#6780,.T.);
#7361 = ORIENTED_EDGE('',*,*,#7362,.T.);
#7362 = EDGE_CURVE('',#6773,#7336,#7363,.T.);
#7363 = LINE('',#7364,#7365);
#7364 = CARTESIAN_POINT('',(-11.19389204545,6.,2.51));
#7365 = VECTOR('',#7366,1.);
#7366 = DIRECTION('',(0.,1.,0.));
#7367 = ORIENTED_EDGE('',*,*,#7335,.F.);
#7368 = PLANE('',#7369);
#7369 = AXIS2_PLACEMENT_3D('',#7370,#7371,#7372);
#7370 = CARTESIAN_POINT('',(-11.19389204545,6.,4.01));
#7371 = DIRECTION('',(1.,0.,0.));
#7372 = DIRECTION('',(-0.,1.,0.));
#7373 = ADVANCED_FACE('',(#7374),#7399,.T.);
#7374 = FACE_BOUND('',#7375,.T.);
#7375 = EDGE_LOOP('',(#7376,#7377,#7385,#7393));
#7376 = ORIENTED_EDGE('',*,*,#1881,.F.);
#7377 = ORIENTED_EDGE('',*,*,#7378,.T.);
#7378 = EDGE_CURVE('',#1882,#7379,#7381,.T.);
#7379 = VERTEX_POINT('',#7380);
#7380 = CARTESIAN_POINT('',(-5.303977272727,7.643939393939,2.51));
#7381 = LINE('',#7382,#7383);
#7382 = CARTESIAN_POINT('',(-5.303977272727,7.643939393939,4.01));
#7383 = VECTOR('',#7384,1.);
#7384 = DIRECTION('',(-0.,-0.,-1.));
#7385 = ORIENTED_EDGE('',*,*,#7386,.T.);
#7386 = EDGE_CURVE('',#7379,#7387,#7389,.T.);
#7387 = VERTEX_POINT('',#7388);
#7388 = CARTESIAN_POINT('',(-7.079545454545,7.643939393939,2.51));
#7389 = LINE('',#7390,#7391);
#7390 = CARTESIAN_POINT('',(-5.303977272727,7.643939393939,2.51));
#7391 = VECTOR('',#7392,1.);
#7392 = DIRECTION('',(-1.,0.,0.));
#7393 = ORIENTED_EDGE('',*,*,#7394,.F.);
#7394 = EDGE_CURVE('',#1884,#7387,#7395,.T.);
#7395 = LINE('',#7396,#7397);
#7396 = CARTESIAN_POINT('',(-7.079545454545,7.643939393939,4.01));
#7397 = VECTOR('',#7398,1.);
#7398 = DIRECTION('',(-0.,-0.,-1.));
#7399 = PLANE('',#7400);
#7400 = AXIS2_PLACEMENT_3D('',#7401,#7402,#7403);
#7401 = CARTESIAN_POINT('',(-5.303977272727,7.643939393939,4.01));
#7402 = DIRECTION('',(0.,1.,-0.));
#7403 = DIRECTION('',(-1.,0.,0.));
#7404 = ADVANCED_FACE('',(#7405),#7423,.T.);
#7405 = FACE_BOUND('',#7406,.T.);
#7406 = EDGE_LOOP('',(#7407,#7408,#7416,#7422));
#7407 = ORIENTED_EDGE('',*,*,#1907,.F.);
#7408 = ORIENTED_EDGE('',*,*,#7409,.T.);
#7409 = EDGE_CURVE('',#1900,#7410,#7412,.T.);
#7410 = VERTEX_POINT('',#7411);
#7411 = CARTESIAN_POINT('',(-5.303977272727,8.212121212121,2.51));
#7412 = LINE('',#7413,#7414);
#7413 = CARTESIAN_POINT('',(-5.303977272727,8.212121212121,4.01));
#7414 = VECTOR('',#7415,1.);
#7415 = DIRECTION('',(-0.,-0.,-1.));
#7416 = ORIENTED_EDGE('',*,*,#7417,.T.);
#7417 = EDGE_CURVE('',#7410,#7379,#7418,.T.);
#7418 = LINE('',#7419,#7420);
#7419 = CARTESIAN_POINT('',(-5.303977272727,8.212121212121,2.51));
#7420 = VECTOR('',#7421,1.);
#7421 = DIRECTION('',(0.,-1.,0.));
#7422 = ORIENTED_EDGE('',*,*,#7378,.F.);
#7423 = PLANE('',#7424);
#7424 = AXIS2_PLACEMENT_3D('',#7425,#7426,#7427);
#7425 = CARTESIAN_POINT('',(-5.303977272727,8.212121212121,4.01));
#7426 = DIRECTION('',(-1.,0.,0.));
#7427 = DIRECTION('',(0.,-1.,0.));
#7428 = ADVANCED_FACE('',(#7429),#7447,.T.);
#7429 = FACE_BOUND('',#7430,.T.);
#7430 = EDGE_LOOP('',(#7431,#7432,#7440,#7446));
#7431 = ORIENTED_EDGE('',*,*,#1899,.F.);
#7432 = ORIENTED_EDGE('',*,*,#7433,.T.);
#7433 = EDGE_CURVE('',#1892,#7434,#7436,.T.);
#7434 = VERTEX_POINT('',#7435);
#7435 = CARTESIAN_POINT('',(-7.079545454545,8.212121212121,2.51));
#7436 = LINE('',#7437,#7438);
#7437 = CARTESIAN_POINT('',(-7.079545454545,8.212121212121,4.01));
#7438 = VECTOR('',#7439,1.);
#7439 = DIRECTION('',(-0.,-0.,-1.));
#7440 = ORIENTED_EDGE('',*,*,#7441,.T.);
#7441 = EDGE_CURVE('',#7434,#7410,#7442,.T.);
#7442 = LINE('',#7443,#7444);
#7443 = CARTESIAN_POINT('',(-7.079545454545,8.212121212121,2.51));
#7444 = VECTOR('',#7445,1.);
#7445 = DIRECTION('',(1.,0.,0.));
#7446 = ORIENTED_EDGE('',*,*,#7409,.F.);
#7447 = PLANE('',#7448);
#7448 = AXIS2_PLACEMENT_3D('',#7449,#7450,#7451);
#7449 = CARTESIAN_POINT('',(-7.079545454545,8.212121212121,4.01));
#7450 = DIRECTION('',(0.,-1.,0.));
#7451 = DIRECTION('',(1.,0.,0.));
#7452 = ADVANCED_FACE('',(#7453),#7464,.T.);
#7453 = FACE_BOUND('',#7454,.T.);
#7454 = EDGE_LOOP('',(#7455,#7456,#7457,#7463));
#7455 = ORIENTED_EDGE('',*,*,#1891,.F.);
#7456 = ORIENTED_EDGE('',*,*,#7394,.T.);
#7457 = ORIENTED_EDGE('',*,*,#7458,.T.);
#7458 = EDGE_CURVE('',#7387,#7434,#7459,.T.);
#7459 = LINE('',#7460,#7461);
#7460 = CARTESIAN_POINT('',(-7.079545454545,7.643939393939,2.51));
#7461 = VECTOR('',#7462,1.);
#7462 = DIRECTION('',(0.,1.,0.));
#7463 = ORIENTED_EDGE('',*,*,#7433,.F.);
#7464 = PLANE('',#7465);
#7465 = AXIS2_PLACEMENT_3D('',#7466,#7467,#7468);
#7466 = CARTESIAN_POINT('',(-7.079545454545,7.643939393939,4.01));
#7467 = DIRECTION('',(1.,0.,0.));
#7468 = DIRECTION('',(-0.,1.,0.));
#7469 = ADVANCED_FACE('',(#7470),#7495,.T.);
#7470 = FACE_BOUND('',#7471,.T.);
#7471 = EDGE_LOOP('',(#7472,#7473,#7481,#7489));
#7472 = ORIENTED_EDGE('',*,*,#1915,.T.);
#7473 = ORIENTED_EDGE('',*,*,#7474,.T.);
#7474 = EDGE_CURVE('',#1918,#7475,#7477,.T.);
#7475 = VERTEX_POINT('',#7476);
#7476 = CARTESIAN_POINT('',(-2.054450757576,10.52178030303,2.51));
#7477 = LINE('',#7478,#7479);
#7478 = CARTESIAN_POINT('',(-2.054450757576,10.52178030303,4.01));
#7479 = VECTOR('',#7480,1.);
#7480 = DIRECTION('',(-0.,-0.,-1.));
#7481 = ORIENTED_EDGE('',*,*,#7482,.T.);
#7482 = EDGE_CURVE('',#7475,#7483,#7485,.T.);
#7483 = VERTEX_POINT('',#7484);
#7484 = CARTESIAN_POINT('',(-3.347064393939,9.986979166667,2.51));
#7485 = B_SPLINE_CURVE_WITH_KNOTS('',2,(#7486,#7487,#7488),
  .UNSPECIFIED.,.F.,.F.,(3,3),(0.,1.),.PIECEWISE_BEZIER_KNOTS.);
#7486 = CARTESIAN_POINT('',(-2.054450757576,10.52178030303,2.51));
#7487 = CARTESIAN_POINT('',(-2.885416666667,10.52178030303,2.51));
#7488 = CARTESIAN_POINT('',(-3.347064393939,9.986979166667,2.51));
#7489 = ORIENTED_EDGE('',*,*,#7490,.F.);
#7490 = EDGE_CURVE('',#1916,#7483,#7491,.T.);
#7491 = LINE('',#7492,#7493);
#7492 = CARTESIAN_POINT('',(-3.347064393939,9.986979166667,4.01));
#7493 = VECTOR('',#7494,1.);
#7494 = DIRECTION('',(-0.,-0.,-1.));
#7495 = SURFACE_OF_LINEAR_EXTRUSION('',#7496,#7500);
#7496 = B_SPLINE_CURVE_WITH_KNOTS('',2,(#7497,#7498,#7499),
  .UNSPECIFIED.,.F.,.F.,(3,3),(0.,1.),.PIECEWISE_BEZIER_KNOTS.);
#7497 = CARTESIAN_POINT('',(-2.054450757576,10.52178030303,4.01));
#7498 = CARTESIAN_POINT('',(-2.885416666667,10.52178030303,4.01));
#7499 = CARTESIAN_POINT('',(-3.347064393939,9.986979166667,4.01));
#7500 = VECTOR('',#7501,1.);
#7501 = DIRECTION('',(0.,0.,1.));
#7502 = ADVANCED_FACE('',(#7503),#7521,.T.);
#7503 = FACE_BOUND('',#7504,.T.);
#7504 = EDGE_LOOP('',(#7505,#7506,#7514,#7520));
#7505 = ORIENTED_EDGE('',*,*,#2227,.T.);
#7506 = ORIENTED_EDGE('',*,*,#7507,.T.);
#7507 = EDGE_CURVE('',#2213,#7508,#7510,.T.);
#7508 = VERTEX_POINT('',#7509);
#7509 = CARTESIAN_POINT('',(-1.140151515152,10.290246212121,2.51));
#7510 = LINE('',#7511,#7512);
#7511 = CARTESIAN_POINT('',(-1.140151515152,10.290246212121,4.01));
#7512 = VECTOR('',#7513,1.);
#7513 = DIRECTION('',(-0.,-0.,-1.));
#7514 = ORIENTED_EDGE('',*,*,#7515,.T.);
#7515 = EDGE_CURVE('',#7508,#7475,#7516,.T.);
#7516 = B_SPLINE_CURVE_WITH_KNOTS('',2,(#7517,#7518,#7519),
  .UNSPECIFIED.,.F.,.F.,(3,3),(0.,1.),.PIECEWISE_BEZIER_KNOTS.);
#7517 = CARTESIAN_POINT('',(-1.140151515152,10.290246212121,2.51));
#7518 = CARTESIAN_POINT('',(-1.525331439394,10.52178030303,2.51));
#7519 = CARTESIAN_POINT('',(-2.054450757576,10.52178030303,2.51));
#7520 = ORIENTED_EDGE('',*,*,#7474,.F.);
#7521 = SURFACE_OF_LINEAR_EXTRUSION('',#7522,#7526);
#7522 = B_SPLINE_CURVE_WITH_KNOTS('',2,(#7523,#7524,#7525),
  .UNSPECIFIED.,.F.,.F.,(3,3),(0.,1.),.PIECEWISE_BEZIER_KNOTS.);
#7523 = CARTESIAN_POINT('',(-1.140151515152,10.290246212121,4.01));
#7524 = CARTESIAN_POINT('',(-1.525331439394,10.52178030303,4.01));
#7525 = CARTESIAN_POINT('',(-2.054450757576,10.52178030303,4.01));
#7526 = VECTOR('',#7527,1.);
#7527 = DIRECTION('',(0.,0.,1.));
#7528 = ADVANCED_FACE('',(#7529),#7547,.T.);
#7529 = FACE_BOUND('',#7530,.T.);
#7530 = EDGE_LOOP('',(#7531,#7532,#7540,#7546));
#7531 = ORIENTED_EDGE('',*,*,#2212,.T.);
#7532 = ORIENTED_EDGE('',*,*,#7533,.T.);
#7533 = EDGE_CURVE('',#2205,#7534,#7536,.T.);
#7534 = VERTEX_POINT('',#7535);
#7535 = CARTESIAN_POINT('',(-0.580729166667,9.621212121212,2.51));
#7536 = LINE('',#7537,#7538);
#7537 = CARTESIAN_POINT('',(-0.580729166667,9.621212121212,4.01));
#7538 = VECTOR('',#7539,1.);
#7539 = DIRECTION('',(-0.,-0.,-1.));
#7540 = ORIENTED_EDGE('',*,*,#7541,.T.);
#7541 = EDGE_CURVE('',#7534,#7508,#7542,.T.);
#7542 = B_SPLINE_CURVE_WITH_KNOTS('',2,(#7543,#7544,#7545),
  .UNSPECIFIED.,.F.,.F.,(3,3),(0.,1.),.PIECEWISE_BEZIER_KNOTS.);
#7543 = CARTESIAN_POINT('',(-0.580729166667,9.621212121212,2.51));
#7544 = CARTESIAN_POINT('',(-0.754734848485,10.058948863636,2.51));
#7545 = CARTESIAN_POINT('',(-1.140151515152,10.290246212121,2.51));
#7546 = ORIENTED_EDGE('',*,*,#7507,.F.);
#7547 = SURFACE_OF_LINEAR_EXTRUSION('',#7548,#7552);
#7548 = B_SPLINE_CURVE_WITH_KNOTS('',2,(#7549,#7550,#7551),
  .UNSPECIFIED.,.F.,.F.,(3,3),(0.,1.),.PIECEWISE_BEZIER_KNOTS.);
#7549 = CARTESIAN_POINT('',(-0.580729166667,9.621212121212,4.01));
#7550 = CARTESIAN_POINT('',(-0.754734848485,10.058948863636,4.01));
#7551 = CARTESIAN_POINT('',(-1.140151515152,10.290246212121,4.01));
#7552 = VECTOR('',#7553,1.);
#7553 = DIRECTION('',(0.,0.,1.));
#7554 = ADVANCED_FACE('',(#7555),#7573,.T.);
#7555 = FACE_BOUND('',#7556,.T.);
#7556 = EDGE_LOOP('',(#7557,#7558,#7566,#7572));
#7557 = ORIENTED_EDGE('',*,*,#2204,.F.);
#7558 = ORIENTED_EDGE('',*,*,#7559,.T.);
#7559 = EDGE_CURVE('',#2188,#7560,#7562,.T.);
#7560 = VERTEX_POINT('',#7561);
#7561 = CARTESIAN_POINT('',(6.202651515151E-02,9.834517045455,2.51));
#7562 = LINE('',#7563,#7564);
#7563 = CARTESIAN_POINT('',(6.202651515151E-02,9.834517045455,4.01));
#7564 = VECTOR('',#7565,1.);
#7565 = DIRECTION('',(-0.,-0.,-1.));
#7566 = ORIENTED_EDGE('',*,*,#7567,.T.);
#7567 = EDGE_CURVE('',#7560,#7534,#7568,.T.);
#7568 = LINE('',#7569,#7570);
#7569 = CARTESIAN_POINT('',(6.202651515151E-02,9.834517045455,2.51));
#7570 = VECTOR('',#7571,1.);
#7571 = DIRECTION('',(-0.949101955909,-0.314969010046,0.));
#7572 = ORIENTED_EDGE('',*,*,#7533,.F.);
#7573 = PLANE('',#7574);
#7574 = AXIS2_PLACEMENT_3D('',#7575,#7576,#7577);
#7575 = CARTESIAN_POINT('',(6.202651515151E-02,9.834517045455,4.01));
#7576 = DIRECTION('',(-0.314969010046,0.949101955909,0.));
#7577 = DIRECTION('',(-0.949101955909,-0.314969010046,0.));
#7578 = ADVANCED_FACE('',(#7579),#7597,.T.);
#7579 = FACE_BOUND('',#7580,.T.);
#7580 = EDGE_LOOP('',(#7581,#7582,#7590,#7596));
#7581 = ORIENTED_EDGE('',*,*,#2187,.T.);
#7582 = ORIENTED_EDGE('',*,*,#7583,.T.);
#7583 = EDGE_CURVE('',#2171,#7584,#7586,.T.);
#7584 = VERTEX_POINT('',#7585);
#7585 = CARTESIAN_POINT('',(-0.726325757576,10.762784090909,2.51));
#7586 = LINE('',#7587,#7588);
#7587 = CARTESIAN_POINT('',(-0.726325757576,10.762784090909,4.01));
#7588 = VECTOR('',#7589,1.);
#7589 = DIRECTION('',(-0.,-0.,-1.));
#7590 = ORIENTED_EDGE('',*,*,#7591,.T.);
#7591 = EDGE_CURVE('',#7584,#7560,#7592,.T.);
#7592 = B_SPLINE_CURVE_WITH_KNOTS('',2,(#7593,#7594,#7595),
  .UNSPECIFIED.,.F.,.F.,(3,3),(0.,1.),.PIECEWISE_BEZIER_KNOTS.);
#7593 = CARTESIAN_POINT('',(-0.726325757576,10.762784090909,2.51));
#7594 = CARTESIAN_POINT('',(-0.190104166667,10.449810606061,2.51));
#7595 = CARTESIAN_POINT('',(6.202651515151E-02,9.834517045455,2.51));
#7596 = ORIENTED_EDGE('',*,*,#7559,.F.);
#7597 = SURFACE_OF_LINEAR_EXTRUSION('',#7598,#7602);
#7598 = B_SPLINE_CURVE_WITH_KNOTS('',2,(#7599,#7600,#7601),
  .UNSPECIFIED.,.F.,.F.,(3,3),(0.,1.),.PIECEWISE_BEZIER_KNOTS.);
#7599 = CARTESIAN_POINT('',(-0.726325757576,10.762784090909,4.01));
#7600 = CARTESIAN_POINT('',(-0.190104166667,10.449810606061,4.01));
#7601 = CARTESIAN_POINT('',(6.202651515151E-02,9.834517045455,4.01));
#7602 = VECTOR('',#7603,1.);
#7603 = DIRECTION('',(0.,0.,1.));
#7604 = ADVANCED_FACE('',(#7605),#7623,.T.);
#7605 = FACE_BOUND('',#7606,.T.);
#7606 = EDGE_LOOP('',(#7607,#7608,#7616,#7622));
#7607 = ORIENTED_EDGE('',*,*,#2170,.T.);
#7608 = ORIENTED_EDGE('',*,*,#7609,.T.);
#7609 = EDGE_CURVE('',#2148,#7610,#7612,.T.);
#7610 = VERTEX_POINT('',#7611);
#7611 = CARTESIAN_POINT('',(-2.061553030303,11.075757575758,2.51));
#7612 = LINE('',#7613,#7614);
#7613 = CARTESIAN_POINT('',(-2.061553030303,11.075757575758,4.01));
#7614 = VECTOR('',#7615,1.);
#7615 = DIRECTION('',(-0.,-0.,-1.));
#7616 = ORIENTED_EDGE('',*,*,#7617,.T.);
#7617 = EDGE_CURVE('',#7610,#7584,#7618,.T.);
#7618 = B_SPLINE_CURVE_WITH_KNOTS('',2,(#7619,#7620,#7621),
  .UNSPECIFIED.,.F.,.F.,(3,3),(0.,1.),.PIECEWISE_BEZIER_KNOTS.);
#7619 = CARTESIAN_POINT('',(-2.061553030303,11.075757575758,2.51));
#7620 = CARTESIAN_POINT('',(-1.262547348485,11.075757575758,2.51));
#7621 = CARTESIAN_POINT('',(-0.726325757576,10.762784090909,2.51));
#7622 = ORIENTED_EDGE('',*,*,#7583,.F.);
#7623 = SURFACE_OF_LINEAR_EXTRUSION('',#7624,#7628);
#7624 = B_SPLINE_CURVE_WITH_KNOTS('',2,(#7625,#7626,#7627),
  .UNSPECIFIED.,.F.,.F.,(3,3),(0.,1.),.PIECEWISE_BEZIER_KNOTS.);
#7625 = CARTESIAN_POINT('',(-2.061553030303,11.075757575758,4.01));
#7626 = CARTESIAN_POINT('',(-1.262547348485,11.075757575758,4.01));
#7627 = CARTESIAN_POINT('',(-0.726325757576,10.762784090909,4.01));
#7628 = VECTOR('',#7629,1.);
#7629 = DIRECTION('',(0.,0.,1.));
#7630 = ADVANCED_FACE('',(#7631),#7649,.T.);
#7631 = FACE_BOUND('',#7632,.T.);
#7632 = EDGE_LOOP('',(#7633,#7634,#7642,#7648));
#7633 = ORIENTED_EDGE('',*,*,#2147,.T.);
#7634 = ORIENTED_EDGE('',*,*,#7635,.T.);
#7635 = EDGE_CURVE('',#2121,#7636,#7638,.T.);
#7636 = VERTEX_POINT('',#7637);
#7637 = CARTESIAN_POINT('',(-3.851325757576,10.397017045455,2.51));
#7638 = LINE('',#7639,#7640);
#7639 = CARTESIAN_POINT('',(-3.851325757576,10.397017045455,4.01));
#7640 = VECTOR('',#7641,1.);
#7641 = DIRECTION('',(-0.,-0.,-1.));
#7642 = ORIENTED_EDGE('',*,*,#7643,.T.);
#7643 = EDGE_CURVE('',#7636,#7610,#7644,.T.);
#7644 = B_SPLINE_CURVE_WITH_KNOTS('',2,(#7645,#7646,#7647),
  .UNSPECIFIED.,.F.,.F.,(3,3),(0.,1.),.PIECEWISE_BEZIER_KNOTS.);
#7645 = CARTESIAN_POINT('',(-3.851325757576,10.397017045455,2.51));
#7646 = CARTESIAN_POINT('',(-3.205018939394,11.075757575758,2.51));
#7647 = CARTESIAN_POINT('',(-2.061553030303,11.075757575758,2.51));
#7648 = ORIENTED_EDGE('',*,*,#7609,.F.);
#7649 = SURFACE_OF_LINEAR_EXTRUSION('',#7650,#7654);
#7650 = B_SPLINE_CURVE_WITH_KNOTS('',2,(#7651,#7652,#7653),
  .UNSPECIFIED.,.F.,.F.,(3,3),(0.,1.),.PIECEWISE_BEZIER_KNOTS.);
#7651 = CARTESIAN_POINT('',(-3.851325757576,10.397017045455,4.01));
#7652 = CARTESIAN_POINT('',(-3.205018939394,11.075757575758,4.01));
#7653 = CARTESIAN_POINT('',(-2.061553030303,11.075757575758,4.01));
#7654 = VECTOR('',#7655,1.);
#7655 = DIRECTION('',(0.,0.,1.));
#7656 = ADVANCED_FACE('',(#7657),#7675,.T.);
#7657 = FACE_BOUND('',#7658,.T.);
#7658 = EDGE_LOOP('',(#7659,#7660,#7668,#7674));
#7659 = ORIENTED_EDGE('',*,*,#2120,.T.);
#7660 = ORIENTED_EDGE('',*,*,#7661,.T.);
#7661 = EDGE_CURVE('',#2106,#7662,#7664,.T.);
#7662 = VERTEX_POINT('',#7663);
#7663 = CARTESIAN_POINT('',(-4.497632575758,8.521306818182,2.51));
#7664 = LINE('',#7665,#7666);
#7665 = CARTESIAN_POINT('',(-4.497632575758,8.521306818182,4.01));
#7666 = VECTOR('',#7667,1.);
#7667 = DIRECTION('',(-0.,-0.,-1.));
#7668 = ORIENTED_EDGE('',*,*,#7669,.T.);
#7669 = EDGE_CURVE('',#7662,#7636,#7670,.T.);
#7670 = B_SPLINE_CURVE_WITH_KNOTS('',2,(#7671,#7672,#7673),
  .UNSPECIFIED.,.F.,.F.,(3,3),(0.,1.),.PIECEWISE_BEZIER_KNOTS.);
#7671 = CARTESIAN_POINT('',(-4.497632575758,8.521306818182,2.51));
#7672 = CARTESIAN_POINT('',(-4.497632575758,9.718513257576,2.51));
#7673 = CARTESIAN_POINT('',(-3.851325757576,10.397017045455,2.51));
#7674 = ORIENTED_EDGE('',*,*,#7635,.F.);
#7675 = SURFACE_OF_LINEAR_EXTRUSION('',#7676,#7680);
#7676 = B_SPLINE_CURVE_WITH_KNOTS('',2,(#7677,#7678,#7679),
  .UNSPECIFIED.,.F.,.F.,(3,3),(0.,1.),.PIECEWISE_BEZIER_KNOTS.);
#7677 = CARTESIAN_POINT('',(-4.497632575758,8.521306818182,4.01));
#7678 = CARTESIAN_POINT('',(-4.497632575758,9.718513257576,4.01));
#7679 = CARTESIAN_POINT('',(-3.851325757576,10.397017045455,4.01));
#7680 = VECTOR('',#7681,1.);
#7681 = DIRECTION('',(0.,0.,1.));
#7682 = ADVANCED_FACE('',(#7683),#7701,.T.);
#7683 = FACE_BOUND('',#7684,.T.);
#7684 = EDGE_LOOP('',(#7685,#7686,#7694,#7700));
#7685 = ORIENTED_EDGE('',*,*,#2105,.T.);
#7686 = ORIENTED_EDGE('',*,*,#7687,.T.);
#7687 = EDGE_CURVE('',#2091,#7688,#7690,.T.);
#7688 = VERTEX_POINT('',#7689);
#7689 = CARTESIAN_POINT('',(-4.208333333333,7.137310606061,2.51));
#7690 = LINE('',#7691,#7692);
#7691 = CARTESIAN_POINT('',(-4.208333333333,7.137310606061,4.01));
#7692 = VECTOR('',#7693,1.);
#7693 = DIRECTION('',(-0.,-0.,-1.));
#7694 = ORIENTED_EDGE('',*,*,#7695,.T.);
#7695 = EDGE_CURVE('',#7688,#7662,#7696,.T.);
#7696 = B_SPLINE_CURVE_WITH_KNOTS('',2,(#7697,#7698,#7699),
  .UNSPECIFIED.,.F.,.F.,(3,3),(0.,1.),.PIECEWISE_BEZIER_KNOTS.);
#7697 = CARTESIAN_POINT('',(-4.208333333333,7.137310606061,2.51));
#7698 = CARTESIAN_POINT('',(-4.497632575758,7.721827651515,2.51));
#7699 = CARTESIAN_POINT('',(-4.497632575758,8.521306818182,2.51));
#7700 = ORIENTED_EDGE('',*,*,#7661,.F.);
#7701 = SURFACE_OF_LINEAR_EXTRUSION('',#7702,#7706);
#7702 = B_SPLINE_CURVE_WITH_KNOTS('',2,(#7703,#7704,#7705),
  .UNSPECIFIED.,.F.,.F.,(3,3),(0.,1.),.PIECEWISE_BEZIER_KNOTS.);
#7703 = CARTESIAN_POINT('',(-4.208333333333,7.137310606061,4.01));
#7704 = CARTESIAN_POINT('',(-4.497632575758,7.721827651515,4.01));
#7705 = CARTESIAN_POINT('',(-4.497632575758,8.521306818182,4.01));
#7706 = VECTOR('',#7707,1.);
#7707 = DIRECTION('',(0.,0.,1.));
#7708 = ADVANCED_FACE('',(#7709),#7727,.T.);
#7709 = FACE_BOUND('',#7710,.T.);
#7710 = EDGE_LOOP('',(#7711,#7712,#7720,#7726));
#7711 = ORIENTED_EDGE('',*,*,#2090,.T.);
#7712 = ORIENTED_EDGE('',*,*,#7713,.T.);
#7713 = EDGE_CURVE('',#2076,#7714,#7716,.T.);
#7714 = VERTEX_POINT('',#7715);
#7715 = CARTESIAN_POINT('',(-3.366714015152,6.238636363636,2.51));
#7716 = LINE('',#7717,#7718);
#7717 = CARTESIAN_POINT('',(-3.366714015152,6.238636363636,4.01));
#7718 = VECTOR('',#7719,1.);
#7719 = DIRECTION('',(-0.,-0.,-1.));
#7720 = ORIENTED_EDGE('',*,*,#7721,.T.);
#7721 = EDGE_CURVE('',#7714,#7688,#7722,.T.);
#7722 = B_SPLINE_CURVE_WITH_KNOTS('',2,(#7723,#7724,#7725),
  .UNSPECIFIED.,.F.,.F.,(3,3),(0.,1.),.PIECEWISE_BEZIER_KNOTS.);
#7723 = CARTESIAN_POINT('',(-3.366714015152,6.238636363636,2.51));
#7724 = CARTESIAN_POINT('',(-3.918797348485,6.55303030303,2.51));
#7725 = CARTESIAN_POINT('',(-4.208333333333,7.137310606061,2.51));
#7726 = ORIENTED_EDGE('',*,*,#7687,.F.);
#7727 = SURFACE_OF_LINEAR_EXTRUSION('',#7728,#7732);
#7728 = B_SPLINE_CURVE_WITH_KNOTS('',2,(#7729,#7730,#7731),
  .UNSPECIFIED.,.F.,.F.,(3,3),(0.,1.),.PIECEWISE_BEZIER_KNOTS.);
#7729 = CARTESIAN_POINT('',(-3.366714015152,6.238636363636,4.01));
#7730 = CARTESIAN_POINT('',(-3.918797348485,6.55303030303,4.01));
#7731 = CARTESIAN_POINT('',(-4.208333333333,7.137310606061,4.01));
#7732 = VECTOR('',#7733,1.);
#7733 = DIRECTION('',(0.,0.,1.));
#7734 = ADVANCED_FACE('',(#7735),#7753,.T.);
#7735 = FACE_BOUND('',#7736,.T.);
#7736 = EDGE_LOOP('',(#7737,#7738,#7746,#7752));
#7737 = ORIENTED_EDGE('',*,*,#2075,.T.);
#7738 = ORIENTED_EDGE('',*,*,#7739,.T.);
#7739 = EDGE_CURVE('',#2057,#7740,#7742,.T.);
#7740 = VERTEX_POINT('',#7741);
#7741 = CARTESIAN_POINT('',(-2.058001893939,5.924242424242,2.51));
#7742 = LINE('',#7743,#7744);
#7743 = CARTESIAN_POINT('',(-2.058001893939,5.924242424242,4.01));
#7744 = VECTOR('',#7745,1.);
#7745 = DIRECTION('',(-0.,-0.,-1.));
#7746 = ORIENTED_EDGE('',*,*,#7747,.T.);
#7747 = EDGE_CURVE('',#7740,#7714,#7748,.T.);
#7748 = B_SPLINE_CURVE_WITH_KNOTS('',2,(#7749,#7750,#7751),
  .UNSPECIFIED.,.F.,.F.,(3,3),(0.,1.),.PIECEWISE_BEZIER_KNOTS.);
#7749 = CARTESIAN_POINT('',(-2.058001893939,5.924242424242,2.51));
#7750 = CARTESIAN_POINT('',(-2.814393939394,5.924242424242,2.51));
#7751 = CARTESIAN_POINT('',(-3.366714015152,6.238636363636,2.51));
#7752 = ORIENTED_EDGE('',*,*,#7713,.F.);
#7753 = SURFACE_OF_LINEAR_EXTRUSION('',#7754,#7758);
#7754 = B_SPLINE_CURVE_WITH_KNOTS('',2,(#7755,#7756,#7757),
  .UNSPECIFIED.,.F.,.F.,(3,3),(0.,1.),.PIECEWISE_BEZIER_KNOTS.);
#7755 = CARTESIAN_POINT('',(-2.058001893939,5.924242424242,4.01));
#7756 = CARTESIAN_POINT('',(-2.814393939394,5.924242424242,4.01));
#7757 = CARTESIAN_POINT('',(-3.366714015152,6.238636363636,4.01));
#7758 = VECTOR('',#7759,1.);
#7759 = DIRECTION('',(0.,0.,1.));
#7760 = ADVANCED_FACE('',(#7761),#7779,.T.);
#7761 = FACE_BOUND('',#7762,.T.);
#7762 = EDGE_LOOP('',(#7763,#7764,#7772,#7778));
#7763 = ORIENTED_EDGE('',*,*,#2056,.T.);
#7764 = ORIENTED_EDGE('',*,*,#7765,.T.);
#7765 = EDGE_CURVE('',#2040,#7766,#7768,.T.);
#7766 = VERTEX_POINT('',#7767);
#7767 = CARTESIAN_POINT('',(-0.760179924242,6.259943181818,2.51));
#7768 = LINE('',#7769,#7770);
#7769 = CARTESIAN_POINT('',(-0.760179924242,6.259943181818,4.01));
#7770 = VECTOR('',#7771,1.);
#7771 = DIRECTION('',(-0.,-0.,-1.));
#7772 = ORIENTED_EDGE('',*,*,#7773,.T.);
#7773 = EDGE_CURVE('',#7766,#7740,#7774,.T.);
#7774 = B_SPLINE_CURVE_WITH_KNOTS('',2,(#7775,#7776,#7777),
  .UNSPECIFIED.,.F.,.F.,(3,3),(0.,1.),.PIECEWISE_BEZIER_KNOTS.);
#7775 = CARTESIAN_POINT('',(-0.760179924242,6.259943181818,2.51));
#7776 = CARTESIAN_POINT('',(-1.319365530303,5.924242424242,2.51));
#7777 = CARTESIAN_POINT('',(-2.058001893939,5.924242424242,2.51));
#7778 = ORIENTED_EDGE('',*,*,#7739,.F.);
#7779 = SURFACE_OF_LINEAR_EXTRUSION('',#7780,#7784);
#7780 = B_SPLINE_CURVE_WITH_KNOTS('',2,(#7781,#7782,#7783),
  .UNSPECIFIED.,.F.,.F.,(3,3),(0.,1.),.PIECEWISE_BEZIER_KNOTS.);
#7781 = CARTESIAN_POINT('',(-0.760179924242,6.259943181818,4.01));
#7782 = CARTESIAN_POINT('',(-1.319365530303,5.924242424242,4.01));
#7783 = CARTESIAN_POINT('',(-2.058001893939,5.924242424242,4.01));
#7784 = VECTOR('',#7785,1.);
#7785 = DIRECTION('',(0.,0.,1.));
#7786 = ADVANCED_FACE('',(#7787),#7805,.T.);
#7787 = FACE_BOUND('',#7788,.T.);
#7788 = EDGE_LOOP('',(#7789,#7790,#7798,#7804));
#7789 = ORIENTED_EDGE('',*,*,#2039,.T.);
#7790 = ORIENTED_EDGE('',*,*,#7791,.T.);
#7791 = EDGE_CURVE('',#2032,#7792,#7794,.T.);
#7792 = VERTEX_POINT('',#7793);
#7793 = CARTESIAN_POINT('',(0.108191287879,7.239346590909,2.51));
#7794 = LINE('',#7795,#7796);
#7795 = CARTESIAN_POINT('',(0.108191287879,7.239346590909,4.01));
#7796 = VECTOR('',#7797,1.);
#7797 = DIRECTION('',(-0.,-0.,-1.));
#7798 = ORIENTED_EDGE('',*,*,#7799,.T.);
#7799 = EDGE_CURVE('',#7792,#7766,#7800,.T.);
#7800 = B_SPLINE_CURVE_WITH_KNOTS('',2,(#7801,#7802,#7803),
  .UNSPECIFIED.,.F.,.F.,(3,3),(0.,1.),.PIECEWISE_BEZIER_KNOTS.);
#7801 = CARTESIAN_POINT('',(0.108191287879,7.239346590909,2.51));
#7802 = CARTESIAN_POINT('',(-0.200757575758,6.595880681818,2.51));
#7803 = CARTESIAN_POINT('',(-0.760179924242,6.259943181818,2.51));
#7804 = ORIENTED_EDGE('',*,*,#7765,.F.);
#7805 = SURFACE_OF_LINEAR_EXTRUSION('',#7806,#7810);
#7806 = B_SPLINE_CURVE_WITH_KNOTS('',2,(#7807,#7808,#7809),
  .UNSPECIFIED.,.F.,.F.,(3,3),(0.,1.),.PIECEWISE_BEZIER_KNOTS.);
#7807 = CARTESIAN_POINT('',(0.108191287879,7.239346590909,4.01));
#7808 = CARTESIAN_POINT('',(-0.200757575758,6.595880681818,4.01));
#7809 = CARTESIAN_POINT('',(-0.760179924242,6.259943181818,4.01));
#7810 = VECTOR('',#7811,1.);
#7811 = DIRECTION('',(0.,0.,1.));
#7812 = ADVANCED_FACE('',(#7813),#7831,.T.);
#7813 = FACE_BOUND('',#7814,.T.);
#7814 = EDGE_LOOP('',(#7815,#7816,#7824,#7830));
#7815 = ORIENTED_EDGE('',*,*,#2031,.F.);
#7816 = ORIENTED_EDGE('',*,*,#7817,.T.);
#7817 = EDGE_CURVE('',#2005,#7818,#7820,.T.);
#7818 = VERTEX_POINT('',#7819);
#7819 = CARTESIAN_POINT('',(-0.445785984848,7.515151515152,2.51));
#7820 = LINE('',#7821,#7822);
#7821 = CARTESIAN_POINT('',(-0.445785984848,7.515151515152,4.01));
#7822 = VECTOR('',#7823,1.);
#7823 = DIRECTION('',(-0.,-0.,-1.));
#7824 = ORIENTED_EDGE('',*,*,#7825,.T.);
#7825 = EDGE_CURVE('',#7818,#7792,#7826,.T.);
#7826 = LINE('',#7827,#7828);
#7827 = CARTESIAN_POINT('',(-0.445785984848,7.515151515152,2.51));
#7828 = VECTOR('',#7829,1.);
#7829 = DIRECTION('',(0.895191002499,-0.445682699962,0.));
#7830 = ORIENTED_EDGE('',*,*,#7791,.F.);
#7831 = PLANE('',#7832);
#7832 = AXIS2_PLACEMENT_3D('',#7833,#7834,#7835);
#7833 = CARTESIAN_POINT('',(-0.445785984848,7.515151515152,4.01));
#7834 = DIRECTION('',(-0.445682699962,-0.895191002499,0.));
#7835 = DIRECTION('',(0.895191002499,-0.445682699962,0.));
#7836 = ADVANCED_FACE('',(#7837),#7855,.T.);
#7837 = FACE_BOUND('',#7838,.T.);
#7838 = EDGE_LOOP('',(#7839,#7840,#7848,#7854));
#7839 = ORIENTED_EDGE('',*,*,#2004,.T.);
#7840 = ORIENTED_EDGE('',*,*,#7841,.T.);
#7841 = EDGE_CURVE('',#1986,#7842,#7844,.T.);
#7842 = VERTEX_POINT('',#7843);
#7843 = CARTESIAN_POINT('',(-2.026041666667,6.481770833333,2.51));
#7844 = LINE('',#7845,#7846);
#7845 = CARTESIAN_POINT('',(-2.026041666667,6.481770833333,4.01));
#7846 = VECTOR('',#7847,1.);
#7847 = DIRECTION('',(-0.,-0.,-1.));
#7848 = ORIENTED_EDGE('',*,*,#7849,.T.);
#7849 = EDGE_CURVE('',#7842,#7818,#7850,.T.);
#7850 = B_SPLINE_CURVE_WITH_KNOTS('',2,(#7851,#7852,#7853),
  .UNSPECIFIED.,.F.,.F.,(3,3),(0.,1.),.PIECEWISE_BEZIER_KNOTS.);
#7851 = CARTESIAN_POINT('',(-2.026041666667,6.481770833333,2.51));
#7852 = CARTESIAN_POINT('',(-0.97490530303,6.481770833333,2.51));
#7853 = CARTESIAN_POINT('',(-0.445785984848,7.515151515152,2.51));
#7854 = ORIENTED_EDGE('',*,*,#7817,.F.);
#7855 = SURFACE_OF_LINEAR_EXTRUSION('',#7856,#7860);
#7856 = B_SPLINE_CURVE_WITH_KNOTS('',2,(#7857,#7858,#7859),
  .UNSPECIFIED.,.F.,.F.,(3,3),(0.,1.),.PIECEWISE_BEZIER_KNOTS.);
#7857 = CARTESIAN_POINT('',(-2.026041666667,6.481770833333,4.01));
#7858 = CARTESIAN_POINT('',(-0.97490530303,6.481770833333,4.01));
#7859 = CARTESIAN_POINT('',(-0.445785984848,7.515151515152,4.01));
#7860 = VECTOR('',#7861,1.);
#7861 = DIRECTION('',(0.,0.,1.));
#7862 = ADVANCED_FACE('',(#7863),#7881,.T.);
#7863 = FACE_BOUND('',#7864,.T.);
#7864 = EDGE_LOOP('',(#7865,#7866,#7874,#7880));
#7865 = ORIENTED_EDGE('',*,*,#1985,.T.);
#7866 = ORIENTED_EDGE('',*,*,#7867,.T.);
#7867 = EDGE_CURVE('',#1963,#7868,#7870,.T.);
#7868 = VERTEX_POINT('',#7869);
#7869 = CARTESIAN_POINT('',(-3.327651515152,7.041429924242,2.51));
#7870 = LINE('',#7871,#7872);
#7871 = CARTESIAN_POINT('',(-3.327651515152,7.041429924242,4.01));
#7872 = VECTOR('',#7873,1.);
#7873 = DIRECTION('',(-0.,-0.,-1.));
#7874 = ORIENTED_EDGE('',*,*,#7875,.T.);
#7875 = EDGE_CURVE('',#7868,#7842,#7876,.T.);
#7876 = B_SPLINE_CURVE_WITH_KNOTS('',2,(#7877,#7878,#7879),
  .UNSPECIFIED.,.F.,.F.,(3,3),(0.,1.),.PIECEWISE_BEZIER_KNOTS.);
#7877 = CARTESIAN_POINT('',(-3.327651515152,7.041429924242,2.51));
#7878 = CARTESIAN_POINT('',(-2.846354166667,6.481770833333,2.51));
#7879 = CARTESIAN_POINT('',(-2.026041666667,6.481770833333,2.51));
#7880 = ORIENTED_EDGE('',*,*,#7841,.F.);
#7881 = SURFACE_OF_LINEAR_EXTRUSION('',#7882,#7886);
#7882 = B_SPLINE_CURVE_WITH_KNOTS('',2,(#7883,#7884,#7885),
  .UNSPECIFIED.,.F.,.F.,(3,3),(0.,1.),.PIECEWISE_BEZIER_KNOTS.);
#7883 = CARTESIAN_POINT('',(-3.327651515152,7.041429924242,4.01));
#7884 = CARTESIAN_POINT('',(-2.846354166667,6.481770833333,4.01));
#7885 = CARTESIAN_POINT('',(-2.026041666667,6.481770833333,4.01));
#7886 = VECTOR('',#7887,1.);
#7887 = DIRECTION('',(0.,0.,1.));
#7888 = ADVANCED_FACE('',(#7889),#7907,.T.);
#7889 = FACE_BOUND('',#7890,.T.);
#7890 = EDGE_LOOP('',(#7891,#7892,#7900,#7906));
#7891 = ORIENTED_EDGE('',*,*,#1962,.T.);
#7892 = ORIENTED_EDGE('',*,*,#7893,.T.);
#7893 = EDGE_CURVE('',#1941,#7894,#7896,.T.);
#7894 = VERTEX_POINT('',#7895);
#7895 = CARTESIAN_POINT('',(-3.808712121212,8.521306818182,2.51));
#7896 = LINE('',#7897,#7898);
#7897 = CARTESIAN_POINT('',(-3.808712121212,8.521306818182,4.01));
#7898 = VECTOR('',#7899,1.);
#7899 = DIRECTION('',(-0.,-0.,-1.));
#7900 = ORIENTED_EDGE('',*,*,#7901,.T.);
#7901 = EDGE_CURVE('',#7894,#7868,#7902,.T.);
#7902 = B_SPLINE_CURVE_WITH_KNOTS('',2,(#7903,#7904,#7905),
  .UNSPECIFIED.,.F.,.F.,(3,3),(0.,1.),.PIECEWISE_BEZIER_KNOTS.);
#7903 = CARTESIAN_POINT('',(-3.808712121212,8.521306818182,2.51));
#7904 = CARTESIAN_POINT('',(-3.808712121212,7.601089015152,2.51));
#7905 = CARTESIAN_POINT('',(-3.327651515152,7.041429924242,2.51));
#7906 = ORIENTED_EDGE('',*,*,#7867,.F.);
#7907 = SURFACE_OF_LINEAR_EXTRUSION('',#7908,#7912);
#7908 = B_SPLINE_CURVE_WITH_KNOTS('',2,(#7909,#7910,#7911),
  .UNSPECIFIED.,.F.,.F.,(3,3),(0.,1.),.PIECEWISE_BEZIER_KNOTS.);
#7909 = CARTESIAN_POINT('',(-3.808712121212,8.521306818182,4.01));
#7910 = CARTESIAN_POINT('',(-3.808712121212,7.601089015152,4.01));
#7911 = CARTESIAN_POINT('',(-3.327651515152,7.041429924242,4.01));
#7912 = VECTOR('',#7913,1.);
#7913 = DIRECTION('',(0.,0.,1.));
#7914 = ADVANCED_FACE('',(#7915),#7926,.T.);
#7915 = FACE_BOUND('',#7916,.T.);
#7916 = EDGE_LOOP('',(#7917,#7918,#7919,#7925));
#7917 = ORIENTED_EDGE('',*,*,#1940,.T.);
#7918 = ORIENTED_EDGE('',*,*,#7490,.T.);
#7919 = ORIENTED_EDGE('',*,*,#7920,.T.);
#7920 = EDGE_CURVE('',#7483,#7894,#7921,.T.);
#7921 = B_SPLINE_CURVE_WITH_KNOTS('',2,(#7922,#7923,#7924),
  .UNSPECIFIED.,.F.,.F.,(3,3),(0.,1.),.PIECEWISE_BEZIER_KNOTS.);
#7922 = CARTESIAN_POINT('',(-3.347064393939,9.986979166667,2.51));
#7923 = CARTESIAN_POINT('',(-3.808712121212,9.452178030303,2.51));
#7924 = CARTESIAN_POINT('',(-3.808712121212,8.521306818182,2.51));
#7925 = ORIENTED_EDGE('',*,*,#7893,.F.);
#7926 = SURFACE_OF_LINEAR_EXTRUSION('',#7927,#7931);
#7927 = B_SPLINE_CURVE_WITH_KNOTS('',2,(#7928,#7929,#7930),
  .UNSPECIFIED.,.F.,.F.,(3,3),(0.,1.),.PIECEWISE_BEZIER_KNOTS.);
#7928 = CARTESIAN_POINT('',(-3.347064393939,9.986979166667,4.01));
#7929 = CARTESIAN_POINT('',(-3.808712121212,9.452178030303,4.01));
#7930 = CARTESIAN_POINT('',(-3.808712121212,8.521306818182,4.01));
#7931 = VECTOR('',#7932,1.);
#7932 = DIRECTION('',(0.,0.,1.));
#7933 = ADVANCED_FACE('',(#7934),#7959,.T.);
#7934 = FACE_BOUND('',#7935,.T.);
#7935 = EDGE_LOOP('',(#7936,#7937,#7945,#7953));
#7936 = ORIENTED_EDGE('',*,*,#2242,.T.);
#7937 = ORIENTED_EDGE('',*,*,#7938,.T.);
#7938 = EDGE_CURVE('',#2245,#7939,#7941,.T.);
#7939 = VERTEX_POINT('',#7940);
#7940 = CARTESIAN_POINT('',(4.227272727273,7.376420454545,2.51));
#7941 = LINE('',#7942,#7943);
#7942 = CARTESIAN_POINT('',(4.227272727273,7.376420454545,4.01));
#7943 = VECTOR('',#7944,1.);
#7944 = DIRECTION('',(-0.,-0.,-1.));
#7945 = ORIENTED_EDGE('',*,*,#7946,.T.);
#7946 = EDGE_CURVE('',#7939,#7947,#7949,.T.);
#7947 = VERTEX_POINT('',#7948);
#7948 = CARTESIAN_POINT('',(3.786931818182,6.304214015152,2.51));
#7949 = B_SPLINE_CURVE_WITH_KNOTS('',2,(#7950,#7951,#7952),
  .UNSPECIFIED.,.F.,.F.,(3,3),(0.,1.),.PIECEWISE_BEZIER_KNOTS.);
#7950 = CARTESIAN_POINT('',(4.227272727273,7.376420454545,2.51));
#7951 = CARTESIAN_POINT('',(4.227272727273,6.684185606061,2.51));
#7952 = CARTESIAN_POINT('',(3.786931818182,6.304214015152,2.51));
#7953 = ORIENTED_EDGE('',*,*,#7954,.F.);
#7954 = EDGE_CURVE('',#2243,#7947,#7955,.T.);
#7955 = LINE('',#7956,#7957);
#7956 = CARTESIAN_POINT('',(3.786931818182,6.304214015152,4.01));
#7957 = VECTOR('',#7958,1.);
#7958 = DIRECTION('',(-0.,-0.,-1.));
#7959 = SURFACE_OF_LINEAR_EXTRUSION('',#7960,#7964);
#7960 = B_SPLINE_CURVE_WITH_KNOTS('',2,(#7961,#7962,#7963),
  .UNSPECIFIED.,.F.,.F.,(3,3),(0.,1.),.PIECEWISE_BEZIER_KNOTS.);
#7961 = CARTESIAN_POINT('',(4.227272727273,7.376420454545,4.01));
#7962 = CARTESIAN_POINT('',(4.227272727273,6.684185606061,4.01));
#7963 = CARTESIAN_POINT('',(3.786931818182,6.304214015152,4.01));
#7964 = VECTOR('',#7965,1.);
#7965 = DIRECTION('',(0.,0.,1.));
#7966 = ADVANCED_FACE('',(#7967),#7985,.T.);
#7967 = FACE_BOUND('',#7968,.T.);
#7968 = EDGE_LOOP('',(#7969,#7970,#7978,#7984));
#7969 = ORIENTED_EDGE('',*,*,#2689,.T.);
#7970 = ORIENTED_EDGE('',*,*,#7971,.T.);
#7971 = EDGE_CURVE('',#2673,#7972,#7974,.T.);
#7972 = VERTEX_POINT('',#7973);
#7973 = CARTESIAN_POINT('',(3.914772727273,8.171875,2.51));
#7974 = LINE('',#7975,#7976);
#7975 = CARTESIAN_POINT('',(3.914772727273,8.171875,4.01));
#7976 = VECTOR('',#7977,1.);
#7977 = DIRECTION('',(-0.,-0.,-1.));
#7978 = ORIENTED_EDGE('',*,*,#7979,.T.);
#7979 = EDGE_CURVE('',#7972,#7939,#7980,.T.);
#7980 = B_SPLINE_CURVE_WITH_KNOTS('',2,(#7981,#7982,#7983),
  .UNSPECIFIED.,.F.,.F.,(3,3),(0.,1.),.PIECEWISE_BEZIER_KNOTS.);
#7981 = CARTESIAN_POINT('',(3.914772727273,8.171875,2.51));
#7982 = CARTESIAN_POINT('',(4.227272727273,7.855823863636,2.51));
#7983 = CARTESIAN_POINT('',(4.227272727273,7.376420454545,2.51));
#7984 = ORIENTED_EDGE('',*,*,#7938,.F.);
#7985 = SURFACE_OF_LINEAR_EXTRUSION('',#7986,#7990);
#7986 = B_SPLINE_CURVE_WITH_KNOTS('',2,(#7987,#7988,#7989),
  .UNSPECIFIED.,.F.,.F.,(3,3),(0.,1.),.PIECEWISE_BEZIER_KNOTS.);
#7987 = CARTESIAN_POINT('',(3.914772727273,8.171875,4.01));
#7988 = CARTESIAN_POINT('',(4.227272727273,7.855823863636,4.01));
#7989 = CARTESIAN_POINT('',(4.227272727273,7.376420454545,4.01));
#7990 = VECTOR('',#7991,1.);
#7991 = DIRECTION('',(0.,0.,1.));
#7992 = ADVANCED_FACE('',(#7993),#8011,.T.);
#7993 = FACE_BOUND('',#7994,.T.);
#7994 = EDGE_LOOP('',(#7995,#7996,#8004,#8010));
#7995 = ORIENTED_EDGE('',*,*,#2672,.T.);
#7996 = ORIENTED_EDGE('',*,*,#7997,.T.);
#7997 = EDGE_CURVE('',#2665,#7998,#8000,.T.);
#7998 = VERTEX_POINT('',#7999);
#7999 = CARTESIAN_POINT('',(3.041193181818,8.548295454545,2.51));
#8000 = LINE('',#8001,#8002);
#8001 = CARTESIAN_POINT('',(3.041193181818,8.548295454545,4.01));
#8002 = VECTOR('',#8003,1.);
#8003 = DIRECTION('',(-0.,-0.,-1.));
#8004 = ORIENTED_EDGE('',*,*,#8005,.T.);
#8005 = EDGE_CURVE('',#7998,#7972,#8006,.T.);
#8006 = B_SPLINE_CURVE_WITH_KNOTS('',2,(#8007,#8008,#8009),
  .UNSPECIFIED.,.F.,.F.,(3,3),(0.,1.),.PIECEWISE_BEZIER_KNOTS.);
#8007 = CARTESIAN_POINT('',(3.041193181818,8.548295454545,2.51));
#8008 = CARTESIAN_POINT('',(3.602272727273,8.487926136364,2.51));
#8009 = CARTESIAN_POINT('',(3.914772727273,8.171875,2.51));
#8010 = ORIENTED_EDGE('',*,*,#7971,.F.);
#8011 = SURFACE_OF_LINEAR_EXTRUSION('',#8012,#8016);
#8012 = B_SPLINE_CURVE_WITH_KNOTS('',2,(#8013,#8014,#8015),
  .UNSPECIFIED.,.F.,.F.,(3,3),(0.,1.),.PIECEWISE_BEZIER_KNOTS.);
#8013 = CARTESIAN_POINT('',(3.041193181818,8.548295454545,4.01));
#8014 = CARTESIAN_POINT('',(3.602272727273,8.487926136364,4.01));
#8015 = CARTESIAN_POINT('',(3.914772727273,8.171875,4.01));
#8016 = VECTOR('',#8017,1.);
#8017 = DIRECTION('',(0.,0.,1.));
#8018 = ADVANCED_FACE('',(#8019),#8037,.T.);
#8019 = FACE_BOUND('',#8020,.T.);
#8020 = EDGE_LOOP('',(#8021,#8022,#8030,#8036));
#8021 = ORIENTED_EDGE('',*,*,#2664,.F.);
#8022 = ORIENTED_EDGE('',*,*,#8023,.T.);
#8023 = EDGE_CURVE('',#2650,#8024,#8026,.T.);
#8024 = VERTEX_POINT('',#8025);
#8025 = CARTESIAN_POINT('',(3.041193181818,8.5625,2.51));
#8026 = LINE('',#8027,#8028);
#8027 = CARTESIAN_POINT('',(3.041193181818,8.5625,4.01));
#8028 = VECTOR('',#8029,1.);
#8029 = DIRECTION('',(-0.,-0.,-1.));
#8030 = ORIENTED_EDGE('',*,*,#8031,.T.);
#8031 = EDGE_CURVE('',#8024,#7998,#8032,.T.);
#8032 = LINE('',#8033,#8034);
#8033 = CARTESIAN_POINT('',(3.041193181818,8.5625,2.51));
#8034 = VECTOR('',#8035,1.);
#8035 = DIRECTION('',(0.,-1.,0.));
#8036 = ORIENTED_EDGE('',*,*,#7997,.F.);
#8037 = PLANE('',#8038);
#8038 = AXIS2_PLACEMENT_3D('',#8039,#8040,#8041);
#8039 = CARTESIAN_POINT('',(3.041193181818,8.5625,4.01));
#8040 = DIRECTION('',(-1.,0.,0.));
#8041 = DIRECTION('',(0.,-1.,0.));
#8042 = ADVANCED_FACE('',(#8043),#8061,.T.);
#8043 = FACE_BOUND('',#8044,.T.);
#8044 = EDGE_LOOP('',(#8045,#8046,#8054,#8060));
#8045 = ORIENTED_EDGE('',*,*,#2649,.T.);
#8046 = ORIENTED_EDGE('',*,*,#8047,.T.);
#8047 = EDGE_CURVE('',#2633,#8048,#8050,.T.);
#8048 = VERTEX_POINT('',#8049);
#8049 = CARTESIAN_POINT('',(3.820549242424,8.969460227273,2.51));
#8050 = LINE('',#8051,#8052);
#8051 = CARTESIAN_POINT('',(3.820549242424,8.969460227273,4.01));
#8052 = VECTOR('',#8053,1.);
#8053 = DIRECTION('',(-0.,-0.,-1.));
#8054 = ORIENTED_EDGE('',*,*,#8055,.T.);
#8055 = EDGE_CURVE('',#8048,#8024,#8056,.T.);
#8056 = B_SPLINE_CURVE_WITH_KNOTS('',2,(#8057,#8058,#8059),
  .UNSPECIFIED.,.F.,.F.,(3,3),(0.,1.),.PIECEWISE_BEZIER_KNOTS.);
#8057 = CARTESIAN_POINT('',(3.820549242424,8.969460227273,2.51));
#8058 = CARTESIAN_POINT('',(3.552556818182,8.669034090909,2.51));
#8059 = CARTESIAN_POINT('',(3.041193181818,8.5625,2.51));
#8060 = ORIENTED_EDGE('',*,*,#8023,.F.);
#8061 = SURFACE_OF_LINEAR_EXTRUSION('',#8062,#8066);
#8062 = B_SPLINE_CURVE_WITH_KNOTS('',2,(#8063,#8064,#8065),
  .UNSPECIFIED.,.F.,.F.,(3,3),(0.,1.),.PIECEWISE_BEZIER_KNOTS.);
#8063 = CARTESIAN_POINT('',(3.820549242424,8.969460227273,4.01));
#8064 = CARTESIAN_POINT('',(3.552556818182,8.669034090909,4.01));
#8065 = CARTESIAN_POINT('',(3.041193181818,8.5625,4.01));
#8066 = VECTOR('',#8067,1.);
#8067 = DIRECTION('',(0.,0.,1.));
#8068 = ADVANCED_FACE('',(#8069),#8087,.T.);
#8069 = FACE_BOUND('',#8070,.T.);
#8070 = EDGE_LOOP('',(#8071,#8072,#8080,#8086));
#8071 = ORIENTED_EDGE('',*,*,#2632,.T.);
#8072 = ORIENTED_EDGE('',*,*,#8073,.T.);
#8073 = EDGE_CURVE('',#2614,#8074,#8076,.T.);
#8074 = VERTEX_POINT('',#8075);
#8075 = CARTESIAN_POINT('',(4.088778409091,9.749763257576,2.51));
#8076 = LINE('',#8077,#8078);
#8077 = CARTESIAN_POINT('',(4.088778409091,9.749763257576,4.01));
#8078 = VECTOR('',#8079,1.);
#8079 = DIRECTION('',(-0.,-0.,-1.));
#8080 = ORIENTED_EDGE('',*,*,#8081,.T.);
#8081 = EDGE_CURVE('',#8074,#8048,#8082,.T.);
#8082 = B_SPLINE_CURVE_WITH_KNOTS('',2,(#8083,#8084,#8085),
  .UNSPECIFIED.,.F.,.F.,(3,3),(0.,1.),.PIECEWISE_BEZIER_KNOTS.);
#8083 = CARTESIAN_POINT('',(4.088778409091,9.749763257576,2.51));
#8084 = CARTESIAN_POINT('',(4.088778409091,9.269886363636,2.51));
#8085 = CARTESIAN_POINT('',(3.820549242424,8.969460227273,2.51));
#8086 = ORIENTED_EDGE('',*,*,#8047,.F.);
#8087 = SURFACE_OF_LINEAR_EXTRUSION('',#8088,#8092);
#8088 = B_SPLINE_CURVE_WITH_KNOTS('',2,(#8089,#8090,#8091),
  .UNSPECIFIED.,.F.,.F.,(3,3),(0.,1.),.PIECEWISE_BEZIER_KNOTS.);
#8089 = CARTESIAN_POINT('',(4.088778409091,9.749763257576,4.01));
#8090 = CARTESIAN_POINT('',(4.088778409091,9.269886363636,4.01));
#8091 = CARTESIAN_POINT('',(3.820549242424,8.969460227273,4.01));
#8092 = VECTOR('',#8093,1.);
#8093 = DIRECTION('',(0.,0.,1.));
#8094 = ADVANCED_FACE('',(#8095),#8113,.T.);
#8095 = FACE_BOUND('',#8096,.T.);
#8096 = EDGE_LOOP('',(#8097,#8098,#8106,#8112));
#8097 = ORIENTED_EDGE('',*,*,#2613,.T.);
#8098 = ORIENTED_EDGE('',*,*,#8099,.T.);
#8099 = EDGE_CURVE('',#2597,#8100,#8102,.T.);
#8100 = VERTEX_POINT('',#8101);
#8101 = CARTESIAN_POINT('',(3.671401515152,10.725615530303,2.51));
#8102 = LINE('',#8103,#8104);
#8103 = CARTESIAN_POINT('',(3.671401515152,10.725615530303,4.01));
#8104 = VECTOR('',#8105,1.);
#8105 = DIRECTION('',(-0.,-0.,-1.));
#8106 = ORIENTED_EDGE('',*,*,#8107,.T.);
#8107 = EDGE_CURVE('',#8100,#8074,#8108,.T.);
#8108 = B_SPLINE_CURVE_WITH_KNOTS('',2,(#8109,#8110,#8111),
  .UNSPECIFIED.,.F.,.F.,(3,3),(0.,1.),.PIECEWISE_BEZIER_KNOTS.);
#8109 = CARTESIAN_POINT('',(3.671401515152,10.725615530303,2.51));
#8110 = CARTESIAN_POINT('',(4.088778409091,10.375473484848,2.51));
#8111 = CARTESIAN_POINT('',(4.088778409091,9.749763257576,2.51));
#8112 = ORIENTED_EDGE('',*,*,#8073,.F.);
#8113 = SURFACE_OF_LINEAR_EXTRUSION('',#8114,#8118);
#8114 = B_SPLINE_CURVE_WITH_KNOTS('',2,(#8115,#8116,#8117),
  .UNSPECIFIED.,.F.,.F.,(3,3),(0.,1.),.PIECEWISE_BEZIER_KNOTS.);
#8115 = CARTESIAN_POINT('',(3.671401515152,10.725615530303,4.01));
#8116 = CARTESIAN_POINT('',(4.088778409091,10.375473484848,4.01));
#8117 = CARTESIAN_POINT('',(4.088778409091,9.749763257576,4.01));
#8118 = VECTOR('',#8119,1.);
#8119 = DIRECTION('',(0.,0.,1.));
#8120 = ADVANCED_FACE('',(#8121),#8139,.T.);
#8121 = FACE_BOUND('',#8122,.T.);
#8122 = EDGE_LOOP('',(#8123,#8124,#8132,#8138));
#8123 = ORIENTED_EDGE('',*,*,#2596,.T.);
#8124 = ORIENTED_EDGE('',*,*,#8125,.T.);
#8125 = EDGE_CURVE('',#2580,#8126,#8128,.T.);
#8126 = VERTEX_POINT('',#8127);
#8127 = CARTESIAN_POINT('',(2.501420454545,11.075757575758,2.51));
#8128 = LINE('',#8129,#8130);
#8129 = CARTESIAN_POINT('',(2.501420454545,11.075757575758,4.01));
#8130 = VECTOR('',#8131,1.);
#8131 = DIRECTION('',(-0.,-0.,-1.));
#8132 = ORIENTED_EDGE('',*,*,#8133,.T.);
#8133 = EDGE_CURVE('',#8126,#8100,#8134,.T.);
#8134 = B_SPLINE_CURVE_WITH_KNOTS('',2,(#8135,#8136,#8137),
  .UNSPECIFIED.,.F.,.F.,(3,3),(0.,1.),.PIECEWISE_BEZIER_KNOTS.);
#8135 = CARTESIAN_POINT('',(2.501420454545,11.075757575758,2.51));
#8136 = CARTESIAN_POINT('',(3.254261363636,11.075757575758,2.51));
#8137 = CARTESIAN_POINT('',(3.671401515152,10.725615530303,2.51));
#8138 = ORIENTED_EDGE('',*,*,#8099,.F.);
#8139 = SURFACE_OF_LINEAR_EXTRUSION('',#8140,#8144);
#8140 = B_SPLINE_CURVE_WITH_KNOTS('',2,(#8141,#8142,#8143),
  .UNSPECIFIED.,.F.,.F.,(3,3),(0.,1.),.PIECEWISE_BEZIER_KNOTS.);
#8141 = CARTESIAN_POINT('',(2.501420454545,11.075757575758,4.01));
#8142 = CARTESIAN_POINT('',(3.254261363636,11.075757575758,4.01));
#8143 = CARTESIAN_POINT('',(3.671401515152,10.725615530303,4.01));
#8144 = VECTOR('',#8145,1.);
#8145 = DIRECTION('',(0.,0.,1.));
#8146 = ADVANCED_FACE('',(#8147),#8165,.T.);
#8147 = FACE_BOUND('',#8148,.T.);
#8148 = EDGE_LOOP('',(#8149,#8150,#8158,#8164));
#8149 = ORIENTED_EDGE('',*,*,#2579,.T.);
#8150 = ORIENTED_EDGE('',*,*,#8151,.T.);
#8151 = EDGE_CURVE('',#2563,#8152,#8154,.T.);
#8152 = VERTEX_POINT('',#8153);
#8153 = CARTESIAN_POINT('',(1.373816287879,10.731297348485,2.51));
#8154 = LINE('',#8155,#8156);
#8155 = CARTESIAN_POINT('',(1.373816287879,10.731297348485,4.01));
#8156 = VECTOR('',#8157,1.);
#8157 = DIRECTION('',(-0.,-0.,-1.));
#8158 = ORIENTED_EDGE('',*,*,#8159,.T.);
#8159 = EDGE_CURVE('',#8152,#8126,#8160,.T.);
#8160 = B_SPLINE_CURVE_WITH_KNOTS('',2,(#8161,#8162,#8163),
  .UNSPECIFIED.,.F.,.F.,(3,3),(0.,1.),.PIECEWISE_BEZIER_KNOTS.);
#8161 = CARTESIAN_POINT('',(1.373816287879,10.731297348485,2.51));
#8162 = CARTESIAN_POINT('',(1.8125,11.075757575758,2.51));
#8163 = CARTESIAN_POINT('',(2.501420454545,11.075757575758,2.51));
#8164 = ORIENTED_EDGE('',*,*,#8125,.F.);
#8165 = SURFACE_OF_LINEAR_EXTRUSION('',#8166,#8170);
#8166 = B_SPLINE_CURVE_WITH_KNOTS('',2,(#8167,#8168,#8169),
  .UNSPECIFIED.,.F.,.F.,(3,3),(0.,1.),.PIECEWISE_BEZIER_KNOTS.);
#8167 = CARTESIAN_POINT('',(1.373816287879,10.731297348485,4.01));
#8168 = CARTESIAN_POINT('',(1.8125,11.075757575758,4.01));
#8169 = CARTESIAN_POINT('',(2.501420454545,11.075757575758,4.01));
#8170 = VECTOR('',#8171,1.);
#8171 = DIRECTION('',(0.,0.,1.));
#8172 = ADVANCED_FACE('',(#8173),#8191,.T.);
#8173 = FACE_BOUND('',#8174,.T.);
#8174 = EDGE_LOOP('',(#8175,#8176,#8184,#8190));
#8175 = ORIENTED_EDGE('',*,*,#2562,.T.);
#8176 = ORIENTED_EDGE('',*,*,#8177,.T.);
#8177 = EDGE_CURVE('',#2555,#8178,#8180,.T.);
#8178 = VERTEX_POINT('',#8179);
#8179 = CARTESIAN_POINT('',(0.864346590909,9.772490530303,2.51));
#8180 = LINE('',#8181,#8182);
#8181 = CARTESIAN_POINT('',(0.864346590909,9.772490530303,4.01));
#8182 = VECTOR('',#8183,1.);
#8183 = DIRECTION('',(-0.,-0.,-1.));
#8184 = ORIENTED_EDGE('',*,*,#8185,.T.);
#8185 = EDGE_CURVE('',#8178,#8152,#8186,.T.);
#8186 = B_SPLINE_CURVE_WITH_KNOTS('',2,(#8187,#8188,#8189),
  .UNSPECIFIED.,.F.,.F.,(3,3),(0.,1.),.PIECEWISE_BEZIER_KNOTS.);
#8187 = CARTESIAN_POINT('',(0.864346590909,9.772490530303,2.51));
#8188 = CARTESIAN_POINT('',(0.935369318182,10.386837121212,2.51));
#8189 = CARTESIAN_POINT('',(1.373816287879,10.731297348485,2.51));
#8190 = ORIENTED_EDGE('',*,*,#8151,.F.);
#8191 = SURFACE_OF_LINEAR_EXTRUSION('',#8192,#8196);
#8192 = B_SPLINE_CURVE_WITH_KNOTS('',2,(#8193,#8194,#8195),
  .UNSPECIFIED.,.F.,.F.,(3,3),(0.,1.),.PIECEWISE_BEZIER_KNOTS.);
#8193 = CARTESIAN_POINT('',(0.864346590909,9.772490530303,4.01));
#8194 = CARTESIAN_POINT('',(0.935369318182,10.386837121212,4.01));
#8195 = CARTESIAN_POINT('',(1.373816287879,10.731297348485,4.01));
#8196 = VECTOR('',#8197,1.);
#8197 = DIRECTION('',(0.,0.,1.));
#8198 = ADVANCED_FACE('',(#8199),#8217,.T.);
#8199 = FACE_BOUND('',#8200,.T.);
#8200 = EDGE_LOOP('',(#8201,#8202,#8210,#8216));
#8201 = ORIENTED_EDGE('',*,*,#2554,.F.);
#8202 = ORIENTED_EDGE('',*,*,#8203,.T.);
#8203 = EDGE_CURVE('',#2538,#8204,#8206,.T.);
#8204 = VERTEX_POINT('',#8205);
#8205 = CARTESIAN_POINT('',(1.507102272727,9.722774621212,2.51));
#8206 = LINE('',#8207,#8208);
#8207 = CARTESIAN_POINT('',(1.507102272727,9.722774621212,4.01));
#8208 = VECTOR('',#8209,1.);
#8209 = DIRECTION('',(-0.,-0.,-1.));
#8210 = ORIENTED_EDGE('',*,*,#8211,.T.);
#8211 = EDGE_CURVE('',#8204,#8178,#8212,.T.);
#8212 = LINE('',#8213,#8214);
#8213 = CARTESIAN_POINT('',(1.507102272727,9.722774621212,2.51));
#8214 = VECTOR('',#8215,1.);
#8215 = DIRECTION('',(-0.997021994117,7.711772330186E-02,0.));
#8216 = ORIENTED_EDGE('',*,*,#8177,.F.);
#8217 = PLANE('',#8218);
#8218 = AXIS2_PLACEMENT_3D('',#8219,#8220,#8221);
#8219 = CARTESIAN_POINT('',(1.507102272727,9.722774621212,4.01));
#8220 = DIRECTION('',(7.711772330186E-02,0.997021994117,-0.));
#8221 = DIRECTION('',(-0.997021994117,7.711772330186E-02,0.));
#8222 = ADVANCED_FACE('',(#8223),#8241,.T.);
#8223 = FACE_BOUND('',#8224,.T.);
#8224 = EDGE_LOOP('',(#8225,#8226,#8234,#8240));
#8225 = ORIENTED_EDGE('',*,*,#2537,.T.);
#8226 = ORIENTED_EDGE('',*,*,#8227,.T.);
#8227 = EDGE_CURVE('',#2519,#8228,#8230,.T.);
#8228 = VERTEX_POINT('',#8229);
#8229 = CARTESIAN_POINT('',(1.810606060606,10.333570075758,2.51));
#8230 = LINE('',#8231,#8232);
#8231 = CARTESIAN_POINT('',(1.810606060606,10.333570075758,4.01));
#8232 = VECTOR('',#8233,1.);
#8233 = DIRECTION('',(-0.,-0.,-1.));
#8234 = ORIENTED_EDGE('',*,*,#8235,.T.);
#8235 = EDGE_CURVE('',#8228,#8204,#8236,.T.);
#8236 = B_SPLINE_CURVE_WITH_KNOTS('',2,(#8237,#8238,#8239),
  .UNSPECIFIED.,.F.,.F.,(3,3),(0.,1.),.PIECEWISE_BEZIER_KNOTS.);
#8237 = CARTESIAN_POINT('',(1.810606060606,10.333570075758,2.51));
#8238 = CARTESIAN_POINT('',(1.549715909091,10.116950757576,2.51));
#8239 = CARTESIAN_POINT('',(1.507102272727,9.722774621212,2.51));
#8240 = ORIENTED_EDGE('',*,*,#8203,.F.);
#8241 = SURFACE_OF_LINEAR_EXTRUSION('',#8242,#8246);
#8242 = B_SPLINE_CURVE_WITH_KNOTS('',2,(#8243,#8244,#8245),
  .UNSPECIFIED.,.F.,.F.,(3,3),(0.,1.),.PIECEWISE_BEZIER_KNOTS.);
#8243 = CARTESIAN_POINT('',(1.810606060606,10.333570075758,4.01));
#8244 = CARTESIAN_POINT('',(1.549715909091,10.116950757576,4.01));
#8245 = CARTESIAN_POINT('',(1.507102272727,9.722774621212,4.01));
#8246 = VECTOR('',#8247,1.);
#8247 = DIRECTION('',(0.,0.,1.));
#8248 = ADVANCED_FACE('',(#8249),#8267,.T.);
#8249 = FACE_BOUND('',#8250,.T.);
#8250 = EDGE_LOOP('',(#8251,#8252,#8260,#8266));
#8251 = ORIENTED_EDGE('',*,*,#2518,.T.);
#8252 = ORIENTED_EDGE('',*,*,#8253,.T.);
#8253 = EDGE_CURVE('',#2502,#8254,#8256,.T.);
#8254 = VERTEX_POINT('',#8255);
#8255 = CARTESIAN_POINT('',(2.494318181818,10.550189393939,2.51));
#8256 = LINE('',#8257,#8258);
#8257 = CARTESIAN_POINT('',(2.494318181818,10.550189393939,4.01));
#8258 = VECTOR('',#8259,1.);
#8259 = DIRECTION('',(-0.,-0.,-1.));
#8260 = ORIENTED_EDGE('',*,*,#8261,.T.);
#8261 = EDGE_CURVE('',#8254,#8228,#8262,.T.);
#8262 = B_SPLINE_CURVE_WITH_KNOTS('',2,(#8263,#8264,#8265),
  .UNSPECIFIED.,.F.,.F.,(3,3),(0.,1.),.PIECEWISE_BEZIER_KNOTS.);
#8263 = CARTESIAN_POINT('',(2.494318181818,10.550189393939,2.51));
#8264 = CARTESIAN_POINT('',(2.071732954545,10.550189393939,2.51));
#8265 = CARTESIAN_POINT('',(1.810606060606,10.333570075758,2.51));
#8266 = ORIENTED_EDGE('',*,*,#8227,.F.);
#8267 = SURFACE_OF_LINEAR_EXTRUSION('',#8268,#8272);
#8268 = B_SPLINE_CURVE_WITH_KNOTS('',2,(#8269,#8270,#8271),
  .UNSPECIFIED.,.F.,.F.,(3,3),(0.,1.),.PIECEWISE_BEZIER_KNOTS.);
#8269 = CARTESIAN_POINT('',(2.494318181818,10.550189393939,4.01));
#8270 = CARTESIAN_POINT('',(2.071732954545,10.550189393939,4.01));
#8271 = CARTESIAN_POINT('',(1.810606060606,10.333570075758,4.01));
#8272 = VECTOR('',#8273,1.);
#8273 = DIRECTION('',(0.,0.,1.));
#8274 = ADVANCED_FACE('',(#8275),#8293,.T.);
#8275 = FACE_BOUND('',#8276,.T.);
#8276 = EDGE_LOOP('',(#8277,#8278,#8286,#8292));
#8277 = ORIENTED_EDGE('',*,*,#2501,.T.);
#8278 = ORIENTED_EDGE('',*,*,#8279,.T.);
#8279 = EDGE_CURVE('',#2485,#8280,#8282,.T.);
#8280 = VERTEX_POINT('',#8281);
#8281 = CARTESIAN_POINT('',(3.195549242424,10.317234848485,2.51));
#8282 = LINE('',#8283,#8284);
#8283 = CARTESIAN_POINT('',(3.195549242424,10.317234848485,4.01));
#8284 = VECTOR('',#8285,1.);
#8285 = DIRECTION('',(-0.,-0.,-1.));
#8286 = ORIENTED_EDGE('',*,*,#8287,.T.);
#8287 = EDGE_CURVE('',#8280,#8254,#8288,.T.);
#8288 = B_SPLINE_CURVE_WITH_KNOTS('',2,(#8289,#8290,#8291),
  .UNSPECIFIED.,.F.,.F.,(3,3),(0.,1.),.PIECEWISE_BEZIER_KNOTS.);
#8289 = CARTESIAN_POINT('',(3.195549242424,10.317234848485,2.51));
#8290 = CARTESIAN_POINT('',(2.959517045455,10.550189393939,2.51));
#8291 = CARTESIAN_POINT('',(2.494318181818,10.550189393939,2.51));
#8292 = ORIENTED_EDGE('',*,*,#8253,.F.);
#8293 = SURFACE_OF_LINEAR_EXTRUSION('',#8294,#8298);
#8294 = B_SPLINE_CURVE_WITH_KNOTS('',2,(#8295,#8296,#8297),
  .UNSPECIFIED.,.F.,.F.,(3,3),(0.,1.),.PIECEWISE_BEZIER_KNOTS.);
#8295 = CARTESIAN_POINT('',(3.195549242424,10.317234848485,4.01));
#8296 = CARTESIAN_POINT('',(2.959517045455,10.550189393939,4.01));
#8297 = CARTESIAN_POINT('',(2.494318181818,10.550189393939,4.01));
#8298 = VECTOR('',#8299,1.);
#8299 = DIRECTION('',(0.,0.,1.));
#8300 = ADVANCED_FACE('',(#8301),#8319,.T.);
#8301 = FACE_BOUND('',#8302,.T.);
#8302 = EDGE_LOOP('',(#8303,#8304,#8312,#8318));
#8303 = ORIENTED_EDGE('',*,*,#2484,.T.);
#8304 = ORIENTED_EDGE('',*,*,#8305,.T.);
#8305 = EDGE_CURVE('',#2470,#8306,#8308,.T.);
#8306 = VERTEX_POINT('',#8307);
#8307 = CARTESIAN_POINT('',(3.431818181818,9.682291666667,2.51));
#8308 = LINE('',#8309,#8310);
#8309 = CARTESIAN_POINT('',(3.431818181818,9.682291666667,4.01));
#8310 = VECTOR('',#8311,1.);
#8311 = DIRECTION('',(-0.,-0.,-1.));
#8312 = ORIENTED_EDGE('',*,*,#8313,.T.);
#8313 = EDGE_CURVE('',#8306,#8280,#8314,.T.);
#8314 = B_SPLINE_CURVE_WITH_KNOTS('',2,(#8315,#8316,#8317),
  .UNSPECIFIED.,.F.,.F.,(3,3),(0.,1.),.PIECEWISE_BEZIER_KNOTS.);
#8315 = CARTESIAN_POINT('',(3.431818181818,9.682291666667,2.51));
#8316 = CARTESIAN_POINT('',(3.431818181818,10.08428030303,2.51));
#8317 = CARTESIAN_POINT('',(3.195549242424,10.317234848485,2.51));
#8318 = ORIENTED_EDGE('',*,*,#8279,.F.);
#8319 = SURFACE_OF_LINEAR_EXTRUSION('',#8320,#8324);
#8320 = B_SPLINE_CURVE_WITH_KNOTS('',2,(#8321,#8322,#8323),
  .UNSPECIFIED.,.F.,.F.,(3,3),(0.,1.),.PIECEWISE_BEZIER_KNOTS.);
#8321 = CARTESIAN_POINT('',(3.431818181818,9.682291666667,4.01));
#8322 = CARTESIAN_POINT('',(3.431818181818,10.08428030303,4.01));
#8323 = CARTESIAN_POINT('',(3.195549242424,10.317234848485,4.01));
#8324 = VECTOR('',#8325,1.);
#8325 = DIRECTION('',(0.,0.,1.));
#8326 = ADVANCED_FACE('',(#8327),#8345,.T.);
#8327 = FACE_BOUND('',#8328,.T.);
#8328 = EDGE_LOOP('',(#8329,#8330,#8338,#8344));
#8329 = ORIENTED_EDGE('',*,*,#2469,.T.);
#8330 = ORIENTED_EDGE('',*,*,#8331,.T.);
#8331 = EDGE_CURVE('',#2453,#8332,#8334,.T.);
#8332 = VERTEX_POINT('',#8333);
#8333 = CARTESIAN_POINT('',(3.14228219697,9.047585227273,2.51));
#8334 = LINE('',#8335,#8336);
#8335 = CARTESIAN_POINT('',(3.14228219697,9.047585227273,4.01));
#8336 = VECTOR('',#8337,1.);
#8337 = DIRECTION('',(-0.,-0.,-1.));
#8338 = ORIENTED_EDGE('',*,*,#8339,.T.);
#8339 = EDGE_CURVE('',#8332,#8306,#8340,.T.);
#8340 = B_SPLINE_CURVE_WITH_KNOTS('',2,(#8341,#8342,#8343),
  .UNSPECIFIED.,.F.,.F.,(3,3),(0.,1.),.PIECEWISE_BEZIER_KNOTS.);
#8341 = CARTESIAN_POINT('',(3.14228219697,9.047585227273,2.51));
#8342 = CARTESIAN_POINT('',(3.431818181818,9.276988636364,2.51));
#8343 = CARTESIAN_POINT('',(3.431818181818,9.682291666667,2.51));
#8344 = ORIENTED_EDGE('',*,*,#8305,.F.);
#8345 = SURFACE_OF_LINEAR_EXTRUSION('',#8346,#8350);
#8346 = B_SPLINE_CURVE_WITH_KNOTS('',2,(#8347,#8348,#8349),
  .UNSPECIFIED.,.F.,.F.,(3,3),(0.,1.),.PIECEWISE_BEZIER_KNOTS.);
#8347 = CARTESIAN_POINT('',(3.14228219697,9.047585227273,4.01));
#8348 = CARTESIAN_POINT('',(3.431818181818,9.276988636364,4.01));
#8349 = CARTESIAN_POINT('',(3.431818181818,9.682291666667,4.01));
#8350 = VECTOR('',#8351,1.);
#8351 = DIRECTION('',(0.,0.,1.));
#8352 = ADVANCED_FACE('',(#8353),#8371,.T.);
#8353 = FACE_BOUND('',#8354,.T.);
#8354 = EDGE_LOOP('',(#8355,#8356,#8364,#8370));
#8355 = ORIENTED_EDGE('',*,*,#2452,.T.);
#8356 = ORIENTED_EDGE('',*,*,#8357,.T.);
#8357 = EDGE_CURVE('',#2445,#8358,#8360,.T.);
#8358 = VERTEX_POINT('',#8359);
#8359 = CARTESIAN_POINT('',(2.327414772727,8.818181818182,2.51));
#8360 = LINE('',#8361,#8362);
#8361 = CARTESIAN_POINT('',(2.327414772727,8.818181818182,4.01));
#8362 = VECTOR('',#8363,1.);
#8363 = DIRECTION('',(-0.,-0.,-1.));
#8364 = ORIENTED_EDGE('',*,*,#8365,.T.);
#8365 = EDGE_CURVE('',#8358,#8332,#8366,.T.);
#8366 = B_SPLINE_CURVE_WITH_KNOTS('',2,(#8367,#8368,#8369),
  .UNSPECIFIED.,.F.,.F.,(3,3),(0.,1.),.PIECEWISE_BEZIER_KNOTS.);
#8367 = CARTESIAN_POINT('',(2.327414772727,8.818181818182,2.51));
#8368 = CARTESIAN_POINT('',(2.852982954545,8.818181818182,2.51));
#8369 = CARTESIAN_POINT('',(3.14228219697,9.047585227273,2.51));
#8370 = ORIENTED_EDGE('',*,*,#8331,.F.);
#8371 = SURFACE_OF_LINEAR_EXTRUSION('',#8372,#8376);
#8372 = B_SPLINE_CURVE_WITH_KNOTS('',2,(#8373,#8374,#8375),
  .UNSPECIFIED.,.F.,.F.,(3,3),(0.,1.),.PIECEWISE_BEZIER_KNOTS.);
#8373 = CARTESIAN_POINT('',(2.327414772727,8.818181818182,4.01));
#8374 = CARTESIAN_POINT('',(2.852982954545,8.818181818182,4.01));
#8375 = CARTESIAN_POINT('',(3.14228219697,9.047585227273,4.01));
#8376 = VECTOR('',#8377,1.);
#8377 = DIRECTION('',(0.,0.,1.));
#8378 = ADVANCED_FACE('',(#8379),#8397,.T.);
#8379 = FACE_BOUND('',#8380,.T.);
#8380 = EDGE_LOOP('',(#8381,#8382,#8390,#8396));
#8381 = ORIENTED_EDGE('',*,*,#2444,.F.);
#8382 = ORIENTED_EDGE('',*,*,#8383,.T.);
#8383 = EDGE_CURVE('',#2437,#8384,#8386,.T.);
#8384 = VERTEX_POINT('',#8385);
#8385 = CARTESIAN_POINT('',(1.979403409091,8.818181818182,2.51));
#8386 = LINE('',#8387,#8388);
#8387 = CARTESIAN_POINT('',(1.979403409091,8.818181818182,4.01));
#8388 = VECTOR('',#8389,1.);
#8389 = DIRECTION('',(-0.,-0.,-1.));
#8390 = ORIENTED_EDGE('',*,*,#8391,.T.);
#8391 = EDGE_CURVE('',#8384,#8358,#8392,.T.);
#8392 = LINE('',#8393,#8394);
#8393 = CARTESIAN_POINT('',(1.979403409091,8.818181818182,2.51));
#8394 = VECTOR('',#8395,1.);
#8395 = DIRECTION('',(1.,0.,0.));
#8396 = ORIENTED_EDGE('',*,*,#8357,.F.);
#8397 = PLANE('',#8398);
#8398 = AXIS2_PLACEMENT_3D('',#8399,#8400,#8401);
#8399 = CARTESIAN_POINT('',(1.979403409091,8.818181818182,4.01));
#8400 = DIRECTION('',(0.,-1.,0.));
#8401 = DIRECTION('',(1.,0.,0.));
#8402 = ADVANCED_FACE('',(#8403),#8421,.T.);
#8403 = FACE_BOUND('',#8404,.T.);
#8404 = EDGE_LOOP('',(#8405,#8406,#8414,#8420));
#8405 = ORIENTED_EDGE('',*,*,#2436,.F.);
#8406 = ORIENTED_EDGE('',*,*,#8407,.T.);
#8407 = EDGE_CURVE('',#2429,#8408,#8410,.T.);
#8408 = VERTEX_POINT('',#8409);
#8409 = CARTESIAN_POINT('',(1.979403409091,8.264204545455,2.51));
#8410 = LINE('',#8411,#8412);
#8411 = CARTESIAN_POINT('',(1.979403409091,8.264204545455,4.01));
#8412 = VECTOR('',#8413,1.);
#8413 = DIRECTION('',(-0.,-0.,-1.));
#8414 = ORIENTED_EDGE('',*,*,#8415,.T.);
#8415 = EDGE_CURVE('',#8408,#8384,#8416,.T.);
#8416 = LINE('',#8417,#8418);
#8417 = CARTESIAN_POINT('',(1.979403409091,8.264204545455,2.51));
#8418 = VECTOR('',#8419,1.);
#8419 = DIRECTION('',(0.,1.,0.));
#8420 = ORIENTED_EDGE('',*,*,#8383,.F.);
#8421 = PLANE('',#8422);
#8422 = AXIS2_PLACEMENT_3D('',#8423,#8424,#8425);
#8423 = CARTESIAN_POINT('',(1.979403409091,8.264204545455,4.01));
#8424 = DIRECTION('',(1.,0.,0.));
#8425 = DIRECTION('',(-0.,1.,0.));
#8426 = ADVANCED_FACE('',(#8427),#8445,.T.);
#8427 = FACE_BOUND('',#8428,.T.);
#8428 = EDGE_LOOP('',(#8429,#8430,#8438,#8444));
#8429 = ORIENTED_EDGE('',*,*,#2428,.F.);
#8430 = ORIENTED_EDGE('',*,*,#8431,.T.);
#8431 = EDGE_CURVE('',#2412,#8432,#8434,.T.);
#8432 = VERTEX_POINT('',#8433);
#8433 = CARTESIAN_POINT('',(2.341619318182,8.264204545455,2.51));
#8434 = LINE('',#8435,#8436);
#8435 = CARTESIAN_POINT('',(2.341619318182,8.264204545455,4.01));
#8436 = VECTOR('',#8437,1.);
#8437 = DIRECTION('',(-0.,-0.,-1.));
#8438 = ORIENTED_EDGE('',*,*,#8439,.T.);
#8439 = EDGE_CURVE('',#8432,#8408,#8440,.T.);
#8440 = LINE('',#8441,#8442);
#8441 = CARTESIAN_POINT('',(2.341619318182,8.264204545455,2.51));
#8442 = VECTOR('',#8443,1.);
#8443 = DIRECTION('',(-1.,0.,0.));
#8444 = ORIENTED_EDGE('',*,*,#8407,.F.);
#8445 = PLANE('',#8446);
#8446 = AXIS2_PLACEMENT_3D('',#8447,#8448,#8449);
#8447 = CARTESIAN_POINT('',(2.341619318182,8.264204545455,4.01));
#8448 = DIRECTION('',(0.,1.,-0.));
#8449 = DIRECTION('',(-1.,0.,0.));
#8450 = ADVANCED_FACE('',(#8451),#8469,.T.);
#8451 = FACE_BOUND('',#8452,.T.);
#8452 = EDGE_LOOP('',(#8453,#8454,#8462,#8468));
#8453 = ORIENTED_EDGE('',*,*,#2411,.T.);
#8454 = ORIENTED_EDGE('',*,*,#8455,.T.);
#8455 = EDGE_CURVE('',#2397,#8456,#8458,.T.);
#8456 = VERTEX_POINT('',#8457);
#8457 = CARTESIAN_POINT('',(3.248816287879,8.035037878788,2.51));
#8458 = LINE('',#8459,#8460);
#8459 = CARTESIAN_POINT('',(3.248816287879,8.035037878788,4.01));
#8460 = VECTOR('',#8461,1.);
#8461 = DIRECTION('',(-0.,-0.,-1.));
#8462 = ORIENTED_EDGE('',*,*,#8463,.T.);
#8463 = EDGE_CURVE('',#8456,#8432,#8464,.T.);
#8464 = B_SPLINE_CURVE_WITH_KNOTS('',2,(#8465,#8466,#8467),
  .UNSPECIFIED.,.F.,.F.,(3,3),(0.,1.),.PIECEWISE_BEZIER_KNOTS.);
#8465 = CARTESIAN_POINT('',(3.248816287879,8.035037878788,2.51));
#8466 = CARTESIAN_POINT('',(2.934659090909,8.264204545455,2.51));
#8467 = CARTESIAN_POINT('',(2.341619318182,8.264204545455,2.51));
#8468 = ORIENTED_EDGE('',*,*,#8431,.F.);
#8469 = SURFACE_OF_LINEAR_EXTRUSION('',#8470,#8474);
#8470 = B_SPLINE_CURVE_WITH_KNOTS('',2,(#8471,#8472,#8473),
  .UNSPECIFIED.,.F.,.F.,(3,3),(0.,1.),.PIECEWISE_BEZIER_KNOTS.);
#8471 = CARTESIAN_POINT('',(3.248816287879,8.035037878788,4.01));
#8472 = CARTESIAN_POINT('',(2.934659090909,8.264204545455,4.01));
#8473 = CARTESIAN_POINT('',(2.341619318182,8.264204545455,4.01));
#8474 = VECTOR('',#8475,1.);
#8475 = DIRECTION('',(0.,0.,1.));
#8476 = ADVANCED_FACE('',(#8477),#8495,.T.);
#8477 = FACE_BOUND('',#8478,.T.);
#8478 = EDGE_LOOP('',(#8479,#8480,#8488,#8494));
#8479 = ORIENTED_EDGE('',*,*,#2396,.T.);
#8480 = ORIENTED_EDGE('',*,*,#8481,.T.);
#8481 = EDGE_CURVE('',#2380,#8482,#8484,.T.);
#8482 = VERTEX_POINT('',#8483);
#8483 = CARTESIAN_POINT('',(3.563210227273,7.397727272727,2.51));
#8484 = LINE('',#8485,#8486);
#8485 = CARTESIAN_POINT('',(3.563210227273,7.397727272727,4.01));
#8486 = VECTOR('',#8487,1.);
#8487 = DIRECTION('',(-0.,-0.,-1.));
#8488 = ORIENTED_EDGE('',*,*,#8489,.T.);
#8489 = EDGE_CURVE('',#8482,#8456,#8490,.T.);
#8490 = B_SPLINE_CURVE_WITH_KNOTS('',2,(#8491,#8492,#8493),
  .UNSPECIFIED.,.F.,.F.,(3,3),(0.,1.),.PIECEWISE_BEZIER_KNOTS.);
#8491 = CARTESIAN_POINT('',(3.563210227273,7.397727272727,2.51));
#8492 = CARTESIAN_POINT('',(3.563210227273,7.806107954545,2.51));
#8493 = CARTESIAN_POINT('',(3.248816287879,8.035037878788,2.51));
#8494 = ORIENTED_EDGE('',*,*,#8455,.F.);
#8495 = SURFACE_OF_LINEAR_EXTRUSION('',#8496,#8500);
#8496 = B_SPLINE_CURVE_WITH_KNOTS('',2,(#8497,#8498,#8499),
  .UNSPECIFIED.,.F.,.F.,(3,3),(0.,1.),.PIECEWISE_BEZIER_KNOTS.);
#8497 = CARTESIAN_POINT('',(3.563210227273,7.397727272727,4.01));
#8498 = CARTESIAN_POINT('',(3.563210227273,7.806107954545,4.01));
#8499 = CARTESIAN_POINT('',(3.248816287879,8.035037878788,4.01));
#8500 = VECTOR('',#8501,1.);
#8501 = DIRECTION('',(0.,0.,1.));
#8502 = ADVANCED_FACE('',(#8503),#8521,.T.);
#8503 = FACE_BOUND('',#8504,.T.);
#8504 = EDGE_LOOP('',(#8505,#8506,#8514,#8520));
#8505 = ORIENTED_EDGE('',*,*,#2379,.T.);
#8506 = ORIENTED_EDGE('',*,*,#8507,.T.);
#8507 = EDGE_CURVE('',#2365,#8508,#8510,.T.);
#8508 = VERTEX_POINT('',#8509);
#8509 = CARTESIAN_POINT('',(3.287878787879,6.691287878788,2.51));
#8510 = LINE('',#8511,#8512);
#8511 = CARTESIAN_POINT('',(3.287878787879,6.691287878788,4.01));
#8512 = VECTOR('',#8513,1.);
#8513 = DIRECTION('',(-0.,-0.,-1.));
#8514 = ORIENTED_EDGE('',*,*,#8515,.T.);
#8515 = EDGE_CURVE('',#8508,#8482,#8516,.T.);
#8516 = B_SPLINE_CURVE_WITH_KNOTS('',2,(#8517,#8518,#8519),
  .UNSPECIFIED.,.F.,.F.,(3,3),(0.,1.),.PIECEWISE_BEZIER_KNOTS.);
#8517 = CARTESIAN_POINT('',(3.287878787879,6.691287878788,2.51));
#8518 = CARTESIAN_POINT('',(3.563210227273,6.929214015152,2.51));
#8519 = CARTESIAN_POINT('',(3.563210227273,7.397727272727,2.51));
#8520 = ORIENTED_EDGE('',*,*,#8481,.F.);
#8521 = SURFACE_OF_LINEAR_EXTRUSION('',#8522,#8526);
#8522 = B_SPLINE_CURVE_WITH_KNOTS('',2,(#8523,#8524,#8525),
  .UNSPECIFIED.,.F.,.F.,(3,3),(0.,1.),.PIECEWISE_BEZIER_KNOTS.);
#8523 = CARTESIAN_POINT('',(3.287878787879,6.691287878788,4.01));
#8524 = CARTESIAN_POINT('',(3.563210227273,6.929214015152,4.01));
#8525 = CARTESIAN_POINT('',(3.563210227273,7.397727272727,4.01));
#8526 = VECTOR('',#8527,1.);
#8527 = DIRECTION('',(0.,0.,1.));
#8528 = ADVANCED_FACE('',(#8529),#8547,.T.);
#8529 = FACE_BOUND('',#8530,.T.);
#8530 = EDGE_LOOP('',(#8531,#8532,#8540,#8546));
#8531 = ORIENTED_EDGE('',*,*,#2364,.T.);
#8532 = ORIENTED_EDGE('',*,*,#8533,.T.);
#8533 = EDGE_CURVE('',#2334,#8534,#8536,.T.);
#8534 = VERTEX_POINT('',#8535);
#8535 = CARTESIAN_POINT('',(2.529829545455,6.453361742424,2.51));
#8536 = LINE('',#8537,#8538);
#8537 = CARTESIAN_POINT('',(2.529829545455,6.453361742424,4.01));
#8538 = VECTOR('',#8539,1.);
#8539 = DIRECTION('',(-0.,-0.,-1.));
#8540 = ORIENTED_EDGE('',*,*,#8541,.T.);
#8541 = EDGE_CURVE('',#8534,#8508,#8542,.T.);
#8542 = B_SPLINE_CURVE_WITH_KNOTS('',2,(#8543,#8544,#8545),
  .UNSPECIFIED.,.F.,.F.,(3,3),(0.,1.),.PIECEWISE_BEZIER_KNOTS.);
#8543 = CARTESIAN_POINT('',(2.529829545455,6.453361742424,2.51));
#8544 = CARTESIAN_POINT('',(3.012784090909,6.453361742424,2.51));
#8545 = CARTESIAN_POINT('',(3.287878787879,6.691287878788,2.51));
#8546 = ORIENTED_EDGE('',*,*,#8507,.F.);
#8547 = SURFACE_OF_LINEAR_EXTRUSION('',#8548,#8552);
#8548 = B_SPLINE_CURVE_WITH_KNOTS('',2,(#8549,#8550,#8551),
  .UNSPECIFIED.,.F.,.F.,(3,3),(0.,1.),.PIECEWISE_BEZIER_KNOTS.);
#8549 = CARTESIAN_POINT('',(2.529829545455,6.453361742424,4.01));
#8550 = CARTESIAN_POINT('',(3.012784090909,6.453361742424,4.01));
#8551 = CARTESIAN_POINT('',(3.287878787879,6.691287878788,4.01));
#8552 = VECTOR('',#8553,1.);
#8553 = DIRECTION('',(0.,0.,1.));
#8554 = ADVANCED_FACE('',(#8555),#8573,.T.);
#8555 = FACE_BOUND('',#8556,.T.);
#8556 = EDGE_LOOP('',(#8557,#8558,#8566,#8572));
#8557 = ORIENTED_EDGE('',*,*,#2333,.T.);
#8558 = ORIENTED_EDGE('',*,*,#8559,.T.);
#8559 = EDGE_CURVE('',#2326,#8560,#8562,.T.);
#8560 = VERTEX_POINT('',#8561);
#8561 = CARTESIAN_POINT('',(1.439630681818,7.341145833333,2.51));
#8562 = LINE('',#8563,#8564);
#8563 = CARTESIAN_POINT('',(1.439630681818,7.341145833333,4.01));
#8564 = VECTOR('',#8565,1.);
#8565 = DIRECTION('',(-0.,-0.,-1.));
#8566 = ORIENTED_EDGE('',*,*,#8567,.T.);
#8567 = EDGE_CURVE('',#8560,#8534,#8568,.T.);
#8568 = B_SPLINE_CURVE_WITH_KNOTS('',2,(#8569,#8570,#8571),
  .UNSPECIFIED.,.F.,.F.,(3,3),(0.,1.),.PIECEWISE_BEZIER_KNOTS.);
#8569 = CARTESIAN_POINT('',(1.439630681818,7.341145833333,2.51));
#8570 = CARTESIAN_POINT('',(1.567471590909,6.453361742424,2.51));
#8571 = CARTESIAN_POINT('',(2.529829545455,6.453361742424,2.51));
#8572 = ORIENTED_EDGE('',*,*,#8533,.F.);
#8573 = SURFACE_OF_LINEAR_EXTRUSION('',#8574,#8578);
#8574 = B_SPLINE_CURVE_WITH_KNOTS('',2,(#8575,#8576,#8577),
  .UNSPECIFIED.,.F.,.F.,(3,3),(0.,1.),.PIECEWISE_BEZIER_KNOTS.);
#8575 = CARTESIAN_POINT('',(1.439630681818,7.341145833333,4.01));
#8576 = CARTESIAN_POINT('',(1.567471590909,6.453361742424,4.01));
#8577 = CARTESIAN_POINT('',(2.529829545455,6.453361742424,4.01));
#8578 = VECTOR('',#8579,1.);
#8579 = DIRECTION('',(0.,0.,1.));
#8580 = ADVANCED_FACE('',(#8581),#8599,.T.);
#8581 = FACE_BOUND('',#8582,.T.);
#8582 = EDGE_LOOP('',(#8583,#8584,#8592,#8598));
#8583 = ORIENTED_EDGE('',*,*,#2325,.F.);
#8584 = ORIENTED_EDGE('',*,*,#8585,.T.);
#8585 = EDGE_CURVE('',#2307,#8586,#8588,.T.);
#8586 = VERTEX_POINT('',#8587);
#8587 = CARTESIAN_POINT('',(0.779119318182,7.280776515152,2.51));
#8588 = LINE('',#8589,#8590);
#8589 = CARTESIAN_POINT('',(0.779119318182,7.280776515152,4.01));
#8590 = VECTOR('',#8591,1.);
#8591 = DIRECTION('',(-0.,-0.,-1.));
#8592 = ORIENTED_EDGE('',*,*,#8593,.T.);
#8593 = EDGE_CURVE('',#8586,#8560,#8594,.T.);
#8594 = LINE('',#8595,#8596);
#8595 = CARTESIAN_POINT('',(0.779119318182,7.280776515152,2.51));
#8596 = VECTOR('',#8597,1.);
#8597 = DIRECTION('',(0.995849203993,9.101847563376E-02,0.));
#8598 = ORIENTED_EDGE('',*,*,#8559,.F.);
#8599 = PLANE('',#8600);
#8600 = AXIS2_PLACEMENT_3D('',#8601,#8602,#8603);
#8601 = CARTESIAN_POINT('',(0.779119318182,7.280776515152,4.01));
#8602 = DIRECTION('',(9.101847563376E-02,-0.995849203993,0.));
#8603 = DIRECTION('',(0.995849203993,9.101847563376E-02,0.));
#8604 = ADVANCED_FACE('',(#8605),#8623,.T.);
#8605 = FACE_BOUND('',#8606,.T.);
#8606 = EDGE_LOOP('',(#8607,#8608,#8616,#8622));
#8607 = ORIENTED_EDGE('',*,*,#2306,.T.);
#8608 = ORIENTED_EDGE('',*,*,#8609,.T.);
#8609 = EDGE_CURVE('',#2290,#8610,#8612,.T.);
#8610 = VERTEX_POINT('',#8611);
#8611 = CARTESIAN_POINT('',(1.316998106061,6.266808712121,2.51));
#8612 = LINE('',#8613,#8614);
#8613 = CARTESIAN_POINT('',(1.316998106061,6.266808712121,4.01));
#8614 = VECTOR('',#8615,1.);
#8615 = DIRECTION('',(-0.,-0.,-1.));
#8616 = ORIENTED_EDGE('',*,*,#8617,.T.);
#8617 = EDGE_CURVE('',#8610,#8586,#8618,.T.);
#8618 = B_SPLINE_CURVE_WITH_KNOTS('',2,(#8619,#8620,#8621),
  .UNSPECIFIED.,.F.,.F.,(3,3),(0.,1.),.PIECEWISE_BEZIER_KNOTS.);
#8619 = CARTESIAN_POINT('',(1.316998106061,6.266808712121,2.51));
#8620 = CARTESIAN_POINT('',(0.864346590909,6.609611742424,2.51));
#8621 = CARTESIAN_POINT('',(0.779119318182,7.280776515152,2.51));
#8622 = ORIENTED_EDGE('',*,*,#8585,.F.);
#8623 = SURFACE_OF_LINEAR_EXTRUSION('',#8624,#8628);
#8624 = B_SPLINE_CURVE_WITH_KNOTS('',2,(#8625,#8626,#8627),
  .UNSPECIFIED.,.F.,.F.,(3,3),(0.,1.),.PIECEWISE_BEZIER_KNOTS.);
#8625 = CARTESIAN_POINT('',(1.316998106061,6.266808712121,4.01));
#8626 = CARTESIAN_POINT('',(0.864346590909,6.609611742424,4.01));
#8627 = CARTESIAN_POINT('',(0.779119318182,7.280776515152,4.01));
#8628 = VECTOR('',#8629,1.);
#8629 = DIRECTION('',(0.,0.,1.));
#8630 = ADVANCED_FACE('',(#8631),#8649,.T.);
#8631 = FACE_BOUND('',#8632,.T.);
#8632 = EDGE_LOOP('',(#8633,#8634,#8642,#8648));
#8633 = ORIENTED_EDGE('',*,*,#2289,.T.);
#8634 = ORIENTED_EDGE('',*,*,#8635,.T.);
#8635 = EDGE_CURVE('',#2268,#8636,#8638,.T.);
#8636 = VERTEX_POINT('',#8637);
#8637 = CARTESIAN_POINT('',(2.529829545455,5.924242424242,2.51));
#8638 = LINE('',#8639,#8640);
#8639 = CARTESIAN_POINT('',(2.529829545455,5.924242424242,4.01));
#8640 = VECTOR('',#8641,1.);
#8641 = DIRECTION('',(-0.,-0.,-1.));
#8642 = ORIENTED_EDGE('',*,*,#8643,.T.);
#8643 = EDGE_CURVE('',#8636,#8610,#8644,.T.);
#8644 = B_SPLINE_CURVE_WITH_KNOTS('',2,(#8645,#8646,#8647),
  .UNSPECIFIED.,.F.,.F.,(3,3),(0.,1.),.PIECEWISE_BEZIER_KNOTS.);
#8645 = CARTESIAN_POINT('',(2.529829545455,5.924242424242,2.51));
#8646 = CARTESIAN_POINT('',(1.769886363636,5.924242424242,2.51));
#8647 = CARTESIAN_POINT('',(1.316998106061,6.266808712121,2.51));
#8648 = ORIENTED_EDGE('',*,*,#8609,.F.);
#8649 = SURFACE_OF_LINEAR_EXTRUSION('',#8650,#8654);
#8650 = B_SPLINE_CURVE_WITH_KNOTS('',2,(#8651,#8652,#8653),
  .UNSPECIFIED.,.F.,.F.,(3,3),(0.,1.),.PIECEWISE_BEZIER_KNOTS.);
#8651 = CARTESIAN_POINT('',(2.529829545455,5.924242424242,4.01));
#8652 = CARTESIAN_POINT('',(1.769886363636,5.924242424242,4.01));
#8653 = CARTESIAN_POINT('',(1.316998106061,6.266808712121,4.01));
#8654 = VECTOR('',#8655,1.);
#8655 = DIRECTION('',(0.,0.,1.));
#8656 = ADVANCED_FACE('',(#8657),#8668,.T.);
#8657 = FACE_BOUND('',#8658,.T.);
#8658 = EDGE_LOOP('',(#8659,#8660,#8661,#8667));
#8659 = ORIENTED_EDGE('',*,*,#2267,.T.);
#8660 = ORIENTED_EDGE('',*,*,#7954,.T.);
#8661 = ORIENTED_EDGE('',*,*,#8662,.T.);
#8662 = EDGE_CURVE('',#7947,#8636,#8663,.T.);
#8663 = B_SPLINE_CURVE_WITH_KNOTS('',2,(#8664,#8665,#8666),
  .UNSPECIFIED.,.F.,.F.,(3,3),(0.,1.),.PIECEWISE_BEZIER_KNOTS.);
#8664 = CARTESIAN_POINT('',(3.786931818182,6.304214015152,2.51));
#8665 = CARTESIAN_POINT('',(3.346590909091,5.924242424242,2.51));
#8666 = CARTESIAN_POINT('',(2.529829545455,5.924242424242,2.51));
#8667 = ORIENTED_EDGE('',*,*,#8635,.F.);
#8668 = SURFACE_OF_LINEAR_EXTRUSION('',#8669,#8673);
#8669 = B_SPLINE_CURVE_WITH_KNOTS('',2,(#8670,#8671,#8672),
  .UNSPECIFIED.,.F.,.F.,(3,3),(0.,1.),.PIECEWISE_BEZIER_KNOTS.);
#8670 = CARTESIAN_POINT('',(3.786931818182,6.304214015152,4.01));
#8671 = CARTESIAN_POINT('',(3.346590909091,5.924242424242,4.01));
#8672 = CARTESIAN_POINT('',(2.529829545455,5.924242424242,4.01));
#8673 = VECTOR('',#8674,1.);
#8674 = DIRECTION('',(0.,0.,1.));
#8675 = ADVANCED_FACE('',(#8676),#8701,.T.);
#8676 = FACE_BOUND('',#8677,.T.);
#8677 = EDGE_LOOP('',(#8678,#8679,#8687,#8695));
#8678 = ORIENTED_EDGE('',*,*,#2704,.T.);
#8679 = ORIENTED_EDGE('',*,*,#8680,.T.);
#8680 = EDGE_CURVE('',#2707,#8681,#8683,.T.);
#8681 = VERTEX_POINT('',#8682);
#8682 = CARTESIAN_POINT('',(11.302793560606,7.377367424242,2.51));
#8683 = LINE('',#8684,#8685);
#8684 = CARTESIAN_POINT('',(11.302793560606,7.377367424242,4.01));
#8685 = VECTOR('',#8686,1.);
#8686 = DIRECTION('',(-0.,-0.,-1.));
#8687 = ORIENTED_EDGE('',*,*,#8688,.T.);
#8688 = EDGE_CURVE('',#8681,#8689,#8691,.T.);
#8689 = VERTEX_POINT('',#8690);
#8690 = CARTESIAN_POINT('',(10.761126893939,6.304214015152,2.51));
#8691 = B_SPLINE_CURVE_WITH_KNOTS('',2,(#8692,#8693,#8694),
  .UNSPECIFIED.,.F.,.F.,(3,3),(0.,1.),.PIECEWISE_BEZIER_KNOTS.);
#8692 = CARTESIAN_POINT('',(11.302793560606,7.377367424242,2.51));
#8693 = CARTESIAN_POINT('',(11.302793560606,6.684422348485,2.51));
#8694 = CARTESIAN_POINT('',(10.761126893939,6.304214015152,2.51));
#8695 = ORIENTED_EDGE('',*,*,#8696,.F.);
#8696 = EDGE_CURVE('',#2705,#8689,#8697,.T.);
#8697 = LINE('',#8698,#8699);
#8698 = CARTESIAN_POINT('',(10.761126893939,6.304214015152,4.01));
#8699 = VECTOR('',#8700,1.);
#8700 = DIRECTION('',(-0.,-0.,-1.));
#8701 = SURFACE_OF_LINEAR_EXTRUSION('',#8702,#8706);
#8702 = B_SPLINE_CURVE_WITH_KNOTS('',2,(#8703,#8704,#8705),
  .UNSPECIFIED.,.F.,.F.,(3,3),(0.,1.),.PIECEWISE_BEZIER_KNOTS.);
#8703 = CARTESIAN_POINT('',(11.302793560606,7.377367424242,4.01));
#8704 = CARTESIAN_POINT('',(11.302793560606,6.684422348485,4.01));
#8705 = CARTESIAN_POINT('',(10.761126893939,6.304214015152,4.01));
#8706 = VECTOR('',#8707,1.);
#8707 = DIRECTION('',(0.,0.,1.));
#8708 = ADVANCED_FACE('',(#8709),#8727,.T.);
#8709 = FACE_BOUND('',#8710,.T.);
#8710 = EDGE_LOOP('',(#8711,#8712,#8720,#8726));
#8711 = ORIENTED_EDGE('',*,*,#3195,.T.);
#8712 = ORIENTED_EDGE('',*,*,#8713,.T.);
#8713 = EDGE_CURVE('',#3185,#8714,#8716,.T.);
#8714 = VERTEX_POINT('',#8715);
#8715 = CARTESIAN_POINT('',(11.226325757576,7.85321969697,2.51));
#8716 = LINE('',#8717,#8718);
#8717 = CARTESIAN_POINT('',(11.226325757576,7.85321969697,4.01));
#8718 = VECTOR('',#8719,1.);
#8719 = DIRECTION('',(-0.,-0.,-1.));
#8720 = ORIENTED_EDGE('',*,*,#8721,.T.);
#8721 = EDGE_CURVE('',#8714,#8681,#8722,.T.);
#8722 = B_SPLINE_CURVE_WITH_KNOTS('',2,(#8723,#8724,#8725),
  .UNSPECIFIED.,.F.,.F.,(3,3),(0.,1.),.PIECEWISE_BEZIER_KNOTS.);
#8723 = CARTESIAN_POINT('',(11.226325757576,7.85321969697,2.51));
#8724 = CARTESIAN_POINT('',(11.302793560606,7.650804924242,2.51));
#8725 = CARTESIAN_POINT('',(11.302793560606,7.377367424242,2.51));
#8726 = ORIENTED_EDGE('',*,*,#8680,.F.);
#8727 = SURFACE_OF_LINEAR_EXTRUSION('',#8728,#8732);
#8728 = B_SPLINE_CURVE_WITH_KNOTS('',2,(#8729,#8730,#8731),
  .UNSPECIFIED.,.F.,.F.,(3,3),(0.,1.),.PIECEWISE_BEZIER_KNOTS.);
#8729 = CARTESIAN_POINT('',(11.226325757576,7.85321969697,4.01));
#8730 = CARTESIAN_POINT('',(11.302793560606,7.650804924242,4.01));
#8731 = CARTESIAN_POINT('',(11.302793560606,7.377367424242,4.01));
#8732 = VECTOR('',#8733,1.);
#8733 = DIRECTION('',(0.,0.,1.));
#8734 = ADVANCED_FACE('',(#8735),#8753,.T.);
#8735 = FACE_BOUND('',#8736,.T.);
#8736 = EDGE_LOOP('',(#8737,#8738,#8746,#8752));
#8737 = ORIENTED_EDGE('',*,*,#3184,.T.);
#8738 = ORIENTED_EDGE('',*,*,#8739,.T.);
#8739 = EDGE_CURVE('',#3172,#8740,#8742,.T.);
#8740 = VERTEX_POINT('',#8741);
#8741 = CARTESIAN_POINT('',(11.015151515152,8.205018939394,2.51));
#8742 = LINE('',#8743,#8744);
#8743 = CARTESIAN_POINT('',(11.015151515152,8.205018939394,4.01));
#8744 = VECTOR('',#8745,1.);
#8745 = DIRECTION('',(-0.,-0.,-1.));
#8746 = ORIENTED_EDGE('',*,*,#8747,.T.);
#8747 = EDGE_CURVE('',#8740,#8714,#8748,.T.);
#8748 = B_SPLINE_CURVE_WITH_KNOTS('',2,(#8749,#8750,#8751),
  .UNSPECIFIED.,.F.,.F.,(3,3),(0.,1.),.PIECEWISE_BEZIER_KNOTS.);
#8749 = CARTESIAN_POINT('',(11.015151515152,8.205018939394,2.51));
#8750 = CARTESIAN_POINT('',(11.15009469697,8.055871212121,2.51));
#8751 = CARTESIAN_POINT('',(11.226325757576,7.85321969697,2.51));
#8752 = ORIENTED_EDGE('',*,*,#8713,.F.);
#8753 = SURFACE_OF_LINEAR_EXTRUSION('',#8754,#8758);
#8754 = B_SPLINE_CURVE_WITH_KNOTS('',2,(#8755,#8756,#8757),
  .UNSPECIFIED.,.F.,.F.,(3,3),(0.,1.),.PIECEWISE_BEZIER_KNOTS.);
#8755 = CARTESIAN_POINT('',(11.015151515152,8.205018939394,4.01));
#8756 = CARTESIAN_POINT('',(11.15009469697,8.055871212121,4.01));
#8757 = CARTESIAN_POINT('',(11.226325757576,7.85321969697,4.01));
#8758 = VECTOR('',#8759,1.);
#8759 = DIRECTION('',(0.,0.,1.));
#8760 = ADVANCED_FACE('',(#8761),#8779,.T.);
#8761 = FACE_BOUND('',#8762,.T.);
#8762 = EDGE_LOOP('',(#8763,#8764,#8772,#8778));
#8763 = ORIENTED_EDGE('',*,*,#3171,.T.);
#8764 = ORIENTED_EDGE('',*,*,#8765,.T.);
#8765 = EDGE_CURVE('',#3162,#8766,#8768,.T.);
#8766 = VERTEX_POINT('',#8767);
#8767 = CARTESIAN_POINT('',(10.697206439394,8.457149621212,2.51));
#8768 = LINE('',#8769,#8770);
#8769 = CARTESIAN_POINT('',(10.697206439394,8.457149621212,4.01));
#8770 = VECTOR('',#8771,1.);
#8771 = DIRECTION('',(-0.,-0.,-1.));
#8772 = ORIENTED_EDGE('',*,*,#8773,.T.);
#8773 = EDGE_CURVE('',#8766,#8740,#8774,.T.);
#8774 = B_SPLINE_CURVE_WITH_KNOTS('',2,(#8775,#8776,#8777),
  .UNSPECIFIED.,.F.,.F.,(3,3),(0.,1.),.PIECEWISE_BEZIER_KNOTS.);
#8775 = CARTESIAN_POINT('',(10.697206439394,8.457149621212,2.51));
#8776 = CARTESIAN_POINT('',(10.880208333333,8.354166666667,2.51));
#8777 = CARTESIAN_POINT('',(11.015151515152,8.205018939394,2.51));
#8778 = ORIENTED_EDGE('',*,*,#8739,.F.);
#8779 = SURFACE_OF_LINEAR_EXTRUSION('',#8780,#8784);
#8780 = B_SPLINE_CURVE_WITH_KNOTS('',2,(#8781,#8782,#8783),
  .UNSPECIFIED.,.F.,.F.,(3,3),(0.,1.),.PIECEWISE_BEZIER_KNOTS.);
#8781 = CARTESIAN_POINT('',(10.697206439394,8.457149621212,4.01));
#8782 = CARTESIAN_POINT('',(10.880208333333,8.354166666667,4.01));
#8783 = CARTESIAN_POINT('',(11.015151515152,8.205018939394,4.01));
#8784 = VECTOR('',#8785,1.);
#8785 = DIRECTION('',(0.,0.,1.));
#8786 = ADVANCED_FACE('',(#8787),#8805,.T.);
#8787 = FACE_BOUND('',#8788,.T.);
#8788 = EDGE_LOOP('',(#8789,#8790,#8798,#8804));
#8789 = ORIENTED_EDGE('',*,*,#3161,.T.);
#8790 = ORIENTED_EDGE('',*,*,#8791,.T.);
#8791 = EDGE_CURVE('',#3152,#8792,#8794,.T.);
#8792 = VERTEX_POINT('',#8793);
#8793 = CARTESIAN_POINT('',(10.304924242424,8.636600378788,2.51));
#8794 = LINE('',#8795,#8796);
#8795 = CARTESIAN_POINT('',(10.304924242424,8.636600378788,4.01));
#8796 = VECTOR('',#8797,1.);
#8797 = DIRECTION('',(-0.,-0.,-1.));
#8798 = ORIENTED_EDGE('',*,*,#8799,.T.);
#8799 = EDGE_CURVE('',#8792,#8766,#8800,.T.);
#8800 = B_SPLINE_CURVE_WITH_KNOTS('',2,(#8801,#8802,#8803),
  .UNSPECIFIED.,.F.,.F.,(3,3),(0.,1.),.PIECEWISE_BEZIER_KNOTS.);
#8801 = CARTESIAN_POINT('',(10.304924242424,8.636600378788,2.51));
#8802 = CARTESIAN_POINT('',(10.514441287879,8.560369318182,2.51));
#8803 = CARTESIAN_POINT('',(10.697206439394,8.457149621212,2.51));
#8804 = ORIENTED_EDGE('',*,*,#8765,.F.);
#8805 = SURFACE_OF_LINEAR_EXTRUSION('',#8806,#8810);
#8806 = B_SPLINE_CURVE_WITH_KNOTS('',2,(#8807,#8808,#8809),
  .UNSPECIFIED.,.F.,.F.,(3,3),(0.,1.),.PIECEWISE_BEZIER_KNOTS.);
#8807 = CARTESIAN_POINT('',(10.304924242424,8.636600378788,4.01));
#8808 = CARTESIAN_POINT('',(10.514441287879,8.560369318182,4.01));
#8809 = CARTESIAN_POINT('',(10.697206439394,8.457149621212,4.01));
#8810 = VECTOR('',#8811,1.);
#8811 = DIRECTION('',(0.,0.,1.));
#8812 = ADVANCED_FACE('',(#8813),#8831,.T.);
#8813 = FACE_BOUND('',#8814,.T.);
#8814 = EDGE_LOOP('',(#8815,#8816,#8824,#8830));
#8815 = ORIENTED_EDGE('',*,*,#3151,.T.);
#8816 = ORIENTED_EDGE('',*,*,#8817,.T.);
#8817 = EDGE_CURVE('',#3142,#8818,#8820,.T.);
#8818 = VERTEX_POINT('',#8819);
#8819 = CARTESIAN_POINT('',(9.866240530303,8.767992424242,2.51));
#8820 = LINE('',#8821,#8822);
#8821 = CARTESIAN_POINT('',(9.866240530303,8.767992424242,4.01));
#8822 = VECTOR('',#8823,1.);
#8823 = DIRECTION('',(-0.,-0.,-1.));
#8824 = ORIENTED_EDGE('',*,*,#8825,.T.);
#8825 = EDGE_CURVE('',#8818,#8792,#8826,.T.);
#8826 = B_SPLINE_CURVE_WITH_KNOTS('',2,(#8827,#8828,#8829),
  .UNSPECIFIED.,.F.,.F.,(3,3),(0.,1.),.PIECEWISE_BEZIER_KNOTS.);
#8827 = CARTESIAN_POINT('',(9.866240530303,8.767992424242,2.51));
#8828 = CARTESIAN_POINT('',(10.09540719697,8.713068181818,2.51));
#8829 = CARTESIAN_POINT('',(10.304924242424,8.636600378788,2.51));
#8830 = ORIENTED_EDGE('',*,*,#8791,.F.);
#8831 = SURFACE_OF_LINEAR_EXTRUSION('',#8832,#8836);
#8832 = B_SPLINE_CURVE_WITH_KNOTS('',2,(#8833,#8834,#8835),
  .UNSPECIFIED.,.F.,.F.,(3,3),(0.,1.),.PIECEWISE_BEZIER_KNOTS.);
#8833 = CARTESIAN_POINT('',(9.866240530303,8.767992424242,4.01));
#8834 = CARTESIAN_POINT('',(10.09540719697,8.713068181818,4.01));
#8835 = CARTESIAN_POINT('',(10.304924242424,8.636600378788,4.01));
#8836 = VECTOR('',#8837,1.);
#8837 = DIRECTION('',(0.,0.,1.));
#8838 = ADVANCED_FACE('',(#8839),#8857,.T.);
#8839 = FACE_BOUND('',#8840,.T.);
#8840 = EDGE_LOOP('',(#8841,#8842,#8850,#8856));
#8841 = ORIENTED_EDGE('',*,*,#3141,.T.);
#8842 = ORIENTED_EDGE('',*,*,#8843,.T.);
#8843 = EDGE_CURVE('',#3123,#8844,#8846,.T.);
#8844 = VERTEX_POINT('',#8845);
#8845 = CARTESIAN_POINT('',(9.406486742424,8.876420454545,2.51));
#8846 = LINE('',#8847,#8848);
#8847 = CARTESIAN_POINT('',(9.406486742424,8.876420454545,4.01));
#8848 = VECTOR('',#8849,1.);
#8849 = DIRECTION('',(-0.,-0.,-1.));
#8850 = ORIENTED_EDGE('',*,*,#8851,.T.);
#8851 = EDGE_CURVE('',#8844,#8818,#8852,.T.);
#8852 = B_SPLINE_CURVE_WITH_KNOTS('',2,(#8853,#8854,#8855),
  .UNSPECIFIED.,.F.,.F.,(3,3),(0.,1.),.PIECEWISE_BEZIER_KNOTS.);
#8853 = CARTESIAN_POINT('',(9.406486742424,8.876420454545,2.51));
#8854 = CARTESIAN_POINT('',(9.637310606061,8.823153409091,2.51));
#8855 = CARTESIAN_POINT('',(9.866240530303,8.767992424242,2.51));
#8856 = ORIENTED_EDGE('',*,*,#8817,.F.);
#8857 = SURFACE_OF_LINEAR_EXTRUSION('',#8858,#8862);
#8858 = B_SPLINE_CURVE_WITH_KNOTS('',2,(#8859,#8860,#8861),
  .UNSPECIFIED.,.F.,.F.,(3,3),(0.,1.),.PIECEWISE_BEZIER_KNOTS.);
#8859 = CARTESIAN_POINT('',(9.406486742424,8.876420454545,4.01));
#8860 = CARTESIAN_POINT('',(9.637310606061,8.823153409091,4.01));
#8861 = CARTESIAN_POINT('',(9.866240530303,8.767992424242,4.01));
#8862 = VECTOR('',#8863,1.);
#8863 = DIRECTION('',(0.,0.,1.));
#8864 = ADVANCED_FACE('',(#8865),#8883,.T.);
#8865 = FACE_BOUND('',#8866,.T.);
#8866 = EDGE_LOOP('',(#8867,#8868,#8876,#8882));
#8867 = ORIENTED_EDGE('',*,*,#3122,.T.);
#8868 = ORIENTED_EDGE('',*,*,#8869,.T.);
#8869 = EDGE_CURVE('',#3112,#8870,#8872,.T.);
#8870 = VERTEX_POINT('',#8871);
#8871 = CARTESIAN_POINT('',(8.486742424242,9.133996212121,2.51));
#8872 = LINE('',#8873,#8874);
#8873 = CARTESIAN_POINT('',(8.486742424242,9.133996212121,4.01));
#8874 = VECTOR('',#8875,1.);
#8875 = DIRECTION('',(-0.,-0.,-1.));
#8876 = ORIENTED_EDGE('',*,*,#8877,.T.);
#8877 = EDGE_CURVE('',#8870,#8844,#8878,.T.);
#8878 = B_SPLINE_CURVE_WITH_KNOTS('',2,(#8879,#8880,#8881),
  .UNSPECIFIED.,.F.,.F.,(3,3),(0.,1.),.PIECEWISE_BEZIER_KNOTS.);
#8879 = CARTESIAN_POINT('',(8.486742424242,9.133996212121,2.51));
#8880 = CARTESIAN_POINT('',(8.717566287879,9.029356060606,2.51));
#8881 = CARTESIAN_POINT('',(9.406486742424,8.876420454545,2.51));
#8882 = ORIENTED_EDGE('',*,*,#8843,.F.);
#8883 = SURFACE_OF_LINEAR_EXTRUSION('',#8884,#8888);
#8884 = B_SPLINE_CURVE_WITH_KNOTS('',2,(#8885,#8886,#8887),
  .UNSPECIFIED.,.F.,.F.,(3,3),(0.,1.),.PIECEWISE_BEZIER_KNOTS.);
#8885 = CARTESIAN_POINT('',(8.486742424242,9.133996212121,4.01));
#8886 = CARTESIAN_POINT('',(8.717566287879,9.029356060606,4.01));
#8887 = CARTESIAN_POINT('',(9.406486742424,8.876420454545,4.01));
#8888 = VECTOR('',#8889,1.);
#8889 = DIRECTION('',(0.,0.,1.));
#8890 = ADVANCED_FACE('',(#8891),#8909,.T.);
#8891 = FACE_BOUND('',#8892,.T.);
#8892 = EDGE_LOOP('',(#8893,#8894,#8902,#8908));
#8893 = ORIENTED_EDGE('',*,*,#3111,.T.);
#8894 = ORIENTED_EDGE('',*,*,#8895,.T.);
#8895 = EDGE_CURVE('',#3097,#8896,#8898,.T.);
#8896 = VERTEX_POINT('',#8897);
#8897 = CARTESIAN_POINT('',(8.133285984848,9.389914772727,2.51));
#8898 = LINE('',#8899,#8900);
#8899 = CARTESIAN_POINT('',(8.133285984848,9.389914772727,4.01));
#8900 = VECTOR('',#8901,1.);
#8901 = DIRECTION('',(-0.,-0.,-1.));
#8902 = ORIENTED_EDGE('',*,*,#8903,.T.);
#8903 = EDGE_CURVE('',#8896,#8870,#8904,.T.);
#8904 = B_SPLINE_CURVE_WITH_KNOTS('',2,(#8905,#8906,#8907),
  .UNSPECIFIED.,.F.,.F.,(3,3),(0.,1.),.PIECEWISE_BEZIER_KNOTS.);
#8905 = CARTESIAN_POINT('',(8.133285984848,9.389914772727,2.51));
#8906 = CARTESIAN_POINT('',(8.255918560606,9.238873106061,2.51));
#8907 = CARTESIAN_POINT('',(8.486742424242,9.133996212121,2.51));
#8908 = ORIENTED_EDGE('',*,*,#8869,.F.);
#8909 = SURFACE_OF_LINEAR_EXTRUSION('',#8910,#8914);
#8910 = B_SPLINE_CURVE_WITH_KNOTS('',2,(#8911,#8912,#8913),
  .UNSPECIFIED.,.F.,.F.,(3,3),(0.,1.),.PIECEWISE_BEZIER_KNOTS.);
#8911 = CARTESIAN_POINT('',(8.133285984848,9.389914772727,4.01));
#8912 = CARTESIAN_POINT('',(8.255918560606,9.238873106061,4.01));
#8913 = CARTESIAN_POINT('',(8.486742424242,9.133996212121,4.01));
#8914 = VECTOR('',#8915,1.);
#8915 = DIRECTION('',(0.,0.,1.));
#8916 = ADVANCED_FACE('',(#8917),#8935,.T.);
#8917 = FACE_BOUND('',#8918,.T.);
#8918 = EDGE_LOOP('',(#8919,#8920,#8928,#8934));
#8919 = ORIENTED_EDGE('',*,*,#3096,.T.);
#8920 = ORIENTED_EDGE('',*,*,#8921,.T.);
#8921 = EDGE_CURVE('',#3082,#8922,#8924,.T.);
#8922 = VERTEX_POINT('',#8923);
#8923 = CARTESIAN_POINT('',(8.010890151515,9.77178030303,2.51));
#8924 = LINE('',#8925,#8926);
#8925 = CARTESIAN_POINT('',(8.010890151515,9.77178030303,4.01));
#8926 = VECTOR('',#8927,1.);
#8927 = DIRECTION('',(-0.,-0.,-1.));
#8928 = ORIENTED_EDGE('',*,*,#8929,.T.);
#8929 = EDGE_CURVE('',#8922,#8896,#8930,.T.);
#8930 = B_SPLINE_CURVE_WITH_KNOTS('',2,(#8931,#8932,#8933),
  .UNSPECIFIED.,.F.,.F.,(3,3),(0.,1.),.PIECEWISE_BEZIER_KNOTS.);
#8931 = CARTESIAN_POINT('',(8.010890151515,9.77178030303,2.51));
#8932 = CARTESIAN_POINT('',(8.010890151515,9.540956439394,2.51));
#8933 = CARTESIAN_POINT('',(8.133285984848,9.389914772727,2.51));
#8934 = ORIENTED_EDGE('',*,*,#8895,.F.);
#8935 = SURFACE_OF_LINEAR_EXTRUSION('',#8936,#8940);
#8936 = B_SPLINE_CURVE_WITH_KNOTS('',2,(#8937,#8938,#8939),
  .UNSPECIFIED.,.F.,.F.,(3,3),(0.,1.),.PIECEWISE_BEZIER_KNOTS.);
#8937 = CARTESIAN_POINT('',(8.010890151515,9.77178030303,4.01));
#8938 = CARTESIAN_POINT('',(8.010890151515,9.540956439394,4.01));
#8939 = CARTESIAN_POINT('',(8.133285984848,9.389914772727,4.01));
#8940 = VECTOR('',#8941,1.);
#8941 = DIRECTION('',(0.,0.,1.));
#8942 = ADVANCED_FACE('',(#8943),#8961,.T.);
#8943 = FACE_BOUND('',#8944,.T.);
#8944 = EDGE_LOOP('',(#8945,#8946,#8954,#8960));
#8945 = ORIENTED_EDGE('',*,*,#3081,.T.);
#8946 = ORIENTED_EDGE('',*,*,#8947,.T.);
#8947 = EDGE_CURVE('',#3065,#8948,#8950,.T.);
#8948 = VERTEX_POINT('',#8949);
#8949 = CARTESIAN_POINT('',(8.326941287879,10.365293560606,2.51));
#8950 = LINE('',#8951,#8952);
#8951 = CARTESIAN_POINT('',(8.326941287879,10.365293560606,4.01));
#8952 = VECTOR('',#8953,1.);
#8953 = DIRECTION('',(-0.,-0.,-1.));
#8954 = ORIENTED_EDGE('',*,*,#8955,.T.);
#8955 = EDGE_CURVE('',#8948,#8922,#8956,.T.);
#8956 = B_SPLINE_CURVE_WITH_KNOTS('',2,(#8957,#8958,#8959),
  .UNSPECIFIED.,.F.,.F.,(3,3),(0.,1.),.PIECEWISE_BEZIER_KNOTS.);
#8957 = CARTESIAN_POINT('',(8.326941287879,10.365293560606,2.51));
#8958 = CARTESIAN_POINT('',(8.010890151515,10.166193181818,2.51));
#8959 = CARTESIAN_POINT('',(8.010890151515,9.77178030303,2.51));
#8960 = ORIENTED_EDGE('',*,*,#8921,.F.);
#8961 = SURFACE_OF_LINEAR_EXTRUSION('',#8962,#8966);
#8962 = B_SPLINE_CURVE_WITH_KNOTS('',2,(#8963,#8964,#8965),
  .UNSPECIFIED.,.F.,.F.,(3,3),(0.,1.),.PIECEWISE_BEZIER_KNOTS.);
#8963 = CARTESIAN_POINT('',(8.326941287879,10.365293560606,4.01));
#8964 = CARTESIAN_POINT('',(8.010890151515,10.166193181818,4.01));
#8965 = CARTESIAN_POINT('',(8.010890151515,9.77178030303,4.01));
#8966 = VECTOR('',#8967,1.);
#8967 = DIRECTION('',(0.,0.,1.));
#8968 = ADVANCED_FACE('',(#8969),#8987,.T.);
#8969 = FACE_BOUND('',#8970,.T.);
#8970 = EDGE_LOOP('',(#8971,#8972,#8980,#8986));
#8971 = ORIENTED_EDGE('',*,*,#3064,.T.);
#8972 = ORIENTED_EDGE('',*,*,#8973,.T.);
#8973 = EDGE_CURVE('',#3050,#8974,#8976,.T.);
#8974 = VERTEX_POINT('',#8975);
#8975 = CARTESIAN_POINT('',(9.243134469697,10.564393939394,2.51));
#8976 = LINE('',#8977,#8978);
#8977 = CARTESIAN_POINT('',(9.243134469697,10.564393939394,4.01));
#8978 = VECTOR('',#8979,1.);
#8979 = DIRECTION('',(-0.,-0.,-1.));
#8980 = ORIENTED_EDGE('',*,*,#8981,.T.);
#8981 = EDGE_CURVE('',#8974,#8948,#8982,.T.);
#8982 = B_SPLINE_CURVE_WITH_KNOTS('',2,(#8983,#8984,#8985),
  .UNSPECIFIED.,.F.,.F.,(3,3),(0.,1.),.PIECEWISE_BEZIER_KNOTS.);
#8983 = CARTESIAN_POINT('',(9.243134469697,10.564393939394,2.51));
#8984 = CARTESIAN_POINT('',(8.642992424242,10.564393939394,2.51));
#8985 = CARTESIAN_POINT('',(8.326941287879,10.365293560606,2.51));
#8986 = ORIENTED_EDGE('',*,*,#8947,.F.);
#8987 = SURFACE_OF_LINEAR_EXTRUSION('',#8988,#8992);
#8988 = B_SPLINE_CURVE_WITH_KNOTS('',2,(#8989,#8990,#8991),
  .UNSPECIFIED.,.F.,.F.,(3,3),(0.,1.),.PIECEWISE_BEZIER_KNOTS.);
#8989 = CARTESIAN_POINT('',(9.243134469697,10.564393939394,4.01));
#8990 = CARTESIAN_POINT('',(8.642992424242,10.564393939394,4.01));
#8991 = CARTESIAN_POINT('',(8.326941287879,10.365293560606,4.01));
#8992 = VECTOR('',#8993,1.);
#8993 = DIRECTION('',(0.,0.,1.));
#8994 = ADVANCED_FACE('',(#8995),#9013,.T.);
#8995 = FACE_BOUND('',#8996,.T.);
#8996 = EDGE_LOOP('',(#8997,#8998,#9006,#9012));
#8997 = ORIENTED_EDGE('',*,*,#3049,.T.);
#8998 = ORIENTED_EDGE('',*,*,#8999,.T.);
#8999 = EDGE_CURVE('',#3033,#9000,#9002,.T.);
#9000 = VERTEX_POINT('',#9001);
#9001 = CARTESIAN_POINT('',(10.098958333333,10.384943181818,2.51));
#9002 = LINE('',#9003,#9004);
#9003 = CARTESIAN_POINT('',(10.098958333333,10.384943181818,4.01));
#9004 = VECTOR('',#9005,1.);
#9005 = DIRECTION('',(-0.,-0.,-1.));
#9006 = ORIENTED_EDGE('',*,*,#9007,.T.);
#9007 = EDGE_CURVE('',#9000,#8974,#9008,.T.);
#9008 = B_SPLINE_CURVE_WITH_KNOTS('',2,(#9009,#9010,#9011),
  .UNSPECIFIED.,.F.,.F.,(3,3),(0.,1.),.PIECEWISE_BEZIER_KNOTS.);
#9009 = CARTESIAN_POINT('',(10.098958333333,10.384943181818,2.51));
#9010 = CARTESIAN_POINT('',(9.790009469697,10.564393939394,2.51));
#9011 = CARTESIAN_POINT('',(9.243134469697,10.564393939394,2.51));
#9012 = ORIENTED_EDGE('',*,*,#8973,.F.);
#9013 = SURFACE_OF_LINEAR_EXTRUSION('',#9014,#9018);
#9014 = B_SPLINE_CURVE_WITH_KNOTS('',2,(#9015,#9016,#9017),
  .UNSPECIFIED.,.F.,.F.,(3,3),(0.,1.),.PIECEWISE_BEZIER_KNOTS.);
#9015 = CARTESIAN_POINT('',(10.098958333333,10.384943181818,4.01));
#9016 = CARTESIAN_POINT('',(9.790009469697,10.564393939394,4.01));
#9017 = CARTESIAN_POINT('',(9.243134469697,10.564393939394,4.01));
#9018 = VECTOR('',#9019,1.);
#9019 = DIRECTION('',(0.,0.,1.));
#9020 = ADVANCED_FACE('',(#9021),#9039,.T.);
#9021 = FACE_BOUND('',#9022,.T.);
#9022 = EDGE_LOOP('',(#9023,#9024,#9032,#9038));
#9023 = ORIENTED_EDGE('',*,*,#3032,.T.);
#9024 = ORIENTED_EDGE('',*,*,#9025,.T.);
#9025 = EDGE_CURVE('',#3025,#9026,#9028,.T.);
#9026 = VERTEX_POINT('',#9027);
#9027 = CARTESIAN_POINT('',(10.517992424242,9.808001893939,2.51));
#9028 = LINE('',#9029,#9030);
#9029 = CARTESIAN_POINT('',(10.517992424242,9.808001893939,4.01));
#9030 = VECTOR('',#9031,1.);
#9031 = DIRECTION('',(-0.,-0.,-1.));
#9032 = ORIENTED_EDGE('',*,*,#9033,.T.);
#9033 = EDGE_CURVE('',#9026,#9000,#9034,.T.);
#9034 = B_SPLINE_CURVE_WITH_KNOTS('',2,(#9035,#9036,#9037),
  .UNSPECIFIED.,.F.,.F.,(3,3),(0.,1.),.PIECEWISE_BEZIER_KNOTS.);
#9035 = CARTESIAN_POINT('',(10.517992424242,9.808001893939,2.51));
#9036 = CARTESIAN_POINT('',(10.40790719697,10.205729166667,2.51));
#9037 = CARTESIAN_POINT('',(10.098958333333,10.384943181818,2.51));
#9038 = ORIENTED_EDGE('',*,*,#8999,.F.);
#9039 = SURFACE_OF_LINEAR_EXTRUSION('',#9040,#9044);
#9040 = B_SPLINE_CURVE_WITH_KNOTS('',2,(#9041,#9042,#9043),
  .UNSPECIFIED.,.F.,.F.,(3,3),(0.,1.),.PIECEWISE_BEZIER_KNOTS.);
#9041 = CARTESIAN_POINT('',(10.517992424242,9.808001893939,4.01));
#9042 = CARTESIAN_POINT('',(10.40790719697,10.205729166667,4.01));
#9043 = CARTESIAN_POINT('',(10.098958333333,10.384943181818,4.01));
#9044 = VECTOR('',#9045,1.);
#9045 = DIRECTION('',(0.,0.,1.));
#9046 = ADVANCED_FACE('',(#9047),#9065,.T.);
#9047 = FACE_BOUND('',#9048,.T.);
#9048 = EDGE_LOOP('',(#9049,#9050,#9058,#9064));
#9049 = ORIENTED_EDGE('',*,*,#3024,.F.);
#9050 = ORIENTED_EDGE('',*,*,#9051,.T.);
#9051 = EDGE_CURVE('',#3008,#9052,#9054,.T.);
#9052 = VERTEX_POINT('',#9053);
#9053 = CARTESIAN_POINT('',(11.185606060606,9.925189393939,2.51));
#9054 = LINE('',#9055,#9056);
#9055 = CARTESIAN_POINT('',(11.185606060606,9.925189393939,4.01));
#9056 = VECTOR('',#9057,1.);
#9057 = DIRECTION('',(-0.,-0.,-1.));
#9058 = ORIENTED_EDGE('',*,*,#9059,.T.);
#9059 = EDGE_CURVE('',#9052,#9026,#9060,.T.);
#9060 = LINE('',#9061,#9062);
#9061 = CARTESIAN_POINT('',(11.185606060606,9.925189393939,2.51));
#9062 = VECTOR('',#9063,1.);
#9063 = DIRECTION('',(-0.984941376985,-0.17288864596,0.));
#9064 = ORIENTED_EDGE('',*,*,#9025,.F.);
#9065 = PLANE('',#9066);
#9066 = AXIS2_PLACEMENT_3D('',#9067,#9068,#9069);
#9067 = CARTESIAN_POINT('',(11.185606060606,9.925189393939,4.01));
#9068 = DIRECTION('',(-0.17288864596,0.984941376985,0.));
#9069 = DIRECTION('',(-0.984941376985,-0.17288864596,0.));
#9070 = ADVANCED_FACE('',(#9071),#9089,.T.);
#9071 = FACE_BOUND('',#9072,.T.);
#9072 = EDGE_LOOP('',(#9073,#9074,#9082,#9088));
#9073 = ORIENTED_EDGE('',*,*,#3007,.T.);
#9074 = ORIENTED_EDGE('',*,*,#9075,.T.);
#9075 = EDGE_CURVE('',#2991,#9076,#9078,.T.);
#9076 = VERTEX_POINT('',#9077);
#9077 = CARTESIAN_POINT('',(10.553503787879,10.814630681818,2.51));
#9078 = LINE('',#9079,#9080);
#9079 = CARTESIAN_POINT('',(10.553503787879,10.814630681818,4.01));
#9080 = VECTOR('',#9081,1.);
#9081 = DIRECTION('',(-0.,-0.,-1.));
#9082 = ORIENTED_EDGE('',*,*,#9083,.T.);
#9083 = EDGE_CURVE('',#9076,#9052,#9084,.T.);
#9084 = B_SPLINE_CURVE_WITH_KNOTS('',2,(#9085,#9086,#9087),
  .UNSPECIFIED.,.F.,.F.,(3,3),(0.,1.),.PIECEWISE_BEZIER_KNOTS.);
#9085 = CARTESIAN_POINT('',(10.553503787879,10.814630681818,2.51));
#9086 = CARTESIAN_POINT('',(11.004498106061,10.553740530303,2.51));
#9087 = CARTESIAN_POINT('',(11.185606060606,9.925189393939,2.51));
#9088 = ORIENTED_EDGE('',*,*,#9051,.F.);
#9089 = SURFACE_OF_LINEAR_EXTRUSION('',#9090,#9094);
#9090 = B_SPLINE_CURVE_WITH_KNOTS('',2,(#9091,#9092,#9093),
  .UNSPECIFIED.,.F.,.F.,(3,3),(0.,1.),.PIECEWISE_BEZIER_KNOTS.);
#9091 = CARTESIAN_POINT('',(10.553503787879,10.814630681818,4.01));
#9092 = CARTESIAN_POINT('',(11.004498106061,10.553740530303,4.01));
#9093 = CARTESIAN_POINT('',(11.185606060606,9.925189393939,4.01));
#9094 = VECTOR('',#9095,1.);
#9095 = DIRECTION('',(0.,0.,1.));
#9096 = ADVANCED_FACE('',(#9097),#9115,.T.);
#9097 = FACE_BOUND('',#9098,.T.);
#9098 = EDGE_LOOP('',(#9099,#9100,#9108,#9114));
#9099 = ORIENTED_EDGE('',*,*,#2990,.T.);
#9100 = ORIENTED_EDGE('',*,*,#9101,.T.);
#9101 = EDGE_CURVE('',#2974,#9102,#9104,.T.);
#9102 = VERTEX_POINT('',#9103);
#9103 = CARTESIAN_POINT('',(9.250236742424,11.075757575758,2.51));
#9104 = LINE('',#9105,#9106);
#9105 = CARTESIAN_POINT('',(9.250236742424,11.075757575758,4.01));
#9106 = VECTOR('',#9107,1.);
#9107 = DIRECTION('',(-0.,-0.,-1.));
#9108 = ORIENTED_EDGE('',*,*,#9109,.T.);
#9109 = EDGE_CURVE('',#9102,#9076,#9110,.T.);
#9110 = B_SPLINE_CURVE_WITH_KNOTS('',2,(#9111,#9112,#9113),
  .UNSPECIFIED.,.F.,.F.,(3,3),(0.,1.),.PIECEWISE_BEZIER_KNOTS.);
#9111 = CARTESIAN_POINT('',(9.250236742424,11.075757575758,2.51));
#9112 = CARTESIAN_POINT('',(10.102509469697,11.075757575758,2.51));
#9113 = CARTESIAN_POINT('',(10.553503787879,10.814630681818,2.51));
#9114 = ORIENTED_EDGE('',*,*,#9075,.F.);
#9115 = SURFACE_OF_LINEAR_EXTRUSION('',#9116,#9120);
#9116 = B_SPLINE_CURVE_WITH_KNOTS('',2,(#9117,#9118,#9119),
  .UNSPECIFIED.,.F.,.F.,(3,3),(0.,1.),.PIECEWISE_BEZIER_KNOTS.);
#9117 = CARTESIAN_POINT('',(9.250236742424,11.075757575758,4.01));
#9118 = CARTESIAN_POINT('',(10.102509469697,11.075757575758,4.01));
#9119 = CARTESIAN_POINT('',(10.553503787879,10.814630681818,4.01));
#9120 = VECTOR('',#9121,1.);
#9121 = DIRECTION('',(0.,0.,1.));
#9122 = ADVANCED_FACE('',(#9123),#9141,.T.);
#9123 = FACE_BOUND('',#9124,.T.);
#9124 = EDGE_LOOP('',(#9125,#9126,#9134,#9140));
#9125 = ORIENTED_EDGE('',*,*,#2973,.T.);
#9126 = ORIENTED_EDGE('',*,*,#9127,.T.);
#9127 = EDGE_CURVE('',#2955,#9128,#9130,.T.);
#9128 = VERTEX_POINT('',#9129);
#9129 = CARTESIAN_POINT('',(7.84209280303,10.727509469697,2.51));
#9130 = LINE('',#9131,#9132);
#9131 = CARTESIAN_POINT('',(7.84209280303,10.727509469697,4.01));
#9132 = VECTOR('',#9133,1.);
#9133 = DIRECTION('',(-0.,-0.,-1.));
#9134 = ORIENTED_EDGE('',*,*,#9135,.T.);
#9135 = EDGE_CURVE('',#9128,#9102,#9136,.T.);
#9136 = B_SPLINE_CURVE_WITH_KNOTS('',2,(#9137,#9138,#9139),
  .UNSPECIFIED.,.F.,.F.,(3,3),(0.,1.),.PIECEWISE_BEZIER_KNOTS.);
#9137 = CARTESIAN_POINT('',(7.84209280303,10.727509469697,2.51));
#9138 = CARTESIAN_POINT('',(8.334043560606,11.075757575758,2.51));
#9139 = CARTESIAN_POINT('',(9.250236742424,11.075757575758,2.51));
#9140 = ORIENTED_EDGE('',*,*,#9101,.F.);
#9141 = SURFACE_OF_LINEAR_EXTRUSION('',#9142,#9146);
#9142 = B_SPLINE_CURVE_WITH_KNOTS('',2,(#9143,#9144,#9145),
  .UNSPECIFIED.,.F.,.F.,(3,3),(0.,1.),.PIECEWISE_BEZIER_KNOTS.);
#9143 = CARTESIAN_POINT('',(7.84209280303,10.727509469697,4.01));
#9144 = CARTESIAN_POINT('',(8.334043560606,11.075757575758,4.01));
#9145 = CARTESIAN_POINT('',(9.250236742424,11.075757575758,4.01));
#9146 = VECTOR('',#9147,1.);
#9147 = DIRECTION('',(0.,0.,1.));
#9148 = ADVANCED_FACE('',(#9149),#9167,.T.);
#9149 = FACE_BOUND('',#9150,.T.);
#9150 = EDGE_LOOP('',(#9151,#9152,#9160,#9166));
#9151 = ORIENTED_EDGE('',*,*,#2954,.T.);
#9152 = ORIENTED_EDGE('',*,*,#9153,.T.);
#9153 = EDGE_CURVE('',#2944,#9154,#9156,.T.);
#9154 = VERTEX_POINT('',#9155);
#9155 = CARTESIAN_POINT('',(7.350378787879,9.736268939394,2.51));
#9156 = LINE('',#9157,#9158);
#9157 = CARTESIAN_POINT('',(7.350378787879,9.736268939394,4.01));
#9158 = VECTOR('',#9159,1.);
#9159 = DIRECTION('',(-0.,-0.,-1.));
#9160 = ORIENTED_EDGE('',*,*,#9161,.T.);
#9161 = EDGE_CURVE('',#9154,#9128,#9162,.T.);
#9162 = B_SPLINE_CURVE_WITH_KNOTS('',2,(#9163,#9164,#9165),
  .UNSPECIFIED.,.F.,.F.,(3,3),(0.,1.),.PIECEWISE_BEZIER_KNOTS.);
#9163 = CARTESIAN_POINT('',(7.350378787879,9.736268939394,2.51));
#9164 = CARTESIAN_POINT('',(7.350378787879,10.379498106061,2.51));
#9165 = CARTESIAN_POINT('',(7.84209280303,10.727509469697,2.51));
#9166 = ORIENTED_EDGE('',*,*,#9127,.F.);
#9167 = SURFACE_OF_LINEAR_EXTRUSION('',#9168,#9172);
#9168 = B_SPLINE_CURVE_WITH_KNOTS('',2,(#9169,#9170,#9171),
  .UNSPECIFIED.,.F.,.F.,(3,3),(0.,1.),.PIECEWISE_BEZIER_KNOTS.);
#9169 = CARTESIAN_POINT('',(7.350378787879,9.736268939394,4.01));
#9170 = CARTESIAN_POINT('',(7.350378787879,10.379498106061,4.01));
#9171 = CARTESIAN_POINT('',(7.84209280303,10.727509469697,4.01));
#9172 = VECTOR('',#9173,1.);
#9173 = DIRECTION('',(0.,0.,1.));
#9174 = ADVANCED_FACE('',(#9175),#9193,.T.);
#9175 = FACE_BOUND('',#9176,.T.);
#9176 = EDGE_LOOP('',(#9177,#9178,#9186,#9192));
#9177 = ORIENTED_EDGE('',*,*,#2943,.T.);
#9178 = ORIENTED_EDGE('',*,*,#9179,.T.);
#9179 = EDGE_CURVE('',#2931,#9180,#9182,.T.);
#9180 = VERTEX_POINT('',#9181);
#9181 = CARTESIAN_POINT('',(7.444365530303,9.238873106061,2.51));
#9182 = LINE('',#9183,#9184);
#9183 = CARTESIAN_POINT('',(7.444365530303,9.238873106061,4.01));
#9184 = VECTOR('',#9185,1.);
#9185 = DIRECTION('',(-0.,-0.,-1.));
#9186 = ORIENTED_EDGE('',*,*,#9187,.T.);
#9187 = EDGE_CURVE('',#9180,#9154,#9188,.T.);
#9188 = B_SPLINE_CURVE_WITH_KNOTS('',2,(#9189,#9190,#9191),
  .UNSPECIFIED.,.F.,.F.,(3,3),(0.,1.),.PIECEWISE_BEZIER_KNOTS.);
#9189 = CARTESIAN_POINT('',(7.444365530303,9.238873106061,2.51));
#9190 = CARTESIAN_POINT('',(7.350378787879,9.455729166667,2.51));
#9191 = CARTESIAN_POINT('',(7.350378787879,9.736268939394,2.51));
#9192 = ORIENTED_EDGE('',*,*,#9153,.F.);
#9193 = SURFACE_OF_LINEAR_EXTRUSION('',#9194,#9198);
#9194 = B_SPLINE_CURVE_WITH_KNOTS('',2,(#9195,#9196,#9197),
  .UNSPECIFIED.,.F.,.F.,(3,3),(0.,1.),.PIECEWISE_BEZIER_KNOTS.);
#9195 = CARTESIAN_POINT('',(7.444365530303,9.238873106061,4.01));
#9196 = CARTESIAN_POINT('',(7.350378787879,9.455729166667,4.01));
#9197 = CARTESIAN_POINT('',(7.350378787879,9.736268939394,4.01));
#9198 = VECTOR('',#9199,1.);
#9199 = DIRECTION('',(0.,0.,1.));
#9200 = ADVANCED_FACE('',(#9201),#9219,.T.);
#9201 = FACE_BOUND('',#9202,.T.);
#9202 = EDGE_LOOP('',(#9203,#9204,#9212,#9218));
#9203 = ORIENTED_EDGE('',*,*,#2930,.T.);
#9204 = ORIENTED_EDGE('',*,*,#9205,.T.);
#9205 = EDGE_CURVE('',#2919,#9206,#9208,.T.);
#9206 = VERTEX_POINT('',#9207);
#9207 = CARTESIAN_POINT('',(7.716145833333,8.860558712121,2.51));
#9208 = LINE('',#9209,#9210);
#9209 = CARTESIAN_POINT('',(7.716145833333,8.860558712121,4.01));
#9210 = VECTOR('',#9211,1.);
#9211 = DIRECTION('',(-0.,-0.,-1.));
#9212 = ORIENTED_EDGE('',*,*,#9213,.T.);
#9213 = EDGE_CURVE('',#9206,#9180,#9214,.T.);
#9214 = B_SPLINE_CURVE_WITH_KNOTS('',2,(#9215,#9216,#9217),
  .UNSPECIFIED.,.F.,.F.,(3,3),(0.,1.),.PIECEWISE_BEZIER_KNOTS.);
#9215 = CARTESIAN_POINT('',(7.716145833333,8.860558712121,2.51));
#9216 = CARTESIAN_POINT('',(7.538589015151,9.022253787879,2.51));
#9217 = CARTESIAN_POINT('',(7.444365530303,9.238873106061,2.51));
#9218 = ORIENTED_EDGE('',*,*,#9179,.F.);
#9219 = SURFACE_OF_LINEAR_EXTRUSION('',#9220,#9224);
#9220 = B_SPLINE_CURVE_WITH_KNOTS('',2,(#9221,#9222,#9223),
  .UNSPECIFIED.,.F.,.F.,(3,3),(0.,1.),.PIECEWISE_BEZIER_KNOTS.);
#9221 = CARTESIAN_POINT('',(7.716145833333,8.860558712121,4.01));
#9222 = CARTESIAN_POINT('',(7.538589015151,9.022253787879,4.01));
#9223 = CARTESIAN_POINT('',(7.444365530303,9.238873106061,4.01));
#9224 = VECTOR('',#9225,1.);
#9225 = DIRECTION('',(0.,0.,1.));
#9226 = ADVANCED_FACE('',(#9227),#9245,.T.);
#9227 = FACE_BOUND('',#9228,.T.);
#9228 = EDGE_LOOP('',(#9229,#9230,#9238,#9244));
#9229 = ORIENTED_EDGE('',*,*,#2918,.T.);
#9230 = ORIENTED_EDGE('',*,*,#9231,.T.);
#9231 = EDGE_CURVE('',#2908,#9232,#9234,.T.);
#9232 = VERTEX_POINT('',#9233);
#9233 = CARTESIAN_POINT('',(8.200757575758,8.567471590909,2.51));
#9234 = LINE('',#9235,#9236);
#9235 = CARTESIAN_POINT('',(8.200757575758,8.567471590909,4.01));
#9236 = VECTOR('',#9237,1.);
#9237 = DIRECTION('',(-0.,-0.,-1.));
#9238 = ORIENTED_EDGE('',*,*,#9239,.T.);
#9239 = EDGE_CURVE('',#9232,#9206,#9240,.T.);
#9240 = B_SPLINE_CURVE_WITH_KNOTS('',2,(#9241,#9242,#9243),
  .UNSPECIFIED.,.F.,.F.,(3,3),(0.,1.),.PIECEWISE_BEZIER_KNOTS.);
#9241 = CARTESIAN_POINT('',(8.200757575758,8.567471590909,2.51));
#9242 = CARTESIAN_POINT('',(7.893702651515,8.699100378788,2.51));
#9243 = CARTESIAN_POINT('',(7.716145833333,8.860558712121,2.51));
#9244 = ORIENTED_EDGE('',*,*,#9205,.F.);
#9245 = SURFACE_OF_LINEAR_EXTRUSION('',#9246,#9250);
#9246 = B_SPLINE_CURVE_WITH_KNOTS('',2,(#9247,#9248,#9249),
  .UNSPECIFIED.,.F.,.F.,(3,3),(0.,1.),.PIECEWISE_BEZIER_KNOTS.);
#9247 = CARTESIAN_POINT('',(8.200757575758,8.567471590909,4.01));
#9248 = CARTESIAN_POINT('',(7.893702651515,8.699100378788,4.01));
#9249 = CARTESIAN_POINT('',(7.716145833333,8.860558712121,4.01));
#9250 = VECTOR('',#9251,1.);
#9251 = DIRECTION('',(0.,0.,1.));
#9252 = ADVANCED_FACE('',(#9253),#9271,.T.);
#9253 = FACE_BOUND('',#9254,.T.);
#9254 = EDGE_LOOP('',(#9255,#9256,#9264,#9270));
#9255 = ORIENTED_EDGE('',*,*,#2907,.T.);
#9256 = ORIENTED_EDGE('',*,*,#9257,.T.);
#9257 = EDGE_CURVE('',#2897,#9258,#9260,.T.);
#9258 = VERTEX_POINT('',#9259);
#9259 = CARTESIAN_POINT('',(9.101089015152,8.3046875,2.51));
#9260 = LINE('',#9261,#9262);
#9261 = CARTESIAN_POINT('',(9.101089015152,8.3046875,4.01));
#9262 = VECTOR('',#9263,1.);
#9263 = DIRECTION('',(-0.,-0.,-1.));
#9264 = ORIENTED_EDGE('',*,*,#9265,.T.);
#9265 = EDGE_CURVE('',#9258,#9232,#9266,.T.);
#9266 = B_SPLINE_CURVE_WITH_KNOTS('',2,(#9267,#9268,#9269),
  .UNSPECIFIED.,.F.,.F.,(3,3),(0.,1.),.PIECEWISE_BEZIER_KNOTS.);
#9267 = CARTESIAN_POINT('',(9.101089015152,8.3046875,2.51));
#9268 = CARTESIAN_POINT('',(8.508049242424,8.436079545455,2.51));
#9269 = CARTESIAN_POINT('',(8.200757575758,8.567471590909,2.51));
#9270 = ORIENTED_EDGE('',*,*,#9231,.F.);
#9271 = SURFACE_OF_LINEAR_EXTRUSION('',#9272,#9276);
#9272 = B_SPLINE_CURVE_WITH_KNOTS('',2,(#9273,#9274,#9275),
  .UNSPECIFIED.,.F.,.F.,(3,3),(0.,1.),.PIECEWISE_BEZIER_KNOTS.);
#9273 = CARTESIAN_POINT('',(9.101089015152,8.3046875,4.01));
#9274 = CARTESIAN_POINT('',(8.508049242424,8.436079545455,4.01));
#9275 = CARTESIAN_POINT('',(8.200757575758,8.567471590909,4.01));
#9276 = VECTOR('',#9277,1.);
#9277 = DIRECTION('',(0.,0.,1.));
#9278 = ADVANCED_FACE('',(#9279),#9297,.T.);
#9279 = FACE_BOUND('',#9280,.T.);
#9280 = EDGE_LOOP('',(#9281,#9282,#9290,#9296));
#9281 = ORIENTED_EDGE('',*,*,#2896,.T.);
#9282 = ORIENTED_EDGE('',*,*,#9283,.T.);
#9283 = EDGE_CURVE('',#2886,#9284,#9286,.T.);
#9284 = VERTEX_POINT('',#9285);
#9285 = CARTESIAN_POINT('',(9.722537878788,8.158854166667,2.51));
#9286 = LINE('',#9287,#9288);
#9287 = CARTESIAN_POINT('',(9.722537878788,8.158854166667,4.01));
#9288 = VECTOR('',#9289,1.);
#9289 = DIRECTION('',(-0.,-0.,-1.));
#9290 = ORIENTED_EDGE('',*,*,#9291,.T.);
#9291 = EDGE_CURVE('',#9284,#9258,#9292,.T.);
#9292 = B_SPLINE_CURVE_WITH_KNOTS('',2,(#9293,#9294,#9295),
  .UNSPECIFIED.,.F.,.F.,(3,3),(0.,1.),.PIECEWISE_BEZIER_KNOTS.);
#9293 = CARTESIAN_POINT('',(9.722537878788,8.158854166667,2.51));
#9294 = CARTESIAN_POINT('',(9.441998106061,8.2265625,2.51));
#9295 = CARTESIAN_POINT('',(9.101089015152,8.3046875,2.51));
#9296 = ORIENTED_EDGE('',*,*,#9257,.F.);
#9297 = SURFACE_OF_LINEAR_EXTRUSION('',#9298,#9302);
#9298 = B_SPLINE_CURVE_WITH_KNOTS('',2,(#9299,#9300,#9301),
  .UNSPECIFIED.,.F.,.F.,(3,3),(0.,1.),.PIECEWISE_BEZIER_KNOTS.);
#9299 = CARTESIAN_POINT('',(9.722537878788,8.158854166667,4.01));
#9300 = CARTESIAN_POINT('',(9.441998106061,8.2265625,4.01));
#9301 = CARTESIAN_POINT('',(9.101089015152,8.3046875,4.01));
#9302 = VECTOR('',#9303,1.);
#9303 = DIRECTION('',(0.,0.,1.));
#9304 = ADVANCED_FACE('',(#9305),#9323,.T.);
#9305 = FACE_BOUND('',#9306,.T.);
#9306 = EDGE_LOOP('',(#9307,#9308,#9316,#9322));
#9307 = ORIENTED_EDGE('',*,*,#2885,.T.);
#9308 = ORIENTED_EDGE('',*,*,#9309,.T.);
#9309 = EDGE_CURVE('',#2875,#9310,#9312,.T.);
#9310 = VERTEX_POINT('',#9311);
#9311 = CARTESIAN_POINT('',(10.205492424242,7.991950757576,2.51));
#9312 = LINE('',#9313,#9314);
#9313 = CARTESIAN_POINT('',(10.205492424242,7.991950757576,4.01));
#9314 = VECTOR('',#9315,1.);
#9315 = DIRECTION('',(-0.,-0.,-1.));
#9316 = ORIENTED_EDGE('',*,*,#9317,.T.);
#9317 = EDGE_CURVE('',#9310,#9284,#9318,.T.);
#9318 = B_SPLINE_CURVE_WITH_KNOTS('',2,(#9319,#9320,#9321),
  .UNSPECIFIED.,.F.,.F.,(3,3),(0.,1.),.PIECEWISE_BEZIER_KNOTS.);
#9319 = CARTESIAN_POINT('',(10.205492424242,7.991950757576,2.51));
#9320 = CARTESIAN_POINT('',(10.003077651515,8.091382575758,2.51));
#9321 = CARTESIAN_POINT('',(9.722537878788,8.158854166667,2.51));
#9322 = ORIENTED_EDGE('',*,*,#9283,.F.);
#9323 = SURFACE_OF_LINEAR_EXTRUSION('',#9324,#9328);
#9324 = B_SPLINE_CURVE_WITH_KNOTS('',2,(#9325,#9326,#9327),
  .UNSPECIFIED.,.F.,.F.,(3,3),(0.,1.),.PIECEWISE_BEZIER_KNOTS.);
#9325 = CARTESIAN_POINT('',(10.205492424242,7.991950757576,4.01));
#9326 = CARTESIAN_POINT('',(10.003077651515,8.091382575758,4.01));
#9327 = CARTESIAN_POINT('',(9.722537878788,8.158854166667,4.01));
#9328 = VECTOR('',#9329,1.);
#9329 = DIRECTION('',(0.,0.,1.));
#9330 = ADVANCED_FACE('',(#9331),#9349,.T.);
#9331 = FACE_BOUND('',#9332,.T.);
#9332 = EDGE_LOOP('',(#9333,#9334,#9342,#9348));
#9333 = ORIENTED_EDGE('',*,*,#2874,.T.);
#9334 = ORIENTED_EDGE('',*,*,#9335,.T.);
#9335 = EDGE_CURVE('',#2864,#9336,#9338,.T.);
#9336 = VERTEX_POINT('',#9337);
#9337 = CARTESIAN_POINT('',(10.519649621212,7.739583333333,2.51));
#9338 = LINE('',#9339,#9340);
#9339 = CARTESIAN_POINT('',(10.519649621212,7.739583333333,4.01));
#9340 = VECTOR('',#9341,1.);
#9341 = DIRECTION('',(-0.,-0.,-1.));
#9342 = ORIENTED_EDGE('',*,*,#9343,.T.);
#9343 = EDGE_CURVE('',#9336,#9310,#9344,.T.);
#9344 = B_SPLINE_CURVE_WITH_KNOTS('',2,(#9345,#9346,#9347),
  .UNSPECIFIED.,.F.,.F.,(3,3),(0.,1.),.PIECEWISE_BEZIER_KNOTS.);
#9345 = CARTESIAN_POINT('',(10.519649621212,7.739583333333,2.51));
#9346 = CARTESIAN_POINT('',(10.40790719697,7.892518939394,2.51));
#9347 = CARTESIAN_POINT('',(10.205492424242,7.991950757576,2.51));
#9348 = ORIENTED_EDGE('',*,*,#9309,.F.);
#9349 = SURFACE_OF_LINEAR_EXTRUSION('',#9350,#9354);
#9350 = B_SPLINE_CURVE_WITH_KNOTS('',2,(#9351,#9352,#9353),
  .UNSPECIFIED.,.F.,.F.,(3,3),(0.,1.),.PIECEWISE_BEZIER_KNOTS.);
#9351 = CARTESIAN_POINT('',(10.519649621212,7.739583333333,4.01));
#9352 = CARTESIAN_POINT('',(10.40790719697,7.892518939394,4.01));
#9353 = CARTESIAN_POINT('',(10.205492424242,7.991950757576,4.01));
#9354 = VECTOR('',#9355,1.);
#9355 = DIRECTION('',(0.,0.,1.));
#9356 = ADVANCED_FACE('',(#9357),#9375,.T.);
#9357 = FACE_BOUND('',#9358,.T.);
#9358 = EDGE_LOOP('',(#9359,#9360,#9368,#9374));
#9359 = ORIENTED_EDGE('',*,*,#2863,.T.);
#9360 = ORIENTED_EDGE('',*,*,#9361,.T.);
#9361 = EDGE_CURVE('',#2845,#9362,#9364,.T.);
#9362 = VERTEX_POINT('',#9363);
#9363 = CARTESIAN_POINT('',(10.631628787879,7.341856060606,2.51));
#9364 = LINE('',#9365,#9366);
#9365 = CARTESIAN_POINT('',(10.631628787879,7.341856060606,4.01));
#9366 = VECTOR('',#9367,1.);
#9367 = DIRECTION('',(-0.,-0.,-1.));
#9368 = ORIENTED_EDGE('',*,*,#9369,.T.);
#9369 = EDGE_CURVE('',#9362,#9336,#9370,.T.);
#9370 = B_SPLINE_CURVE_WITH_KNOTS('',2,(#9371,#9372,#9373),
  .UNSPECIFIED.,.F.,.F.,(3,3),(0.,1.),.PIECEWISE_BEZIER_KNOTS.);
#9371 = CARTESIAN_POINT('',(10.631628787879,7.341856060606,2.51));
#9372 = CARTESIAN_POINT('',(10.631628787879,7.586884469697,2.51));
#9373 = CARTESIAN_POINT('',(10.519649621212,7.739583333333,2.51));
#9374 = ORIENTED_EDGE('',*,*,#9335,.F.);
#9375 = SURFACE_OF_LINEAR_EXTRUSION('',#9376,#9380);
#9376 = B_SPLINE_CURVE_WITH_KNOTS('',2,(#9377,#9378,#9379),
  .UNSPECIFIED.,.F.,.F.,(3,3),(0.,1.),.PIECEWISE_BEZIER_KNOTS.);
#9377 = CARTESIAN_POINT('',(10.631628787879,7.341856060606,4.01));
#9378 = CARTESIAN_POINT('',(10.631628787879,7.586884469697,4.01));
#9379 = CARTESIAN_POINT('',(10.519649621212,7.739583333333,4.01));
#9380 = VECTOR('',#9381,1.);
#9381 = DIRECTION('',(0.,0.,1.));
#9382 = ADVANCED_FACE('',(#9383),#9401,.T.);
#9383 = FACE_BOUND('',#9384,.T.);
#9384 = EDGE_LOOP('',(#9385,#9386,#9394,#9400));
#9385 = ORIENTED_EDGE('',*,*,#2844,.T.);
#9386 = ORIENTED_EDGE('',*,*,#9387,.T.);
#9387 = EDGE_CURVE('',#2828,#9388,#9390,.T.);
#9388 = VERTEX_POINT('',#9389);
#9389 = CARTESIAN_POINT('',(10.274621212121,6.678977272727,2.51));
#9390 = LINE('',#9391,#9392);
#9391 = CARTESIAN_POINT('',(10.274621212121,6.678977272727,4.01));
#9392 = VECTOR('',#9393,1.);
#9393 = DIRECTION('',(-0.,-0.,-1.));
#9394 = ORIENTED_EDGE('',*,*,#9395,.T.);
#9395 = EDGE_CURVE('',#9388,#9362,#9396,.T.);
#9396 = B_SPLINE_CURVE_WITH_KNOTS('',2,(#9397,#9398,#9399),
  .UNSPECIFIED.,.F.,.F.,(3,3),(0.,1.),.PIECEWISE_BEZIER_KNOTS.);
#9397 = CARTESIAN_POINT('',(10.274621212121,6.678977272727,2.51));
#9398 = CARTESIAN_POINT('',(10.631628787879,6.904829545455,2.51));
#9399 = CARTESIAN_POINT('',(10.631628787879,7.341856060606,2.51));
#9400 = ORIENTED_EDGE('',*,*,#9361,.F.);
#9401 = SURFACE_OF_LINEAR_EXTRUSION('',#9402,#9406);
#9402 = B_SPLINE_CURVE_WITH_KNOTS('',2,(#9403,#9404,#9405),
  .UNSPECIFIED.,.F.,.F.,(3,3),(0.,1.),.PIECEWISE_BEZIER_KNOTS.);
#9403 = CARTESIAN_POINT('',(10.274621212121,6.678977272727,4.01));
#9404 = CARTESIAN_POINT('',(10.631628787879,6.904829545455,4.01));
#9405 = CARTESIAN_POINT('',(10.631628787879,7.341856060606,4.01));
#9406 = VECTOR('',#9407,1.);
#9407 = DIRECTION('',(0.,0.,1.));
#9408 = ADVANCED_FACE('',(#9409),#9427,.T.);
#9409 = FACE_BOUND('',#9410,.T.);
#9410 = EDGE_LOOP('',(#9411,#9412,#9420,#9426));
#9411 = ORIENTED_EDGE('',*,*,#2827,.T.);
#9412 = ORIENTED_EDGE('',*,*,#9413,.T.);
#9413 = EDGE_CURVE('',#2811,#9414,#9416,.T.);
#9414 = VERTEX_POINT('',#9415);
#9415 = CARTESIAN_POINT('',(9.260890151515,6.453361742424,2.51));
#9416 = LINE('',#9417,#9418);
#9417 = CARTESIAN_POINT('',(9.260890151515,6.453361742424,4.01));
#9418 = VECTOR('',#9419,1.);
#9419 = DIRECTION('',(-0.,-0.,-1.));
#9420 = ORIENTED_EDGE('',*,*,#9421,.T.);
#9421 = EDGE_CURVE('',#9414,#9388,#9422,.T.);
#9422 = B_SPLINE_CURVE_WITH_KNOTS('',2,(#9423,#9424,#9425),
  .UNSPECIFIED.,.F.,.F.,(3,3),(0.,1.),.PIECEWISE_BEZIER_KNOTS.);
#9423 = CARTESIAN_POINT('',(9.260890151515,6.453361742424,2.51));
#9424 = CARTESIAN_POINT('',(9.917850378788,6.453361742424,2.51));
#9425 = CARTESIAN_POINT('',(10.274621212121,6.678977272727,2.51));
#9426 = ORIENTED_EDGE('',*,*,#9387,.F.);
#9427 = SURFACE_OF_LINEAR_EXTRUSION('',#9428,#9432);
#9428 = B_SPLINE_CURVE_WITH_KNOTS('',2,(#9429,#9430,#9431),
  .UNSPECIFIED.,.F.,.F.,(3,3),(0.,1.),.PIECEWISE_BEZIER_KNOTS.);
#9429 = CARTESIAN_POINT('',(9.260890151515,6.453361742424,4.01));
#9430 = CARTESIAN_POINT('',(9.917850378788,6.453361742424,4.01));
#9431 = CARTESIAN_POINT('',(10.274621212121,6.678977272727,4.01));
#9432 = VECTOR('',#9433,1.);
#9433 = DIRECTION('',(0.,0.,1.));
#9434 = ADVANCED_FACE('',(#9435),#9453,.T.);
#9435 = FACE_BOUND('',#9436,.T.);
#9436 = EDGE_LOOP('',(#9437,#9438,#9446,#9452));
#9437 = ORIENTED_EDGE('',*,*,#2810,.T.);
#9438 = ORIENTED_EDGE('',*,*,#9439,.T.);
#9439 = EDGE_CURVE('',#2794,#9440,#9442,.T.);
#9440 = VERTEX_POINT('',#9441);
#9441 = CARTESIAN_POINT('',(8.255918560606,6.664535984848,2.51));
#9442 = LINE('',#9443,#9444);
#9443 = CARTESIAN_POINT('',(8.255918560606,6.664535984848,4.01));
#9444 = VECTOR('',#9445,1.);
#9445 = DIRECTION('',(-0.,-0.,-1.));
#9446 = ORIENTED_EDGE('',*,*,#9447,.T.);
#9447 = EDGE_CURVE('',#9440,#9414,#9448,.T.);
#9448 = B_SPLINE_CURVE_WITH_KNOTS('',2,(#9449,#9450,#9451),
  .UNSPECIFIED.,.F.,.F.,(3,3),(0.,1.),.PIECEWISE_BEZIER_KNOTS.);
#9449 = CARTESIAN_POINT('',(8.255918560606,6.664535984848,2.51));
#9450 = CARTESIAN_POINT('',(8.625236742424,6.453361742424,2.51));
#9451 = CARTESIAN_POINT('',(9.260890151515,6.453361742424,2.51));
#9452 = ORIENTED_EDGE('',*,*,#9413,.F.);
#9453 = SURFACE_OF_LINEAR_EXTRUSION('',#9454,#9458);
#9454 = B_SPLINE_CURVE_WITH_KNOTS('',2,(#9455,#9456,#9457),
  .UNSPECIFIED.,.F.,.F.,(3,3),(0.,1.),.PIECEWISE_BEZIER_KNOTS.);
#9455 = CARTESIAN_POINT('',(8.255918560606,6.664535984848,4.01));
#9456 = CARTESIAN_POINT('',(8.625236742424,6.453361742424,4.01));
#9457 = CARTESIAN_POINT('',(9.260890151515,6.453361742424,4.01));
#9458 = VECTOR('',#9459,1.);
#9459 = DIRECTION('',(0.,0.,1.));
#9460 = ADVANCED_FACE('',(#9461),#9479,.T.);
#9461 = FACE_BOUND('',#9462,.T.);
#9462 = EDGE_LOOP('',(#9463,#9464,#9472,#9478));
#9463 = ORIENTED_EDGE('',*,*,#2793,.T.);
#9464 = ORIENTED_EDGE('',*,*,#9465,.T.);
#9465 = EDGE_CURVE('',#2786,#9466,#9468,.T.);
#9466 = VERTEX_POINT('',#9467);
#9467 = CARTESIAN_POINT('',(7.772964015152,7.326941287879,2.51));
#9468 = LINE('',#9469,#9470);
#9469 = CARTESIAN_POINT('',(7.772964015152,7.326941287879,4.01));
#9470 = VECTOR('',#9471,1.);
#9471 = DIRECTION('',(-0.,-0.,-1.));
#9472 = ORIENTED_EDGE('',*,*,#9473,.T.);
#9473 = EDGE_CURVE('',#9466,#9440,#9474,.T.);
#9474 = B_SPLINE_CURVE_WITH_KNOTS('',2,(#9475,#9476,#9477),
  .UNSPECIFIED.,.F.,.F.,(3,3),(0.,1.),.PIECEWISE_BEZIER_KNOTS.);
#9475 = CARTESIAN_POINT('',(7.772964015152,7.326941287879,2.51));
#9476 = CARTESIAN_POINT('',(7.886600378788,6.875946969697,2.51));
#9477 = CARTESIAN_POINT('',(8.255918560606,6.664535984848,2.51));
#9478 = ORIENTED_EDGE('',*,*,#9439,.F.);
#9479 = SURFACE_OF_LINEAR_EXTRUSION('',#9480,#9484);
#9480 = B_SPLINE_CURVE_WITH_KNOTS('',2,(#9481,#9482,#9483),
  .UNSPECIFIED.,.F.,.F.,(3,3),(0.,1.),.PIECEWISE_BEZIER_KNOTS.);
#9481 = CARTESIAN_POINT('',(7.772964015152,7.326941287879,4.01));
#9482 = CARTESIAN_POINT('',(7.886600378788,6.875946969697,4.01));
#9483 = CARTESIAN_POINT('',(8.255918560606,6.664535984848,4.01));
#9484 = VECTOR('',#9485,1.);
#9485 = DIRECTION('',(0.,0.,1.));
#9486 = ADVANCED_FACE('',(#9487),#9505,.T.);
#9487 = FACE_BOUND('',#9488,.T.);
#9488 = EDGE_LOOP('',(#9489,#9490,#9498,#9504));
#9489 = ORIENTED_EDGE('',*,*,#2785,.F.);
#9490 = ORIENTED_EDGE('',*,*,#9491,.T.);
#9491 = EDGE_CURVE('',#2749,#9492,#9494,.T.);
#9492 = VERTEX_POINT('',#9493);
#9493 = CARTESIAN_POINT('',(7.116003787879,7.195549242424,2.51));
#9494 = LINE('',#9495,#9496);
#9495 = CARTESIAN_POINT('',(7.116003787879,7.195549242424,4.01));
#9496 = VECTOR('',#9497,1.);
#9497 = DIRECTION('',(-0.,-0.,-1.));
#9498 = ORIENTED_EDGE('',*,*,#9499,.T.);
#9499 = EDGE_CURVE('',#9492,#9466,#9500,.T.);
#9500 = LINE('',#9501,#9502);
#9501 = CARTESIAN_POINT('',(7.116003787879,7.195549242424,2.51));
#9502 = VECTOR('',#9503,1.);
#9503 = DIRECTION('',(0.980580675691,0.196116135138,0.));
#9504 = ORIENTED_EDGE('',*,*,#9465,.F.);
#9505 = PLANE('',#9506);
#9506 = AXIS2_PLACEMENT_3D('',#9507,#9508,#9509);
#9507 = CARTESIAN_POINT('',(7.116003787879,7.195549242424,4.01));
#9508 = DIRECTION('',(0.196116135138,-0.980580675691,0.));
#9509 = DIRECTION('',(0.980580675691,0.196116135138,0.));
#9510 = ADVANCED_FACE('',(#9511),#9529,.T.);
#9511 = FACE_BOUND('',#9512,.T.);
#9512 = EDGE_LOOP('',(#9513,#9514,#9522,#9528));
#9513 = ORIENTED_EDGE('',*,*,#2748,.T.);
#9514 = ORIENTED_EDGE('',*,*,#9515,.T.);
#9515 = EDGE_CURVE('',#2730,#9516,#9518,.T.);
#9516 = VERTEX_POINT('',#9517);
#9517 = CARTESIAN_POINT('',(9.23603219697,5.924242424242,2.51));
#9518 = LINE('',#9519,#9520);
#9519 = CARTESIAN_POINT('',(9.23603219697,5.924242424242,4.01));
#9520 = VECTOR('',#9521,1.);
#9521 = DIRECTION('',(-0.,-0.,-1.));
#9522 = ORIENTED_EDGE('',*,*,#9523,.T.);
#9523 = EDGE_CURVE('',#9516,#9492,#9524,.T.);
#9524 = B_SPLINE_CURVE_WITH_KNOTS('',2,(#9525,#9526,#9527),
  .UNSPECIFIED.,.F.,.F.,(3,3),(0.,1.),.PIECEWISE_BEZIER_KNOTS.);
#9525 = CARTESIAN_POINT('',(9.23603219697,5.924242424242,2.51));
#9526 = CARTESIAN_POINT('',(7.407196969697,5.924242424242,2.51));
#9527 = CARTESIAN_POINT('',(7.116003787879,7.195549242424,2.51));
#9528 = ORIENTED_EDGE('',*,*,#9491,.F.);
#9529 = SURFACE_OF_LINEAR_EXTRUSION('',#9530,#9534);
#9530 = B_SPLINE_CURVE_WITH_KNOTS('',2,(#9531,#9532,#9533),
  .UNSPECIFIED.,.F.,.F.,(3,3),(0.,1.),.PIECEWISE_BEZIER_KNOTS.);
#9531 = CARTESIAN_POINT('',(9.23603219697,5.924242424242,4.01));
#9532 = CARTESIAN_POINT('',(7.407196969697,5.924242424242,4.01));
#9533 = CARTESIAN_POINT('',(7.116003787879,7.195549242424,4.01));
#9534 = VECTOR('',#9535,1.);
#9535 = DIRECTION('',(0.,0.,1.));
#9536 = ADVANCED_FACE('',(#9537),#9548,.T.);
#9537 = FACE_BOUND('',#9538,.T.);
#9538 = EDGE_LOOP('',(#9539,#9540,#9541,#9547));
#9539 = ORIENTED_EDGE('',*,*,#2729,.T.);
#9540 = ORIENTED_EDGE('',*,*,#8696,.T.);
#9541 = ORIENTED_EDGE('',*,*,#9542,.T.);
#9542 = EDGE_CURVE('',#8689,#9516,#9543,.T.);
#9543 = B_SPLINE_CURVE_WITH_KNOTS('',2,(#9544,#9545,#9546),
  .UNSPECIFIED.,.F.,.F.,(3,3),(0.,1.),.PIECEWISE_BEZIER_KNOTS.);
#9544 = CARTESIAN_POINT('',(10.761126893939,6.304214015152,2.51));
#9545 = CARTESIAN_POINT('',(10.219696969697,5.924242424242,2.51));
#9546 = CARTESIAN_POINT('',(9.23603219697,5.924242424242,2.51));
#9547 = ORIENTED_EDGE('',*,*,#9515,.F.);
#9548 = SURFACE_OF_LINEAR_EXTRUSION('',#9549,#9553);
#9549 = B_SPLINE_CURVE_WITH_KNOTS('',2,(#9550,#9551,#9552),
  .UNSPECIFIED.,.F.,.F.,(3,3),(0.,1.),.PIECEWISE_BEZIER_KNOTS.);
#9550 = CARTESIAN_POINT('',(10.761126893939,6.304214015152,4.01));
#9551 = CARTESIAN_POINT('',(10.219696969697,5.924242424242,4.01));
#9552 = CARTESIAN_POINT('',(9.23603219697,5.924242424242,4.01));
#9553 = VECTOR('',#9554,1.);
#9554 = DIRECTION('',(0.,0.,1.));
#9555 = ADVANCED_FACE('',(#9556),#9581,.T.);
#9556 = FACE_BOUND('',#9557,.T.);
#9557 = EDGE_LOOP('',(#9558,#9559,#9567,#9575));
#9558 = ORIENTED_EDGE('',*,*,#3206,.T.);
#9559 = ORIENTED_EDGE('',*,*,#9560,.T.);
#9560 = EDGE_CURVE('',#3209,#9561,#9563,.T.);
#9561 = VERTEX_POINT('',#9562);
#9562 = CARTESIAN_POINT('',(12.725852272727,7.782670454545,2.51));
#9563 = LINE('',#9564,#9565);
#9564 = CARTESIAN_POINT('',(12.725852272727,7.782670454545,4.01));
#9565 = VECTOR('',#9566,1.);
#9566 = DIRECTION('',(-0.,-0.,-1.));
#9567 = ORIENTED_EDGE('',*,*,#9568,.T.);
#9568 = EDGE_CURVE('',#9561,#9569,#9571,.T.);
#9569 = VERTEX_POINT('',#9570);
#9570 = CARTESIAN_POINT('',(12.999289772727,6.762547348485,2.51));
#9571 = B_SPLINE_CURVE_WITH_KNOTS('',2,(#9572,#9573,#9574),
  .UNSPECIFIED.,.F.,.F.,(3,3),(0.,1.),.PIECEWISE_BEZIER_KNOTS.);
#9572 = CARTESIAN_POINT('',(12.725852272727,7.782670454545,2.51));
#9573 = CARTESIAN_POINT('',(12.725852272727,7.121685606061,2.51));
#9574 = CARTESIAN_POINT('',(12.999289772727,6.762547348485,2.51));
#9575 = ORIENTED_EDGE('',*,*,#9576,.F.);
#9576 = EDGE_CURVE('',#3207,#9569,#9577,.T.);
#9577 = LINE('',#9578,#9579);
#9578 = CARTESIAN_POINT('',(12.999289772727,6.762547348485,4.01));
#9579 = VECTOR('',#9580,1.);
#9580 = DIRECTION('',(-0.,-0.,-1.));
#9581 = SURFACE_OF_LINEAR_EXTRUSION('',#9582,#9586);
#9582 = B_SPLINE_CURVE_WITH_KNOTS('',2,(#9583,#9584,#9585),
  .UNSPECIFIED.,.F.,.F.,(3,3),(0.,1.),.PIECEWISE_BEZIER_KNOTS.);
#9583 = CARTESIAN_POINT('',(12.725852272727,7.782670454545,4.01));
#9584 = CARTESIAN_POINT('',(12.725852272727,7.121685606061,4.01));
#9585 = CARTESIAN_POINT('',(12.999289772727,6.762547348485,4.01));
#9586 = VECTOR('',#9587,1.);
#9587 = DIRECTION('',(0.,0.,1.));
#9588 = ADVANCED_FACE('',(#9589),#9607,.T.);
#9589 = FACE_BOUND('',#9590,.T.);
#9590 = EDGE_LOOP('',(#9591,#9592,#9600,#9606));
#9591 = ORIENTED_EDGE('',*,*,#3454,.F.);
#9592 = ORIENTED_EDGE('',*,*,#9593,.T.);
#9593 = EDGE_CURVE('',#3447,#9594,#9596,.T.);
#9594 = VERTEX_POINT('',#9595);
#9595 = CARTESIAN_POINT('',(15.467329545455,7.782670454545,2.51));
#9596 = LINE('',#9597,#9598);
#9597 = CARTESIAN_POINT('',(15.467329545455,7.782670454545,4.01));
#9598 = VECTOR('',#9599,1.);
#9599 = DIRECTION('',(-0.,-0.,-1.));
#9600 = ORIENTED_EDGE('',*,*,#9601,.T.);
#9601 = EDGE_CURVE('',#9594,#9561,#9602,.T.);
#9602 = LINE('',#9603,#9604);
#9603 = CARTESIAN_POINT('',(15.467329545455,7.782670454545,2.51));
#9604 = VECTOR('',#9605,1.);
#9605 = DIRECTION('',(-1.,0.,0.));
#9606 = ORIENTED_EDGE('',*,*,#9560,.F.);
#9607 = PLANE('',#9608);
#9608 = AXIS2_PLACEMENT_3D('',#9609,#9610,#9611);
#9609 = CARTESIAN_POINT('',(15.467329545455,7.782670454545,4.01));
#9610 = DIRECTION('',(0.,1.,-0.));
#9611 = DIRECTION('',(-1.,0.,0.));
#9612 = ADVANCED_FACE('',(#9613),#9631,.T.);
#9613 = FACE_BOUND('',#9614,.T.);
#9614 = EDGE_LOOP('',(#9615,#9616,#9624,#9630));
#9615 = ORIENTED_EDGE('',*,*,#3446,.F.);
#9616 = ORIENTED_EDGE('',*,*,#9617,.T.);
#9617 = EDGE_CURVE('',#3405,#9618,#9620,.T.);
#9618 = VERTEX_POINT('',#9619);
#9619 = CARTESIAN_POINT('',(15.467329545455,7.867897727273,2.51));
#9620 = LINE('',#9621,#9622);
#9621 = CARTESIAN_POINT('',(15.467329545455,7.867897727273,4.01));
#9622 = VECTOR('',#9623,1.);
#9623 = DIRECTION('',(-0.,-0.,-1.));
#9624 = ORIENTED_EDGE('',*,*,#9625,.T.);
#9625 = EDGE_CURVE('',#9618,#9594,#9626,.T.);
#9626 = LINE('',#9627,#9628);
#9627 = CARTESIAN_POINT('',(15.467329545455,7.867897727273,2.51));
#9628 = VECTOR('',#9629,1.);
#9629 = DIRECTION('',(0.,-1.,0.));
#9630 = ORIENTED_EDGE('',*,*,#9593,.F.);
#9631 = PLANE('',#9632);
#9632 = AXIS2_PLACEMENT_3D('',#9633,#9634,#9635);
#9633 = CARTESIAN_POINT('',(15.467329545455,7.867897727273,4.01));
#9634 = DIRECTION('',(-1.,0.,0.));
#9635 = DIRECTION('',(0.,-1.,0.));
#9636 = ADVANCED_FACE('',(#9637),#9655,.T.);
#9637 = FACE_BOUND('',#9638,.T.);
#9638 = EDGE_LOOP('',(#9639,#9640,#9648,#9654));
#9639 = ORIENTED_EDGE('',*,*,#3404,.T.);
#9640 = ORIENTED_EDGE('',*,*,#9641,.T.);
#9641 = EDGE_CURVE('',#3382,#9642,#9644,.T.);
#9642 = VERTEX_POINT('',#9643);
#9643 = CARTESIAN_POINT('',(13.7734375,9.909090909091,2.51));
#9644 = LINE('',#9645,#9646);
#9645 = CARTESIAN_POINT('',(13.7734375,9.909090909091,4.01));
#9646 = VECTOR('',#9647,1.);
#9647 = DIRECTION('',(-0.,-0.,-1.));
#9648 = ORIENTED_EDGE('',*,*,#9649,.T.);
#9649 = EDGE_CURVE('',#9642,#9618,#9650,.T.);
#9650 = B_SPLINE_CURVE_WITH_KNOTS('',2,(#9651,#9652,#9653),
  .UNSPECIFIED.,.F.,.F.,(3,3),(0.,1.),.PIECEWISE_BEZIER_KNOTS.);
#9651 = CARTESIAN_POINT('',(13.7734375,9.909090909091,2.51));
#9652 = CARTESIAN_POINT('',(15.467329545455,9.909090909091,2.51));
#9653 = CARTESIAN_POINT('',(15.467329545455,7.867897727273,2.51));
#9654 = ORIENTED_EDGE('',*,*,#9617,.F.);
#9655 = SURFACE_OF_LINEAR_EXTRUSION('',#9656,#9660);
#9656 = B_SPLINE_CURVE_WITH_KNOTS('',2,(#9657,#9658,#9659),
  .UNSPECIFIED.,.F.,.F.,(3,3),(0.,1.),.PIECEWISE_BEZIER_KNOTS.);
#9657 = CARTESIAN_POINT('',(13.7734375,9.909090909091,4.01));
#9658 = CARTESIAN_POINT('',(15.467329545455,9.909090909091,4.01));
#9659 = CARTESIAN_POINT('',(15.467329545455,7.867897727273,4.01));
#9660 = VECTOR('',#9661,1.);
#9661 = DIRECTION('',(0.,0.,1.));
#9662 = ADVANCED_FACE('',(#9663),#9681,.T.);
#9663 = FACE_BOUND('',#9664,.T.);
#9664 = EDGE_LOOP('',(#9665,#9666,#9674,#9680));
#9665 = ORIENTED_EDGE('',*,*,#3381,.T.);
#9666 = ORIENTED_EDGE('',*,*,#9667,.T.);
#9667 = EDGE_CURVE('',#3360,#9668,#9670,.T.);
#9668 = VERTEX_POINT('',#9669);
#9669 = CARTESIAN_POINT('',(12.500236742424,9.401041666667,2.51));
#9670 = LINE('',#9671,#9672);
#9671 = CARTESIAN_POINT('',(12.500236742424,9.401041666667,4.01));
#9672 = VECTOR('',#9673,1.);
#9673 = DIRECTION('',(-0.,-0.,-1.));
#9674 = ORIENTED_EDGE('',*,*,#9675,.T.);
#9675 = EDGE_CURVE('',#9668,#9642,#9676,.T.);
#9676 = B_SPLINE_CURVE_WITH_KNOTS('',2,(#9677,#9678,#9679),
  .UNSPECIFIED.,.F.,.F.,(3,3),(0.,1.),.PIECEWISE_BEZIER_KNOTS.);
#9677 = CARTESIAN_POINT('',(12.500236742424,9.401041666667,2.51));
#9678 = CARTESIAN_POINT('',(12.946022727273,9.909090909091,2.51));
#9679 = CARTESIAN_POINT('',(13.7734375,9.909090909091,2.51));
#9680 = ORIENTED_EDGE('',*,*,#9641,.F.);
#9681 = SURFACE_OF_LINEAR_EXTRUSION('',#9682,#9686);
#9682 = B_SPLINE_CURVE_WITH_KNOTS('',2,(#9683,#9684,#9685),
  .UNSPECIFIED.,.F.,.F.,(3,3),(0.,1.),.PIECEWISE_BEZIER_KNOTS.);
#9683 = CARTESIAN_POINT('',(12.500236742424,9.401041666667,4.01));
#9684 = CARTESIAN_POINT('',(12.946022727273,9.909090909091,4.01));
#9685 = CARTESIAN_POINT('',(13.7734375,9.909090909091,4.01));
#9686 = VECTOR('',#9687,1.);
#9687 = DIRECTION('',(0.,0.,1.));
#9688 = ADVANCED_FACE('',(#9689),#9707,.T.);
#9689 = FACE_BOUND('',#9690,.T.);
#9690 = EDGE_LOOP('',(#9691,#9692,#9700,#9706));
#9691 = ORIENTED_EDGE('',*,*,#3359,.T.);
#9692 = ORIENTED_EDGE('',*,*,#9693,.T.);
#9693 = EDGE_CURVE('',#3338,#9694,#9696,.T.);
#9694 = VERTEX_POINT('',#9695);
#9695 = CARTESIAN_POINT('',(12.0546875,7.941524621212,2.51));
#9696 = LINE('',#9697,#9698);
#9697 = CARTESIAN_POINT('',(12.0546875,7.941524621212,4.01));
#9698 = VECTOR('',#9699,1.);
#9699 = DIRECTION('',(-0.,-0.,-1.));
#9700 = ORIENTED_EDGE('',*,*,#9701,.T.);
#9701 = EDGE_CURVE('',#9694,#9668,#9702,.T.);
#9702 = B_SPLINE_CURVE_WITH_KNOTS('',2,(#9703,#9704,#9705),
  .UNSPECIFIED.,.F.,.F.,(3,3),(0.,1.),.PIECEWISE_BEZIER_KNOTS.);
#9703 = CARTESIAN_POINT('',(12.0546875,7.941524621212,2.51));
#9704 = CARTESIAN_POINT('',(12.0546875,8.893229166667,2.51));
#9705 = CARTESIAN_POINT('',(12.500236742424,9.401041666667,2.51));
#9706 = ORIENTED_EDGE('',*,*,#9667,.F.);
#9707 = SURFACE_OF_LINEAR_EXTRUSION('',#9708,#9712);
#9708 = B_SPLINE_CURVE_WITH_KNOTS('',2,(#9709,#9710,#9711),
  .UNSPECIFIED.,.F.,.F.,(3,3),(0.,1.),.PIECEWISE_BEZIER_KNOTS.);
#9709 = CARTESIAN_POINT('',(12.0546875,7.941524621212,4.01));
#9710 = CARTESIAN_POINT('',(12.0546875,8.893229166667,4.01));
#9711 = CARTESIAN_POINT('',(12.500236742424,9.401041666667,4.01));
#9712 = VECTOR('',#9713,1.);
#9713 = DIRECTION('',(0.,0.,1.));
#9714 = ADVANCED_FACE('',(#9715),#9733,.T.);
#9715 = FACE_BOUND('',#9716,.T.);
#9716 = EDGE_LOOP('',(#9717,#9718,#9726,#9732));
#9717 = ORIENTED_EDGE('',*,*,#3337,.T.);
#9718 = ORIENTED_EDGE('',*,*,#9719,.T.);
#9719 = EDGE_CURVE('',#3315,#9720,#9722,.T.);
#9720 = VERTEX_POINT('',#9721);
#9721 = CARTESIAN_POINT('',(12.500236742424,6.432054924242,2.51));
#9722 = LINE('',#9723,#9724);
#9723 = CARTESIAN_POINT('',(12.500236742424,6.432054924242,4.01));
#9724 = VECTOR('',#9725,1.);
#9725 = DIRECTION('',(-0.,-0.,-1.));
#9726 = ORIENTED_EDGE('',*,*,#9727,.T.);
#9727 = EDGE_CURVE('',#9720,#9694,#9728,.T.);
#9728 = B_SPLINE_CURVE_WITH_KNOTS('',2,(#9729,#9730,#9731),
  .UNSPECIFIED.,.F.,.F.,(3,3),(0.,1.),.PIECEWISE_BEZIER_KNOTS.);
#9729 = CARTESIAN_POINT('',(12.500236742424,6.432054924242,2.51));
#9730 = CARTESIAN_POINT('',(12.0546875,6.940104166667,2.51));
#9731 = CARTESIAN_POINT('',(12.0546875,7.941524621212,2.51));
#9732 = ORIENTED_EDGE('',*,*,#9693,.F.);
#9733 = SURFACE_OF_LINEAR_EXTRUSION('',#9734,#9738);
#9734 = B_SPLINE_CURVE_WITH_KNOTS('',2,(#9735,#9736,#9737),
  .UNSPECIFIED.,.F.,.F.,(3,3),(0.,1.),.PIECEWISE_BEZIER_KNOTS.);
#9735 = CARTESIAN_POINT('',(12.500236742424,6.432054924242,4.01));
#9736 = CARTESIAN_POINT('',(12.0546875,6.940104166667,4.01));
#9737 = CARTESIAN_POINT('',(12.0546875,7.941524621212,4.01));
#9738 = VECTOR('',#9739,1.);
#9739 = DIRECTION('',(0.,0.,1.));
#9740 = ADVANCED_FACE('',(#9741),#9759,.T.);
#9741 = FACE_BOUND('',#9742,.T.);
#9742 = EDGE_LOOP('',(#9743,#9744,#9752,#9758));
#9743 = ORIENTED_EDGE('',*,*,#3314,.T.);
#9744 = ORIENTED_EDGE('',*,*,#9745,.T.);
#9745 = EDGE_CURVE('',#3283,#9746,#9748,.T.);
#9746 = VERTEX_POINT('',#9747);
#9747 = CARTESIAN_POINT('',(13.798295454545,5.924242424242,2.51));
#9748 = LINE('',#9749,#9750);
#9749 = CARTESIAN_POINT('',(13.798295454545,5.924242424242,4.01));
#9750 = VECTOR('',#9751,1.);
#9751 = DIRECTION('',(-0.,-0.,-1.));
#9752 = ORIENTED_EDGE('',*,*,#9753,.T.);
#9753 = EDGE_CURVE('',#9746,#9720,#9754,.T.);
#9754 = B_SPLINE_CURVE_WITH_KNOTS('',2,(#9755,#9756,#9757),
  .UNSPECIFIED.,.F.,.F.,(3,3),(0.,1.),.PIECEWISE_BEZIER_KNOTS.);
#9755 = CARTESIAN_POINT('',(13.798295454545,5.924242424242,2.51));
#9756 = CARTESIAN_POINT('',(12.946022727273,5.924242424242,2.51));
#9757 = CARTESIAN_POINT('',(12.500236742424,6.432054924242,2.51));
#9758 = ORIENTED_EDGE('',*,*,#9719,.F.);
#9759 = SURFACE_OF_LINEAR_EXTRUSION('',#9760,#9764);
#9760 = B_SPLINE_CURVE_WITH_KNOTS('',2,(#9761,#9762,#9763),
  .UNSPECIFIED.,.F.,.F.,(3,3),(0.,1.),.PIECEWISE_BEZIER_KNOTS.);
#9761 = CARTESIAN_POINT('',(13.798295454545,5.924242424242,4.01));
#9762 = CARTESIAN_POINT('',(12.946022727273,5.924242424242,4.01));
#9763 = CARTESIAN_POINT('',(12.500236742424,6.432054924242,4.01));
#9764 = VECTOR('',#9765,1.);
#9765 = DIRECTION('',(0.,0.,1.));
#9766 = ADVANCED_FACE('',(#9767),#9785,.T.);
#9767 = FACE_BOUND('',#9768,.T.);
#9768 = EDGE_LOOP('',(#9769,#9770,#9778,#9784));
#9769 = ORIENTED_EDGE('',*,*,#3282,.T.);
#9770 = ORIENTED_EDGE('',*,*,#9771,.T.);
#9771 = EDGE_CURVE('',#3275,#9772,#9774,.T.);
#9772 = VERTEX_POINT('',#9773);
#9773 = CARTESIAN_POINT('',(15.364346590909,6.839251893939,2.51));
#9774 = LINE('',#9775,#9776);
#9775 = CARTESIAN_POINT('',(15.364346590909,6.839251893939,4.01));
#9776 = VECTOR('',#9777,1.);
#9777 = DIRECTION('',(-0.,-0.,-1.));
#9778 = ORIENTED_EDGE('',*,*,#9779,.T.);
#9779 = EDGE_CURVE('',#9772,#9746,#9780,.T.);
#9780 = B_SPLINE_CURVE_WITH_KNOTS('',2,(#9781,#9782,#9783),
  .UNSPECIFIED.,.F.,.F.,(3,3),(0.,1.),.PIECEWISE_BEZIER_KNOTS.);
#9781 = CARTESIAN_POINT('',(15.364346590909,6.839251893939,2.51));
#9782 = CARTESIAN_POINT('',(15.019886363636,5.924242424242,2.51));
#9783 = CARTESIAN_POINT('',(13.798295454545,5.924242424242,2.51));
#9784 = ORIENTED_EDGE('',*,*,#9745,.F.);
#9785 = SURFACE_OF_LINEAR_EXTRUSION('',#9786,#9790);
#9786 = B_SPLINE_CURVE_WITH_KNOTS('',2,(#9787,#9788,#9789),
  .UNSPECIFIED.,.F.,.F.,(3,3),(0.,1.),.PIECEWISE_BEZIER_KNOTS.);
#9787 = CARTESIAN_POINT('',(15.364346590909,6.839251893939,4.01));
#9788 = CARTESIAN_POINT('',(15.019886363636,5.924242424242,4.01));
#9789 = CARTESIAN_POINT('',(13.798295454545,5.924242424242,4.01));
#9790 = VECTOR('',#9791,1.);
#9791 = DIRECTION('',(0.,0.,1.));
#9792 = ADVANCED_FACE('',(#9793),#9811,.T.);
#9793 = FACE_BOUND('',#9794,.T.);
#9794 = EDGE_LOOP('',(#9795,#9796,#9804,#9810));
#9795 = ORIENTED_EDGE('',*,*,#3274,.F.);
#9796 = ORIENTED_EDGE('',*,*,#9797,.T.);
#9797 = EDGE_CURVE('',#3260,#9798,#9800,.T.);
#9798 = VERTEX_POINT('',#9799);
#9799 = CARTESIAN_POINT('',(14.803267045455,7.,2.51));
#9800 = LINE('',#9801,#9802);
#9801 = CARTESIAN_POINT('',(14.803267045455,7.,4.01));
#9802 = VECTOR('',#9803,1.);
#9803 = DIRECTION('',(-0.,-0.,-1.));
#9804 = ORIENTED_EDGE('',*,*,#9805,.T.);
#9805 = EDGE_CURVE('',#9798,#9772,#9806,.T.);
#9806 = LINE('',#9807,#9808);
#9807 = CARTESIAN_POINT('',(14.803267045455,7.,2.51));
#9808 = VECTOR('',#9809,1.);
#9809 = DIRECTION('',(0.961324710922,-0.275417501568,0.));
#9810 = ORIENTED_EDGE('',*,*,#9771,.F.);
#9811 = PLANE('',#9812);
#9812 = AXIS2_PLACEMENT_3D('',#9813,#9814,#9815);
#9813 = CARTESIAN_POINT('',(14.803267045455,7.,4.01));
#9814 = DIRECTION('',(-0.275417501568,-0.961324710922,0.));
#9815 = DIRECTION('',(0.961324710922,-0.275417501568,0.));
#9816 = ADVANCED_FACE('',(#9817),#9835,.T.);
#9817 = FACE_BOUND('',#9818,.T.);
#9818 = EDGE_LOOP('',(#9819,#9820,#9828,#9834));
#9819 = ORIENTED_EDGE('',*,*,#3259,.T.);
#9820 = ORIENTED_EDGE('',*,*,#9821,.T.);
#9821 = EDGE_CURVE('',#3245,#9822,#9824,.T.);
#9822 = VERTEX_POINT('',#9823);
#9823 = CARTESIAN_POINT('',(14.464015151515,6.572443181818,2.51));
#9824 = LINE('',#9825,#9826);
#9825 = CARTESIAN_POINT('',(14.464015151515,6.572443181818,4.01));
#9826 = VECTOR('',#9827,1.);
#9827 = DIRECTION('',(-0.,-0.,-1.));
#9828 = ORIENTED_EDGE('',*,*,#9829,.T.);
#9829 = EDGE_CURVE('',#9822,#9798,#9830,.T.);
#9830 = B_SPLINE_CURVE_WITH_KNOTS('',2,(#9831,#9832,#9833),
  .UNSPECIFIED.,.F.,.F.,(3,3),(0.,1.),.PIECEWISE_BEZIER_KNOTS.);
#9831 = CARTESIAN_POINT('',(14.464015151515,6.572443181818,2.51));
#9832 = CARTESIAN_POINT('',(14.714488636364,6.741240530303,2.51));
#9833 = CARTESIAN_POINT('',(14.803267045455,7.,2.51));
#9834 = ORIENTED_EDGE('',*,*,#9797,.F.);
#9835 = SURFACE_OF_LINEAR_EXTRUSION('',#9836,#9840);
#9836 = B_SPLINE_CURVE_WITH_KNOTS('',2,(#9837,#9838,#9839),
  .UNSPECIFIED.,.F.,.F.,(3,3),(0.,1.),.PIECEWISE_BEZIER_KNOTS.);
#9837 = CARTESIAN_POINT('',(14.464015151515,6.572443181818,4.01));
#9838 = CARTESIAN_POINT('',(14.714488636364,6.741240530303,4.01));
#9839 = CARTESIAN_POINT('',(14.803267045455,7.,4.01));
#9840 = VECTOR('',#9841,1.);
#9841 = DIRECTION('',(0.,0.,1.));
#9842 = ADVANCED_FACE('',(#9843),#9861,.T.);
#9843 = FACE_BOUND('',#9844,.T.);
#9844 = EDGE_LOOP('',(#9845,#9846,#9854,#9860));
#9845 = ORIENTED_EDGE('',*,*,#3244,.T.);
#9846 = ORIENTED_EDGE('',*,*,#9847,.T.);
#9847 = EDGE_CURVE('',#3226,#9848,#9850,.T.);
#9848 = VERTEX_POINT('',#9849);
#9849 = CARTESIAN_POINT('',(13.798295454545,6.403645833333,2.51));
#9850 = LINE('',#9851,#9852);
#9851 = CARTESIAN_POINT('',(13.798295454545,6.403645833333,4.01));
#9852 = VECTOR('',#9853,1.);
#9853 = DIRECTION('',(-0.,-0.,-1.));
#9854 = ORIENTED_EDGE('',*,*,#9855,.T.);
#9855 = EDGE_CURVE('',#9848,#9822,#9856,.T.);
#9856 = B_SPLINE_CURVE_WITH_KNOTS('',2,(#9857,#9858,#9859),
  .UNSPECIFIED.,.F.,.F.,(3,3),(0.,1.),.PIECEWISE_BEZIER_KNOTS.);
#9857 = CARTESIAN_POINT('',(13.798295454545,6.403645833333,2.51));
#9858 = CARTESIAN_POINT('',(14.213778409091,6.403645833333,2.51));
#9859 = CARTESIAN_POINT('',(14.464015151515,6.572443181818,2.51));
#9860 = ORIENTED_EDGE('',*,*,#9821,.F.);
#9861 = SURFACE_OF_LINEAR_EXTRUSION('',#9862,#9866);
#9862 = B_SPLINE_CURVE_WITH_KNOTS('',2,(#9863,#9864,#9865),
  .UNSPECIFIED.,.F.,.F.,(3,3),(0.,1.),.PIECEWISE_BEZIER_KNOTS.);
#9863 = CARTESIAN_POINT('',(13.798295454545,6.403645833333,4.01));
#9864 = CARTESIAN_POINT('',(14.213778409091,6.403645833333,4.01));
#9865 = CARTESIAN_POINT('',(14.464015151515,6.572443181818,4.01));
#9866 = VECTOR('',#9867,1.);
#9867 = DIRECTION('',(0.,0.,1.));
#9868 = ADVANCED_FACE('',(#9869),#9880,.T.);
#9869 = FACE_BOUND('',#9870,.T.);
#9870 = EDGE_LOOP('',(#9871,#9872,#9873,#9879));
#9871 = ORIENTED_EDGE('',*,*,#3225,.T.);
#9872 = ORIENTED_EDGE('',*,*,#9576,.T.);
#9873 = ORIENTED_EDGE('',*,*,#9874,.T.);
#9874 = EDGE_CURVE('',#9569,#9848,#9875,.T.);
#9875 = B_SPLINE_CURVE_WITH_KNOTS('',2,(#9876,#9877,#9878),
  .UNSPECIFIED.,.F.,.F.,(3,3),(0.,1.),.PIECEWISE_BEZIER_KNOTS.);
#9876 = CARTESIAN_POINT('',(12.999289772727,6.762547348485,2.51));
#9877 = CARTESIAN_POINT('',(13.272727272727,6.403645833333,2.51));
#9878 = CARTESIAN_POINT('',(13.798295454545,6.403645833333,2.51));
#9879 = ORIENTED_EDGE('',*,*,#9847,.F.);
#9880 = SURFACE_OF_LINEAR_EXTRUSION('',#9881,#9885);
#9881 = B_SPLINE_CURVE_WITH_KNOTS('',2,(#9882,#9883,#9884),
  .UNSPECIFIED.,.F.,.F.,(3,3),(0.,1.),.PIECEWISE_BEZIER_KNOTS.);
#9882 = CARTESIAN_POINT('',(12.999289772727,6.762547348485,4.01));
#9883 = CARTESIAN_POINT('',(13.272727272727,6.403645833333,4.01));
#9884 = CARTESIAN_POINT('',(13.798295454545,6.403645833333,4.01));
#9885 = VECTOR('',#9886,1.);
#9886 = DIRECTION('',(0.,0.,1.));
#9887 = ADVANCED_FACE('',(#9888),#9913,.T.);
#9888 = FACE_BOUND('',#9889,.T.);
#9889 = EDGE_LOOP('',(#9890,#9891,#9899,#9907));
#9890 = ORIENTED_EDGE('',*,*,#3462,.F.);
#9891 = ORIENTED_EDGE('',*,*,#9892,.T.);
#9892 = EDGE_CURVE('',#3463,#9893,#9895,.T.);
#9893 = VERTEX_POINT('',#9894);
#9894 = CARTESIAN_POINT('',(19.475142045455,6.,2.51));
#9895 = LINE('',#9896,#9897);
#9896 = CARTESIAN_POINT('',(19.475142045455,6.,4.01));
#9897 = VECTOR('',#9898,1.);
#9898 = DIRECTION('',(-0.,-0.,-1.));
#9899 = ORIENTED_EDGE('',*,*,#9900,.T.);
#9900 = EDGE_CURVE('',#9893,#9901,#9903,.T.);
#9901 = VERTEX_POINT('',#9902);
#9902 = CARTESIAN_POINT('',(18.832386363636,6.,2.51));
#9903 = LINE('',#9904,#9905);
#9904 = CARTESIAN_POINT('',(19.475142045455,6.,2.51));
#9905 = VECTOR('',#9906,1.);
#9906 = DIRECTION('',(-1.,0.,0.));
#9907 = ORIENTED_EDGE('',*,*,#9908,.F.);
#9908 = EDGE_CURVE('',#3465,#9901,#9909,.T.);
#9909 = LINE('',#9910,#9911);
#9910 = CARTESIAN_POINT('',(18.832386363636,6.,4.01));
#9911 = VECTOR('',#9912,1.);
#9912 = DIRECTION('',(-0.,-0.,-1.));
#9913 = PLANE('',#9914);
#9914 = AXIS2_PLACEMENT_3D('',#9915,#9916,#9917);
#9915 = CARTESIAN_POINT('',(19.475142045455,6.,4.01));
#9916 = DIRECTION('',(0.,1.,-0.));
#9917 = DIRECTION('',(-1.,0.,0.));
#9918 = ADVANCED_FACE('',(#9919),#9937,.T.);
#9919 = FACE_BOUND('',#9920,.T.);
#9920 = EDGE_LOOP('',(#9921,#9922,#9930,#9936));
#9921 = ORIENTED_EDGE('',*,*,#3709,.F.);
#9922 = ORIENTED_EDGE('',*,*,#9923,.T.);
#9923 = EDGE_CURVE('',#3693,#9924,#9926,.T.);
#9924 = VERTEX_POINT('',#9925);
#9925 = CARTESIAN_POINT('',(19.475142045455,8.557528409091,2.51));
#9926 = LINE('',#9927,#9928);
#9927 = CARTESIAN_POINT('',(19.475142045455,8.557528409091,4.01));
#9928 = VECTOR('',#9929,1.);
#9929 = DIRECTION('',(-0.,-0.,-1.));
#9930 = ORIENTED_EDGE('',*,*,#9931,.T.);
#9931 = EDGE_CURVE('',#9924,#9893,#9932,.T.);
#9932 = LINE('',#9933,#9934);
#9933 = CARTESIAN_POINT('',(19.475142045455,8.557528409091,2.51));
#9934 = VECTOR('',#9935,1.);
#9935 = DIRECTION('',(0.,-1.,0.));
#9936 = ORIENTED_EDGE('',*,*,#9892,.F.);
#9937 = PLANE('',#9938);
#9938 = AXIS2_PLACEMENT_3D('',#9939,#9940,#9941);
#9939 = CARTESIAN_POINT('',(19.475142045455,8.557528409091,4.01));
#9940 = DIRECTION('',(-1.,0.,0.));
#9941 = DIRECTION('',(0.,-1.,0.));
#9942 = ADVANCED_FACE('',(#9943),#9961,.T.);
#9943 = FACE_BOUND('',#9944,.T.);
#9944 = EDGE_LOOP('',(#9945,#9946,#9954,#9960));
#9945 = ORIENTED_EDGE('',*,*,#3692,.T.);
#9946 = ORIENTED_EDGE('',*,*,#9947,.T.);
#9947 = EDGE_CURVE('',#3676,#9948,#9950,.T.);
#9948 = VERTEX_POINT('',#9949);
#9949 = CARTESIAN_POINT('',(19.182054924242,9.595170454545,2.51));
#9950 = LINE('',#9951,#9952);
#9951 = CARTESIAN_POINT('',(19.182054924242,9.595170454545,4.01));
#9952 = VECTOR('',#9953,1.);
#9953 = DIRECTION('',(-0.,-0.,-1.));
#9954 = ORIENTED_EDGE('',*,*,#9955,.T.);
#9955 = EDGE_CURVE('',#9948,#9924,#9956,.T.);
#9956 = B_SPLINE_CURVE_WITH_KNOTS('',2,(#9957,#9958,#9959),
  .UNSPECIFIED.,.F.,.F.,(3,3),(0.,1.),.PIECEWISE_BEZIER_KNOTS.);
#9957 = CARTESIAN_POINT('',(19.182054924242,9.595170454545,2.51));
#9958 = CARTESIAN_POINT('',(19.475142045455,9.28125,2.51));
#9959 = CARTESIAN_POINT('',(19.475142045455,8.557528409091,2.51));
#9960 = ORIENTED_EDGE('',*,*,#9923,.F.);
#9961 = SURFACE_OF_LINEAR_EXTRUSION('',#9962,#9966);
#9962 = B_SPLINE_CURVE_WITH_KNOTS('',2,(#9963,#9964,#9965),
  .UNSPECIFIED.,.F.,.F.,(3,3),(0.,1.),.PIECEWISE_BEZIER_KNOTS.);
#9963 = CARTESIAN_POINT('',(19.182054924242,9.595170454545,4.01));
#9964 = CARTESIAN_POINT('',(19.475142045455,9.28125,4.01));
#9965 = CARTESIAN_POINT('',(19.475142045455,8.557528409091,4.01));
#9966 = VECTOR('',#9967,1.);
#9967 = DIRECTION('',(0.,0.,1.));
#9968 = ADVANCED_FACE('',(#9969),#9987,.T.);
#9969 = FACE_BOUND('',#9970,.T.);
#9970 = EDGE_LOOP('',(#9971,#9972,#9980,#9986));
#9971 = ORIENTED_EDGE('',*,*,#3675,.T.);
#9972 = ORIENTED_EDGE('',*,*,#9973,.T.);
#9973 = EDGE_CURVE('',#3661,#9974,#9976,.T.);
#9974 = VERTEX_POINT('',#9975);
#9975 = CARTESIAN_POINT('',(18.257102272727,9.909090909091,2.51));
#9976 = LINE('',#9977,#9978);
#9977 = CARTESIAN_POINT('',(18.257102272727,9.909090909091,4.01));
#9978 = VECTOR('',#9979,1.);
#9979 = DIRECTION('',(-0.,-0.,-1.));
#9980 = ORIENTED_EDGE('',*,*,#9981,.T.);
#9981 = EDGE_CURVE('',#9974,#9948,#9982,.T.);
#9982 = B_SPLINE_CURVE_WITH_KNOTS('',2,(#9983,#9984,#9985),
  .UNSPECIFIED.,.F.,.F.,(3,3),(0.,1.),.PIECEWISE_BEZIER_KNOTS.);
#9983 = CARTESIAN_POINT('',(18.257102272727,9.909090909091,2.51));
#9984 = CARTESIAN_POINT('',(18.889204545455,9.909090909091,2.51));
#9985 = CARTESIAN_POINT('',(19.182054924242,9.595170454545,2.51));
#9986 = ORIENTED_EDGE('',*,*,#9947,.F.);
#9987 = SURFACE_OF_LINEAR_EXTRUSION('',#9988,#9992);
#9988 = B_SPLINE_CURVE_WITH_KNOTS('',2,(#9989,#9990,#9991),
  .UNSPECIFIED.,.F.,.F.,(3,3),(0.,1.),.PIECEWISE_BEZIER_KNOTS.);
#9989 = CARTESIAN_POINT('',(18.257102272727,9.909090909091,4.01));
#9990 = CARTESIAN_POINT('',(18.889204545455,9.909090909091,4.01));
#9991 = CARTESIAN_POINT('',(19.182054924242,9.595170454545,4.01));
#9992 = VECTOR('',#9993,1.);
#9993 = DIRECTION('',(0.,0.,1.));
#9994 = ADVANCED_FACE('',(#9995),#10013,.T.);
#9995 = FACE_BOUND('',#9996,.T.);
#9996 = EDGE_LOOP('',(#9997,#9998,#10006,#10012));
#9997 = ORIENTED_EDGE('',*,*,#3660,.T.);
#9998 = ORIENTED_EDGE('',*,*,#9999,.T.);
#9999 = EDGE_CURVE('',#3646,#10000,#10002,.T.);
#10000 = VERTEX_POINT('',#10001);
#10001 = CARTESIAN_POINT('',(17.537878787879,9.744081439394,2.51));
#10002 = LINE('',#10003,#10004);
#10003 = CARTESIAN_POINT('',(17.537878787879,9.744081439394,4.01));
#10004 = VECTOR('',#10005,1.);
#10005 = DIRECTION('',(-0.,-0.,-1.));
#10006 = ORIENTED_EDGE('',*,*,#10007,.T.);
#10007 = EDGE_CURVE('',#10000,#9974,#10008,.T.);
#10008 = B_SPLINE_CURVE_WITH_KNOTS('',2,(#10009,#10010,#10011),
  .UNSPECIFIED.,.F.,.F.,(3,3),(0.,1.),.PIECEWISE_BEZIER_KNOTS.);
#10009 = CARTESIAN_POINT('',(17.537878787879,9.744081439394,2.51));
#10010 = CARTESIAN_POINT('',(17.827414772727,9.909090909091,2.51));
#10011 = CARTESIAN_POINT('',(18.257102272727,9.909090909091,2.51));
#10012 = ORIENTED_EDGE('',*,*,#9973,.F.);
#10013 = SURFACE_OF_LINEAR_EXTRUSION('',#10014,#10018);
#10014 = B_SPLINE_CURVE_WITH_KNOTS('',2,(#10015,#10016,#10017),
  .UNSPECIFIED.,.F.,.F.,(3,3),(0.,1.),.PIECEWISE_BEZIER_KNOTS.);
#10015 = CARTESIAN_POINT('',(17.537878787879,9.744081439394,4.01));
#10016 = CARTESIAN_POINT('',(17.827414772727,9.909090909091,4.01));
#10017 = CARTESIAN_POINT('',(18.257102272727,9.909090909091,4.01));
#10018 = VECTOR('',#10019,1.);
#10019 = DIRECTION('',(0.,0.,1.));
#10020 = ADVANCED_FACE('',(#10021),#10039,.T.);
#10021 = FACE_BOUND('',#10022,.T.);
#10022 = EDGE_LOOP('',(#10023,#10024,#10032,#10038));
#10023 = ORIENTED_EDGE('',*,*,#3645,.T.);
#10024 = ORIENTED_EDGE('',*,*,#10025,.T.);
#10025 = EDGE_CURVE('',#3638,#10026,#10028,.T.);
#10026 = VERTEX_POINT('',#10027);
#10027 = CARTESIAN_POINT('',(17.028409090909,9.181818181818,2.51));
#10028 = LINE('',#10029,#10030);
#10029 = CARTESIAN_POINT('',(17.028409090909,9.181818181818,4.01));
#10030 = VECTOR('',#10031,1.);
#10031 = DIRECTION('',(-0.,-0.,-1.));
#10032 = ORIENTED_EDGE('',*,*,#10033,.T.);
#10033 = EDGE_CURVE('',#10026,#10000,#10034,.T.);
#10034 = B_SPLINE_CURVE_WITH_KNOTS('',2,(#10035,#10036,#10037),
  .UNSPECIFIED.,.F.,.F.,(3,3),(0.,1.),.PIECEWISE_BEZIER_KNOTS.);
#10035 = CARTESIAN_POINT('',(17.028409090909,9.181818181818,2.51));
#10036 = CARTESIAN_POINT('',(17.248579545455,9.579071969697,2.51));
#10037 = CARTESIAN_POINT('',(17.537878787879,9.744081439394,2.51));
#10038 = ORIENTED_EDGE('',*,*,#9999,.F.);
#10039 = SURFACE_OF_LINEAR_EXTRUSION('',#10040,#10044);
#10040 = B_SPLINE_CURVE_WITH_KNOTS('',2,(#10041,#10042,#10043),
  .UNSPECIFIED.,.F.,.F.,(3,3),(0.,1.),.PIECEWISE_BEZIER_KNOTS.);
#10041 = CARTESIAN_POINT('',(17.028409090909,9.181818181818,4.01));
#10042 = CARTESIAN_POINT('',(17.248579545455,9.579071969697,4.01));
#10043 = CARTESIAN_POINT('',(17.537878787879,9.744081439394,4.01));
#10044 = VECTOR('',#10045,1.);
#10045 = DIRECTION('',(0.,0.,1.));
#10046 = ADVANCED_FACE('',(#10047),#10065,.T.);
#10047 = FACE_BOUND('',#10048,.T.);
#10048 = EDGE_LOOP('',(#10049,#10050,#10058,#10064));
#10049 = ORIENTED_EDGE('',*,*,#3637,.F.);
#10050 = ORIENTED_EDGE('',*,*,#10051,.T.);
#10051 = EDGE_CURVE('',#3626,#10052,#10054,.T.);
#10052 = VERTEX_POINT('',#10053);
#10053 = CARTESIAN_POINT('',(17.017755681818,9.181818181818,2.51));
#10054 = LINE('',#10055,#10056);
#10055 = CARTESIAN_POINT('',(17.017755681818,9.181818181818,4.01));
#10056 = VECTOR('',#10057,1.);
#10057 = DIRECTION('',(-0.,-0.,-1.));
#10058 = ORIENTED_EDGE('',*,*,#10059,.T.);
#10059 = EDGE_CURVE('',#10052,#10026,#10060,.T.);
#10060 = LINE('',#10061,#10062);
#10061 = CARTESIAN_POINT('',(17.017755681818,9.181818181818,2.51));
#10062 = VECTOR('',#10063,1.);
#10063 = DIRECTION('',(1.,0.,0.));
#10064 = ORIENTED_EDGE('',*,*,#10025,.F.);
#10065 = PLANE('',#10066);
#10066 = AXIS2_PLACEMENT_3D('',#10067,#10068,#10069);
#10067 = CARTESIAN_POINT('',(17.017755681818,9.181818181818,4.01));
#10068 = DIRECTION('',(0.,-1.,0.));
#10069 = DIRECTION('',(1.,0.,0.));
#10070 = ADVANCED_FACE('',(#10071),#10089,.T.);
#10071 = FACE_BOUND('',#10072,.T.);
#10072 = EDGE_LOOP('',(#10073,#10074,#10082,#10088));
#10073 = ORIENTED_EDGE('',*,*,#3625,.T.);
#10074 = ORIENTED_EDGE('',*,*,#10075,.T.);
#10075 = EDGE_CURVE('',#3616,#10076,#10078,.T.);
#10076 = VERTEX_POINT('',#10077);
#10077 = CARTESIAN_POINT('',(17.005208333333,9.569128787879,2.51));
#10078 = LINE('',#10079,#10080);
#10079 = CARTESIAN_POINT('',(17.005208333333,9.569128787879,4.01));
#10080 = VECTOR('',#10081,1.);
#10081 = DIRECTION('',(-0.,-0.,-1.));
#10082 = ORIENTED_EDGE('',*,*,#10083,.T.);
#10083 = EDGE_CURVE('',#10076,#10052,#10084,.T.);
#10084 = B_SPLINE_CURVE_WITH_KNOTS('',2,(#10085,#10086,#10087),
  .UNSPECIFIED.,.F.,.F.,(3,3),(0.,1.),.PIECEWISE_BEZIER_KNOTS.);
#10085 = CARTESIAN_POINT('',(17.005208333333,9.569128787879,2.51));
#10086 = CARTESIAN_POINT('',(17.010653409091,9.466619318182,2.51));
#10087 = CARTESIAN_POINT('',(17.017755681818,9.181818181818,2.51));
#10088 = ORIENTED_EDGE('',*,*,#10051,.F.);
#10089 = SURFACE_OF_LINEAR_EXTRUSION('',#10090,#10094);
#10090 = B_SPLINE_CURVE_WITH_KNOTS('',2,(#10091,#10092,#10093),
  .UNSPECIFIED.,.F.,.F.,(3,3),(0.,1.),.PIECEWISE_BEZIER_KNOTS.);
#10091 = CARTESIAN_POINT('',(17.005208333333,9.569128787879,4.01));
#10092 = CARTESIAN_POINT('',(17.010653409091,9.466619318182,4.01));
#10093 = CARTESIAN_POINT('',(17.017755681818,9.181818181818,4.01));
#10094 = VECTOR('',#10095,1.);
#10095 = DIRECTION('',(0.,0.,1.));
#10096 = ADVANCED_FACE('',(#10097),#10115,.T.);
#10097 = FACE_BOUND('',#10098,.T.);
#10098 = EDGE_LOOP('',(#10099,#10100,#10108,#10114));
#10099 = ORIENTED_EDGE('',*,*,#3615,.T.);
#10100 = ORIENTED_EDGE('',*,*,#10101,.T.);
#10101 = EDGE_CURVE('',#3605,#10102,#10104,.T.);
#10102 = VERTEX_POINT('',#10103);
#10103 = CARTESIAN_POINT('',(16.996448863636,9.751183712121,2.51));
#10104 = LINE('',#10105,#10106);
#10105 = CARTESIAN_POINT('',(16.996448863636,9.751183712121,4.01));
#10106 = VECTOR('',#10107,1.);
#10107 = DIRECTION('',(-0.,-0.,-1.));
#10108 = ORIENTED_EDGE('',*,*,#10109,.T.);
#10109 = EDGE_CURVE('',#10102,#10076,#10110,.T.);
#10110 = B_SPLINE_CURVE_WITH_KNOTS('',2,(#10111,#10112,#10113),
  .UNSPECIFIED.,.F.,.F.,(3,3),(0.,1.),.PIECEWISE_BEZIER_KNOTS.);
#10111 = CARTESIAN_POINT('',(16.996448863636,9.751183712121,2.51));
#10112 = CARTESIAN_POINT('',(17.,9.671875,2.51));
#10113 = CARTESIAN_POINT('',(17.005208333333,9.569128787879,2.51));
#10114 = ORIENTED_EDGE('',*,*,#10075,.F.);
#10115 = SURFACE_OF_LINEAR_EXTRUSION('',#10116,#10120);
#10116 = B_SPLINE_CURVE_WITH_KNOTS('',2,(#10117,#10118,#10119),
  .UNSPECIFIED.,.F.,.F.,(3,3),(0.,1.),.PIECEWISE_BEZIER_KNOTS.);
#10117 = CARTESIAN_POINT('',(16.996448863636,9.751183712121,4.01));
#10118 = CARTESIAN_POINT('',(17.,9.671875,4.01));
#10119 = CARTESIAN_POINT('',(17.005208333333,9.569128787879,4.01));
#10120 = VECTOR('',#10121,1.);
#10121 = DIRECTION('',(0.,0.,1.));
#10122 = ADVANCED_FACE('',(#10123),#10141,.T.);
#10123 = FACE_BOUND('',#10124,.T.);
#10124 = EDGE_LOOP('',(#10125,#10126,#10134,#10140));
#10125 = ORIENTED_EDGE('',*,*,#3604,.T.);
#10126 = ORIENTED_EDGE('',*,*,#10127,.T.);
#10127 = EDGE_CURVE('',#3597,#10128,#10130,.T.);
#10128 = VERTEX_POINT('',#10129);
#10129 = CARTESIAN_POINT('',(16.989346590909,9.848484848485,2.51));
#10130 = LINE('',#10131,#10132);
#10131 = CARTESIAN_POINT('',(16.989346590909,9.848484848485,4.01));
#10132 = VECTOR('',#10133,1.);
#10133 = DIRECTION('',(-0.,-0.,-1.));
#10134 = ORIENTED_EDGE('',*,*,#10135,.T.);
#10135 = EDGE_CURVE('',#10128,#10102,#10136,.T.);
#10136 = B_SPLINE_CURVE_WITH_KNOTS('',2,(#10137,#10138,#10139),
  .UNSPECIFIED.,.F.,.F.,(3,3),(0.,1.),.PIECEWISE_BEZIER_KNOTS.);
#10137 = CARTESIAN_POINT('',(16.989346590909,9.848484848485,2.51));
#10138 = CARTESIAN_POINT('',(16.992897727273,9.830492424242,2.51));
#10139 = CARTESIAN_POINT('',(16.996448863636,9.751183712121,2.51));
#10140 = ORIENTED_EDGE('',*,*,#10101,.F.);
#10141 = SURFACE_OF_LINEAR_EXTRUSION('',#10142,#10146);
#10142 = B_SPLINE_CURVE_WITH_KNOTS('',2,(#10143,#10144,#10145),
  .UNSPECIFIED.,.F.,.F.,(3,3),(0.,1.),.PIECEWISE_BEZIER_KNOTS.);
#10143 = CARTESIAN_POINT('',(16.989346590909,9.848484848485,4.01));
#10144 = CARTESIAN_POINT('',(16.992897727273,9.830492424242,4.01));
#10145 = CARTESIAN_POINT('',(16.996448863636,9.751183712121,4.01));
#10146 = VECTOR('',#10147,1.);
#10147 = DIRECTION('',(0.,0.,1.));
#10148 = ADVANCED_FACE('',(#10149),#10167,.T.);
#10149 = FACE_BOUND('',#10150,.T.);
#10150 = EDGE_LOOP('',(#10151,#10152,#10160,#10166));
#10151 = ORIENTED_EDGE('',*,*,#3596,.F.);
#10152 = ORIENTED_EDGE('',*,*,#10153,.T.);
#10153 = EDGE_CURVE('',#3578,#10154,#10156,.T.);
#10154 = VERTEX_POINT('',#10155);
#10155 = CARTESIAN_POINT('',(16.385653409091,9.848484848485,2.51));
#10156 = LINE('',#10157,#10158);
#10157 = CARTESIAN_POINT('',(16.385653409091,9.848484848485,4.01));
#10158 = VECTOR('',#10159,1.);
#10159 = DIRECTION('',(-0.,-0.,-1.));
#10160 = ORIENTED_EDGE('',*,*,#10161,.T.);
#10161 = EDGE_CURVE('',#10154,#10128,#10162,.T.);
#10162 = LINE('',#10163,#10164);
#10163 = CARTESIAN_POINT('',(16.385653409091,9.848484848485,2.51));
#10164 = VECTOR('',#10165,1.);
#10165 = DIRECTION('',(1.,0.,0.));
#10166 = ORIENTED_EDGE('',*,*,#10127,.F.);
#10167 = PLANE('',#10168);
#10168 = AXIS2_PLACEMENT_3D('',#10169,#10170,#10171);
#10169 = CARTESIAN_POINT('',(16.385653409091,9.848484848485,4.01));
#10170 = DIRECTION('',(0.,-1.,0.));
#10171 = DIRECTION('',(1.,0.,0.));
#10172 = ADVANCED_FACE('',(#10173),#10191,.T.);
#10173 = FACE_BOUND('',#10174,.T.);
#10174 = EDGE_LOOP('',(#10175,#10176,#10184,#10190));
#10175 = ORIENTED_EDGE('',*,*,#3577,.T.);
#10176 = ORIENTED_EDGE('',*,*,#10177,.T.);
#10177 = EDGE_CURVE('',#3570,#10178,#10180,.T.);
#10178 = VERTEX_POINT('',#10179);
#10179 = CARTESIAN_POINT('',(16.406960227273,9.026751893939,2.51));
#10180 = LINE('',#10181,#10182);
#10181 = CARTESIAN_POINT('',(16.406960227273,9.026751893939,4.01));
#10182 = VECTOR('',#10183,1.);
#10183 = DIRECTION('',(-0.,-0.,-1.));
#10184 = ORIENTED_EDGE('',*,*,#10185,.T.);
#10185 = EDGE_CURVE('',#10178,#10154,#10186,.T.);
#10186 = B_SPLINE_CURVE_WITH_KNOTS('',2,(#10187,#10188,#10189),
  .UNSPECIFIED.,.F.,.F.,(3,3),(0.,1.),.PIECEWISE_BEZIER_KNOTS.);
#10187 = CARTESIAN_POINT('',(16.406960227273,9.026751893939,2.51));
#10188 = CARTESIAN_POINT('',(16.406960227273,9.699100378788,2.51));
#10189 = CARTESIAN_POINT('',(16.385653409091,9.848484848485,2.51));
#10190 = ORIENTED_EDGE('',*,*,#10153,.F.);
#10191 = SURFACE_OF_LINEAR_EXTRUSION('',#10192,#10196);
#10192 = B_SPLINE_CURVE_WITH_KNOTS('',2,(#10193,#10194,#10195),
  .UNSPECIFIED.,.F.,.F.,(3,3),(0.,1.),.PIECEWISE_BEZIER_KNOTS.);
#10193 = CARTESIAN_POINT('',(16.406960227273,9.026751893939,4.01));
#10194 = CARTESIAN_POINT('',(16.406960227273,9.699100378788,4.01));
#10195 = CARTESIAN_POINT('',(16.385653409091,9.848484848485,4.01));
#10196 = VECTOR('',#10197,1.);
#10197 = DIRECTION('',(0.,0.,1.));
#10198 = ADVANCED_FACE('',(#10199),#10217,.T.);
#10199 = FACE_BOUND('',#10200,.T.);
#10200 = EDGE_LOOP('',(#10201,#10202,#10210,#10216));
#10201 = ORIENTED_EDGE('',*,*,#3569,.F.);
#10202 = ORIENTED_EDGE('',*,*,#10203,.T.);
#10203 = EDGE_CURVE('',#3562,#10204,#10206,.T.);
#10204 = VERTEX_POINT('',#10205);
#10205 = CARTESIAN_POINT('',(16.406960227273,6.,2.51));
#10206 = LINE('',#10207,#10208);
#10207 = CARTESIAN_POINT('',(16.406960227273,6.,4.01));
#10208 = VECTOR('',#10209,1.);
#10209 = DIRECTION('',(-0.,-0.,-1.));
#10210 = ORIENTED_EDGE('',*,*,#10211,.T.);
#10211 = EDGE_CURVE('',#10204,#10178,#10212,.T.);
#10212 = LINE('',#10213,#10214);
#10213 = CARTESIAN_POINT('',(16.406960227273,6.,2.51));
#10214 = VECTOR('',#10215,1.);
#10215 = DIRECTION('',(0.,1.,0.));
#10216 = ORIENTED_EDGE('',*,*,#10177,.F.);
#10217 = PLANE('',#10218);
#10218 = AXIS2_PLACEMENT_3D('',#10219,#10220,#10221);
#10219 = CARTESIAN_POINT('',(16.406960227273,6.,4.01));
#10220 = DIRECTION('',(1.,0.,0.));
#10221 = DIRECTION('',(-0.,1.,0.));
#10222 = ADVANCED_FACE('',(#10223),#10241,.T.);
#10223 = FACE_BOUND('',#10224,.T.);
#10224 = EDGE_LOOP('',(#10225,#10226,#10234,#10240));
#10225 = ORIENTED_EDGE('',*,*,#3561,.F.);
#10226 = ORIENTED_EDGE('',*,*,#10227,.T.);
#10227 = EDGE_CURVE('',#3554,#10228,#10230,.T.);
#10228 = VERTEX_POINT('',#10229);
#10229 = CARTESIAN_POINT('',(17.046164772727,6.,2.51));
#10230 = LINE('',#10231,#10232);
#10231 = CARTESIAN_POINT('',(17.046164772727,6.,4.01));
#10232 = VECTOR('',#10233,1.);
#10233 = DIRECTION('',(-0.,-0.,-1.));
#10234 = ORIENTED_EDGE('',*,*,#10235,.T.);
#10235 = EDGE_CURVE('',#10228,#10204,#10236,.T.);
#10236 = LINE('',#10237,#10238);
#10237 = CARTESIAN_POINT('',(17.046164772727,6.,2.51));
#10238 = VECTOR('',#10239,1.);
#10239 = DIRECTION('',(-1.,0.,0.));
#10240 = ORIENTED_EDGE('',*,*,#10203,.F.);
#10241 = PLANE('',#10242);
#10242 = AXIS2_PLACEMENT_3D('',#10243,#10244,#10245);
#10243 = CARTESIAN_POINT('',(17.046164772727,6.,4.01));
#10244 = DIRECTION('',(0.,1.,-0.));
#10245 = DIRECTION('',(-1.,0.,0.));
#10246 = ADVANCED_FACE('',(#10247),#10265,.T.);
#10247 = FACE_BOUND('',#10248,.T.);
#10248 = EDGE_LOOP('',(#10249,#10250,#10258,#10264));
#10249 = ORIENTED_EDGE('',*,*,#3553,.F.);
#10250 = ORIENTED_EDGE('',*,*,#10251,.T.);
#10251 = EDGE_CURVE('',#3537,#10252,#10254,.T.);
#10252 = VERTEX_POINT('',#10253);
#10253 = CARTESIAN_POINT('',(17.046164772727,8.223721590909,2.51));
#10254 = LINE('',#10255,#10256);
#10255 = CARTESIAN_POINT('',(17.046164772727,8.223721590909,4.01));
#10256 = VECTOR('',#10257,1.);
#10257 = DIRECTION('',(-0.,-0.,-1.));
#10258 = ORIENTED_EDGE('',*,*,#10259,.T.);
#10259 = EDGE_CURVE('',#10252,#10228,#10260,.T.);
#10260 = LINE('',#10261,#10262);
#10261 = CARTESIAN_POINT('',(17.046164772727,8.223721590909,2.51));
#10262 = VECTOR('',#10263,1.);
#10263 = DIRECTION('',(0.,-1.,0.));
#10264 = ORIENTED_EDGE('',*,*,#10227,.F.);
#10265 = PLANE('',#10266);
#10266 = AXIS2_PLACEMENT_3D('',#10267,#10268,#10269);
#10267 = CARTESIAN_POINT('',(17.046164772727,8.223721590909,4.01));
#10268 = DIRECTION('',(-1.,0.,0.));
#10269 = DIRECTION('',(0.,-1.,0.));
#10270 = ADVANCED_FACE('',(#10271),#10289,.T.);
#10271 = FACE_BOUND('',#10272,.T.);
#10272 = EDGE_LOOP('',(#10273,#10274,#10282,#10288));
#10273 = ORIENTED_EDGE('',*,*,#3536,.T.);
#10274 = ORIENTED_EDGE('',*,*,#10275,.T.);
#10275 = EDGE_CURVE('',#3520,#10276,#10278,.T.);
#10276 = VERTEX_POINT('',#10277);
#10277 = CARTESIAN_POINT('',(17.3125,9.099668560606,2.51));
#10278 = LINE('',#10279,#10280);
#10279 = CARTESIAN_POINT('',(17.3125,9.099668560606,4.01));
#10280 = VECTOR('',#10281,1.);
#10281 = DIRECTION('',(-0.,-0.,-1.));
#10282 = ORIENTED_EDGE('',*,*,#10283,.T.);
#10283 = EDGE_CURVE('',#10276,#10252,#10284,.T.);
#10284 = B_SPLINE_CURVE_WITH_KNOTS('',2,(#10285,#10286,#10287),
  .UNSPECIFIED.,.F.,.F.,(3,3),(0.,1.),.PIECEWISE_BEZIER_KNOTS.);
#10285 = CARTESIAN_POINT('',(17.3125,9.099668560606,2.51));
#10286 = CARTESIAN_POINT('',(17.046164772727,8.784090909091,2.51));
#10287 = CARTESIAN_POINT('',(17.046164772727,8.223721590909,2.51));
#10288 = ORIENTED_EDGE('',*,*,#10251,.F.);
#10289 = SURFACE_OF_LINEAR_EXTRUSION('',#10290,#10294);
#10290 = B_SPLINE_CURVE_WITH_KNOTS('',2,(#10291,#10292,#10293),
  .UNSPECIFIED.,.F.,.F.,(3,3),(0.,1.),.PIECEWISE_BEZIER_KNOTS.);
#10291 = CARTESIAN_POINT('',(17.3125,9.099668560606,4.01));
#10292 = CARTESIAN_POINT('',(17.046164772727,8.784090909091,4.01));
#10293 = CARTESIAN_POINT('',(17.046164772727,8.223721590909,4.01));
#10294 = VECTOR('',#10295,1.);
#10295 = DIRECTION('',(0.,0.,1.));
#10296 = ADVANCED_FACE('',(#10297),#10315,.T.);
#10297 = FACE_BOUND('',#10298,.T.);
#10298 = EDGE_LOOP('',(#10299,#10300,#10308,#10314));
#10299 = ORIENTED_EDGE('',*,*,#3519,.T.);
#10300 = ORIENTED_EDGE('',*,*,#10301,.T.);
#10301 = EDGE_CURVE('',#3508,#10302,#10304,.T.);
#10302 = VERTEX_POINT('',#10303);
#10303 = CARTESIAN_POINT('',(18.040482954545,9.415482954545,2.51));
#10304 = LINE('',#10305,#10306);
#10305 = CARTESIAN_POINT('',(18.040482954545,9.415482954545,4.01));
#10306 = VECTOR('',#10307,1.);
#10307 = DIRECTION('',(-0.,-0.,-1.));
#10308 = ORIENTED_EDGE('',*,*,#10309,.T.);
#10309 = EDGE_CURVE('',#10302,#10276,#10310,.T.);
#10310 = B_SPLINE_CURVE_WITH_KNOTS('',2,(#10311,#10312,#10313),
  .UNSPECIFIED.,.F.,.F.,(3,3),(0.,1.),.PIECEWISE_BEZIER_KNOTS.);
#10311 = CARTESIAN_POINT('',(18.040482954545,9.415482954545,2.51));
#10312 = CARTESIAN_POINT('',(17.578835227273,9.415482954545,2.51));
#10313 = CARTESIAN_POINT('',(17.3125,9.099668560606,2.51));
#10314 = ORIENTED_EDGE('',*,*,#10275,.F.);
#10315 = SURFACE_OF_LINEAR_EXTRUSION('',#10316,#10320);
#10316 = B_SPLINE_CURVE_WITH_KNOTS('',2,(#10317,#10318,#10319),
  .UNSPECIFIED.,.F.,.F.,(3,3),(0.,1.),.PIECEWISE_BEZIER_KNOTS.);
#10317 = CARTESIAN_POINT('',(18.040482954545,9.415482954545,4.01));
#10318 = CARTESIAN_POINT('',(17.578835227273,9.415482954545,4.01));
#10319 = CARTESIAN_POINT('',(17.3125,9.099668560606,4.01));
#10320 = VECTOR('',#10321,1.);
#10321 = DIRECTION('',(0.,0.,1.));
#10322 = ADVANCED_FACE('',(#10323),#10341,.T.);
#10323 = FACE_BOUND('',#10324,.T.);
#10324 = EDGE_LOOP('',(#10325,#10326,#10334,#10340));
#10325 = ORIENTED_EDGE('',*,*,#3507,.T.);
#10326 = ORIENTED_EDGE('',*,*,#10327,.T.);
#10327 = EDGE_CURVE('',#3493,#10328,#10330,.T.);
#10328 = VERTEX_POINT('',#10329);
#10329 = CARTESIAN_POINT('',(18.519886363636,9.323153409091,2.51));
#10330 = LINE('',#10331,#10332);
#10331 = CARTESIAN_POINT('',(18.519886363636,9.323153409091,4.01));
#10332 = VECTOR('',#10333,1.);
#10333 = DIRECTION('',(-0.,-0.,-1.));
#10334 = ORIENTED_EDGE('',*,*,#10335,.T.);
#10335 = EDGE_CURVE('',#10328,#10302,#10336,.T.);
#10336 = B_SPLINE_CURVE_WITH_KNOTS('',2,(#10337,#10338,#10339),
  .UNSPECIFIED.,.F.,.F.,(3,3),(0.,1.),.PIECEWISE_BEZIER_KNOTS.);
#10337 = CARTESIAN_POINT('',(18.519886363636,9.323153409091,2.51));
#10338 = CARTESIAN_POINT('',(18.356534090909,9.415482954545,2.51));
#10339 = CARTESIAN_POINT('',(18.040482954545,9.415482954545,2.51));
#10340 = ORIENTED_EDGE('',*,*,#10301,.F.);
#10341 = SURFACE_OF_LINEAR_EXTRUSION('',#10342,#10346);
#10342 = B_SPLINE_CURVE_WITH_KNOTS('',2,(#10343,#10344,#10345),
  .UNSPECIFIED.,.F.,.F.,(3,3),(0.,1.),.PIECEWISE_BEZIER_KNOTS.);
#10343 = CARTESIAN_POINT('',(18.519886363636,9.323153409091,4.01));
#10344 = CARTESIAN_POINT('',(18.356534090909,9.415482954545,4.01));
#10345 = CARTESIAN_POINT('',(18.040482954545,9.415482954545,4.01));
#10346 = VECTOR('',#10347,1.);
#10347 = DIRECTION('',(0.,0.,1.));
#10348 = ADVANCED_FACE('',(#10349),#10367,.T.);
#10349 = FACE_BOUND('',#10350,.T.);
#10350 = EDGE_LOOP('',(#10351,#10352,#10360,#10366));
#10351 = ORIENTED_EDGE('',*,*,#3492,.T.);
#10352 = ORIENTED_EDGE('',*,*,#10353,.T.);
#10353 = EDGE_CURVE('',#3481,#10354,#10356,.T.);
#10354 = VERTEX_POINT('',#10355);
#10355 = CARTESIAN_POINT('',(18.7578125,9.02178030303,2.51));
#10356 = LINE('',#10357,#10358);
#10357 = CARTESIAN_POINT('',(18.7578125,9.02178030303,4.01));
#10358 = VECTOR('',#10359,1.);
#10359 = DIRECTION('',(-0.,-0.,-1.));
#10360 = ORIENTED_EDGE('',*,*,#10361,.T.);
#10361 = EDGE_CURVE('',#10354,#10328,#10362,.T.);
#10362 = B_SPLINE_CURVE_WITH_KNOTS('',2,(#10363,#10364,#10365),
  .UNSPECIFIED.,.F.,.F.,(3,3),(0.,1.),.PIECEWISE_BEZIER_KNOTS.);
#10363 = CARTESIAN_POINT('',(18.7578125,9.02178030303,2.51));
#10364 = CARTESIAN_POINT('',(18.683238636364,9.231060606061,2.51));
#10365 = CARTESIAN_POINT('',(18.519886363636,9.323153409091,2.51));
#10366 = ORIENTED_EDGE('',*,*,#10327,.F.);
#10367 = SURFACE_OF_LINEAR_EXTRUSION('',#10368,#10372);
#10368 = B_SPLINE_CURVE_WITH_KNOTS('',2,(#10369,#10370,#10371),
  .UNSPECIFIED.,.F.,.F.,(3,3),(0.,1.),.PIECEWISE_BEZIER_KNOTS.);
#10369 = CARTESIAN_POINT('',(18.7578125,9.02178030303,4.01));
#10370 = CARTESIAN_POINT('',(18.683238636364,9.231060606061,4.01));
#10371 = CARTESIAN_POINT('',(18.519886363636,9.323153409091,4.01));
#10372 = VECTOR('',#10373,1.);
#10373 = DIRECTION('',(0.,0.,1.));
#10374 = ADVANCED_FACE('',(#10375),#10393,.T.);
#10375 = FACE_BOUND('',#10376,.T.);
#10376 = EDGE_LOOP('',(#10377,#10378,#10386,#10392));
#10377 = ORIENTED_EDGE('',*,*,#3480,.T.);
#10378 = ORIENTED_EDGE('',*,*,#10379,.T.);
#10379 = EDGE_CURVE('',#3473,#10380,#10382,.T.);
#10380 = VERTEX_POINT('',#10381);
#10381 = CARTESIAN_POINT('',(18.832386363636,8.433001893939,2.51));
#10382 = LINE('',#10383,#10384);
#10383 = CARTESIAN_POINT('',(18.832386363636,8.433001893939,4.01));
#10384 = VECTOR('',#10385,1.);
#10385 = DIRECTION('',(-0.,-0.,-1.));
#10386 = ORIENTED_EDGE('',*,*,#10387,.T.);
#10387 = EDGE_CURVE('',#10380,#10354,#10388,.T.);
#10388 = B_SPLINE_CURVE_WITH_KNOTS('',2,(#10389,#10390,#10391),
  .UNSPECIFIED.,.F.,.F.,(3,3),(0.,1.),.PIECEWISE_BEZIER_KNOTS.);
#10389 = CARTESIAN_POINT('',(18.832386363636,8.433001893939,2.51));
#10390 = CARTESIAN_POINT('',(18.832386363636,8.8125,2.51));
#10391 = CARTESIAN_POINT('',(18.7578125,9.02178030303,2.51));
#10392 = ORIENTED_EDGE('',*,*,#10353,.F.);
#10393 = SURFACE_OF_LINEAR_EXTRUSION('',#10394,#10398);
#10394 = B_SPLINE_CURVE_WITH_KNOTS('',2,(#10395,#10396,#10397),
  .UNSPECIFIED.,.F.,.F.,(3,3),(0.,1.),.PIECEWISE_BEZIER_KNOTS.);
#10395 = CARTESIAN_POINT('',(18.832386363636,8.433001893939,4.01));
#10396 = CARTESIAN_POINT('',(18.832386363636,8.8125,4.01));
#10397 = CARTESIAN_POINT('',(18.7578125,9.02178030303,4.01));
#10398 = VECTOR('',#10399,1.);
#10399 = DIRECTION('',(0.,0.,1.));
#10400 = ADVANCED_FACE('',(#10401),#10412,.T.);
#10401 = FACE_BOUND('',#10402,.T.);
#10402 = EDGE_LOOP('',(#10403,#10404,#10405,#10411));
#10403 = ORIENTED_EDGE('',*,*,#3472,.F.);
#10404 = ORIENTED_EDGE('',*,*,#9908,.T.);
#10405 = ORIENTED_EDGE('',*,*,#10406,.T.);
#10406 = EDGE_CURVE('',#9901,#10380,#10407,.T.);
#10407 = LINE('',#10408,#10409);
#10408 = CARTESIAN_POINT('',(18.832386363636,6.,2.51));
#10409 = VECTOR('',#10410,1.);
#10410 = DIRECTION('',(0.,1.,0.));
#10411 = ORIENTED_EDGE('',*,*,#10379,.F.);
#10412 = PLANE('',#10413);
#10413 = AXIS2_PLACEMENT_3D('',#10414,#10415,#10416);
#10414 = CARTESIAN_POINT('',(18.832386363636,6.,4.01));
#10415 = DIRECTION('',(1.,0.,0.));
#10416 = DIRECTION('',(-0.,1.,0.));
#10417 = ADVANCED_FACE('',(#10418),#10443,.T.);
#10418 = FACE_BOUND('',#10419,.T.);
#10419 = EDGE_LOOP('',(#10420,#10421,#10429,#10437));
#10420 = ORIENTED_EDGE('',*,*,#3717,.T.);
#10421 = ORIENTED_EDGE('',*,*,#10422,.T.);
#10422 = EDGE_CURVE('',#3720,#10423,#10425,.T.);
#10423 = VERTEX_POINT('',#10424);
#10424 = CARTESIAN_POINT('',(23.433238636364,7.060132575758,2.51));
#10425 = LINE('',#10426,#10427);
#10426 = CARTESIAN_POINT('',(23.433238636364,7.060132575758,4.01));
#10427 = VECTOR('',#10428,1.);
#10428 = DIRECTION('',(-0.,-0.,-1.));
#10429 = ORIENTED_EDGE('',*,*,#10430,.T.);
#10430 = EDGE_CURVE('',#10423,#10431,#10433,.T.);
#10431 = VERTEX_POINT('',#10432);
#10432 = CARTESIAN_POINT('',(23.022964015152,6.219696969697,2.51));
#10433 = B_SPLINE_CURVE_WITH_KNOTS('',2,(#10434,#10435,#10436),
  .UNSPECIFIED.,.F.,.F.,(3,3),(0.,1.),.PIECEWISE_BEZIER_KNOTS.);
#10434 = CARTESIAN_POINT('',(23.433238636364,7.060132575758,2.51));
#10435 = CARTESIAN_POINT('',(23.433238636364,6.515388257576,2.51));
#10436 = CARTESIAN_POINT('',(23.022964015152,6.219696969697,2.51));
#10437 = ORIENTED_EDGE('',*,*,#10438,.F.);
#10438 = EDGE_CURVE('',#3718,#10431,#10439,.T.);
#10439 = LINE('',#10440,#10441);
#10440 = CARTESIAN_POINT('',(23.022964015152,6.219696969697,4.01));
#10441 = VECTOR('',#10442,1.);
#10442 = DIRECTION('',(-0.,-0.,-1.));
#10443 = SURFACE_OF_LINEAR_EXTRUSION('',#10444,#10448);
#10444 = B_SPLINE_CURVE_WITH_KNOTS('',2,(#10445,#10446,#10447),
  .UNSPECIFIED.,.F.,.F.,(3,3),(0.,1.),.PIECEWISE_BEZIER_KNOTS.);
#10445 = CARTESIAN_POINT('',(23.433238636364,7.060132575758,4.01));
#10446 = CARTESIAN_POINT('',(23.433238636364,6.515388257576,4.01));
#10447 = CARTESIAN_POINT('',(23.022964015152,6.219696969697,4.01));
#10448 = VECTOR('',#10449,1.);
#10449 = DIRECTION('',(0.,0.,1.));
#10450 = ADVANCED_FACE('',(#10451),#10469,.T.);
#10451 = FACE_BOUND('',#10452,.T.);
#10452 = EDGE_LOOP('',(#10453,#10454,#10462,#10468));
#10453 = ORIENTED_EDGE('',*,*,#4136,.T.);
#10454 = ORIENTED_EDGE('',*,*,#10455,.T.);
#10455 = EDGE_CURVE('',#4124,#10456,#10458,.T.);
#10456 = VERTEX_POINT('',#10457);
#10457 = CARTESIAN_POINT('',(23.362215909091,7.453598484848,2.51));
#10458 = LINE('',#10459,#10460);
#10459 = CARTESIAN_POINT('',(23.362215909091,7.453598484848,4.01));
#10460 = VECTOR('',#10461,1.);
#10461 = DIRECTION('',(-0.,-0.,-1.));
#10462 = ORIENTED_EDGE('',*,*,#10463,.T.);
#10463 = EDGE_CURVE('',#10456,#10423,#10464,.T.);
#10464 = B_SPLINE_CURVE_WITH_KNOTS('',2,(#10465,#10466,#10467),
  .UNSPECIFIED.,.F.,.F.,(3,3),(0.,1.),.PIECEWISE_BEZIER_KNOTS.);
#10465 = CARTESIAN_POINT('',(23.362215909091,7.453598484848,2.51));
#10466 = CARTESIAN_POINT('',(23.433238636364,7.281013257576,2.51));
#10467 = CARTESIAN_POINT('',(23.433238636364,7.060132575758,2.51));
#10468 = ORIENTED_EDGE('',*,*,#10422,.F.);
#10469 = SURFACE_OF_LINEAR_EXTRUSION('',#10470,#10474);
#10470 = B_SPLINE_CURVE_WITH_KNOTS('',2,(#10471,#10472,#10473),
  .UNSPECIFIED.,.F.,.F.,(3,3),(0.,1.),.PIECEWISE_BEZIER_KNOTS.);
#10471 = CARTESIAN_POINT('',(23.362215909091,7.453598484848,4.01));
#10472 = CARTESIAN_POINT('',(23.433238636364,7.281013257576,4.01));
#10473 = CARTESIAN_POINT('',(23.433238636364,7.060132575758,4.01));
#10474 = VECTOR('',#10475,1.);
#10475 = DIRECTION('',(0.,0.,1.));
#10476 = ADVANCED_FACE('',(#10477),#10495,.T.);
#10477 = FACE_BOUND('',#10478,.T.);
#10478 = EDGE_LOOP('',(#10479,#10480,#10488,#10494));
#10479 = ORIENTED_EDGE('',*,*,#4123,.T.);
#10480 = ORIENTED_EDGE('',*,*,#10481,.T.);
#10481 = EDGE_CURVE('',#4113,#10482,#10484,.T.);
#10482 = VERTEX_POINT('',#10483);
#10483 = CARTESIAN_POINT('',(23.161458333333,7.758049242424,2.51));
#10484 = LINE('',#10485,#10486);
#10485 = CARTESIAN_POINT('',(23.161458333333,7.758049242424,4.01));
#10486 = VECTOR('',#10487,1.);
#10487 = DIRECTION('',(-0.,-0.,-1.));
#10488 = ORIENTED_EDGE('',*,*,#10489,.T.);
#10489 = EDGE_CURVE('',#10482,#10456,#10490,.T.);
#10490 = B_SPLINE_CURVE_WITH_KNOTS('',2,(#10491,#10492,#10493),
  .UNSPECIFIED.,.F.,.F.,(3,3),(0.,1.),.PIECEWISE_BEZIER_KNOTS.);
#10491 = CARTESIAN_POINT('',(23.161458333333,7.758049242424,2.51));
#10492 = CARTESIAN_POINT('',(23.291193181818,7.626420454545,2.51));
#10493 = CARTESIAN_POINT('',(23.362215909091,7.453598484848,2.51));
#10494 = ORIENTED_EDGE('',*,*,#10455,.F.);
#10495 = SURFACE_OF_LINEAR_EXTRUSION('',#10496,#10500);
#10496 = B_SPLINE_CURVE_WITH_KNOTS('',2,(#10497,#10498,#10499),
  .UNSPECIFIED.,.F.,.F.,(3,3),(0.,1.),.PIECEWISE_BEZIER_KNOTS.);
#10497 = CARTESIAN_POINT('',(23.161458333333,7.758049242424,4.01));
#10498 = CARTESIAN_POINT('',(23.291193181818,7.626420454545,4.01));
#10499 = CARTESIAN_POINT('',(23.362215909091,7.453598484848,4.01));
#10500 = VECTOR('',#10501,1.);
#10501 = DIRECTION('',(0.,0.,1.));
#10502 = ADVANCED_FACE('',(#10503),#10521,.T.);
#10503 = FACE_BOUND('',#10504,.T.);
#10504 = EDGE_LOOP('',(#10505,#10506,#10514,#10520));
#10505 = ORIENTED_EDGE('',*,*,#4112,.T.);
#10506 = ORIENTED_EDGE('',*,*,#10507,.T.);
#10507 = EDGE_CURVE('',#4100,#10508,#10510,.T.);
#10508 = VERTEX_POINT('',#10509);
#10509 = CARTESIAN_POINT('',(22.808238636364,7.998579545455,2.51));
#10510 = LINE('',#10511,#10512);
#10511 = CARTESIAN_POINT('',(22.808238636364,7.998579545455,4.01));
#10512 = VECTOR('',#10513,1.);
#10513 = DIRECTION('',(-0.,-0.,-1.));
#10514 = ORIENTED_EDGE('',*,*,#10515,.T.);
#10515 = EDGE_CURVE('',#10508,#10482,#10516,.T.);
#10516 = B_SPLINE_CURVE_WITH_KNOTS('',2,(#10517,#10518,#10519),
  .UNSPECIFIED.,.F.,.F.,(3,3),(0.,1.),.PIECEWISE_BEZIER_KNOTS.);
#10517 = CARTESIAN_POINT('',(22.808238636364,7.998579545455,2.51));
#10518 = CARTESIAN_POINT('',(23.031960227273,7.889914772727,2.51));
#10519 = CARTESIAN_POINT('',(23.161458333333,7.758049242424,2.51));
#10520 = ORIENTED_EDGE('',*,*,#10481,.F.);
#10521 = SURFACE_OF_LINEAR_EXTRUSION('',#10522,#10526);
#10522 = B_SPLINE_CURVE_WITH_KNOTS('',2,(#10523,#10524,#10525),
  .UNSPECIFIED.,.F.,.F.,(3,3),(0.,1.),.PIECEWISE_BEZIER_KNOTS.);
#10523 = CARTESIAN_POINT('',(22.808238636364,7.998579545455,4.01));
#10524 = CARTESIAN_POINT('',(23.031960227273,7.889914772727,4.01));
#10525 = CARTESIAN_POINT('',(23.161458333333,7.758049242424,4.01));
#10526 = VECTOR('',#10527,1.);
#10527 = DIRECTION('',(0.,0.,1.));
#10528 = ADVANCED_FACE('',(#10529),#10547,.T.);
#10529 = FACE_BOUND('',#10530,.T.);
#10530 = EDGE_LOOP('',(#10531,#10532,#10540,#10546));
#10531 = ORIENTED_EDGE('',*,*,#4099,.T.);
#10532 = ORIENTED_EDGE('',*,*,#10533,.T.);
#10533 = EDGE_CURVE('',#4086,#10534,#10536,.T.);
#10534 = VERTEX_POINT('',#10535);
#10535 = CARTESIAN_POINT('',(22.076704545455,8.235321969697,2.51));
#10536 = LINE('',#10537,#10538);
#10537 = CARTESIAN_POINT('',(22.076704545455,8.235321969697,4.01));
#10538 = VECTOR('',#10539,1.);
#10539 = DIRECTION('',(-0.,-0.,-1.));
#10540 = ORIENTED_EDGE('',*,*,#10541,.T.);
#10541 = EDGE_CURVE('',#10534,#10508,#10542,.T.);
#10542 = B_SPLINE_CURVE_WITH_KNOTS('',2,(#10543,#10544,#10545),
  .UNSPECIFIED.,.F.,.F.,(3,3),(0.,1.),.PIECEWISE_BEZIER_KNOTS.);
#10543 = CARTESIAN_POINT('',(22.076704545455,8.235321969697,2.51));
#10544 = CARTESIAN_POINT('',(22.584517045455,8.107244318182,2.51));
#10545 = CARTESIAN_POINT('',(22.808238636364,7.998579545455,2.51));
#10546 = ORIENTED_EDGE('',*,*,#10507,.F.);
#10547 = SURFACE_OF_LINEAR_EXTRUSION('',#10548,#10552);
#10548 = B_SPLINE_CURVE_WITH_KNOTS('',2,(#10549,#10550,#10551),
  .UNSPECIFIED.,.F.,.F.,(3,3),(0.,1.),.PIECEWISE_BEZIER_KNOTS.);
#10549 = CARTESIAN_POINT('',(22.076704545455,8.235321969697,4.01));
#10550 = CARTESIAN_POINT('',(22.584517045455,8.107244318182,4.01));
#10551 = CARTESIAN_POINT('',(22.808238636364,7.998579545455,4.01));
#10552 = VECTOR('',#10553,1.);
#10553 = DIRECTION('',(0.,0.,1.));
#10554 = ADVANCED_FACE('',(#10555),#10573,.T.);
#10555 = FACE_BOUND('',#10556,.T.);
#10556 = EDGE_LOOP('',(#10557,#10558,#10566,#10572));
#10557 = ORIENTED_EDGE('',*,*,#4085,.T.);
#10558 = ORIENTED_EDGE('',*,*,#10559,.T.);
#10559 = EDGE_CURVE('',#4075,#10560,#10562,.T.);
#10560 = VERTEX_POINT('',#10561);
#10561 = CARTESIAN_POINT('',(21.373579545455,8.441998106061,2.51));
#10562 = LINE('',#10563,#10564);
#10563 = CARTESIAN_POINT('',(21.373579545455,8.441998106061,4.01));
#10564 = VECTOR('',#10565,1.);
#10565 = DIRECTION('',(-0.,-0.,-1.));
#10566 = ORIENTED_EDGE('',*,*,#10567,.T.);
#10567 = EDGE_CURVE('',#10560,#10534,#10568,.T.);
#10568 = B_SPLINE_CURVE_WITH_KNOTS('',2,(#10569,#10570,#10571),
  .UNSPECIFIED.,.F.,.F.,(3,3),(0.,1.),.PIECEWISE_BEZIER_KNOTS.);
#10569 = CARTESIAN_POINT('',(21.373579545455,8.441998106061,2.51));
#10570 = CARTESIAN_POINT('',(21.540482954545,8.3671875,2.51));
#10571 = CARTESIAN_POINT('',(22.076704545455,8.235321969697,2.51));
#10572 = ORIENTED_EDGE('',*,*,#10533,.F.);
#10573 = SURFACE_OF_LINEAR_EXTRUSION('',#10574,#10578);
#10574 = B_SPLINE_CURVE_WITH_KNOTS('',2,(#10575,#10576,#10577),
  .UNSPECIFIED.,.F.,.F.,(3,3),(0.,1.),.PIECEWISE_BEZIER_KNOTS.);
#10575 = CARTESIAN_POINT('',(21.373579545455,8.441998106061,4.01));
#10576 = CARTESIAN_POINT('',(21.540482954545,8.3671875,4.01));
#10577 = CARTESIAN_POINT('',(22.076704545455,8.235321969697,4.01));
#10578 = VECTOR('',#10579,1.);
#10579 = DIRECTION('',(0.,0.,1.));
#10580 = ADVANCED_FACE('',(#10581),#10599,.T.);
#10581 = FACE_BOUND('',#10582,.T.);
#10582 = EDGE_LOOP('',(#10583,#10584,#10592,#10598));
#10583 = ORIENTED_EDGE('',*,*,#4074,.T.);
#10584 = ORIENTED_EDGE('',*,*,#10585,.T.);
#10585 = EDGE_CURVE('',#4060,#10586,#10588,.T.);
#10586 = VERTEX_POINT('',#10587);
#10587 = CARTESIAN_POINT('',(21.121448863636,8.623579545455,2.51));
#10588 = LINE('',#10589,#10590);
#10589 = CARTESIAN_POINT('',(21.121448863636,8.623579545455,4.01));
#10590 = VECTOR('',#10591,1.);
#10591 = DIRECTION('',(-0.,-0.,-1.));
#10592 = ORIENTED_EDGE('',*,*,#10593,.T.);
#10593 = EDGE_CURVE('',#10586,#10560,#10594,.T.);
#10594 = B_SPLINE_CURVE_WITH_KNOTS('',2,(#10595,#10596,#10597),
  .UNSPECIFIED.,.F.,.F.,(3,3),(0.,1.),.PIECEWISE_BEZIER_KNOTS.);
#10595 = CARTESIAN_POINT('',(21.121448863636,8.623579545455,2.51));
#10596 = CARTESIAN_POINT('',(21.206676136364,8.516808712121,2.51));
#10597 = CARTESIAN_POINT('',(21.373579545455,8.441998106061,2.51));
#10598 = ORIENTED_EDGE('',*,*,#10559,.F.);
#10599 = SURFACE_OF_LINEAR_EXTRUSION('',#10600,#10604);
#10600 = B_SPLINE_CURVE_WITH_KNOTS('',2,(#10601,#10602,#10603),
  .UNSPECIFIED.,.F.,.F.,(3,3),(0.,1.),.PIECEWISE_BEZIER_KNOTS.);
#10601 = CARTESIAN_POINT('',(21.121448863636,8.623579545455,4.01));
#10602 = CARTESIAN_POINT('',(21.206676136364,8.516808712121,4.01));
#10603 = CARTESIAN_POINT('',(21.373579545455,8.441998106061,4.01));
#10604 = VECTOR('',#10605,1.);
#10605 = DIRECTION('',(0.,0.,1.));
#10606 = ADVANCED_FACE('',(#10607),#10625,.T.);
#10607 = FACE_BOUND('',#10608,.T.);
#10608 = EDGE_LOOP('',(#10609,#10610,#10618,#10624));
#10609 = ORIENTED_EDGE('',*,*,#4059,.T.);
#10610 = ORIENTED_EDGE('',*,*,#10611,.T.);
#10611 = EDGE_CURVE('',#4045,#10612,#10614,.T.);
#10612 = VERTEX_POINT('',#10613);
#10613 = CARTESIAN_POINT('',(21.036221590909,8.894176136364,2.51));
#10614 = LINE('',#10615,#10616);
#10615 = CARTESIAN_POINT('',(21.036221590909,8.894176136364,4.01));
#10616 = VECTOR('',#10617,1.);
#10617 = DIRECTION('',(-0.,-0.,-1.));
#10618 = ORIENTED_EDGE('',*,*,#10619,.T.);
#10619 = EDGE_CURVE('',#10612,#10586,#10620,.T.);
#10620 = B_SPLINE_CURVE_WITH_KNOTS('',2,(#10621,#10622,#10623),
  .UNSPECIFIED.,.F.,.F.,(3,3),(0.,1.),.PIECEWISE_BEZIER_KNOTS.);
#10621 = CARTESIAN_POINT('',(21.036221590909,8.894176136364,2.51));
#10622 = CARTESIAN_POINT('',(21.036221590909,8.730350378788,2.51));
#10623 = CARTESIAN_POINT('',(21.121448863636,8.623579545455,2.51));
#10624 = ORIENTED_EDGE('',*,*,#10585,.F.);
#10625 = SURFACE_OF_LINEAR_EXTRUSION('',#10626,#10630);
#10626 = B_SPLINE_CURVE_WITH_KNOTS('',2,(#10627,#10628,#10629),
  .UNSPECIFIED.,.F.,.F.,(3,3),(0.,1.),.PIECEWISE_BEZIER_KNOTS.);
#10627 = CARTESIAN_POINT('',(21.036221590909,8.894176136364,4.01));
#10628 = CARTESIAN_POINT('',(21.036221590909,8.730350378788,4.01));
#10629 = CARTESIAN_POINT('',(21.121448863636,8.623579545455,4.01));
#10630 = VECTOR('',#10631,1.);
#10631 = DIRECTION('',(0.,0.,1.));
#10632 = ADVANCED_FACE('',(#10633),#10651,.T.);
#10633 = FACE_BOUND('',#10634,.T.);
#10634 = EDGE_LOOP('',(#10635,#10636,#10644,#10650));
#10635 = ORIENTED_EDGE('',*,*,#4044,.T.);
#10636 = ORIENTED_EDGE('',*,*,#10637,.T.);
#10637 = EDGE_CURVE('',#4032,#10638,#10640,.T.);
#10638 = VERTEX_POINT('',#10639);
#10639 = CARTESIAN_POINT('',(21.2421875,9.294034090909,2.51));
#10640 = LINE('',#10641,#10642);
#10641 = CARTESIAN_POINT('',(21.2421875,9.294034090909,4.01));
#10642 = VECTOR('',#10643,1.);
#10643 = DIRECTION('',(-0.,-0.,-1.));
#10644 = ORIENTED_EDGE('',*,*,#10645,.T.);
#10645 = EDGE_CURVE('',#10638,#10612,#10646,.T.);
#10646 = B_SPLINE_CURVE_WITH_KNOTS('',2,(#10647,#10648,#10649),
  .UNSPECIFIED.,.F.,.F.,(3,3),(0.,1.),.PIECEWISE_BEZIER_KNOTS.);
#10647 = CARTESIAN_POINT('',(21.2421875,9.294034090909,2.51));
#10648 = CARTESIAN_POINT('',(21.036221590909,9.161931818182,2.51));
#10649 = CARTESIAN_POINT('',(21.036221590909,8.894176136364,2.51));
#10650 = ORIENTED_EDGE('',*,*,#10611,.F.);
#10651 = SURFACE_OF_LINEAR_EXTRUSION('',#10652,#10656);
#10652 = B_SPLINE_CURVE_WITH_KNOTS('',2,(#10653,#10654,#10655),
  .UNSPECIFIED.,.F.,.F.,(3,3),(0.,1.),.PIECEWISE_BEZIER_KNOTS.);
#10653 = CARTESIAN_POINT('',(21.2421875,9.294034090909,4.01));
#10654 = CARTESIAN_POINT('',(21.036221590909,9.161931818182,4.01));
#10655 = CARTESIAN_POINT('',(21.036221590909,8.894176136364,4.01));
#10656 = VECTOR('',#10657,1.);
#10657 = DIRECTION('',(0.,0.,1.));
#10658 = ADVANCED_FACE('',(#10659),#10677,.T.);
#10659 = FACE_BOUND('',#10660,.T.);
#10660 = EDGE_LOOP('',(#10661,#10662,#10670,#10676));
#10661 = ORIENTED_EDGE('',*,*,#4031,.T.);
#10662 = ORIENTED_EDGE('',*,*,#10663,.T.);
#10663 = EDGE_CURVE('',#4020,#10664,#10666,.T.);
#10664 = VERTEX_POINT('',#10665);
#10665 = CARTESIAN_POINT('',(21.881392045455,9.426136363636,2.51));
#10666 = LINE('',#10667,#10668);
#10667 = CARTESIAN_POINT('',(21.881392045455,9.426136363636,4.01));
#10668 = VECTOR('',#10669,1.);
#10669 = DIRECTION('',(-0.,-0.,-1.));
#10670 = ORIENTED_EDGE('',*,*,#10671,.T.);
#10671 = EDGE_CURVE('',#10664,#10638,#10672,.T.);
#10672 = B_SPLINE_CURVE_WITH_KNOTS('',2,(#10673,#10674,#10675),
  .UNSPECIFIED.,.F.,.F.,(3,3),(0.,1.),.PIECEWISE_BEZIER_KNOTS.);
#10673 = CARTESIAN_POINT('',(21.881392045455,9.426136363636,2.51));
#10674 = CARTESIAN_POINT('',(21.448153409091,9.426136363636,2.51));
#10675 = CARTESIAN_POINT('',(21.2421875,9.294034090909,2.51));
#10676 = ORIENTED_EDGE('',*,*,#10637,.F.);
#10677 = SURFACE_OF_LINEAR_EXTRUSION('',#10678,#10682);
#10678 = B_SPLINE_CURVE_WITH_KNOTS('',2,(#10679,#10680,#10681),
  .UNSPECIFIED.,.F.,.F.,(3,3),(0.,1.),.PIECEWISE_BEZIER_KNOTS.);
#10679 = CARTESIAN_POINT('',(21.881392045455,9.426136363636,4.01));
#10680 = CARTESIAN_POINT('',(21.448153409091,9.426136363636,4.01));
#10681 = CARTESIAN_POINT('',(21.2421875,9.294034090909,4.01));
#10682 = VECTOR('',#10683,1.);
#10683 = DIRECTION('',(0.,0.,1.));
#10684 = ADVANCED_FACE('',(#10685),#10703,.T.);
#10685 = FACE_BOUND('',#10686,.T.);
#10686 = EDGE_LOOP('',(#10687,#10688,#10696,#10702));
#10687 = ORIENTED_EDGE('',*,*,#4019,.T.);
#10688 = ORIENTED_EDGE('',*,*,#10689,.T.);
#10689 = EDGE_CURVE('',#4005,#10690,#10692,.T.);
#10690 = VERTEX_POINT('',#10691);
#10691 = CARTESIAN_POINT('',(22.504498106061,9.289299242424,2.51));
#10692 = LINE('',#10693,#10694);
#10693 = CARTESIAN_POINT('',(22.504498106061,9.289299242424,4.01));
#10694 = VECTOR('',#10695,1.);
#10695 = DIRECTION('',(-0.,-0.,-1.));
#10696 = ORIENTED_EDGE('',*,*,#10697,.T.);
#10697 = EDGE_CURVE('',#10690,#10664,#10698,.T.);
#10698 = B_SPLINE_CURVE_WITH_KNOTS('',2,(#10699,#10700,#10701),
  .UNSPECIFIED.,.F.,.F.,(3,3),(0.,1.),.PIECEWISE_BEZIER_KNOTS.);
#10699 = CARTESIAN_POINT('',(22.504498106061,9.289299242424,2.51));
#10700 = CARTESIAN_POINT('',(22.272017045455,9.426136363636,2.51));
#10701 = CARTESIAN_POINT('',(21.881392045455,9.426136363636,2.51));
#10702 = ORIENTED_EDGE('',*,*,#10663,.F.);
#10703 = SURFACE_OF_LINEAR_EXTRUSION('',#10704,#10708);
#10704 = B_SPLINE_CURVE_WITH_KNOTS('',2,(#10705,#10706,#10707),
  .UNSPECIFIED.,.F.,.F.,(3,3),(0.,1.),.PIECEWISE_BEZIER_KNOTS.);
#10705 = CARTESIAN_POINT('',(22.504498106061,9.289299242424,4.01));
#10706 = CARTESIAN_POINT('',(22.272017045455,9.426136363636,4.01));
#10707 = CARTESIAN_POINT('',(21.881392045455,9.426136363636,4.01));
#10708 = VECTOR('',#10709,1.);
#10709 = DIRECTION('',(0.,0.,1.));
#10710 = ADVANCED_FACE('',(#10711),#10729,.T.);
#10711 = FACE_BOUND('',#10712,.T.);
#10712 = EDGE_LOOP('',(#10713,#10714,#10722,#10728));
#10713 = ORIENTED_EDGE('',*,*,#4004,.T.);
#10714 = ORIENTED_EDGE('',*,*,#10715,.T.);
#10715 = EDGE_CURVE('',#3997,#10716,#10718,.T.);
#10716 = VERTEX_POINT('',#10717);
#10717 = CARTESIAN_POINT('',(22.790482954545,8.897017045455,2.51));
#10718 = LINE('',#10719,#10720);
#10719 = CARTESIAN_POINT('',(22.790482954545,8.897017045455,4.01));
#10720 = VECTOR('',#10721,1.);
#10721 = DIRECTION('',(-0.,-0.,-1.));
#10722 = ORIENTED_EDGE('',*,*,#10723,.T.);
#10723 = EDGE_CURVE('',#10716,#10690,#10724,.T.);
#10724 = B_SPLINE_CURVE_WITH_KNOTS('',2,(#10725,#10726,#10727),
  .UNSPECIFIED.,.F.,.F.,(3,3),(0.,1.),.PIECEWISE_BEZIER_KNOTS.);
#10725 = CARTESIAN_POINT('',(22.790482954545,8.897017045455,2.51));
#10726 = CARTESIAN_POINT('',(22.737215909091,9.152698863636,2.51));
#10727 = CARTESIAN_POINT('',(22.504498106061,9.289299242424,2.51));
#10728 = ORIENTED_EDGE('',*,*,#10689,.F.);
#10729 = SURFACE_OF_LINEAR_EXTRUSION('',#10730,#10734);
#10730 = B_SPLINE_CURVE_WITH_KNOTS('',2,(#10731,#10732,#10733),
  .UNSPECIFIED.,.F.,.F.,(3,3),(0.,1.),.PIECEWISE_BEZIER_KNOTS.);
#10731 = CARTESIAN_POINT('',(22.790482954545,8.897017045455,4.01));
#10732 = CARTESIAN_POINT('',(22.737215909091,9.152698863636,4.01));
#10733 = CARTESIAN_POINT('',(22.504498106061,9.289299242424,4.01));
#10734 = VECTOR('',#10735,1.);
#10735 = DIRECTION('',(0.,0.,1.));
#10736 = ADVANCED_FACE('',(#10737),#10755,.T.);
#10737 = FACE_BOUND('',#10738,.T.);
#10738 = EDGE_LOOP('',(#10739,#10740,#10748,#10754));
#10739 = ORIENTED_EDGE('',*,*,#3996,.F.);
#10740 = ORIENTED_EDGE('',*,*,#10741,.T.);
#10741 = EDGE_CURVE('',#3980,#10742,#10744,.T.);
#10742 = VERTEX_POINT('',#10743);
#10743 = CARTESIAN_POINT('',(23.365767045455,8.968039772727,2.51));
#10744 = LINE('',#10745,#10746);
#10745 = CARTESIAN_POINT('',(23.365767045455,8.968039772727,4.01));
#10746 = VECTOR('',#10747,1.);
#10747 = DIRECTION('',(-0.,-0.,-1.));
#10748 = ORIENTED_EDGE('',*,*,#10749,.T.);
#10749 = EDGE_CURVE('',#10742,#10716,#10750,.T.);
#10750 = LINE('',#10751,#10752);
#10751 = CARTESIAN_POINT('',(23.365767045455,8.968039772727,2.51));
#10752 = VECTOR('',#10753,1.);
#10753 = DIRECTION('',(-0.992465233221,-0.122526572003,0.));
#10754 = ORIENTED_EDGE('',*,*,#10715,.F.);
#10755 = PLANE('',#10756);
#10756 = AXIS2_PLACEMENT_3D('',#10757,#10758,#10759);
#10757 = CARTESIAN_POINT('',(23.365767045455,8.968039772727,4.01));
#10758 = DIRECTION('',(-0.122526572003,0.992465233221,0.));
#10759 = DIRECTION('',(-0.992465233221,-0.122526572003,0.));
#10760 = ADVANCED_FACE('',(#10761),#10779,.T.);
#10761 = FACE_BOUND('',#10762,.T.);
#10762 = EDGE_LOOP('',(#10763,#10764,#10772,#10778));
#10763 = ORIENTED_EDGE('',*,*,#3979,.T.);
#10764 = ORIENTED_EDGE('',*,*,#10765,.T.);
#10765 = EDGE_CURVE('',#3963,#10766,#10768,.T.);
#10766 = VERTEX_POINT('',#10767);
#10767 = CARTESIAN_POINT('',(22.891571969697,9.685369318182,2.51));
#10768 = LINE('',#10769,#10770);
#10769 = CARTESIAN_POINT('',(22.891571969697,9.685369318182,4.01));
#10770 = VECTOR('',#10771,1.);
#10771 = DIRECTION('',(-0.,-0.,-1.));
#10772 = ORIENTED_EDGE('',*,*,#10773,.T.);
#10773 = EDGE_CURVE('',#10766,#10742,#10774,.T.);
#10774 = B_SPLINE_CURVE_WITH_KNOTS('',2,(#10775,#10776,#10777),
  .UNSPECIFIED.,.F.,.F.,(3,3),(0.,1.),.PIECEWISE_BEZIER_KNOTS.);
#10775 = CARTESIAN_POINT('',(22.891571969697,9.685369318182,2.51));
#10776 = CARTESIAN_POINT('',(23.266335227273,9.461647727273,2.51));
#10777 = CARTESIAN_POINT('',(23.365767045455,8.968039772727,2.51));
#10778 = ORIENTED_EDGE('',*,*,#10741,.F.);
#10779 = SURFACE_OF_LINEAR_EXTRUSION('',#10780,#10784);
#10780 = B_SPLINE_CURVE_WITH_KNOTS('',2,(#10781,#10782,#10783),
  .UNSPECIFIED.,.F.,.F.,(3,3),(0.,1.),.PIECEWISE_BEZIER_KNOTS.);
#10781 = CARTESIAN_POINT('',(22.891571969697,9.685369318182,4.01));
#10782 = CARTESIAN_POINT('',(23.266335227273,9.461647727273,4.01));
#10783 = CARTESIAN_POINT('',(23.365767045455,8.968039772727,4.01));
#10784 = VECTOR('',#10785,1.);
#10785 = DIRECTION('',(0.,0.,1.));
#10786 = ADVANCED_FACE('',(#10787),#10805,.T.);
#10787 = FACE_BOUND('',#10788,.T.);
#10788 = EDGE_LOOP('',(#10789,#10790,#10798,#10804));
#10789 = ORIENTED_EDGE('',*,*,#3962,.T.);
#10790 = ORIENTED_EDGE('',*,*,#10791,.T.);
#10791 = EDGE_CURVE('',#3946,#10792,#10794,.T.);
#10792 = VERTEX_POINT('',#10793);
#10793 = CARTESIAN_POINT('',(21.881392045455,9.909090909091,2.51));
#10794 = LINE('',#10795,#10796);
#10795 = CARTESIAN_POINT('',(21.881392045455,9.909090909091,4.01));
#10796 = VECTOR('',#10797,1.);
#10797 = DIRECTION('',(-0.,-0.,-1.));
#10798 = ORIENTED_EDGE('',*,*,#10799,.T.);
#10799 = EDGE_CURVE('',#10792,#10766,#10800,.T.);
#10800 = B_SPLINE_CURVE_WITH_KNOTS('',2,(#10801,#10802,#10803),
  .UNSPECIFIED.,.F.,.F.,(3,3),(0.,1.),.PIECEWISE_BEZIER_KNOTS.);
#10801 = CARTESIAN_POINT('',(21.881392045455,9.909090909091,2.51));
#10802 = CARTESIAN_POINT('',(22.517045454545,9.909090909091,2.51));
#10803 = CARTESIAN_POINT('',(22.891571969697,9.685369318182,2.51));
#10804 = ORIENTED_EDGE('',*,*,#10765,.F.);
#10805 = SURFACE_OF_LINEAR_EXTRUSION('',#10806,#10810);
#10806 = B_SPLINE_CURVE_WITH_KNOTS('',2,(#10807,#10808,#10809),
  .UNSPECIFIED.,.F.,.F.,(3,3),(0.,1.),.PIECEWISE_BEZIER_KNOTS.);
#10807 = CARTESIAN_POINT('',(21.881392045455,9.909090909091,4.01));
#10808 = CARTESIAN_POINT('',(22.517045454545,9.909090909091,4.01));
#10809 = CARTESIAN_POINT('',(22.891571969697,9.685369318182,4.01));
#10810 = VECTOR('',#10811,1.);
#10811 = DIRECTION('',(0.,0.,1.));
#10812 = ADVANCED_FACE('',(#10813),#10831,.T.);
#10813 = FACE_BOUND('',#10814,.T.);
#10814 = EDGE_LOOP('',(#10815,#10816,#10824,#10830));
#10815 = ORIENTED_EDGE('',*,*,#3945,.T.);
#10816 = ORIENTED_EDGE('',*,*,#10817,.T.);
#10817 = EDGE_CURVE('',#3927,#10818,#10820,.T.);
#10818 = VERTEX_POINT('',#10819);
#10819 = CARTESIAN_POINT('',(20.789299242424,9.633049242424,2.51));
#10820 = LINE('',#10821,#10822);
#10821 = CARTESIAN_POINT('',(20.789299242424,9.633049242424,4.01));
#10822 = VECTOR('',#10823,1.);
#10823 = DIRECTION('',(-0.,-0.,-1.));
#10824 = ORIENTED_EDGE('',*,*,#10825,.T.);
#10825 = EDGE_CURVE('',#10818,#10792,#10826,.T.);
#10826 = B_SPLINE_CURVE_WITH_KNOTS('',2,(#10827,#10828,#10829),
  .UNSPECIFIED.,.F.,.F.,(3,3),(0.,1.),.PIECEWISE_BEZIER_KNOTS.);
#10827 = CARTESIAN_POINT('',(20.789299242424,9.633049242424,2.51));
#10828 = CARTESIAN_POINT('',(21.1640625,9.909090909091,2.51));
#10829 = CARTESIAN_POINT('',(21.881392045455,9.909090909091,2.51));
#10830 = ORIENTED_EDGE('',*,*,#10791,.F.);
#10831 = SURFACE_OF_LINEAR_EXTRUSION('',#10832,#10836);
#10832 = B_SPLINE_CURVE_WITH_KNOTS('',2,(#10833,#10834,#10835),
  .UNSPECIFIED.,.F.,.F.,(3,3),(0.,1.),.PIECEWISE_BEZIER_KNOTS.);
#10833 = CARTESIAN_POINT('',(20.789299242424,9.633049242424,4.01));
#10834 = CARTESIAN_POINT('',(21.1640625,9.909090909091,4.01));
#10835 = CARTESIAN_POINT('',(21.881392045455,9.909090909091,4.01));
#10836 = VECTOR('',#10837,1.);
#10837 = DIRECTION('',(0.,0.,1.));
#10838 = ADVANCED_FACE('',(#10839),#10857,.T.);
#10839 = FACE_BOUND('',#10840,.T.);
#10840 = EDGE_LOOP('',(#10841,#10842,#10850,#10856));
#10841 = ORIENTED_EDGE('',*,*,#3926,.T.);
#10842 = ORIENTED_EDGE('',*,*,#10843,.T.);
#10843 = EDGE_CURVE('',#3916,#10844,#10846,.T.);
#10844 = VERTEX_POINT('',#10845);
#10845 = CARTESIAN_POINT('',(20.414772727273,8.830018939394,2.51));
#10846 = LINE('',#10847,#10848);
#10847 = CARTESIAN_POINT('',(20.414772727273,8.830018939394,4.01));
#10848 = VECTOR('',#10849,1.);
#10849 = DIRECTION('',(-0.,-0.,-1.));
#10850 = ORIENTED_EDGE('',*,*,#10851,.T.);
#10851 = EDGE_CURVE('',#10844,#10818,#10852,.T.);
#10852 = B_SPLINE_CURVE_WITH_KNOTS('',2,(#10853,#10854,#10855),
  .UNSPECIFIED.,.F.,.F.,(3,3),(0.,1.),.PIECEWISE_BEZIER_KNOTS.);
#10853 = CARTESIAN_POINT('',(20.414772727273,8.830018939394,2.51));
#10854 = CARTESIAN_POINT('',(20.414772727273,9.357244318182,2.51));
#10855 = CARTESIAN_POINT('',(20.789299242424,9.633049242424,2.51));
#10856 = ORIENTED_EDGE('',*,*,#10817,.F.);
#10857 = SURFACE_OF_LINEAR_EXTRUSION('',#10858,#10862);
#10858 = B_SPLINE_CURVE_WITH_KNOTS('',2,(#10859,#10860,#10861),
  .UNSPECIFIED.,.F.,.F.,(3,3),(0.,1.),.PIECEWISE_BEZIER_KNOTS.);
#10859 = CARTESIAN_POINT('',(20.414772727273,8.830018939394,4.01));
#10860 = CARTESIAN_POINT('',(20.414772727273,9.357244318182,4.01));
#10861 = CARTESIAN_POINT('',(20.789299242424,9.633049242424,4.01));
#10862 = VECTOR('',#10863,1.);
#10863 = DIRECTION('',(0.,0.,1.));
#10864 = ADVANCED_FACE('',(#10865),#10883,.T.);
#10865 = FACE_BOUND('',#10866,.T.);
#10866 = EDGE_LOOP('',(#10867,#10868,#10876,#10882));
#10867 = ORIENTED_EDGE('',*,*,#3915,.T.);
#10868 = ORIENTED_EDGE('',*,*,#10869,.T.);
#10869 = EDGE_CURVE('',#3905,#10870,#10872,.T.);
#10870 = VERTEX_POINT('',#10871);
#10871 = CARTESIAN_POINT('',(20.546164772727,8.349195075758,2.51));
#10872 = LINE('',#10873,#10874);
#10873 = CARTESIAN_POINT('',(20.546164772727,8.349195075758,4.01));
#10874 = VECTOR('',#10875,1.);
#10875 = DIRECTION('',(-0.,-0.,-1.));
#10876 = ORIENTED_EDGE('',*,*,#10877,.T.);
#10877 = EDGE_CURVE('',#10870,#10844,#10878,.T.);
#10878 = B_SPLINE_CURVE_WITH_KNOTS('',2,(#10879,#10880,#10881),
  .UNSPECIFIED.,.F.,.F.,(3,3),(0.,1.),.PIECEWISE_BEZIER_KNOTS.);
#10879 = CARTESIAN_POINT('',(20.546164772727,8.349195075758,2.51));
#10880 = CARTESIAN_POINT('',(20.414772727273,8.54521780303,2.51));
#10881 = CARTESIAN_POINT('',(20.414772727273,8.830018939394,2.51));
#10882 = ORIENTED_EDGE('',*,*,#10843,.F.);
#10883 = SURFACE_OF_LINEAR_EXTRUSION('',#10884,#10888);
#10884 = B_SPLINE_CURVE_WITH_KNOTS('',2,(#10885,#10886,#10887),
  .UNSPECIFIED.,.F.,.F.,(3,3),(0.,1.),.PIECEWISE_BEZIER_KNOTS.);
#10885 = CARTESIAN_POINT('',(20.546164772727,8.349195075758,4.01));
#10886 = CARTESIAN_POINT('',(20.414772727273,8.54521780303,4.01));
#10887 = CARTESIAN_POINT('',(20.414772727273,8.830018939394,4.01));
#10888 = VECTOR('',#10889,1.);
#10889 = DIRECTION('',(0.,0.,1.));
#10890 = ADVANCED_FACE('',(#10891),#10909,.T.);
#10891 = FACE_BOUND('',#10892,.T.);
#10892 = EDGE_LOOP('',(#10893,#10894,#10902,#10908));
#10893 = ORIENTED_EDGE('',*,*,#3904,.T.);
#10894 = ORIENTED_EDGE('',*,*,#10895,.T.);
#10895 = EDGE_CURVE('',#3892,#10896,#10898,.T.);
#10896 = VERTEX_POINT('',#10897);
#10897 = CARTESIAN_POINT('',(20.910037878788,8.016335227273,2.51));
#10898 = LINE('',#10899,#10900);
#10899 = CARTESIAN_POINT('',(20.910037878788,8.016335227273,4.01));
#10900 = VECTOR('',#10901,1.);
#10901 = DIRECTION('',(-0.,-0.,-1.));
#10902 = ORIENTED_EDGE('',*,*,#10903,.T.);
#10903 = EDGE_CURVE('',#10896,#10870,#10904,.T.);
#10904 = B_SPLINE_CURVE_WITH_KNOTS('',2,(#10905,#10906,#10907),
  .UNSPECIFIED.,.F.,.F.,(3,3),(0.,1.),.PIECEWISE_BEZIER_KNOTS.);
#10905 = CARTESIAN_POINT('',(20.910037878788,8.016335227273,2.51));
#10906 = CARTESIAN_POINT('',(20.677556818182,8.153409090909,2.51));
#10907 = CARTESIAN_POINT('',(20.546164772727,8.349195075758,2.51));
#10908 = ORIENTED_EDGE('',*,*,#10869,.F.);
#10909 = SURFACE_OF_LINEAR_EXTRUSION('',#10910,#10914);
#10910 = B_SPLINE_CURVE_WITH_KNOTS('',2,(#10911,#10912,#10913),
  .UNSPECIFIED.,.F.,.F.,(3,3),(0.,1.),.PIECEWISE_BEZIER_KNOTS.);
#10911 = CARTESIAN_POINT('',(20.910037878788,8.016335227273,4.01));
#10912 = CARTESIAN_POINT('',(20.677556818182,8.153409090909,4.01));
#10913 = CARTESIAN_POINT('',(20.546164772727,8.349195075758,4.01));
#10914 = VECTOR('',#10915,1.);
#10915 = DIRECTION('',(0.,0.,1.));
#10916 = ADVANCED_FACE('',(#10917),#10935,.T.);
#10917 = FACE_BOUND('',#10918,.T.);
#10918 = EDGE_LOOP('',(#10919,#10920,#10928,#10934));
#10919 = ORIENTED_EDGE('',*,*,#3891,.T.);
#10920 = ORIENTED_EDGE('',*,*,#10921,.T.);
#10921 = EDGE_CURVE('',#3884,#10922,#10924,.T.);
#10922 = VERTEX_POINT('',#10923);
#10923 = CARTESIAN_POINT('',(21.693181818182,7.736979166667,2.51));
#10924 = LINE('',#10925,#10926);
#10925 = CARTESIAN_POINT('',(21.693181818182,7.736979166667,4.01));
#10926 = VECTOR('',#10927,1.);
#10927 = DIRECTION('',(-0.,-0.,-1.));
#10928 = ORIENTED_EDGE('',*,*,#10929,.T.);
#10929 = EDGE_CURVE('',#10922,#10896,#10930,.T.);
#10930 = B_SPLINE_CURVE_WITH_KNOTS('',2,(#10931,#10932,#10933),
  .UNSPECIFIED.,.F.,.F.,(3,3),(0.,1.),.PIECEWISE_BEZIER_KNOTS.);
#10931 = CARTESIAN_POINT('',(21.693181818182,7.736979166667,2.51));
#10932 = CARTESIAN_POINT('',(21.142755681818,7.879261363636,2.51));
#10933 = CARTESIAN_POINT('',(20.910037878788,8.016335227273,2.51));
#10934 = ORIENTED_EDGE('',*,*,#10895,.F.);
#10935 = SURFACE_OF_LINEAR_EXTRUSION('',#10936,#10940);
#10936 = B_SPLINE_CURVE_WITH_KNOTS('',2,(#10937,#10938,#10939),
  .UNSPECIFIED.,.F.,.F.,(3,3),(0.,1.),.PIECEWISE_BEZIER_KNOTS.);
#10937 = CARTESIAN_POINT('',(21.693181818182,7.736979166667,4.01));
#10938 = CARTESIAN_POINT('',(21.142755681818,7.879261363636,4.01));
#10939 = CARTESIAN_POINT('',(20.910037878788,8.016335227273,4.01));
#10940 = VECTOR('',#10941,1.);
#10941 = DIRECTION('',(0.,0.,1.));
#10942 = ADVANCED_FACE('',(#10943),#10961,.T.);
#10943 = FACE_BOUND('',#10944,.T.);
#10944 = EDGE_LOOP('',(#10945,#10946,#10954,#10960));
#10945 = ORIENTED_EDGE('',*,*,#3883,.F.);
#10946 = ORIENTED_EDGE('',*,*,#10947,.T.);
#10947 = EDGE_CURVE('',#3872,#10948,#10950,.T.);
#10948 = VERTEX_POINT('',#10949);
#10949 = CARTESIAN_POINT('',(22.151278409091,7.615767045455,2.51));
#10950 = LINE('',#10951,#10952);
#10951 = CARTESIAN_POINT('',(22.151278409091,7.615767045455,4.01));
#10952 = VECTOR('',#10953,1.);
#10953 = DIRECTION('',(-0.,-0.,-1.));
#10954 = ORIENTED_EDGE('',*,*,#10955,.T.);
#10955 = EDGE_CURVE('',#10948,#10922,#10956,.T.);
#10956 = LINE('',#10957,#10958);
#10957 = CARTESIAN_POINT('',(22.151278409091,7.615767045455,2.51));
#10958 = VECTOR('',#10959,1.);
#10959 = DIRECTION('',(-0.966730667668,0.255796435062,0.));
#10960 = ORIENTED_EDGE('',*,*,#10921,.F.);
#10961 = PLANE('',#10962);
#10962 = AXIS2_PLACEMENT_3D('',#10963,#10964,#10965);
#10963 = CARTESIAN_POINT('',(22.151278409091,7.615767045455,4.01));
#10964 = DIRECTION('',(0.255796435062,0.966730667668,-0.));
#10965 = DIRECTION('',(-0.966730667668,0.255796435062,0.));
#10966 = ADVANCED_FACE('',(#10967),#10985,.T.);
#10967 = FACE_BOUND('',#10968,.T.);
#10968 = EDGE_LOOP('',(#10969,#10970,#10978,#10984));
#10969 = ORIENTED_EDGE('',*,*,#3871,.T.);
#10970 = ORIENTED_EDGE('',*,*,#10971,.T.);
#10971 = EDGE_CURVE('',#3857,#10972,#10974,.T.);
#10972 = VERTEX_POINT('',#10973);
#10973 = CARTESIAN_POINT('',(22.655539772727,7.380681818182,2.51));
#10974 = LINE('',#10975,#10976);
#10975 = CARTESIAN_POINT('',(22.655539772727,7.380681818182,4.01));
#10976 = VECTOR('',#10977,1.);
#10977 = DIRECTION('',(-0.,-0.,-1.));
#10978 = ORIENTED_EDGE('',*,*,#10979,.T.);
#10979 = EDGE_CURVE('',#10972,#10948,#10980,.T.);
#10980 = B_SPLINE_CURVE_WITH_KNOTS('',2,(#10981,#10982,#10983),
  .UNSPECIFIED.,.F.,.F.,(3,3),(0.,1.),.PIECEWISE_BEZIER_KNOTS.);
#10981 = CARTESIAN_POINT('',(22.655539772727,7.380681818182,2.51));
#10982 = CARTESIAN_POINT('',(22.499289772727,7.523200757576,2.51));
#10983 = CARTESIAN_POINT('',(22.151278409091,7.615767045455,2.51));
#10984 = ORIENTED_EDGE('',*,*,#10947,.F.);
#10985 = SURFACE_OF_LINEAR_EXTRUSION('',#10986,#10990);
#10986 = B_SPLINE_CURVE_WITH_KNOTS('',2,(#10987,#10988,#10989),
  .UNSPECIFIED.,.F.,.F.,(3,3),(0.,1.),.PIECEWISE_BEZIER_KNOTS.);
#10987 = CARTESIAN_POINT('',(22.655539772727,7.380681818182,4.01));
#10988 = CARTESIAN_POINT('',(22.499289772727,7.523200757576,4.01));
#10989 = CARTESIAN_POINT('',(22.151278409091,7.615767045455,4.01));
#10990 = VECTOR('',#10991,1.);
#10991 = DIRECTION('',(0.,0.,1.));
#10992 = ADVANCED_FACE('',(#10993),#11011,.T.);
#10993 = FACE_BOUND('',#10994,.T.);
#10994 = EDGE_LOOP('',(#10995,#10996,#11004,#11010));
#10995 = ORIENTED_EDGE('',*,*,#3856,.T.);
#10996 = ORIENTED_EDGE('',*,*,#10997,.T.);
#10997 = EDGE_CURVE('',#3842,#10998,#11000,.T.);
#10998 = VERTEX_POINT('',#10999);
#10999 = CARTESIAN_POINT('',(22.811789772727,7.010416666667,2.51));
#11000 = LINE('',#11001,#11002);
#11001 = CARTESIAN_POINT('',(22.811789772727,7.010416666667,4.01));
#11002 = VECTOR('',#11003,1.);
#11003 = DIRECTION('',(-0.,-0.,-1.));
#11004 = ORIENTED_EDGE('',*,*,#11005,.T.);
#11005 = EDGE_CURVE('',#10998,#10972,#11006,.T.);
#11006 = B_SPLINE_CURVE_WITH_KNOTS('',2,(#11007,#11008,#11009),
  .UNSPECIFIED.,.F.,.F.,(3,3),(0.,1.),.PIECEWISE_BEZIER_KNOTS.);
#11007 = CARTESIAN_POINT('',(22.811789772727,7.010416666667,2.51));
#11008 = CARTESIAN_POINT('',(22.811789772727,7.238399621212,2.51));
#11009 = CARTESIAN_POINT('',(22.655539772727,7.380681818182,2.51));
#11010 = ORIENTED_EDGE('',*,*,#10971,.F.);
#11011 = SURFACE_OF_LINEAR_EXTRUSION('',#11012,#11016);
#11012 = B_SPLINE_CURVE_WITH_KNOTS('',2,(#11013,#11014,#11015),
  .UNSPECIFIED.,.F.,.F.,(3,3),(0.,1.),.PIECEWISE_BEZIER_KNOTS.);
#11013 = CARTESIAN_POINT('',(22.811789772727,7.010416666667,4.01));
#11014 = CARTESIAN_POINT('',(22.811789772727,7.238399621212,4.01));
#11015 = CARTESIAN_POINT('',(22.655539772727,7.380681818182,4.01));
#11016 = VECTOR('',#11017,1.);
#11017 = DIRECTION('',(0.,0.,1.));
#11018 = ADVANCED_FACE('',(#11019),#11037,.T.);
#11019 = FACE_BOUND('',#11020,.T.);
#11020 = EDGE_LOOP('',(#11021,#11022,#11030,#11036));
#11021 = ORIENTED_EDGE('',*,*,#3841,.T.);
#11022 = ORIENTED_EDGE('',*,*,#11023,.T.);
#11023 = EDGE_CURVE('',#3825,#11024,#11026,.T.);
#11024 = VERTEX_POINT('',#11025);
#11025 = CARTESIAN_POINT('',(22.586174242424,6.560606060606,2.51));
#11026 = LINE('',#11027,#11028);
#11027 = CARTESIAN_POINT('',(22.586174242424,6.560606060606,4.01));
#11028 = VECTOR('',#11029,1.);
#11029 = DIRECTION('',(-0.,-0.,-1.));
#11030 = ORIENTED_EDGE('',*,*,#11031,.T.);
#11031 = EDGE_CURVE('',#11024,#10998,#11032,.T.);
#11032 = B_SPLINE_CURVE_WITH_KNOTS('',2,(#11033,#11034,#11035),
  .UNSPECIFIED.,.F.,.F.,(3,3),(0.,1.),.PIECEWISE_BEZIER_KNOTS.);
#11033 = CARTESIAN_POINT('',(22.586174242424,6.560606060606,2.51));
#11034 = CARTESIAN_POINT('',(22.811789772727,6.710464015152,2.51));
#11035 = CARTESIAN_POINT('',(22.811789772727,7.010416666667,2.51));
#11036 = ORIENTED_EDGE('',*,*,#10997,.F.);
#11037 = SURFACE_OF_LINEAR_EXTRUSION('',#11038,#11042);
#11038 = B_SPLINE_CURVE_WITH_KNOTS('',2,(#11039,#11040,#11041),
  .UNSPECIFIED.,.F.,.F.,(3,3),(0.,1.),.PIECEWISE_BEZIER_KNOTS.);
#11039 = CARTESIAN_POINT('',(22.586174242424,6.560606060606,4.01));
#11040 = CARTESIAN_POINT('',(22.811789772727,6.710464015152,4.01));
#11041 = CARTESIAN_POINT('',(22.811789772727,7.010416666667,4.01));
#11042 = VECTOR('',#11043,1.);
#11043 = DIRECTION('',(0.,0.,1.));
#11044 = ADVANCED_FACE('',(#11045),#11063,.T.);
#11045 = FACE_BOUND('',#11046,.T.);
#11046 = EDGE_LOOP('',(#11047,#11048,#11056,#11062));
#11047 = ORIENTED_EDGE('',*,*,#3824,.T.);
#11048 = ORIENTED_EDGE('',*,*,#11049,.T.);
#11049 = EDGE_CURVE('',#3813,#11050,#11052,.T.);
#11050 = VERTEX_POINT('',#11051);
#11051 = CARTESIAN_POINT('',(21.874289772727,6.410748106061,2.51));
#11052 = LINE('',#11053,#11054);
#11053 = CARTESIAN_POINT('',(21.874289772727,6.410748106061,4.01));
#11054 = VECTOR('',#11055,1.);
#11055 = DIRECTION('',(-0.,-0.,-1.));
#11056 = ORIENTED_EDGE('',*,*,#11057,.T.);
#11057 = EDGE_CURVE('',#11050,#11024,#11058,.T.);
#11058 = B_SPLINE_CURVE_WITH_KNOTS('',2,(#11059,#11060,#11061),
  .UNSPECIFIED.,.F.,.F.,(3,3),(0.,1.),.PIECEWISE_BEZIER_KNOTS.);
#11059 = CARTESIAN_POINT('',(21.874289772727,6.410748106061,2.51));
#11060 = CARTESIAN_POINT('',(22.360795454545,6.410748106061,2.51));
#11061 = CARTESIAN_POINT('',(22.586174242424,6.560606060606,2.51));
#11062 = ORIENTED_EDGE('',*,*,#11023,.F.);
#11063 = SURFACE_OF_LINEAR_EXTRUSION('',#11064,#11068);
#11064 = B_SPLINE_CURVE_WITH_KNOTS('',2,(#11065,#11066,#11067),
  .UNSPECIFIED.,.F.,.F.,(3,3),(0.,1.),.PIECEWISE_BEZIER_KNOTS.);
#11065 = CARTESIAN_POINT('',(21.874289772727,6.410748106061,4.01));
#11066 = CARTESIAN_POINT('',(22.360795454545,6.410748106061,4.01));
#11067 = CARTESIAN_POINT('',(22.586174242424,6.560606060606,4.01));
#11068 = VECTOR('',#11069,1.);
#11069 = DIRECTION('',(0.,0.,1.));
#11070 = ADVANCED_FACE('',(#11071),#11089,.T.);
#11071 = FACE_BOUND('',#11072,.T.);
#11072 = EDGE_LOOP('',(#11073,#11074,#11082,#11088));
#11073 = ORIENTED_EDGE('',*,*,#3812,.T.);
#11074 = ORIENTED_EDGE('',*,*,#11075,.T.);
#11075 = EDGE_CURVE('',#3798,#11076,#11078,.T.);
#11076 = VERTEX_POINT('',#11077);
#11077 = CARTESIAN_POINT('',(21.1640625,6.554450757576,2.51));
#11078 = LINE('',#11079,#11080);
#11079 = CARTESIAN_POINT('',(21.1640625,6.554450757576,4.01));
#11080 = VECTOR('',#11081,1.);
#11081 = DIRECTION('',(-0.,-0.,-1.));
#11082 = ORIENTED_EDGE('',*,*,#11083,.T.);
#11083 = EDGE_CURVE('',#11076,#11050,#11084,.T.);
#11084 = B_SPLINE_CURVE_WITH_KNOTS('',2,(#11085,#11086,#11087),
  .UNSPECIFIED.,.F.,.F.,(3,3),(0.,1.),.PIECEWISE_BEZIER_KNOTS.);
#11085 = CARTESIAN_POINT('',(21.1640625,6.554450757576,2.51));
#11086 = CARTESIAN_POINT('',(21.419744318182,6.410748106061,2.51));
#11087 = CARTESIAN_POINT('',(21.874289772727,6.410748106061,2.51));
#11088 = ORIENTED_EDGE('',*,*,#11049,.F.);
#11089 = SURFACE_OF_LINEAR_EXTRUSION('',#11090,#11094);
#11090 = B_SPLINE_CURVE_WITH_KNOTS('',2,(#11091,#11092,#11093),
  .UNSPECIFIED.,.F.,.F.,(3,3),(0.,1.),.PIECEWISE_BEZIER_KNOTS.);
#11091 = CARTESIAN_POINT('',(21.1640625,6.554450757576,4.01));
#11092 = CARTESIAN_POINT('',(21.419744318182,6.410748106061,4.01));
#11093 = CARTESIAN_POINT('',(21.874289772727,6.410748106061,4.01));
#11094 = VECTOR('',#11095,1.);
#11095 = DIRECTION('',(0.,0.,1.));
#11096 = ADVANCED_FACE('',(#11097),#11115,.T.);
#11097 = FACE_BOUND('',#11098,.T.);
#11098 = EDGE_LOOP('',(#11099,#11100,#11108,#11114));
#11099 = ORIENTED_EDGE('',*,*,#3797,.T.);
#11100 = ORIENTED_EDGE('',*,*,#11101,.T.);
#11101 = EDGE_CURVE('',#3790,#11102,#11104,.T.);
#11102 = VERTEX_POINT('',#11103);
#11103 = CARTESIAN_POINT('',(20.826704545455,7.007339015152,2.51));
#11104 = LINE('',#11105,#11106);
#11105 = CARTESIAN_POINT('',(20.826704545455,7.007339015152,4.01));
#11106 = VECTOR('',#11107,1.);
#11107 = DIRECTION('',(-0.,-0.,-1.));
#11108 = ORIENTED_EDGE('',*,*,#11109,.T.);
#11109 = EDGE_CURVE('',#11102,#11076,#11110,.T.);
#11110 = B_SPLINE_CURVE_WITH_KNOTS('',2,(#11111,#11112,#11113),
  .UNSPECIFIED.,.F.,.F.,(3,3),(0.,1.),.PIECEWISE_BEZIER_KNOTS.);
#11111 = CARTESIAN_POINT('',(20.826704545455,7.007339015152,2.51));
#11112 = CARTESIAN_POINT('',(20.908380681818,6.698390151515,2.51));
#11113 = CARTESIAN_POINT('',(21.1640625,6.554450757576,2.51));
#11114 = ORIENTED_EDGE('',*,*,#11075,.F.);
#11115 = SURFACE_OF_LINEAR_EXTRUSION('',#11116,#11120);
#11116 = B_SPLINE_CURVE_WITH_KNOTS('',2,(#11117,#11118,#11119),
  .UNSPECIFIED.,.F.,.F.,(3,3),(0.,1.),.PIECEWISE_BEZIER_KNOTS.);
#11117 = CARTESIAN_POINT('',(20.826704545455,7.007339015152,4.01));
#11118 = CARTESIAN_POINT('',(20.908380681818,6.698390151515,4.01));
#11119 = CARTESIAN_POINT('',(21.1640625,6.554450757576,4.01));
#11120 = VECTOR('',#11121,1.);
#11121 = DIRECTION('',(0.,0.,1.));
#11122 = ADVANCED_FACE('',(#11123),#11141,.T.);
#11123 = FACE_BOUND('',#11124,.T.);
#11124 = EDGE_LOOP('',(#11125,#11126,#11134,#11140));
#11125 = ORIENTED_EDGE('',*,*,#3789,.F.);
#11126 = ORIENTED_EDGE('',*,*,#11127,.T.);
#11127 = EDGE_CURVE('',#3773,#11128,#11130,.T.);
#11128 = VERTEX_POINT('',#11129);
#11129 = CARTESIAN_POINT('',(20.262073863636,6.897253787879,2.51));
#11130 = LINE('',#11131,#11132);
#11131 = CARTESIAN_POINT('',(20.262073863636,6.897253787879,4.01));
#11132 = VECTOR('',#11133,1.);
#11133 = DIRECTION('',(-0.,-0.,-1.));
#11134 = ORIENTED_EDGE('',*,*,#11135,.T.);
#11135 = EDGE_CURVE('',#11128,#11102,#11136,.T.);
#11136 = LINE('',#11137,#11138);
#11137 = CARTESIAN_POINT('',(20.262073863636,6.897253787879,2.51));
#11138 = VECTOR('',#11139,1.);
#11139 = DIRECTION('',(0.981518881938,0.191365316604,0.));
#11140 = ORIENTED_EDGE('',*,*,#11101,.F.);
#11141 = PLANE('',#11142);
#11142 = AXIS2_PLACEMENT_3D('',#11143,#11144,#11145);
#11143 = CARTESIAN_POINT('',(20.262073863636,6.897253787879,4.01));
#11144 = DIRECTION('',(0.191365316604,-0.981518881938,0.));
#11145 = DIRECTION('',(0.981518881938,0.191365316604,0.));
#11146 = ADVANCED_FACE('',(#11147),#11165,.T.);
#11147 = FACE_BOUND('',#11148,.T.);
#11148 = EDGE_LOOP('',(#11149,#11150,#11158,#11164));
#11149 = ORIENTED_EDGE('',*,*,#3772,.T.);
#11150 = ORIENTED_EDGE('',*,*,#11151,.T.);
#11151 = EDGE_CURVE('',#3756,#11152,#11154,.T.);
#11152 = VERTEX_POINT('',#11153);
#11153 = CARTESIAN_POINT('',(20.767992424242,6.160274621212,2.51));
#11154 = LINE('',#11155,#11156);
#11155 = CARTESIAN_POINT('',(20.767992424242,6.160274621212,4.01));
#11156 = VECTOR('',#11157,1.);
#11157 = DIRECTION('',(-0.,-0.,-1.));
#11158 = ORIENTED_EDGE('',*,*,#11159,.T.);
#11159 = EDGE_CURVE('',#11152,#11128,#11160,.T.);
#11160 = B_SPLINE_CURVE_WITH_KNOTS('',2,(#11161,#11162,#11163),
  .UNSPECIFIED.,.F.,.F.,(3,3),(0.,1.),.PIECEWISE_BEZIER_KNOTS.);
#11161 = CARTESIAN_POINT('',(20.767992424242,6.160274621212,2.51));
#11162 = CARTESIAN_POINT('',(20.379261363636,6.396543560606,2.51));
#11163 = CARTESIAN_POINT('',(20.262073863636,6.897253787879,2.51));
#11164 = ORIENTED_EDGE('',*,*,#11127,.F.);
#11165 = SURFACE_OF_LINEAR_EXTRUSION('',#11166,#11170);
#11166 = B_SPLINE_CURVE_WITH_KNOTS('',2,(#11167,#11168,#11169),
  .UNSPECIFIED.,.F.,.F.,(3,3),(0.,1.),.PIECEWISE_BEZIER_KNOTS.);
#11167 = CARTESIAN_POINT('',(20.767992424242,6.160274621212,4.01));
#11168 = CARTESIAN_POINT('',(20.379261363636,6.396543560606,4.01));
#11169 = CARTESIAN_POINT('',(20.262073863636,6.897253787879,4.01));
#11170 = VECTOR('',#11171,1.);
#11171 = DIRECTION('',(0.,0.,1.));
#11172 = ADVANCED_FACE('',(#11173),#11191,.T.);
#11173 = FACE_BOUND('',#11174,.T.);
#11174 = EDGE_LOOP('',(#11175,#11176,#11184,#11190));
#11175 = ORIENTED_EDGE('',*,*,#3755,.T.);
#11176 = ORIENTED_EDGE('',*,*,#11177,.T.);
#11177 = EDGE_CURVE('',#3739,#11178,#11180,.T.);
#11178 = VERTEX_POINT('',#11179);
#11179 = CARTESIAN_POINT('',(21.874289772727,5.924242424242,2.51));
#11180 = LINE('',#11181,#11182);
#11181 = CARTESIAN_POINT('',(21.874289772727,5.924242424242,4.01));
#11182 = VECTOR('',#11183,1.);
#11183 = DIRECTION('',(-0.,-0.,-1.));
#11184 = ORIENTED_EDGE('',*,*,#11185,.T.);
#11185 = EDGE_CURVE('',#11178,#11152,#11186,.T.);
#11186 = B_SPLINE_CURVE_WITH_KNOTS('',2,(#11187,#11188,#11189),
  .UNSPECIFIED.,.F.,.F.,(3,3),(0.,1.),.PIECEWISE_BEZIER_KNOTS.);
#11187 = CARTESIAN_POINT('',(21.874289772727,5.924242424242,2.51));
#11188 = CARTESIAN_POINT('',(21.156960227273,5.924242424242,2.51));
#11189 = CARTESIAN_POINT('',(20.767992424242,6.160274621212,2.51));
#11190 = ORIENTED_EDGE('',*,*,#11151,.F.);
#11191 = SURFACE_OF_LINEAR_EXTRUSION('',#11192,#11196);
#11192 = B_SPLINE_CURVE_WITH_KNOTS('',2,(#11193,#11194,#11195),
  .UNSPECIFIED.,.F.,.F.,(3,3),(0.,1.),.PIECEWISE_BEZIER_KNOTS.);
#11193 = CARTESIAN_POINT('',(21.874289772727,5.924242424242,4.01));
#11194 = CARTESIAN_POINT('',(21.156960227273,5.924242424242,4.01));
#11195 = CARTESIAN_POINT('',(20.767992424242,6.160274621212,4.01));
#11196 = VECTOR('',#11197,1.);
#11197 = DIRECTION('',(0.,0.,1.));
#11198 = ADVANCED_FACE('',(#11199),#11210,.T.);
#11199 = FACE_BOUND('',#11200,.T.);
#11200 = EDGE_LOOP('',(#11201,#11202,#11203,#11209));
#11201 = ORIENTED_EDGE('',*,*,#3738,.T.);
#11202 = ORIENTED_EDGE('',*,*,#10438,.T.);
#11203 = ORIENTED_EDGE('',*,*,#11204,.T.);
#11204 = EDGE_CURVE('',#10431,#11178,#11205,.T.);
#11205 = B_SPLINE_CURVE_WITH_KNOTS('',2,(#11206,#11207,#11208),
  .UNSPECIFIED.,.F.,.F.,(3,3),(0.,1.),.PIECEWISE_BEZIER_KNOTS.);
#11206 = CARTESIAN_POINT('',(23.022964015152,6.219696969697,2.51));
#11207 = CARTESIAN_POINT('',(22.612926136364,5.924242424242,2.51));
#11208 = CARTESIAN_POINT('',(21.874289772727,5.924242424242,2.51));
#11209 = ORIENTED_EDGE('',*,*,#11177,.F.);
#11210 = SURFACE_OF_LINEAR_EXTRUSION('',#11211,#11215);
#11211 = B_SPLINE_CURVE_WITH_KNOTS('',2,(#11212,#11213,#11214),
  .UNSPECIFIED.,.F.,.F.,(3,3),(0.,1.),.PIECEWISE_BEZIER_KNOTS.);
#11212 = CARTESIAN_POINT('',(23.022964015152,6.219696969697,4.01));
#11213 = CARTESIAN_POINT('',(22.612926136364,5.924242424242,4.01));
#11214 = CARTESIAN_POINT('',(21.874289772727,5.924242424242,4.01));
#11215 = VECTOR('',#11216,1.);
#11216 = DIRECTION('',(0.,0.,1.));
#11217 = ADVANCED_FACE('',(#11218),#11243,.T.);
#11218 = FACE_BOUND('',#11219,.T.);
#11219 = EDGE_LOOP('',(#11220,#11221,#11229,#11237));
#11220 = ORIENTED_EDGE('',*,*,#4147,.T.);
#11221 = ORIENTED_EDGE('',*,*,#11222,.T.);
#11222 = EDGE_CURVE('',#4150,#11223,#11225,.T.);
#11223 = VERTEX_POINT('',#11224);
#11224 = CARTESIAN_POINT('',(27.546875,7.92021780303,2.51));
#11225 = LINE('',#11226,#11227);
#11226 = CARTESIAN_POINT('',(27.546875,7.92021780303,4.01));
#11227 = VECTOR('',#11228,1.);
#11228 = DIRECTION('',(-0.,-0.,-1.));
#11229 = ORIENTED_EDGE('',*,*,#11230,.T.);
#11230 = EDGE_CURVE('',#11223,#11231,#11233,.T.);
#11231 = VERTEX_POINT('',#11232);
#11232 = CARTESIAN_POINT('',(27.102982954545,6.417850378788,2.51));
#11233 = B_SPLINE_CURVE_WITH_KNOTS('',2,(#11234,#11235,#11236),
  .UNSPECIFIED.,.F.,.F.,(3,3),(0.,1.),.PIECEWISE_BEZIER_KNOTS.);
#11234 = CARTESIAN_POINT('',(27.546875,7.92021780303,2.51));
#11235 = CARTESIAN_POINT('',(27.546875,6.911458333333,2.51));
#11236 = CARTESIAN_POINT('',(27.102982954545,6.417850378788,2.51));
#11237 = ORIENTED_EDGE('',*,*,#11238,.F.);
#11238 = EDGE_CURVE('',#4148,#11231,#11239,.T.);
#11239 = LINE('',#11240,#11241);
#11240 = CARTESIAN_POINT('',(27.102982954545,6.417850378788,4.01));
#11241 = VECTOR('',#11242,1.);
#11242 = DIRECTION('',(-0.,-0.,-1.));
#11243 = SURFACE_OF_LINEAR_EXTRUSION('',#11244,#11248);
#11244 = B_SPLINE_CURVE_WITH_KNOTS('',2,(#11245,#11246,#11247),
  .UNSPECIFIED.,.F.,.F.,(3,3),(0.,1.),.PIECEWISE_BEZIER_KNOTS.);
#11245 = CARTESIAN_POINT('',(27.546875,7.92021780303,4.01));
#11246 = CARTESIAN_POINT('',(27.546875,6.911458333333,4.01));
#11247 = CARTESIAN_POINT('',(27.102982954545,6.417850378788,4.01));
#11248 = VECTOR('',#11249,1.);
#11249 = DIRECTION('',(0.,0.,1.));
#11250 = ADVANCED_FACE('',(#11251),#11269,.T.);
#11251 = FACE_BOUND('',#11252,.T.);
#11252 = EDGE_LOOP('',(#11253,#11254,#11262,#11268));
#11253 = ORIENTED_EDGE('',*,*,#4308,.T.);
#11254 = ORIENTED_EDGE('',*,*,#11255,.T.);
#11255 = EDGE_CURVE('',#4282,#11256,#11258,.T.);
#11256 = VERTEX_POINT('',#11257);
#11257 = CARTESIAN_POINT('',(27.131392045455,9.424242424242,2.51));
#11258 = LINE('',#11259,#11260);
#11259 = CARTESIAN_POINT('',(27.131392045455,9.424242424242,4.01));
#11260 = VECTOR('',#11261,1.);
#11261 = DIRECTION('',(-0.,-0.,-1.));
#11262 = ORIENTED_EDGE('',*,*,#11263,.T.);
#11263 = EDGE_CURVE('',#11256,#11223,#11264,.T.);
#11264 = B_SPLINE_CURVE_WITH_KNOTS('',2,(#11265,#11266,#11267),
  .UNSPECIFIED.,.F.,.F.,(3,3),(0.,1.),.PIECEWISE_BEZIER_KNOTS.);
#11265 = CARTESIAN_POINT('',(27.131392045455,9.424242424242,2.51));
#11266 = CARTESIAN_POINT('',(27.546875,8.939630681818,2.51));
#11267 = CARTESIAN_POINT('',(27.546875,7.92021780303,2.51));
#11268 = ORIENTED_EDGE('',*,*,#11222,.F.);
#11269 = SURFACE_OF_LINEAR_EXTRUSION('',#11270,#11274);
#11270 = B_SPLINE_CURVE_WITH_KNOTS('',2,(#11271,#11272,#11273),
  .UNSPECIFIED.,.F.,.F.,(3,3),(0.,1.),.PIECEWISE_BEZIER_KNOTS.);
#11271 = CARTESIAN_POINT('',(27.131392045455,9.424242424242,4.01));
#11272 = CARTESIAN_POINT('',(27.546875,8.939630681818,4.01));
#11273 = CARTESIAN_POINT('',(27.546875,7.92021780303,4.01));
#11274 = VECTOR('',#11275,1.);
#11275 = DIRECTION('',(0.,0.,1.));
#11276 = ADVANCED_FACE('',(#11277),#11295,.T.);
#11277 = FACE_BOUND('',#11278,.T.);
#11278 = EDGE_LOOP('',(#11279,#11280,#11288,#11294));
#11279 = ORIENTED_EDGE('',*,*,#4281,.T.);
#11280 = ORIENTED_EDGE('',*,*,#11281,.T.);
#11281 = EDGE_CURVE('',#4240,#11282,#11284,.T.);
#11282 = VERTEX_POINT('',#11283);
#11283 = CARTESIAN_POINT('',(25.835227272727,9.909090909091,2.51));
#11284 = LINE('',#11285,#11286);
#11285 = CARTESIAN_POINT('',(25.835227272727,9.909090909091,4.01));
#11286 = VECTOR('',#11287,1.);
#11287 = DIRECTION('',(-0.,-0.,-1.));
#11288 = ORIENTED_EDGE('',*,*,#11289,.T.);
#11289 = EDGE_CURVE('',#11282,#11256,#11290,.T.);
#11290 = B_SPLINE_CURVE_WITH_KNOTS('',2,(#11291,#11292,#11293),
  .UNSPECIFIED.,.F.,.F.,(3,3),(0.,1.),.PIECEWISE_BEZIER_KNOTS.);
#11291 = CARTESIAN_POINT('',(25.835227272727,9.909090909091,2.51));
#11292 = CARTESIAN_POINT('',(26.715909090909,9.909090909091,2.51));
#11293 = CARTESIAN_POINT('',(27.131392045455,9.424242424242,2.51));
#11294 = ORIENTED_EDGE('',*,*,#11255,.F.);
#11295 = SURFACE_OF_LINEAR_EXTRUSION('',#11296,#11300);
#11296 = B_SPLINE_CURVE_WITH_KNOTS('',2,(#11297,#11298,#11299),
  .UNSPECIFIED.,.F.,.F.,(3,3),(0.,1.),.PIECEWISE_BEZIER_KNOTS.);
#11297 = CARTESIAN_POINT('',(25.835227272727,9.909090909091,4.01));
#11298 = CARTESIAN_POINT('',(26.715909090909,9.909090909091,4.01));
#11299 = CARTESIAN_POINT('',(27.131392045455,9.424242424242,4.01));
#11300 = VECTOR('',#11301,1.);
#11301 = DIRECTION('',(0.,0.,1.));
#11302 = ADVANCED_FACE('',(#11303),#11321,.T.);
#11303 = FACE_BOUND('',#11304,.T.);
#11304 = EDGE_LOOP('',(#11305,#11306,#11314,#11320));
#11305 = ORIENTED_EDGE('',*,*,#4239,.T.);
#11306 = ORIENTED_EDGE('',*,*,#11307,.T.);
#11307 = EDGE_CURVE('',#4218,#11308,#11310,.T.);
#11308 = VERTEX_POINT('',#11309);
#11309 = CARTESIAN_POINT('',(24.112926136364,7.92021780303,2.51));
#11310 = LINE('',#11311,#11312);
#11311 = CARTESIAN_POINT('',(24.112926136364,7.92021780303,4.01));
#11312 = VECTOR('',#11313,1.);
#11313 = DIRECTION('',(-0.,-0.,-1.));
#11314 = ORIENTED_EDGE('',*,*,#11315,.T.);
#11315 = EDGE_CURVE('',#11308,#11282,#11316,.T.);
#11316 = B_SPLINE_CURVE_WITH_KNOTS('',2,(#11317,#11318,#11319),
  .UNSPECIFIED.,.F.,.F.,(3,3),(0.,1.),.PIECEWISE_BEZIER_KNOTS.);
#11317 = CARTESIAN_POINT('',(24.112926136364,7.92021780303,2.51));
#11318 = CARTESIAN_POINT('',(24.112926136364,9.909090909091,2.51));
#11319 = CARTESIAN_POINT('',(25.835227272727,9.909090909091,2.51));
#11320 = ORIENTED_EDGE('',*,*,#11281,.F.);
#11321 = SURFACE_OF_LINEAR_EXTRUSION('',#11322,#11326);
#11322 = B_SPLINE_CURVE_WITH_KNOTS('',2,(#11323,#11324,#11325),
  .UNSPECIFIED.,.F.,.F.,(3,3),(0.,1.),.PIECEWISE_BEZIER_KNOTS.);
#11323 = CARTESIAN_POINT('',(24.112926136364,7.92021780303,4.01));
#11324 = CARTESIAN_POINT('',(24.112926136364,9.909090909091,4.01));
#11325 = CARTESIAN_POINT('',(25.835227272727,9.909090909091,4.01));
#11326 = VECTOR('',#11327,1.);
#11327 = DIRECTION('',(0.,0.,1.));
#11328 = ADVANCED_FACE('',(#11329),#11347,.T.);
#11329 = FACE_BOUND('',#11330,.T.);
#11330 = EDGE_LOOP('',(#11331,#11332,#11340,#11346));
#11331 = ORIENTED_EDGE('',*,*,#4217,.T.);
#11332 = ORIENTED_EDGE('',*,*,#11333,.T.);
#11333 = EDGE_CURVE('',#4195,#11334,#11336,.T.);
#11334 = VERTEX_POINT('',#11335);
#11335 = CARTESIAN_POINT('',(24.542613636364,6.4375,2.51));
#11336 = LINE('',#11337,#11338);
#11337 = CARTESIAN_POINT('',(24.542613636364,6.4375,4.01));
#11338 = VECTOR('',#11339,1.);
#11339 = DIRECTION('',(-0.,-0.,-1.));
#11340 = ORIENTED_EDGE('',*,*,#11341,.T.);
#11341 = EDGE_CURVE('',#11334,#11308,#11342,.T.);
#11342 = B_SPLINE_CURVE_WITH_KNOTS('',2,(#11343,#11344,#11345),
  .UNSPECIFIED.,.F.,.F.,(3,3),(0.,1.),.PIECEWISE_BEZIER_KNOTS.);
#11343 = CARTESIAN_POINT('',(24.542613636364,6.4375,2.51));
#11344 = CARTESIAN_POINT('',(24.112926136364,6.950757575758,2.51));
#11345 = CARTESIAN_POINT('',(24.112926136364,7.92021780303,2.51));
#11346 = ORIENTED_EDGE('',*,*,#11307,.F.);
#11347 = SURFACE_OF_LINEAR_EXTRUSION('',#11348,#11352);
#11348 = B_SPLINE_CURVE_WITH_KNOTS('',2,(#11349,#11350,#11351),
  .UNSPECIFIED.,.F.,.F.,(3,3),(0.,1.),.PIECEWISE_BEZIER_KNOTS.);
#11349 = CARTESIAN_POINT('',(24.542613636364,6.4375,4.01));
#11350 = CARTESIAN_POINT('',(24.112926136364,6.950757575758,4.01));
#11351 = CARTESIAN_POINT('',(24.112926136364,7.92021780303,4.01));
#11352 = VECTOR('',#11353,1.);
#11353 = DIRECTION('',(0.,0.,1.));
#11354 = ADVANCED_FACE('',(#11355),#11373,.T.);
#11355 = FACE_BOUND('',#11356,.T.);
#11356 = EDGE_LOOP('',(#11357,#11358,#11366,#11372));
#11357 = ORIENTED_EDGE('',*,*,#4194,.T.);
#11358 = ORIENTED_EDGE('',*,*,#11359,.T.);
#11359 = EDGE_CURVE('',#4172,#11360,#11362,.T.);
#11360 = VERTEX_POINT('',#11361);
#11361 = CARTESIAN_POINT('',(25.813920454545,5.924242424242,2.51));
#11362 = LINE('',#11363,#11364);
#11363 = CARTESIAN_POINT('',(25.813920454545,5.924242424242,4.01));
#11364 = VECTOR('',#11365,1.);
#11365 = DIRECTION('',(-0.,-0.,-1.));
#11366 = ORIENTED_EDGE('',*,*,#11367,.T.);
#11367 = EDGE_CURVE('',#11360,#11334,#11368,.T.);
#11368 = B_SPLINE_CURVE_WITH_KNOTS('',2,(#11369,#11370,#11371),
  .UNSPECIFIED.,.F.,.F.,(3,3),(0.,1.),.PIECEWISE_BEZIER_KNOTS.);
#11369 = CARTESIAN_POINT('',(25.813920454545,5.924242424242,2.51));
#11370 = CARTESIAN_POINT('',(24.972301136364,5.924242424242,2.51));
#11371 = CARTESIAN_POINT('',(24.542613636364,6.4375,2.51));
#11372 = ORIENTED_EDGE('',*,*,#11333,.F.);
#11373 = SURFACE_OF_LINEAR_EXTRUSION('',#11374,#11378);
#11374 = B_SPLINE_CURVE_WITH_KNOTS('',2,(#11375,#11376,#11377),
  .UNSPECIFIED.,.F.,.F.,(3,3),(0.,1.),.PIECEWISE_BEZIER_KNOTS.);
#11375 = CARTESIAN_POINT('',(25.813920454545,5.924242424242,4.01));
#11376 = CARTESIAN_POINT('',(24.972301136364,5.924242424242,4.01));
#11377 = CARTESIAN_POINT('',(24.542613636364,6.4375,4.01));
#11378 = VECTOR('',#11379,1.);
#11379 = DIRECTION('',(0.,0.,1.));
#11380 = ADVANCED_FACE('',(#11381),#11392,.T.);
#11381 = FACE_BOUND('',#11382,.T.);
#11382 = EDGE_LOOP('',(#11383,#11384,#11385,#11391));
#11383 = ORIENTED_EDGE('',*,*,#4171,.T.);
#11384 = ORIENTED_EDGE('',*,*,#11238,.T.);
#11385 = ORIENTED_EDGE('',*,*,#11386,.T.);
#11386 = EDGE_CURVE('',#11231,#11360,#11387,.T.);
#11387 = B_SPLINE_CURVE_WITH_KNOTS('',2,(#11388,#11389,#11390),
  .UNSPECIFIED.,.F.,.F.,(3,3),(0.,1.),.PIECEWISE_BEZIER_KNOTS.);
#11388 = CARTESIAN_POINT('',(27.102982954545,6.417850378788,2.51));
#11389 = CARTESIAN_POINT('',(26.659090909091,5.924242424242,2.51));
#11390 = CARTESIAN_POINT('',(25.813920454545,5.924242424242,2.51));
#11391 = ORIENTED_EDGE('',*,*,#11359,.F.);
#11392 = SURFACE_OF_LINEAR_EXTRUSION('',#11393,#11397);
#11393 = B_SPLINE_CURVE_WITH_KNOTS('',2,(#11394,#11395,#11396),
  .UNSPECIFIED.,.F.,.F.,(3,3),(0.,1.),.PIECEWISE_BEZIER_KNOTS.);
#11394 = CARTESIAN_POINT('',(27.102982954545,6.417850378788,4.01));
#11395 = CARTESIAN_POINT('',(26.659090909091,5.924242424242,4.01));
#11396 = CARTESIAN_POINT('',(25.813920454545,5.924242424242,4.01));
#11397 = VECTOR('',#11398,1.);
#11398 = DIRECTION('',(0.,0.,1.));
#11399 = ADVANCED_FACE('',(#11400),#11425,.T.);
#11400 = FACE_BOUND('',#11401,.T.);
#11401 = EDGE_LOOP('',(#11402,#11403,#11411,#11419));
#11402 = ORIENTED_EDGE('',*,*,#4330,.F.);
#11403 = ORIENTED_EDGE('',*,*,#11404,.T.);
#11404 = EDGE_CURVE('',#4331,#11405,#11407,.T.);
#11405 = VERTEX_POINT('',#11406);
#11406 = CARTESIAN_POINT('',(29.107954545455,6.,2.51));
#11407 = LINE('',#11408,#11409);
#11408 = CARTESIAN_POINT('',(29.107954545455,6.,4.01));
#11409 = VECTOR('',#11410,1.);
#11410 = DIRECTION('',(-0.,-0.,-1.));
#11411 = ORIENTED_EDGE('',*,*,#11412,.T.);
#11412 = EDGE_CURVE('',#11405,#11413,#11415,.T.);
#11413 = VERTEX_POINT('',#11414);
#11414 = CARTESIAN_POINT('',(28.46875,6.,2.51));
#11415 = LINE('',#11416,#11417);
#11416 = CARTESIAN_POINT('',(29.107954545455,6.,2.51));
#11417 = VECTOR('',#11418,1.);
#11418 = DIRECTION('',(-1.,0.,0.));
#11419 = ORIENTED_EDGE('',*,*,#11420,.F.);
#11420 = EDGE_CURVE('',#4333,#11413,#11421,.T.);
#11421 = LINE('',#11422,#11423);
#11422 = CARTESIAN_POINT('',(28.46875,6.,4.01));
#11423 = VECTOR('',#11424,1.);
#11424 = DIRECTION('',(-0.,-0.,-1.));
#11425 = PLANE('',#11426);
#11426 = AXIS2_PLACEMENT_3D('',#11427,#11428,#11429);
#11427 = CARTESIAN_POINT('',(29.107954545455,6.,4.01));
#11428 = DIRECTION('',(0.,1.,-0.));
#11429 = DIRECTION('',(-1.,0.,0.));
#11430 = ADVANCED_FACE('',(#11431),#11449,.T.);
#11431 = FACE_BOUND('',#11432,.T.);
#11432 = EDGE_LOOP('',(#11433,#11434,#11442,#11448));
#11433 = ORIENTED_EDGE('',*,*,#4486,.F.);
#11434 = ORIENTED_EDGE('',*,*,#11435,.T.);
#11435 = EDGE_CURVE('',#4470,#11436,#11438,.T.);
#11436 = VERTEX_POINT('',#11437);
#11437 = CARTESIAN_POINT('',(29.107954545455,8.000236742424,2.51));
#11438 = LINE('',#11439,#11440);
#11439 = CARTESIAN_POINT('',(29.107954545455,8.000236742424,4.01));
#11440 = VECTOR('',#11441,1.);
#11441 = DIRECTION('',(-0.,-0.,-1.));
#11442 = ORIENTED_EDGE('',*,*,#11443,.T.);
#11443 = EDGE_CURVE('',#11436,#11405,#11444,.T.);
#11444 = LINE('',#11445,#11446);
#11445 = CARTESIAN_POINT('',(29.107954545455,8.000236742424,2.51));
#11446 = VECTOR('',#11447,1.);
#11447 = DIRECTION('',(0.,-1.,0.));
#11448 = ORIENTED_EDGE('',*,*,#11404,.F.);
#11449 = PLANE('',#11450);
#11450 = AXIS2_PLACEMENT_3D('',#11451,#11452,#11453);
#11451 = CARTESIAN_POINT('',(29.107954545455,8.000236742424,4.01));
#11452 = DIRECTION('',(-1.,0.,0.));
#11453 = DIRECTION('',(0.,-1.,0.));
#11454 = ADVANCED_FACE('',(#11455),#11473,.T.);
#11455 = FACE_BOUND('',#11456,.T.);
#11456 = EDGE_LOOP('',(#11457,#11458,#11466,#11472));
#11457 = ORIENTED_EDGE('',*,*,#4469,.T.);
#11458 = ORIENTED_EDGE('',*,*,#11459,.T.);
#11459 = EDGE_CURVE('',#4451,#11460,#11462,.T.);
#11460 = VERTEX_POINT('',#11461);
#11461 = CARTESIAN_POINT('',(29.317471590909,8.980823863636,2.51));
#11462 = LINE('',#11463,#11464);
#11463 = CARTESIAN_POINT('',(29.317471590909,8.980823863636,4.01));
#11464 = VECTOR('',#11465,1.);
#11465 = DIRECTION('',(-0.,-0.,-1.));
#11466 = ORIENTED_EDGE('',*,*,#11467,.T.);
#11467 = EDGE_CURVE('',#11460,#11436,#11468,.T.);
#11468 = B_SPLINE_CURVE_WITH_KNOTS('',2,(#11469,#11470,#11471),
  .UNSPECIFIED.,.F.,.F.,(3,3),(0.,1.),.PIECEWISE_BEZIER_KNOTS.);
#11469 = CARTESIAN_POINT('',(29.317471590909,8.980823863636,2.51));
#11470 = CARTESIAN_POINT('',(29.107954545455,8.638731060606,2.51));
#11471 = CARTESIAN_POINT('',(29.107954545455,8.000236742424,2.51));
#11472 = ORIENTED_EDGE('',*,*,#11435,.F.);
#11473 = SURFACE_OF_LINEAR_EXTRUSION('',#11474,#11478);
#11474 = B_SPLINE_CURVE_WITH_KNOTS('',2,(#11475,#11476,#11477),
  .UNSPECIFIED.,.F.,.F.,(3,3),(0.,1.),.PIECEWISE_BEZIER_KNOTS.);
#11475 = CARTESIAN_POINT('',(29.317471590909,8.980823863636,4.01));
#11476 = CARTESIAN_POINT('',(29.107954545455,8.638731060606,4.01));
#11477 = CARTESIAN_POINT('',(29.107954545455,8.000236742424,4.01));
#11478 = VECTOR('',#11479,1.);
#11479 = DIRECTION('',(0.,0.,1.));
#11480 = ADVANCED_FACE('',(#11481),#11499,.T.);
#11481 = FACE_BOUND('',#11482,.T.);
#11482 = EDGE_LOOP('',(#11483,#11484,#11492,#11498));
#11483 = ORIENTED_EDGE('',*,*,#4450,.T.);
#11484 = ORIENTED_EDGE('',*,*,#11485,.T.);
#11485 = EDGE_CURVE('',#4440,#11486,#11488,.T.);
#11486 = VERTEX_POINT('',#11487);
#11487 = CARTESIAN_POINT('',(29.924715909091,9.323153409091,2.51));
#11488 = LINE('',#11489,#11490);
#11489 = CARTESIAN_POINT('',(29.924715909091,9.323153409091,4.01));
#11490 = VECTOR('',#11491,1.);
#11491 = DIRECTION('',(-0.,-0.,-1.));
#11492 = ORIENTED_EDGE('',*,*,#11493,.T.);
#11493 = EDGE_CURVE('',#11486,#11460,#11494,.T.);
#11494 = B_SPLINE_CURVE_WITH_KNOTS('',2,(#11495,#11496,#11497),
  .UNSPECIFIED.,.F.,.F.,(3,3),(0.,1.),.PIECEWISE_BEZIER_KNOTS.);
#11495 = CARTESIAN_POINT('',(29.924715909091,9.323153409091,2.51));
#11496 = CARTESIAN_POINT('',(29.526988636364,9.323153409091,2.51));
#11497 = CARTESIAN_POINT('',(29.317471590909,8.980823863636,2.51));
#11498 = ORIENTED_EDGE('',*,*,#11459,.F.);
#11499 = SURFACE_OF_LINEAR_EXTRUSION('',#11500,#11504);
#11500 = B_SPLINE_CURVE_WITH_KNOTS('',2,(#11501,#11502,#11503),
  .UNSPECIFIED.,.F.,.F.,(3,3),(0.,1.),.PIECEWISE_BEZIER_KNOTS.);
#11501 = CARTESIAN_POINT('',(29.924715909091,9.323153409091,4.01));
#11502 = CARTESIAN_POINT('',(29.526988636364,9.323153409091,4.01));
#11503 = CARTESIAN_POINT('',(29.317471590909,8.980823863636,4.01));
#11504 = VECTOR('',#11505,1.);
#11505 = DIRECTION('',(0.,0.,1.));
#11506 = ADVANCED_FACE('',(#11507),#11525,.T.);
#11507 = FACE_BOUND('',#11508,.T.);
#11508 = EDGE_LOOP('',(#11509,#11510,#11518,#11524));
#11509 = ORIENTED_EDGE('',*,*,#4439,.T.);
#11510 = ORIENTED_EDGE('',*,*,#11511,.T.);
#11511 = EDGE_CURVE('',#4432,#11512,#11514,.T.);
#11512 = VERTEX_POINT('',#11513);
#11513 = CARTESIAN_POINT('',(30.265625,9.287642045455,2.51));
#11514 = LINE('',#11515,#11516);
#11515 = CARTESIAN_POINT('',(30.265625,9.287642045455,4.01));
#11516 = VECTOR('',#11517,1.);
#11517 = DIRECTION('',(-0.,-0.,-1.));
#11518 = ORIENTED_EDGE('',*,*,#11519,.T.);
#11519 = EDGE_CURVE('',#11512,#11486,#11520,.T.);
#11520 = B_SPLINE_CURVE_WITH_KNOTS('',2,(#11521,#11522,#11523),
  .UNSPECIFIED.,.F.,.F.,(3,3),(0.,1.),.PIECEWISE_BEZIER_KNOTS.);
#11521 = CARTESIAN_POINT('',(30.265625,9.287642045455,2.51));
#11522 = CARTESIAN_POINT('',(30.137784090909,9.323153409091,2.51));
#11523 = CARTESIAN_POINT('',(29.924715909091,9.323153409091,2.51));
#11524 = ORIENTED_EDGE('',*,*,#11485,.F.);
#11525 = SURFACE_OF_LINEAR_EXTRUSION('',#11526,#11530);
#11526 = B_SPLINE_CURVE_WITH_KNOTS('',2,(#11527,#11528,#11529),
  .UNSPECIFIED.,.F.,.F.,(3,3),(0.,1.),.PIECEWISE_BEZIER_KNOTS.);
#11527 = CARTESIAN_POINT('',(30.265625,9.287642045455,4.01));
#11528 = CARTESIAN_POINT('',(30.137784090909,9.323153409091,4.01));
#11529 = CARTESIAN_POINT('',(29.924715909091,9.323153409091,4.01));
#11530 = VECTOR('',#11531,1.);
#11531 = DIRECTION('',(0.,0.,1.));
#11532 = ADVANCED_FACE('',(#11533),#11551,.T.);
#11533 = FACE_BOUND('',#11534,.T.);
#11534 = EDGE_LOOP('',(#11535,#11536,#11544,#11550));
#11535 = ORIENTED_EDGE('',*,*,#4431,.F.);
#11536 = ORIENTED_EDGE('',*,*,#11537,.T.);
#11537 = EDGE_CURVE('',#4422,#11538,#11540,.T.);
#11538 = VERTEX_POINT('',#11539);
#11539 = CARTESIAN_POINT('',(30.265625,9.873579545455,2.51));
#11540 = LINE('',#11541,#11542);
#11541 = CARTESIAN_POINT('',(30.265625,9.873579545455,4.01));
#11542 = VECTOR('',#11543,1.);
#11543 = DIRECTION('',(-0.,-0.,-1.));
#11544 = ORIENTED_EDGE('',*,*,#11545,.T.);
#11545 = EDGE_CURVE('',#11538,#11512,#11546,.T.);
#11546 = LINE('',#11547,#11548);
#11547 = CARTESIAN_POINT('',(30.265625,9.873579545455,2.51));
#11548 = VECTOR('',#11549,1.);
#11549 = DIRECTION('',(0.,-1.,0.));
#11550 = ORIENTED_EDGE('',*,*,#11511,.F.);
#11551 = PLANE('',#11552);
#11552 = AXIS2_PLACEMENT_3D('',#11553,#11554,#11555);
#11553 = CARTESIAN_POINT('',(30.265625,9.873579545455,4.01));
#11554 = DIRECTION('',(-1.,0.,0.));
#11555 = DIRECTION('',(0.,-1.,0.));
#11556 = ADVANCED_FACE('',(#11557),#11575,.T.);
#11557 = FACE_BOUND('',#11558,.T.);
#11558 = EDGE_LOOP('',(#11559,#11560,#11568,#11574));
#11559 = ORIENTED_EDGE('',*,*,#4421,.T.);
#11560 = ORIENTED_EDGE('',*,*,#11561,.T.);
#11561 = EDGE_CURVE('',#4407,#11562,#11564,.T.);
#11562 = VERTEX_POINT('',#11563);
#11563 = CARTESIAN_POINT('',(30.006392045455,9.909090909091,2.51));
#11564 = LINE('',#11565,#11566);
#11565 = CARTESIAN_POINT('',(30.006392045455,9.909090909091,4.01));
#11566 = VECTOR('',#11567,1.);
#11567 = DIRECTION('',(-0.,-0.,-1.));
#11568 = ORIENTED_EDGE('',*,*,#11569,.T.);
#11569 = EDGE_CURVE('',#11562,#11538,#11570,.T.);
#11570 = B_SPLINE_CURVE_WITH_KNOTS('',2,(#11571,#11572,#11573),
  .UNSPECIFIED.,.F.,.F.,(3,3),(0.,1.),.PIECEWISE_BEZIER_KNOTS.);
#11571 = CARTESIAN_POINT('',(30.006392045455,9.909090909091,2.51));
#11572 = CARTESIAN_POINT('',(30.134232954545,9.909090909091,2.51));
#11573 = CARTESIAN_POINT('',(30.265625,9.873579545455,2.51));
#11574 = ORIENTED_EDGE('',*,*,#11537,.F.);
#11575 = SURFACE_OF_LINEAR_EXTRUSION('',#11576,#11580);
#11576 = B_SPLINE_CURVE_WITH_KNOTS('',2,(#11577,#11578,#11579),
  .UNSPECIFIED.,.F.,.F.,(3,3),(0.,1.),.PIECEWISE_BEZIER_KNOTS.);
#11577 = CARTESIAN_POINT('',(30.006392045455,9.909090909091,4.01));
#11578 = CARTESIAN_POINT('',(30.134232954545,9.909090909091,4.01));
#11579 = CARTESIAN_POINT('',(30.265625,9.873579545455,4.01));
#11580 = VECTOR('',#11581,1.);
#11581 = DIRECTION('',(0.,0.,1.));
#11582 = ADVANCED_FACE('',(#11583),#11601,.T.);
#11583 = FACE_BOUND('',#11584,.T.);
#11584 = EDGE_LOOP('',(#11585,#11586,#11594,#11600));
#11585 = ORIENTED_EDGE('',*,*,#4406,.T.);
#11586 = ORIENTED_EDGE('',*,*,#11587,.T.);
#11587 = EDGE_CURVE('',#4394,#11588,#11590,.T.);
#11588 = VERTEX_POINT('',#11589);
#11589 = CARTESIAN_POINT('',(29.4453125,9.727982954545,2.51));
#11590 = LINE('',#11591,#11592);
#11591 = CARTESIAN_POINT('',(29.4453125,9.727982954545,4.01));
#11592 = VECTOR('',#11593,1.);
#11593 = DIRECTION('',(-0.,-0.,-1.));
#11594 = ORIENTED_EDGE('',*,*,#11595,.T.);
#11595 = EDGE_CURVE('',#11588,#11562,#11596,.T.);
#11596 = B_SPLINE_CURVE_WITH_KNOTS('',2,(#11597,#11598,#11599),
  .UNSPECIFIED.,.F.,.F.,(3,3),(0.,1.),.PIECEWISE_BEZIER_KNOTS.);
#11597 = CARTESIAN_POINT('',(29.4453125,9.727982954545,2.51));
#11598 = CARTESIAN_POINT('',(29.644176136364,9.909090909091,2.51));
#11599 = CARTESIAN_POINT('',(30.006392045455,9.909090909091,2.51));
#11600 = ORIENTED_EDGE('',*,*,#11561,.F.);
#11601 = SURFACE_OF_LINEAR_EXTRUSION('',#11602,#11606);
#11602 = B_SPLINE_CURVE_WITH_KNOTS('',2,(#11603,#11604,#11605),
  .UNSPECIFIED.,.F.,.F.,(3,3),(0.,1.),.PIECEWISE_BEZIER_KNOTS.);
#11603 = CARTESIAN_POINT('',(29.4453125,9.727982954545,4.01));
#11604 = CARTESIAN_POINT('',(29.644176136364,9.909090909091,4.01));
#11605 = CARTESIAN_POINT('',(30.006392045455,9.909090909091,4.01));
#11606 = VECTOR('',#11607,1.);
#11607 = DIRECTION('',(0.,0.,1.));
#11608 = ADVANCED_FACE('',(#11609),#11627,.T.);
#11609 = FACE_BOUND('',#11610,.T.);
#11610 = EDGE_LOOP('',(#11611,#11612,#11620,#11626));
#11611 = ORIENTED_EDGE('',*,*,#4393,.T.);
#11612 = ORIENTED_EDGE('',*,*,#11613,.T.);
#11613 = EDGE_CURVE('',#4386,#11614,#11616,.T.);
#11614 = VERTEX_POINT('',#11615);
#11615 = CARTESIAN_POINT('',(29.09375,9.053267045455,2.51));
#11616 = LINE('',#11617,#11618);
#11617 = CARTESIAN_POINT('',(29.09375,9.053267045455,4.01));
#11618 = VECTOR('',#11619,1.);
#11619 = DIRECTION('',(-0.,-0.,-1.));
#11620 = ORIENTED_EDGE('',*,*,#11621,.T.);
#11621 = EDGE_CURVE('',#11614,#11588,#11622,.T.);
#11622 = B_SPLINE_CURVE_WITH_KNOTS('',2,(#11623,#11624,#11625),
  .UNSPECIFIED.,.F.,.F.,(3,3),(0.,1.),.PIECEWISE_BEZIER_KNOTS.);
#11623 = CARTESIAN_POINT('',(29.09375,9.053267045455,2.51));
#11624 = CARTESIAN_POINT('',(29.246448863636,9.546875,2.51));
#11625 = CARTESIAN_POINT('',(29.4453125,9.727982954545,2.51));
#11626 = ORIENTED_EDGE('',*,*,#11587,.F.);
#11627 = SURFACE_OF_LINEAR_EXTRUSION('',#11628,#11632);
#11628 = B_SPLINE_CURVE_WITH_KNOTS('',2,(#11629,#11630,#11631),
  .UNSPECIFIED.,.F.,.F.,(3,3),(0.,1.),.PIECEWISE_BEZIER_KNOTS.);
#11629 = CARTESIAN_POINT('',(29.09375,9.053267045455,4.01));
#11630 = CARTESIAN_POINT('',(29.246448863636,9.546875,4.01));
#11631 = CARTESIAN_POINT('',(29.4453125,9.727982954545,4.01));
#11632 = VECTOR('',#11633,1.);
#11633 = DIRECTION('',(0.,0.,1.));
#11634 = ADVANCED_FACE('',(#11635),#11653,.T.);
#11635 = FACE_BOUND('',#11636,.T.);
#11636 = EDGE_LOOP('',(#11637,#11638,#11646,#11652));
#11637 = ORIENTED_EDGE('',*,*,#4385,.F.);
#11638 = ORIENTED_EDGE('',*,*,#11639,.T.);
#11639 = EDGE_CURVE('',#4367,#11640,#11642,.T.);
#11640 = VERTEX_POINT('',#11641);
#11641 = CARTESIAN_POINT('',(29.079545454545,9.053267045455,2.51));
#11642 = LINE('',#11643,#11644);
#11643 = CARTESIAN_POINT('',(29.079545454545,9.053267045455,4.01));
#11644 = VECTOR('',#11645,1.);
#11645 = DIRECTION('',(-0.,-0.,-1.));
#11646 = ORIENTED_EDGE('',*,*,#11647,.T.);
#11647 = EDGE_CURVE('',#11640,#11614,#11648,.T.);
#11648 = LINE('',#11649,#11650);
#11649 = CARTESIAN_POINT('',(29.079545454545,9.053267045455,2.51));
#11650 = VECTOR('',#11651,1.);
#11651 = DIRECTION('',(1.,0.,0.));
#11652 = ORIENTED_EDGE('',*,*,#11613,.F.);
#11653 = PLANE('',#11654);
#11654 = AXIS2_PLACEMENT_3D('',#11655,#11656,#11657);
#11655 = CARTESIAN_POINT('',(29.079545454545,9.053267045455,4.01));
#11656 = DIRECTION('',(0.,-1.,0.));
#11657 = DIRECTION('',(1.,0.,0.));
#11658 = ADVANCED_FACE('',(#11659),#11677,.T.);
#11659 = FACE_BOUND('',#11660,.T.);
#11660 = EDGE_LOOP('',(#11661,#11662,#11670,#11676));
#11661 = ORIENTED_EDGE('',*,*,#4366,.T.);
#11662 = ORIENTED_EDGE('',*,*,#11663,.T.);
#11663 = EDGE_CURVE('',#4359,#11664,#11666,.T.);
#11664 = VERTEX_POINT('',#11665);
#11665 = CARTESIAN_POINT('',(29.051136363636,9.848484848485,2.51));
#11666 = LINE('',#11667,#11668);
#11667 = CARTESIAN_POINT('',(29.051136363636,9.848484848485,4.01));
#11668 = VECTOR('',#11669,1.);
#11669 = DIRECTION('',(-0.,-0.,-1.));
#11670 = ORIENTED_EDGE('',*,*,#11671,.T.);
#11671 = EDGE_CURVE('',#11664,#11640,#11672,.T.);
#11672 = B_SPLINE_CURVE_WITH_KNOTS('',2,(#11673,#11674,#11675),
  .UNSPECIFIED.,.F.,.F.,(3,3),(0.,1.),.PIECEWISE_BEZIER_KNOTS.);
#11673 = CARTESIAN_POINT('',(29.051136363636,9.848484848485,2.51));
#11674 = CARTESIAN_POINT('',(29.079545454545,9.186316287879,2.51));
#11675 = CARTESIAN_POINT('',(29.079545454545,9.053267045455,2.51));
#11676 = ORIENTED_EDGE('',*,*,#11639,.F.);
#11677 = SURFACE_OF_LINEAR_EXTRUSION('',#11678,#11682);
#11678 = B_SPLINE_CURVE_WITH_KNOTS('',2,(#11679,#11680,#11681),
  .UNSPECIFIED.,.F.,.F.,(3,3),(0.,1.),.PIECEWISE_BEZIER_KNOTS.);
#11679 = CARTESIAN_POINT('',(29.051136363636,9.848484848485,4.01));
#11680 = CARTESIAN_POINT('',(29.079545454545,9.186316287879,4.01));
#11681 = CARTESIAN_POINT('',(29.079545454545,9.053267045455,4.01));
#11682 = VECTOR('',#11683,1.);
#11683 = DIRECTION('',(0.,0.,1.));
#11684 = ADVANCED_FACE('',(#11685),#11703,.T.);
#11685 = FACE_BOUND('',#11686,.T.);
#11686 = EDGE_LOOP('',(#11687,#11688,#11696,#11702));
#11687 = ORIENTED_EDGE('',*,*,#4358,.F.);
#11688 = ORIENTED_EDGE('',*,*,#11689,.T.);
#11689 = EDGE_CURVE('',#4349,#11690,#11692,.T.);
#11690 = VERTEX_POINT('',#11691);
#11691 = CARTESIAN_POINT('',(28.447443181818,9.848484848485,2.51));
#11692 = LINE('',#11693,#11694);
#11693 = CARTESIAN_POINT('',(28.447443181818,9.848484848485,4.01));
#11694 = VECTOR('',#11695,1.);
#11695 = DIRECTION('',(-0.,-0.,-1.));
#11696 = ORIENTED_EDGE('',*,*,#11697,.T.);
#11697 = EDGE_CURVE('',#11690,#11664,#11698,.T.);
#11698 = LINE('',#11699,#11700);
#11699 = CARTESIAN_POINT('',(28.447443181818,9.848484848485,2.51));
#11700 = VECTOR('',#11701,1.);
#11701 = DIRECTION('',(1.,0.,0.));
#11702 = ORIENTED_EDGE('',*,*,#11663,.F.);
#11703 = PLANE('',#11704);
#11704 = AXIS2_PLACEMENT_3D('',#11705,#11706,#11707);
#11705 = CARTESIAN_POINT('',(28.447443181818,9.848484848485,4.01));
#11706 = DIRECTION('',(0.,-1.,0.));
#11707 = DIRECTION('',(1.,0.,0.));
#11708 = ADVANCED_FACE('',(#11709),#11727,.T.);
#11709 = FACE_BOUND('',#11710,.T.);
#11710 = EDGE_LOOP('',(#11711,#11712,#11720,#11726));
#11711 = ORIENTED_EDGE('',*,*,#4348,.T.);
#11712 = ORIENTED_EDGE('',*,*,#11713,.T.);
#11713 = EDGE_CURVE('',#4341,#11714,#11716,.T.);
#11714 = VERTEX_POINT('',#11715);
#11715 = CARTESIAN_POINT('',(28.46875,8.952178030303,2.51));
#11716 = LINE('',#11717,#11718);
#11717 = CARTESIAN_POINT('',(28.46875,8.952178030303,4.01));
#11718 = VECTOR('',#11719,1.);
#11719 = DIRECTION('',(-0.,-0.,-1.));
#11720 = ORIENTED_EDGE('',*,*,#11721,.T.);
#11721 = EDGE_CURVE('',#11714,#11690,#11722,.T.);
#11722 = B_SPLINE_CURVE_WITH_KNOTS('',2,(#11723,#11724,#11725),
  .UNSPECIFIED.,.F.,.F.,(3,3),(0.,1.),.PIECEWISE_BEZIER_KNOTS.);
#11723 = CARTESIAN_POINT('',(28.46875,8.952178030303,2.51));
#11724 = CARTESIAN_POINT('',(28.46875,9.35771780303,2.51));
#11725 = CARTESIAN_POINT('',(28.447443181818,9.848484848485,2.51));
#11726 = ORIENTED_EDGE('',*,*,#11689,.F.);
#11727 = SURFACE_OF_LINEAR_EXTRUSION('',#11728,#11732);
#11728 = B_SPLINE_CURVE_WITH_KNOTS('',2,(#11729,#11730,#11731),
  .UNSPECIFIED.,.F.,.F.,(3,3),(0.,1.),.PIECEWISE_BEZIER_KNOTS.);
#11729 = CARTESIAN_POINT('',(28.46875,8.952178030303,4.01));
#11730 = CARTESIAN_POINT('',(28.46875,9.35771780303,4.01));
#11731 = CARTESIAN_POINT('',(28.447443181818,9.848484848485,4.01));
#11732 = VECTOR('',#11733,1.);
#11733 = DIRECTION('',(0.,0.,1.));
#11734 = ADVANCED_FACE('',(#11735),#11746,.T.);
#11735 = FACE_BOUND('',#11736,.T.);
#11736 = EDGE_LOOP('',(#11737,#11738,#11739,#11745));
#11737 = ORIENTED_EDGE('',*,*,#4340,.F.);
#11738 = ORIENTED_EDGE('',*,*,#11420,.T.);
#11739 = ORIENTED_EDGE('',*,*,#11740,.T.);
#11740 = EDGE_CURVE('',#11413,#11714,#11741,.T.);
#11741 = LINE('',#11742,#11743);
#11742 = CARTESIAN_POINT('',(28.46875,6.,2.51));
#11743 = VECTOR('',#11744,1.);
#11744 = DIRECTION('',(0.,1.,0.));
#11745 = ORIENTED_EDGE('',*,*,#11713,.F.);
#11746 = PLANE('',#11747);
#11747 = AXIS2_PLACEMENT_3D('',#11748,#11749,#11750);
#11748 = CARTESIAN_POINT('',(28.46875,6.,4.01));
#11749 = DIRECTION('',(1.,0.,0.));
#11750 = DIRECTION('',(-0.,1.,0.));
#11751 = ADVANCED_FACE('',(#11752),#11755,.T.);
#11752 = FACE_BOUND('',#11753,.T.);
#11753 = EDGE_LOOP('',(#11754));
#11754 = ORIENTED_EDGE('',*,*,#4518,.T.);
#11755 = PLANE('',#11756);
#11756 = AXIS2_PLACEMENT_3D('',#11757,#11758,#11759);
#11757 = CARTESIAN_POINT('',(8.546500828371E-16,86.5,5.));
#11758 = DIRECTION('',(0.,0.,1.));
#11759 = DIRECTION('',(1.,0.,0.));
#11760 = ADVANCED_FACE('',(#11761),#11767,.T.);
#11761 = FACE_BOUND('',#11762,.T.);
#11762 = EDGE_LOOP('',(#11763,#11764,#11765,#11766));
#11763 = ORIENTED_EDGE('',*,*,#4564,.F.);
#11764 = ORIENTED_EDGE('',*,*,#4612,.F.);
#11765 = ORIENTED_EDGE('',*,*,#4589,.F.);
#11766 = ORIENTED_EDGE('',*,*,#4541,.F.);
#11767 = PLANE('',#11768);
#11768 = AXIS2_PLACEMENT_3D('',#11769,#11770,#11771);
#11769 = CARTESIAN_POINT('',(0.,54.1,0.));
#11770 = DIRECTION('',(-0.,-0.,-1.));
#11771 = DIRECTION('',(-1.,0.,0.));
#11772 = ADVANCED_FACE('',(#11773),#11787,.T.);
#11773 = FACE_BOUND('',#11774,.T.);
#11774 = EDGE_LOOP('',(#11775,#11776,#11777,#11778,#11779,#11780,#11781,
    #11782,#11783,#11784,#11785,#11786));
#11775 = ORIENTED_EDGE('',*,*,#4902,.F.);
#11776 = ORIENTED_EDGE('',*,*,#4638,.F.);
#11777 = ORIENTED_EDGE('',*,*,#4669,.F.);
#11778 = ORIENTED_EDGE('',*,*,#4693,.F.);
#11779 = ORIENTED_EDGE('',*,*,#4717,.F.);
#11780 = ORIENTED_EDGE('',*,*,#4741,.F.);
#11781 = ORIENTED_EDGE('',*,*,#4765,.F.);
#11782 = ORIENTED_EDGE('',*,*,#4789,.F.);
#11783 = ORIENTED_EDGE('',*,*,#4813,.F.);
#11784 = ORIENTED_EDGE('',*,*,#4837,.F.);
#11785 = ORIENTED_EDGE('',*,*,#4861,.F.);
#11786 = ORIENTED_EDGE('',*,*,#4885,.F.);
#11787 = PLANE('',#11788);
#11788 = AXIS2_PLACEMENT_3D('',#11789,#11790,#11791);
#11789 = CARTESIAN_POINT('',(-28.31661810469,8.492939075736,2.51));
#11790 = DIRECTION('',(0.,0.,1.));
#11791 = DIRECTION('',(1.,0.,0.));
#11792 = ADVANCED_FACE('',(#11793),#11829,.T.);
#11793 = FACE_BOUND('',#11794,.T.);
#11794 = EDGE_LOOP('',(#11795,#11796,#11797,#11798,#11799,#11800,#11801,
    #11802,#11803,#11804,#11805,#11806,#11807,#11808,#11809,#11810,
    #11811,#11812,#11813,#11814,#11815,#11816,#11817,#11818,#11819,
    #11820,#11821,#11822,#11823,#11824,#11825,#11826,#11827,#11828));
#11795 = ORIENTED_EDGE('',*,*,#4926,.F.);
#11796 = ORIENTED_EDGE('',*,*,#4959,.F.);
#11797 = ORIENTED_EDGE('',*,*,#4985,.F.);
#11798 = ORIENTED_EDGE('',*,*,#5011,.F.);
#11799 = ORIENTED_EDGE('',*,*,#5037,.F.);
#11800 = ORIENTED_EDGE('',*,*,#5063,.F.);
#11801 = ORIENTED_EDGE('',*,*,#5089,.F.);
#11802 = ORIENTED_EDGE('',*,*,#5115,.F.);
#11803 = ORIENTED_EDGE('',*,*,#5141,.F.);
#11804 = ORIENTED_EDGE('',*,*,#5167,.F.);
#11805 = ORIENTED_EDGE('',*,*,#5193,.F.);
#11806 = ORIENTED_EDGE('',*,*,#5219,.F.);
#11807 = ORIENTED_EDGE('',*,*,#5245,.F.);
#11808 = ORIENTED_EDGE('',*,*,#5271,.F.);
#11809 = ORIENTED_EDGE('',*,*,#5297,.F.);
#11810 = ORIENTED_EDGE('',*,*,#5321,.F.);
#11811 = ORIENTED_EDGE('',*,*,#5347,.F.);
#11812 = ORIENTED_EDGE('',*,*,#5373,.F.);
#11813 = ORIENTED_EDGE('',*,*,#5399,.F.);
#11814 = ORIENTED_EDGE('',*,*,#5425,.F.);
#11815 = ORIENTED_EDGE('',*,*,#5451,.F.);
#11816 = ORIENTED_EDGE('',*,*,#5477,.F.);
#11817 = ORIENTED_EDGE('',*,*,#5503,.F.);
#11818 = ORIENTED_EDGE('',*,*,#5529,.F.);
#11819 = ORIENTED_EDGE('',*,*,#5555,.F.);
#11820 = ORIENTED_EDGE('',*,*,#5581,.F.);
#11821 = ORIENTED_EDGE('',*,*,#5607,.F.);
#11822 = ORIENTED_EDGE('',*,*,#5633,.F.);
#11823 = ORIENTED_EDGE('',*,*,#5659,.F.);
#11824 = ORIENTED_EDGE('',*,*,#5685,.F.);
#11825 = ORIENTED_EDGE('',*,*,#5711,.F.);
#11826 = ORIENTED_EDGE('',*,*,#5737,.F.);
#11827 = ORIENTED_EDGE('',*,*,#5761,.F.);
#11828 = ORIENTED_EDGE('',*,*,#5780,.F.);
#11829 = PLANE('',#11830);
#11830 = AXIS2_PLACEMENT_3D('',#11831,#11832,#11833);
#11831 = CARTESIAN_POINT('',(-23.15163453497,8.481110137529,2.51));
#11832 = DIRECTION('',(0.,0.,1.));
#11833 = DIRECTION('',(1.,0.,0.));
#11834 = ADVANCED_FACE('',(#11835,#11846),#11888,.T.);
#11835 = FACE_BOUND('',#11836,.T.);
#11836 = EDGE_LOOP('',(#11837,#11838,#11839,#11840,#11841,#11842,#11843,
    #11844,#11845));
#11837 = ORIENTED_EDGE('',*,*,#5806,.F.);
#11838 = ORIENTED_EDGE('',*,*,#5839,.F.);
#11839 = ORIENTED_EDGE('',*,*,#5865,.F.);
#11840 = ORIENTED_EDGE('',*,*,#5891,.F.);
#11841 = ORIENTED_EDGE('',*,*,#5915,.F.);
#11842 = ORIENTED_EDGE('',*,*,#5939,.F.);
#11843 = ORIENTED_EDGE('',*,*,#5963,.F.);
#11844 = ORIENTED_EDGE('',*,*,#5987,.F.);
#11845 = ORIENTED_EDGE('',*,*,#6004,.F.);
#11846 = FACE_BOUND('',#11847,.T.);
#11847 = EDGE_LOOP('',(#11848,#11858,#11866,#11874,#11882));
#11848 = ORIENTED_EDGE('',*,*,#11849,.F.);
#11849 = EDGE_CURVE('',#11850,#11852,#11854,.T.);
#11850 = VERTEX_POINT('',#11851);
#11851 = CARTESIAN_POINT('',(-16.89109848484,9.488399621212,2.51));
#11852 = VERTEX_POINT('',#11853);
#11853 = CARTESIAN_POINT('',(-18.05587121212,10.456676136364,2.51));
#11854 = B_SPLINE_CURVE_WITH_KNOTS('',2,(#11855,#11856,#11857),
  .UNSPECIFIED.,.F.,.F.,(3,3),(0.,1.),.PIECEWISE_BEZIER_KNOTS.);
#11855 = CARTESIAN_POINT('',(-16.89109848484,9.488399621212,2.51));
#11856 = CARTESIAN_POINT('',(-16.89109848484,10.456676136364,2.51));
#11857 = CARTESIAN_POINT('',(-18.05587121212,10.456676136364,2.51));
#11858 = ORIENTED_EDGE('',*,*,#11859,.F.);
#11859 = EDGE_CURVE('',#11860,#11850,#11862,.T.);
#11860 = VERTEX_POINT('',#11861);
#11861 = CARTESIAN_POINT('',(-18.02746212121,8.484848484848,2.51));
#11862 = B_SPLINE_CURVE_WITH_KNOTS('',2,(#11863,#11864,#11865),
  .UNSPECIFIED.,.F.,.F.,(3,3),(0.,1.),.PIECEWISE_BEZIER_KNOTS.);
#11863 = CARTESIAN_POINT('',(-18.02746212121,8.484848484848,2.51));
#11864 = CARTESIAN_POINT('',(-16.89109848484,8.484848484848,2.51));
#11865 = CARTESIAN_POINT('',(-16.89109848484,9.488399621212,2.51));
#11866 = ORIENTED_EDGE('',*,*,#11867,.F.);
#11867 = EDGE_CURVE('',#11868,#11860,#11870,.T.);
#11868 = VERTEX_POINT('',#11869);
#11869 = CARTESIAN_POINT('',(-19.40175189393,8.484848484848,2.51));
#11870 = LINE('',#11871,#11872);
#11871 = CARTESIAN_POINT('',(-19.40175189393,8.484848484848,2.51));
#11872 = VECTOR('',#11873,1.);
#11873 = DIRECTION('',(1.,0.,0.));
#11874 = ORIENTED_EDGE('',*,*,#11875,.F.);
#11875 = EDGE_CURVE('',#11876,#11868,#11878,.T.);
#11876 = VERTEX_POINT('',#11877);
#11877 = CARTESIAN_POINT('',(-19.40175189393,10.456676136364,2.51));
#11878 = LINE('',#11879,#11880);
#11879 = CARTESIAN_POINT('',(-19.40175189393,10.456676136364,2.51));
#11880 = VECTOR('',#11881,1.);
#11881 = DIRECTION('',(0.,-1.,0.));
#11882 = ORIENTED_EDGE('',*,*,#11883,.F.);
#11883 = EDGE_CURVE('',#11852,#11876,#11884,.T.);
#11884 = LINE('',#11885,#11886);
#11885 = CARTESIAN_POINT('',(-18.05587121212,10.456676136364,2.51));
#11886 = VECTOR('',#11887,1.);
#11887 = DIRECTION('',(-1.,0.,0.));
#11888 = PLANE('',#11889);
#11889 = AXIS2_PLACEMENT_3D('',#11890,#11891,#11892);
#11890 = CARTESIAN_POINT('',(-18.57120827462,9.022634925993,2.51));
#11891 = DIRECTION('',(0.,0.,1.));
#11892 = DIRECTION('',(1.,0.,0.));
#11893 = ADVANCED_FACE('',(#11894),#11925,.T.);
#11894 = FACE_BOUND('',#11895,.T.);
#11895 = EDGE_LOOP('',(#11896,#11897,#11898,#11899,#11900,#11901,#11902,
    #11903,#11904,#11905,#11906,#11907,#11908,#11909,#11910,#11911,
    #11912,#11913,#11914,#11915,#11916,#11917,#11918,#11919,#11920,
    #11921,#11922,#11923,#11924));
#11896 = ORIENTED_EDGE('',*,*,#6030,.F.);
#11897 = ORIENTED_EDGE('',*,*,#6063,.F.);
#11898 = ORIENTED_EDGE('',*,*,#6089,.F.);
#11899 = ORIENTED_EDGE('',*,*,#6115,.F.);
#11900 = ORIENTED_EDGE('',*,*,#6139,.F.);
#11901 = ORIENTED_EDGE('',*,*,#6165,.F.);
#11902 = ORIENTED_EDGE('',*,*,#6191,.F.);
#11903 = ORIENTED_EDGE('',*,*,#6217,.F.);
#11904 = ORIENTED_EDGE('',*,*,#6243,.F.);
#11905 = ORIENTED_EDGE('',*,*,#6269,.F.);
#11906 = ORIENTED_EDGE('',*,*,#6295,.F.);
#11907 = ORIENTED_EDGE('',*,*,#6319,.F.);
#11908 = ORIENTED_EDGE('',*,*,#6345,.F.);
#11909 = ORIENTED_EDGE('',*,*,#6371,.F.);
#11910 = ORIENTED_EDGE('',*,*,#6397,.F.);
#11911 = ORIENTED_EDGE('',*,*,#6423,.F.);
#11912 = ORIENTED_EDGE('',*,*,#6449,.F.);
#11913 = ORIENTED_EDGE('',*,*,#6475,.F.);
#11914 = ORIENTED_EDGE('',*,*,#6499,.F.);
#11915 = ORIENTED_EDGE('',*,*,#6523,.F.);
#11916 = ORIENTED_EDGE('',*,*,#6547,.F.);
#11917 = ORIENTED_EDGE('',*,*,#6573,.F.);
#11918 = ORIENTED_EDGE('',*,*,#6599,.F.);
#11919 = ORIENTED_EDGE('',*,*,#6625,.F.);
#11920 = ORIENTED_EDGE('',*,*,#6651,.F.);
#11921 = ORIENTED_EDGE('',*,*,#6677,.F.);
#11922 = ORIENTED_EDGE('',*,*,#6701,.F.);
#11923 = ORIENTED_EDGE('',*,*,#6727,.F.);
#11924 = ORIENTED_EDGE('',*,*,#6746,.F.);
#11925 = PLANE('',#11926);
#11926 = AXIS2_PLACEMENT_3D('',#11927,#11928,#11929);
#11927 = CARTESIAN_POINT('',(-13.54375987961,8.477986835982,2.51));
#11928 = DIRECTION('',(0.,0.,1.));
#11929 = DIRECTION('',(1.,0.,0.));
#11930 = ADVANCED_FACE('',(#11931),#11957,.T.);
#11931 = FACE_BOUND('',#11932,.T.);
#11932 = EDGE_LOOP('',(#11933,#11934,#11935,#11936,#11937,#11938,#11939,
    #11940,#11941,#11942,#11943,#11944,#11945,#11946,#11947,#11948,
    #11949,#11950,#11951,#11952,#11953,#11954,#11955,#11956));
#11933 = ORIENTED_EDGE('',*,*,#7362,.F.);
#11934 = ORIENTED_EDGE('',*,*,#6772,.F.);
#11935 = ORIENTED_EDGE('',*,*,#6803,.F.);
#11936 = ORIENTED_EDGE('',*,*,#6827,.F.);
#11937 = ORIENTED_EDGE('',*,*,#6851,.F.);
#11938 = ORIENTED_EDGE('',*,*,#6877,.F.);
#11939 = ORIENTED_EDGE('',*,*,#6903,.F.);
#11940 = ORIENTED_EDGE('',*,*,#6929,.F.);
#11941 = ORIENTED_EDGE('',*,*,#6955,.F.);
#11942 = ORIENTED_EDGE('',*,*,#6981,.F.);
#11943 = ORIENTED_EDGE('',*,*,#7007,.F.);
#11944 = ORIENTED_EDGE('',*,*,#7033,.F.);
#11945 = ORIENTED_EDGE('',*,*,#7059,.F.);
#11946 = ORIENTED_EDGE('',*,*,#7085,.F.);
#11947 = ORIENTED_EDGE('',*,*,#7109,.F.);
#11948 = ORIENTED_EDGE('',*,*,#7135,.F.);
#11949 = ORIENTED_EDGE('',*,*,#7161,.F.);
#11950 = ORIENTED_EDGE('',*,*,#7187,.F.);
#11951 = ORIENTED_EDGE('',*,*,#7213,.F.);
#11952 = ORIENTED_EDGE('',*,*,#7239,.F.);
#11953 = ORIENTED_EDGE('',*,*,#7265,.F.);
#11954 = ORIENTED_EDGE('',*,*,#7291,.F.);
#11955 = ORIENTED_EDGE('',*,*,#7317,.F.);
#11956 = ORIENTED_EDGE('',*,*,#7343,.F.);
#11957 = PLANE('',#11958);
#11958 = AXIS2_PLACEMENT_3D('',#11959,#11960,#11961);
#11959 = CARTESIAN_POINT('',(-9.504062902286,8.342816110446,2.51));
#11960 = DIRECTION('',(0.,0.,1.));
#11961 = DIRECTION('',(1.,0.,0.));
#11962 = ADVANCED_FACE('',(#11963),#11969,.T.);
#11963 = FACE_BOUND('',#11964,.T.);
#11964 = EDGE_LOOP('',(#11965,#11966,#11967,#11968));
#11965 = ORIENTED_EDGE('',*,*,#7458,.F.);
#11966 = ORIENTED_EDGE('',*,*,#7386,.F.);
#11967 = ORIENTED_EDGE('',*,*,#7417,.F.);
#11968 = ORIENTED_EDGE('',*,*,#7441,.F.);
#11969 = PLANE('',#11970);
#11970 = AXIS2_PLACEMENT_3D('',#11971,#11972,#11973);
#11971 = CARTESIAN_POINT('',(-6.191761363636,7.92803030303,2.51));
#11972 = DIRECTION('',(0.,0.,1.));
#11973 = DIRECTION('',(1.,0.,0.));
#11974 = ADVANCED_FACE('',(#11975),#11995,.T.);
#11975 = FACE_BOUND('',#11976,.T.);
#11976 = EDGE_LOOP('',(#11977,#11978,#11979,#11980,#11981,#11982,#11983,
    #11984,#11985,#11986,#11987,#11988,#11989,#11990,#11991,#11992,
    #11993,#11994));
#11977 = ORIENTED_EDGE('',*,*,#7482,.F.);
#11978 = ORIENTED_EDGE('',*,*,#7515,.F.);
#11979 = ORIENTED_EDGE('',*,*,#7541,.F.);
#11980 = ORIENTED_EDGE('',*,*,#7567,.F.);
#11981 = ORIENTED_EDGE('',*,*,#7591,.F.);
#11982 = ORIENTED_EDGE('',*,*,#7617,.F.);
#11983 = ORIENTED_EDGE('',*,*,#7643,.F.);
#11984 = ORIENTED_EDGE('',*,*,#7669,.F.);
#11985 = ORIENTED_EDGE('',*,*,#7695,.F.);
#11986 = ORIENTED_EDGE('',*,*,#7721,.F.);
#11987 = ORIENTED_EDGE('',*,*,#7747,.F.);
#11988 = ORIENTED_EDGE('',*,*,#7773,.F.);
#11989 = ORIENTED_EDGE('',*,*,#7799,.F.);
#11990 = ORIENTED_EDGE('',*,*,#7825,.F.);
#11991 = ORIENTED_EDGE('',*,*,#7849,.F.);
#11992 = ORIENTED_EDGE('',*,*,#7875,.F.);
#11993 = ORIENTED_EDGE('',*,*,#7901,.F.);
#11994 = ORIENTED_EDGE('',*,*,#7920,.F.);
#11995 = PLANE('',#11996);
#11996 = AXIS2_PLACEMENT_3D('',#11997,#11998,#11999);
#11997 = CARTESIAN_POINT('',(-2.367493306751,8.502768290653,2.51));
#11998 = DIRECTION('',(0.,0.,1.));
#11999 = DIRECTION('',(1.,0.,0.));
#12000 = ADVANCED_FACE('',(#12001),#12032,.T.);
#12001 = FACE_BOUND('',#12002,.T.);
#12002 = EDGE_LOOP('',(#12003,#12004,#12005,#12006,#12007,#12008,#12009,
    #12010,#12011,#12012,#12013,#12014,#12015,#12016,#12017,#12018,
    #12019,#12020,#12021,#12022,#12023,#12024,#12025,#12026,#12027,
    #12028,#12029,#12030,#12031));
#12003 = ORIENTED_EDGE('',*,*,#7946,.F.);
#12004 = ORIENTED_EDGE('',*,*,#7979,.F.);
#12005 = ORIENTED_EDGE('',*,*,#8005,.F.);
#12006 = ORIENTED_EDGE('',*,*,#8031,.F.);
#12007 = ORIENTED_EDGE('',*,*,#8055,.F.);
#12008 = ORIENTED_EDGE('',*,*,#8081,.F.);
#12009 = ORIENTED_EDGE('',*,*,#8107,.F.);
#12010 = ORIENTED_EDGE('',*,*,#8133,.F.);
#12011 = ORIENTED_EDGE('',*,*,#8159,.F.);
#12012 = ORIENTED_EDGE('',*,*,#8185,.F.);
#12013 = ORIENTED_EDGE('',*,*,#8211,.F.);
#12014 = ORIENTED_EDGE('',*,*,#8235,.F.);
#12015 = ORIENTED_EDGE('',*,*,#8261,.F.);
#12016 = ORIENTED_EDGE('',*,*,#8287,.F.);
#12017 = ORIENTED_EDGE('',*,*,#8313,.F.);
#12018 = ORIENTED_EDGE('',*,*,#8339,.F.);
#12019 = ORIENTED_EDGE('',*,*,#8365,.F.);
#12020 = ORIENTED_EDGE('',*,*,#8391,.F.);
#12021 = ORIENTED_EDGE('',*,*,#8415,.F.);
#12022 = ORIENTED_EDGE('',*,*,#8439,.F.);
#12023 = ORIENTED_EDGE('',*,*,#8463,.F.);
#12024 = ORIENTED_EDGE('',*,*,#8489,.F.);
#12025 = ORIENTED_EDGE('',*,*,#8515,.F.);
#12026 = ORIENTED_EDGE('',*,*,#8541,.F.);
#12027 = ORIENTED_EDGE('',*,*,#8567,.F.);
#12028 = ORIENTED_EDGE('',*,*,#8593,.F.);
#12029 = ORIENTED_EDGE('',*,*,#8617,.F.);
#12030 = ORIENTED_EDGE('',*,*,#8643,.F.);
#12031 = ORIENTED_EDGE('',*,*,#8662,.F.);
#12032 = PLANE('',#12033);
#12033 = AXIS2_PLACEMENT_3D('',#12034,#12035,#12036);
#12034 = CARTESIAN_POINT('',(2.674990120389,8.477986835982,2.51));
#12035 = DIRECTION('',(0.,0.,1.));
#12036 = DIRECTION('',(1.,0.,0.));
#12037 = ADVANCED_FACE('',(#12038),#12074,.T.);
#12038 = FACE_BOUND('',#12039,.T.);
#12039 = EDGE_LOOP('',(#12040,#12041,#12042,#12043,#12044,#12045,#12046,
    #12047,#12048,#12049,#12050,#12051,#12052,#12053,#12054,#12055,
    #12056,#12057,#12058,#12059,#12060,#12061,#12062,#12063,#12064,
    #12065,#12066,#12067,#12068,#12069,#12070,#12071,#12072,#12073));
#12040 = ORIENTED_EDGE('',*,*,#8688,.F.);
#12041 = ORIENTED_EDGE('',*,*,#8721,.F.);
#12042 = ORIENTED_EDGE('',*,*,#8747,.F.);
#12043 = ORIENTED_EDGE('',*,*,#8773,.F.);
#12044 = ORIENTED_EDGE('',*,*,#8799,.F.);
#12045 = ORIENTED_EDGE('',*,*,#8825,.F.);
#12046 = ORIENTED_EDGE('',*,*,#8851,.F.);
#12047 = ORIENTED_EDGE('',*,*,#8877,.F.);
#12048 = ORIENTED_EDGE('',*,*,#8903,.F.);
#12049 = ORIENTED_EDGE('',*,*,#8929,.F.);
#12050 = ORIENTED_EDGE('',*,*,#8955,.F.);
#12051 = ORIENTED_EDGE('',*,*,#8981,.F.);
#12052 = ORIENTED_EDGE('',*,*,#9007,.F.);
#12053 = ORIENTED_EDGE('',*,*,#9033,.F.);
#12054 = ORIENTED_EDGE('',*,*,#9059,.F.);
#12055 = ORIENTED_EDGE('',*,*,#9083,.F.);
#12056 = ORIENTED_EDGE('',*,*,#9109,.F.);
#12057 = ORIENTED_EDGE('',*,*,#9135,.F.);
#12058 = ORIENTED_EDGE('',*,*,#9161,.F.);
#12059 = ORIENTED_EDGE('',*,*,#9187,.F.);
#12060 = ORIENTED_EDGE('',*,*,#9213,.F.);
#12061 = ORIENTED_EDGE('',*,*,#9239,.F.);
#12062 = ORIENTED_EDGE('',*,*,#9265,.F.);
#12063 = ORIENTED_EDGE('',*,*,#9291,.F.);
#12064 = ORIENTED_EDGE('',*,*,#9317,.F.);
#12065 = ORIENTED_EDGE('',*,*,#9343,.F.);
#12066 = ORIENTED_EDGE('',*,*,#9369,.F.);
#12067 = ORIENTED_EDGE('',*,*,#9395,.F.);
#12068 = ORIENTED_EDGE('',*,*,#9421,.F.);
#12069 = ORIENTED_EDGE('',*,*,#9447,.F.);
#12070 = ORIENTED_EDGE('',*,*,#9473,.F.);
#12071 = ORIENTED_EDGE('',*,*,#9499,.F.);
#12072 = ORIENTED_EDGE('',*,*,#9523,.F.);
#12073 = ORIENTED_EDGE('',*,*,#9542,.F.);
#12074 = PLANE('',#12075);
#12075 = AXIS2_PLACEMENT_3D('',#12076,#12077,#12078);
#12076 = CARTESIAN_POINT('',(9.270713949871,8.481110137529,2.51));
#12077 = DIRECTION('',(0.,0.,1.));
#12078 = DIRECTION('',(1.,0.,0.));
#12079 = ADVANCED_FACE('',(#12080,#12095),#12137,.T.);
#12080 = FACE_BOUND('',#12081,.T.);
#12081 = EDGE_LOOP('',(#12082,#12083,#12084,#12085,#12086,#12087,#12088,
    #12089,#12090,#12091,#12092,#12093,#12094));
#12082 = ORIENTED_EDGE('',*,*,#9568,.F.);
#12083 = ORIENTED_EDGE('',*,*,#9601,.F.);
#12084 = ORIENTED_EDGE('',*,*,#9625,.F.);
#12085 = ORIENTED_EDGE('',*,*,#9649,.F.);
#12086 = ORIENTED_EDGE('',*,*,#9675,.F.);
#12087 = ORIENTED_EDGE('',*,*,#9701,.F.);
#12088 = ORIENTED_EDGE('',*,*,#9727,.F.);
#12089 = ORIENTED_EDGE('',*,*,#9753,.F.);
#12090 = ORIENTED_EDGE('',*,*,#9779,.F.);
#12091 = ORIENTED_EDGE('',*,*,#9805,.F.);
#12092 = ORIENTED_EDGE('',*,*,#9829,.F.);
#12093 = ORIENTED_EDGE('',*,*,#9855,.F.);
#12094 = ORIENTED_EDGE('',*,*,#9874,.F.);
#12095 = FACE_BOUND('',#12096,.T.);
#12096 = EDGE_LOOP('',(#12097,#12107,#12115,#12123,#12131));
#12097 = ORIENTED_EDGE('',*,*,#12098,.F.);
#12098 = EDGE_CURVE('',#12099,#12101,#12103,.T.);
#12099 = VERTEX_POINT('',#12100);
#12100 = CARTESIAN_POINT('',(14.806818181818,8.272727272727,2.51));
#12101 = VERTEX_POINT('',#12102);
#12102 = CARTESIAN_POINT('',(14.497869318182,9.158143939394,2.51));
#12103 = B_SPLINE_CURVE_WITH_KNOTS('',2,(#12104,#12105,#12106),
  .UNSPECIFIED.,.F.,.F.,(3,3),(0.,1.),.PIECEWISE_BEZIER_KNOTS.);
#12104 = CARTESIAN_POINT('',(14.806818181818,8.272727272727,2.51));
#12105 = CARTESIAN_POINT('',(14.753551136364,8.879498106061,2.51));
#12106 = CARTESIAN_POINT('',(14.497869318182,9.158143939394,2.51));
#12107 = ORIENTED_EDGE('',*,*,#12108,.F.);
#12108 = EDGE_CURVE('',#12109,#12099,#12111,.T.);
#12109 = VERTEX_POINT('',#12110);
#12110 = CARTESIAN_POINT('',(12.732954545455,8.272727272727,2.51));
#12111 = LINE('',#12112,#12113);
#12112 = CARTESIAN_POINT('',(12.732954545455,8.272727272727,2.51));
#12113 = VECTOR('',#12114,1.);
#12114 = DIRECTION('',(1.,0.,0.));
#12115 = ORIENTED_EDGE('',*,*,#12116,.F.);
#12116 = EDGE_CURVE('',#12117,#12109,#12119,.T.);
#12117 = VERTEX_POINT('',#12118);
#12118 = CARTESIAN_POINT('',(13.025804924242,9.126183712121,2.51));
#12119 = B_SPLINE_CURVE_WITH_KNOTS('',2,(#12120,#12121,#12122),
  .UNSPECIFIED.,.F.,.F.,(3,3),(0.,1.),.PIECEWISE_BEZIER_KNOTS.);
#12120 = CARTESIAN_POINT('',(13.025804924242,9.126183712121,2.51));
#12121 = CARTESIAN_POINT('',(12.754261363636,8.815814393939,2.51));
#12122 = CARTESIAN_POINT('',(12.732954545455,8.272727272727,2.51));
#12123 = ORIENTED_EDGE('',*,*,#12124,.F.);
#12124 = EDGE_CURVE('',#12125,#12117,#12127,.T.);
#12125 = VERTEX_POINT('',#12126);
#12126 = CARTESIAN_POINT('',(13.762784090909,9.436789772727,2.51));
#12127 = B_SPLINE_CURVE_WITH_KNOTS('',2,(#12128,#12129,#12130),
  .UNSPECIFIED.,.F.,.F.,(3,3),(0.,1.),.PIECEWISE_BEZIER_KNOTS.);
#12128 = CARTESIAN_POINT('',(13.762784090909,9.436789772727,2.51));
#12129 = CARTESIAN_POINT('',(13.297585227273,9.436789772727,2.51));
#12130 = CARTESIAN_POINT('',(13.025804924242,9.126183712121,2.51));
#12131 = ORIENTED_EDGE('',*,*,#12132,.F.);
#12132 = EDGE_CURVE('',#12101,#12125,#12133,.T.);
#12133 = B_SPLINE_CURVE_WITH_KNOTS('',2,(#12134,#12135,#12136),
  .UNSPECIFIED.,.F.,.F.,(3,3),(0.,1.),.PIECEWISE_BEZIER_KNOTS.);
#12134 = CARTESIAN_POINT('',(14.497869318182,9.158143939394,2.51));
#12135 = CARTESIAN_POINT('',(14.2421875,9.436789772727,2.51));
#12136 = CARTESIAN_POINT('',(13.762784090909,9.436789772727,2.51));
#12137 = PLANE('',#12138);
#12138 = AXIS2_PLACEMENT_3D('',#12139,#12140,#12141);
#12139 = CARTESIAN_POINT('',(13.741927420414,7.928307097485,2.51));
#12140 = DIRECTION('',(0.,0.,1.));
#12141 = DIRECTION('',(1.,0.,0.));
#12142 = ADVANCED_FACE('',(#12143),#12166,.T.);
#12143 = FACE_BOUND('',#12144,.T.);
#12144 = EDGE_LOOP('',(#12145,#12146,#12147,#12148,#12149,#12150,#12151,
    #12152,#12153,#12154,#12155,#12156,#12157,#12158,#12159,#12160,
    #12161,#12162,#12163,#12164,#12165));
#12145 = ORIENTED_EDGE('',*,*,#10406,.F.);
#12146 = ORIENTED_EDGE('',*,*,#9900,.F.);
#12147 = ORIENTED_EDGE('',*,*,#9931,.F.);
#12148 = ORIENTED_EDGE('',*,*,#9955,.F.);
#12149 = ORIENTED_EDGE('',*,*,#9981,.F.);
#12150 = ORIENTED_EDGE('',*,*,#10007,.F.);
#12151 = ORIENTED_EDGE('',*,*,#10033,.F.);
#12152 = ORIENTED_EDGE('',*,*,#10059,.F.);
#12153 = ORIENTED_EDGE('',*,*,#10083,.F.);
#12154 = ORIENTED_EDGE('',*,*,#10109,.F.);
#12155 = ORIENTED_EDGE('',*,*,#10135,.F.);
#12156 = ORIENTED_EDGE('',*,*,#10161,.F.);
#12157 = ORIENTED_EDGE('',*,*,#10185,.F.);
#12158 = ORIENTED_EDGE('',*,*,#10211,.F.);
#12159 = ORIENTED_EDGE('',*,*,#10235,.F.);
#12160 = ORIENTED_EDGE('',*,*,#10259,.F.);
#12161 = ORIENTED_EDGE('',*,*,#10283,.F.);
#12162 = ORIENTED_EDGE('',*,*,#10309,.F.);
#12163 = ORIENTED_EDGE('',*,*,#10335,.F.);
#12164 = ORIENTED_EDGE('',*,*,#10361,.F.);
#12165 = ORIENTED_EDGE('',*,*,#10387,.F.);
#12166 = PLANE('',#12167);
#12167 = AXIS2_PLACEMENT_3D('',#12168,#12169,#12170);
#12168 = CARTESIAN_POINT('',(17.872791689509,8.113658877531,2.51));
#12169 = DIRECTION('',(0.,0.,1.));
#12170 = DIRECTION('',(1.,0.,0.));
#12171 = ADVANCED_FACE('',(#12172),#12205,.T.);
#12172 = FACE_BOUND('',#12173,.T.);
#12173 = EDGE_LOOP('',(#12174,#12175,#12176,#12177,#12178,#12179,#12180,
    #12181,#12182,#12183,#12184,#12185,#12186,#12187,#12188,#12189,
    #12190,#12191,#12192,#12193,#12194,#12195,#12196,#12197,#12198,
    #12199,#12200,#12201,#12202,#12203,#12204));
#12174 = ORIENTED_EDGE('',*,*,#10430,.F.);
#12175 = ORIENTED_EDGE('',*,*,#10463,.F.);
#12176 = ORIENTED_EDGE('',*,*,#10489,.F.);
#12177 = ORIENTED_EDGE('',*,*,#10515,.F.);
#12178 = ORIENTED_EDGE('',*,*,#10541,.F.);
#12179 = ORIENTED_EDGE('',*,*,#10567,.F.);
#12180 = ORIENTED_EDGE('',*,*,#10593,.F.);
#12181 = ORIENTED_EDGE('',*,*,#10619,.F.);
#12182 = ORIENTED_EDGE('',*,*,#10645,.F.);
#12183 = ORIENTED_EDGE('',*,*,#10671,.F.);
#12184 = ORIENTED_EDGE('',*,*,#10697,.F.);
#12185 = ORIENTED_EDGE('',*,*,#10723,.F.);
#12186 = ORIENTED_EDGE('',*,*,#10749,.F.);
#12187 = ORIENTED_EDGE('',*,*,#10773,.F.);
#12188 = ORIENTED_EDGE('',*,*,#10799,.F.);
#12189 = ORIENTED_EDGE('',*,*,#10825,.F.);
#12190 = ORIENTED_EDGE('',*,*,#10851,.F.);
#12191 = ORIENTED_EDGE('',*,*,#10877,.F.);
#12192 = ORIENTED_EDGE('',*,*,#10903,.F.);
#12193 = ORIENTED_EDGE('',*,*,#10929,.F.);
#12194 = ORIENTED_EDGE('',*,*,#10955,.F.);
#12195 = ORIENTED_EDGE('',*,*,#10979,.F.);
#12196 = ORIENTED_EDGE('',*,*,#11005,.F.);
#12197 = ORIENTED_EDGE('',*,*,#11031,.F.);
#12198 = ORIENTED_EDGE('',*,*,#11057,.F.);
#12199 = ORIENTED_EDGE('',*,*,#11083,.F.);
#12200 = ORIENTED_EDGE('',*,*,#11109,.F.);
#12201 = ORIENTED_EDGE('',*,*,#11135,.F.);
#12202 = ORIENTED_EDGE('',*,*,#11159,.F.);
#12203 = ORIENTED_EDGE('',*,*,#11185,.F.);
#12204 = ORIENTED_EDGE('',*,*,#11204,.F.);
#12205 = PLANE('',#12206);
#12206 = AXIS2_PLACEMENT_3D('',#12207,#12208,#12209);
#12207 = CARTESIAN_POINT('',(21.889362654467,7.899220547066,2.51));
#12208 = DIRECTION('',(0.,0.,1.));
#12209 = DIRECTION('',(1.,0.,0.));
#12210 = ADVANCED_FACE('',(#12211,#12220),#12286,.T.);
#12211 = FACE_BOUND('',#12212,.T.);
#12212 = EDGE_LOOP('',(#12213,#12214,#12215,#12216,#12217,#12218,#12219)
  );
#12213 = ORIENTED_EDGE('',*,*,#11230,.F.);
#12214 = ORIENTED_EDGE('',*,*,#11263,.F.);
#12215 = ORIENTED_EDGE('',*,*,#11289,.F.);
#12216 = ORIENTED_EDGE('',*,*,#11315,.F.);
#12217 = ORIENTED_EDGE('',*,*,#11341,.F.);
#12218 = ORIENTED_EDGE('',*,*,#11367,.F.);
#12219 = ORIENTED_EDGE('',*,*,#11386,.F.);
#12220 = FACE_BOUND('',#12221,.T.);
#12221 = EDGE_LOOP('',(#12222,#12232,#12240,#12248,#12256,#12264,#12272,
    #12280));
#12222 = ORIENTED_EDGE('',*,*,#12223,.F.);
#12223 = EDGE_CURVE('',#12224,#12226,#12228,.T.);
#12224 = VERTEX_POINT('',#12225);
#12225 = CARTESIAN_POINT('',(26.875710227273,7.92021780303,2.51));
#12226 = VERTEX_POINT('',#12227);
#12227 = CARTESIAN_POINT('',(26.639441287879,9.076231060606,2.51));
#12228 = B_SPLINE_CURVE_WITH_KNOTS('',2,(#12229,#12230,#12231),
  .UNSPECIFIED.,.F.,.F.,(3,3),(0.,1.),.PIECEWISE_BEZIER_KNOTS.);
#12229 = CARTESIAN_POINT('',(26.875710227273,7.92021780303,2.51));
#12230 = CARTESIAN_POINT('',(26.875710227273,8.715909090909,2.51));
#12231 = CARTESIAN_POINT('',(26.639441287879,9.076231060606,2.51));
#12232 = ORIENTED_EDGE('',*,*,#12233,.F.);
#12233 = EDGE_CURVE('',#12234,#12224,#12236,.T.);
#12234 = VERTEX_POINT('',#12235);
#12235 = CARTESIAN_POINT('',(26.628787878788,6.765861742424,2.51));
#12236 = B_SPLINE_CURVE_WITH_KNOTS('',2,(#12237,#12238,#12239),
  .UNSPECIFIED.,.F.,.F.,(3,3),(0.,1.),.PIECEWISE_BEZIER_KNOTS.);
#12237 = CARTESIAN_POINT('',(26.628787878788,6.765861742424,2.51));
#12238 = CARTESIAN_POINT('',(26.875710227273,7.135179924242,2.51));
#12239 = CARTESIAN_POINT('',(26.875710227273,7.92021780303,2.51));
#12240 = ORIENTED_EDGE('',*,*,#12241,.F.);
#12241 = EDGE_CURVE('',#12242,#12234,#12244,.T.);
#12242 = VERTEX_POINT('',#12243);
#12243 = CARTESIAN_POINT('',(25.806818181818,6.396543560606,2.51));
#12244 = B_SPLINE_CURVE_WITH_KNOTS('',2,(#12245,#12246,#12247),
  .UNSPECIFIED.,.F.,.F.,(3,3),(0.,1.),.PIECEWISE_BEZIER_KNOTS.);
#12245 = CARTESIAN_POINT('',(25.806818181818,6.396543560606,2.51));
#12246 = CARTESIAN_POINT('',(26.382102272727,6.396543560606,2.51));
#12247 = CARTESIAN_POINT('',(26.628787878788,6.765861742424,2.51));
#12248 = ORIENTED_EDGE('',*,*,#12249,.F.);
#12249 = EDGE_CURVE('',#12250,#12242,#12252,.T.);
#12250 = VERTEX_POINT('',#12251);
#12251 = CARTESIAN_POINT('',(25.030776515152,6.778409090909,2.51));
#12252 = B_SPLINE_CURVE_WITH_KNOTS('',2,(#12253,#12254,#12255),
  .UNSPECIFIED.,.F.,.F.,(3,3),(0.,1.),.PIECEWISE_BEZIER_KNOTS.);
#12253 = CARTESIAN_POINT('',(25.030776515152,6.778409090909,2.51));
#12254 = CARTESIAN_POINT('',(25.277698863636,6.396543560606,2.51));
#12255 = CARTESIAN_POINT('',(25.806818181818,6.396543560606,2.51));
#12256 = ORIENTED_EDGE('',*,*,#12257,.F.);
#12257 = EDGE_CURVE('',#12258,#12250,#12260,.T.);
#12258 = VERTEX_POINT('',#12259);
#12259 = CARTESIAN_POINT('',(24.784090909091,7.92021780303,2.51));
#12260 = B_SPLINE_CURVE_WITH_KNOTS('',2,(#12261,#12262,#12263),
  .UNSPECIFIED.,.F.,.F.,(3,3),(0.,1.),.PIECEWISE_BEZIER_KNOTS.);
#12261 = CARTESIAN_POINT('',(24.784090909091,7.92021780303,2.51));
#12262 = CARTESIAN_POINT('',(24.784090909091,7.160274621212,2.51));
#12263 = CARTESIAN_POINT('',(25.030776515152,6.778409090909,2.51));
#12264 = ORIENTED_EDGE('',*,*,#12265,.F.);
#12265 = EDGE_CURVE('',#12266,#12258,#12268,.T.);
#12266 = VERTEX_POINT('',#12267);
#12267 = CARTESIAN_POINT('',(25.034327651515,9.069128787879,2.51));
#12268 = B_SPLINE_CURVE_WITH_KNOTS('',2,(#12269,#12270,#12271),
  .UNSPECIFIED.,.F.,.F.,(3,3),(0.,1.),.PIECEWISE_BEZIER_KNOTS.);
#12269 = CARTESIAN_POINT('',(25.034327651515,9.069128787879,2.51));
#12270 = CARTESIAN_POINT('',(24.784090909091,8.701704545455,2.51));
#12271 = CARTESIAN_POINT('',(24.784090909091,7.92021780303,2.51));
#12272 = ORIENTED_EDGE('',*,*,#12273,.F.);
#12273 = EDGE_CURVE('',#12274,#12266,#12276,.T.);
#12274 = VERTEX_POINT('',#12275);
#12275 = CARTESIAN_POINT('',(25.845880681818,9.436789772727,2.51));
#12276 = B_SPLINE_CURVE_WITH_KNOTS('',2,(#12277,#12278,#12279),
  .UNSPECIFIED.,.F.,.F.,(3,3),(0.,1.),.PIECEWISE_BEZIER_KNOTS.);
#12277 = CARTESIAN_POINT('',(25.845880681818,9.436789772727,2.51));
#12278 = CARTESIAN_POINT('',(25.284801136364,9.436789772727,2.51));
#12279 = CARTESIAN_POINT('',(25.034327651515,9.069128787879,2.51));
#12280 = ORIENTED_EDGE('',*,*,#12281,.F.);
#12281 = EDGE_CURVE('',#12226,#12274,#12282,.T.);
#12282 = B_SPLINE_CURVE_WITH_KNOTS('',2,(#12283,#12284,#12285),
  .UNSPECIFIED.,.F.,.F.,(3,3),(0.,1.),.PIECEWISE_BEZIER_KNOTS.);
#12283 = CARTESIAN_POINT('',(26.639441287879,9.076231060606,2.51));
#12284 = CARTESIAN_POINT('',(26.403409090909,9.436789772727,2.51));
#12285 = CARTESIAN_POINT('',(25.845880681818,9.436789772727,2.51));
#12286 = PLANE('',#12287);
#12287 = AXIS2_PLACEMENT_3D('',#12288,#12289,#12290);
#12288 = CARTESIAN_POINT('',(25.843375334918,7.911428669285,2.51));
#12289 = DIRECTION('',(0.,0.,1.));
#12290 = DIRECTION('',(1.,0.,0.));
#12291 = ADVANCED_FACE('',(#12292),#12308,.T.);
#12292 = FACE_BOUND('',#12293,.T.);
#12293 = EDGE_LOOP('',(#12294,#12295,#12296,#12297,#12298,#12299,#12300,
    #12301,#12302,#12303,#12304,#12305,#12306,#12307));
#12294 = ORIENTED_EDGE('',*,*,#11740,.F.);
#12295 = ORIENTED_EDGE('',*,*,#11412,.F.);
#12296 = ORIENTED_EDGE('',*,*,#11443,.F.);
#12297 = ORIENTED_EDGE('',*,*,#11467,.F.);
#12298 = ORIENTED_EDGE('',*,*,#11493,.F.);
#12299 = ORIENTED_EDGE('',*,*,#11519,.F.);
#12300 = ORIENTED_EDGE('',*,*,#11545,.F.);
#12301 = ORIENTED_EDGE('',*,*,#11569,.F.);
#12302 = ORIENTED_EDGE('',*,*,#11595,.F.);
#12303 = ORIENTED_EDGE('',*,*,#11621,.F.);
#12304 = ORIENTED_EDGE('',*,*,#11647,.F.);
#12305 = ORIENTED_EDGE('',*,*,#11671,.F.);
#12306 = ORIENTED_EDGE('',*,*,#11697,.F.);
#12307 = ORIENTED_EDGE('',*,*,#11721,.F.);
#12308 = PLANE('',#12309);
#12309 = AXIS2_PLACEMENT_3D('',#12310,#12311,#12312);
#12310 = CARTESIAN_POINT('',(29.047823049317,8.339435183258,2.51));
#12311 = DIRECTION('',(0.,0.,1.));
#12312 = DIRECTION('',(1.,0.,0.));
#12313 = ADVANCED_FACE('',(#12314),#12373,.T.);
#12314 = FACE_BOUND('',#12315,.T.);
#12315 = EDGE_LOOP('',(#12316,#12360,#12366,#12367));
#12316 = ORIENTED_EDGE('',*,*,#12317,.T.);
#12317 = EDGE_CURVE('',#12318,#12320,#12322,.T.);
#12318 = VERTEX_POINT('',#12319);
#12319 = CARTESIAN_POINT('',(-18.05587121212,10.456676136364,3.1));
#12320 = VERTEX_POINT('',#12321);
#12321 = CARTESIAN_POINT('',(-16.89109848484,9.488399621212,3.1));
#12322 = B_SPLINE_CURVE_WITH_KNOTS('',6,(#12323,#12324,#12325,#12326,
    #12327,#12328,#12329,#12330,#12331,#12332,#12333,#12334,#12335,
    #12336,#12337,#12338,#12339,#12340,#12341,#12342,#12343,#12344,
    #12345,#12346,#12347,#12348,#12349,#12350,#12351,#12352,#12353,
    #12354,#12355,#12356,#12357,#12358,#12359),.UNSPECIFIED.,.F.,.F.,(7,
    5,5,5,5,5,5,7),(0.,0.305070944827,0.416958948532,0.478570342186,
    0.606829204712,0.760042040587,0.838892384883,1.),.UNSPECIFIED.);
#12323 = CARTESIAN_POINT('',(-18.05587121212,10.456676136364,3.1));
#12324 = CARTESIAN_POINT('',(-17.96220222942,10.456676136364,3.1));
#12325 = CARTESIAN_POINT('',(-17.86928650072,10.452919170858,3.1));
#12326 = CARTESIAN_POINT('',(-17.77731932195,10.444837429768,3.1));
#12327 = CARTESIAN_POINT('',(-17.68679388989,10.431700512061,3.1));
#12328 = CARTESIAN_POINT('',(-17.59850395891,10.412611880462,3.1));
#12329 = CARTESIAN_POINT('',(-17.48233428983,10.377074463287,3.1));
#12330 = CARTESIAN_POINT('',(-17.45161224332,10.366610926012,3.1));
#12331 = CARTESIAN_POINT('',(-17.4213991645,10.355175699298,3.1));
#12332 = CARTESIAN_POINT('',(-17.39176197858,10.342725735373,3.1));
#12333 = CARTESIAN_POINT('',(-17.36277442556,10.329223409529,3.1));
#12334 = CARTESIAN_POINT('',(-17.31895333721,10.306610576566,3.1));
#12335 = CARTESIAN_POINT('',(-17.30361271308,10.298253015611,3.1));
#12336 = CARTESIAN_POINT('',(-17.288506067,10.289563188869,3.1));
#12337 = CARTESIAN_POINT('',(-17.27364680574,10.280537546622,3.1));
#12338 = CARTESIAN_POINT('',(-17.25904845303,10.27117374033,3.1));
#12339 = CARTESIAN_POINT('',(-17.21490622442,10.241271260713,3.1));
#12340 = CARTESIAN_POINT('',(-17.18627441863,10.219599671714,3.1));
#12341 = CARTESIAN_POINT('',(-17.15895693755,10.196450213334,3.1));
#12342 = CARTESIAN_POINT('',(-17.13306914173,10.171841053197,3.1));
#12343 = CARTESIAN_POINT('',(-17.10870746483,10.145820868703,3.1));
#12344 = CARTESIAN_POINT('',(-17.05874912355,10.085809934358,3.1));
#12345 = CARTESIAN_POINT('',(-17.03382773331,10.051245391239,3.1));
#12346 = CARTESIAN_POINT('',(-17.01130409396,10.01492960869,3.1));
#12347 = CARTESIAN_POINT('',(-16.99121619416,9.977045656157,3.1));
#12348 = CARTESIAN_POINT('',(-16.97353575282,9.93779818318,3.1));
#12349 = CARTESIAN_POINT('',(-16.95029145461,9.876608670493,3.1));
#12350 = CARTESIAN_POINT('',(-16.94301115215,9.855510734802,3.1));
#12351 = CARTESIAN_POINT('',(-16.93633730883,9.834133005166,3.1));
#12352 = CARTESIAN_POINT('',(-16.93025649436,9.81250123503,3.1));
#12353 = CARTESIAN_POINT('',(-16.92475302584,9.790639740261,3.1));
#12354 = CARTESIAN_POINT('',(-16.9097072313,9.723481198996,3.1));
#12355 = CARTESIAN_POINT('',(-16.90194260543,9.67753000409,3.1));
#12356 = CARTESIAN_POINT('',(-16.89636370046,9.63090429951,3.1));
#12357 = CARTESIAN_POINT('',(-16.89280411814,9.583762732027,3.1));
#12358 = CARTESIAN_POINT('',(-16.89109848484,9.536231479656,3.1));
#12359 = CARTESIAN_POINT('',(-16.89109848484,9.488399621212,3.1));
#12360 = ORIENTED_EDGE('',*,*,#12361,.T.);
#12361 = EDGE_CURVE('',#12320,#11850,#12362,.T.);
#12362 = LINE('',#12363,#12364);
#12363 = CARTESIAN_POINT('',(-16.89109848484,9.488399621212,4.01));
#12364 = VECTOR('',#12365,1.);
#12365 = DIRECTION('',(-0.,-0.,-1.));
#12366 = ORIENTED_EDGE('',*,*,#11849,.T.);
#12367 = ORIENTED_EDGE('',*,*,#12368,.F.);
#12368 = EDGE_CURVE('',#12318,#11852,#12369,.T.);
#12369 = LINE('',#12370,#12371);
#12370 = CARTESIAN_POINT('',(-18.05587121212,10.456676136364,4.01));
#12371 = VECTOR('',#12372,1.);
#12372 = DIRECTION('',(-0.,-0.,-1.));
#12373 = SURFACE_OF_LINEAR_EXTRUSION('',#12374,#12378);
#12374 = B_SPLINE_CURVE_WITH_KNOTS('',2,(#12375,#12376,#12377),
  .UNSPECIFIED.,.F.,.F.,(3,3),(0.,1.),.PIECEWISE_BEZIER_KNOTS.);
#12375 = CARTESIAN_POINT('',(-16.89109848484,9.488399621212,4.01));
#12376 = CARTESIAN_POINT('',(-16.89109848484,10.456676136364,4.01));
#12377 = CARTESIAN_POINT('',(-18.05587121212,10.456676136364,4.01));
#12378 = VECTOR('',#12379,1.);
#12379 = DIRECTION('',(0.,0.,1.));
#12380 = ADVANCED_FACE('',(#12381),#12433,.T.);
#12381 = FACE_BOUND('',#12382,.T.);
#12382 = EDGE_LOOP('',(#12383,#12425,#12431,#12432));
#12383 = ORIENTED_EDGE('',*,*,#12384,.T.);
#12384 = EDGE_CURVE('',#12320,#12385,#12387,.T.);
#12385 = VERTEX_POINT('',#12386);
#12386 = CARTESIAN_POINT('',(-18.02746212121,8.484848484848,3.1));
#12387 = B_SPLINE_CURVE_WITH_KNOTS('',6,(#12388,#12389,#12390,#12391,
    #12392,#12393,#12394,#12395,#12396,#12397,#12398,#12399,#12400,
    #12401,#12402,#12403,#12404,#12405,#12406,#12407,#12408,#12409,
    #12410,#12411,#12412,#12413,#12414,#12415,#12416,#12417,#12418,
    #12419,#12420,#12421,#12422,#12423,#12424),.UNSPECIFIED.,.F.,.F.,(7,
    5,5,5,5,5,5,7),(0.,0.181098213434,0.266549389566,0.427165951882,
    0.554262693114,0.615164596503,0.722222523663,1.),.UNSPECIFIED.);
#12388 = CARTESIAN_POINT('',(-16.89109848484,9.488399621212,3.1));
#12389 = CARTESIAN_POINT('',(-16.89109848484,9.434157696535,3.1));
#12390 = CARTESIAN_POINT('',(-16.89309069952,9.380269600207,3.1));
#12391 = CARTESIAN_POINT('',(-16.89726702731,9.326843682956,3.1));
#12392 = CARTESIAN_POINT('',(-16.90384748393,9.274043204274,3.1));
#12393 = CARTESIAN_POINT('',(-16.91305808225,9.222079676684,3.1));
#12394 = CARTESIAN_POINT('',(-16.93079480076,9.147201569191,3.1));
#12395 = CARTESIAN_POINT('',(-16.93711282602,9.123440845516,3.1));
#12396 = CARTESIAN_POINT('',(-16.94408418506,9.099951699933,3.1));
#12397 = CARTESIAN_POINT('',(-16.95172888898,9.076764466969,3.1));
#12398 = CARTESIAN_POINT('',(-16.96006416029,9.053911512234,3.1));
#12399 = CARTESIAN_POINT('',(-16.98609275817,8.9891632639,3.1));
#12400 = CARTESIAN_POINT('',(-17.0055720183,8.948191044814,3.1));
#12401 = CARTESIAN_POINT('',(-17.0276221697,8.908751379901,3.1));
#12402 = CARTESIAN_POINT('',(-17.05227431084,8.871077608784,3.1));
#12403 = CARTESIAN_POINT('',(-17.07948350912,8.835377217077,3.1));
#12404 = CARTESIAN_POINT('',(-17.13254111516,8.775255408713,3.1));
#12405 = CARTESIAN_POINT('',(-17.15749324059,8.750029539324,3.1));
#12406 = CARTESIAN_POINT('',(-17.18388969454,8.726216553681,3.1));
#12407 = CARTESIAN_POINT('',(-17.21163790737,8.703861343835,3.1));
#12408 = CARTESIAN_POINT('',(-17.24062817699,8.68297978281,3.1));
#12409 = CARTESIAN_POINT('',(-17.2851680127,8.654261702708,3.1));
#12410 = CARTESIAN_POINT('',(-17.29985469597,8.645294920781,3.1));
#12411 = CARTESIAN_POINT('',(-17.31478660147,8.636663305784,3.1));
#12412 = CARTESIAN_POINT('',(-17.32995099795,8.628364487186,3.1));
#12413 = CARTESIAN_POINT('',(-17.34533526518,8.620394957767,3.1));
#12414 = CARTESIAN_POINT('',(-17.38833502674,8.599311323705,3.1));
#12415 = CARTESIAN_POINT('',(-17.41638394769,8.586876015596,3.1));
#12416 = CARTESIAN_POINT('',(-17.445006834,8.575419302159,3.1));
#12417 = CARTESIAN_POINT('',(-17.47414048782,8.564908235252,3.1));
#12418 = CARTESIAN_POINT('',(-17.5037272088,8.555305124145,3.1));
#12419 = CARTESIAN_POINT('',(-17.61152870865,8.523908654079,3.1));
#12420 = CARTESIAN_POINT('',(-17.69201192655,8.507107551809,3.1));
#12421 = CARTESIAN_POINT('',(-17.7743598466,8.495446930052,3.1));
#12422 = CARTESIAN_POINT('',(-17.85795085932,8.488223738547,3.1));
#12423 = CARTESIAN_POINT('',(-17.94238063632,8.484848484848,3.1));
#12424 = CARTESIAN_POINT('',(-18.02746212121,8.484848484848,3.1));
#12425 = ORIENTED_EDGE('',*,*,#12426,.T.);
#12426 = EDGE_CURVE('',#12385,#11860,#12427,.T.);
#12427 = LINE('',#12428,#12429);
#12428 = CARTESIAN_POINT('',(-18.02746212121,8.484848484848,4.01));
#12429 = VECTOR('',#12430,1.);
#12430 = DIRECTION('',(-0.,-0.,-1.));
#12431 = ORIENTED_EDGE('',*,*,#11859,.T.);
#12432 = ORIENTED_EDGE('',*,*,#12361,.F.);
#12433 = SURFACE_OF_LINEAR_EXTRUSION('',#12434,#12438);
#12434 = B_SPLINE_CURVE_WITH_KNOTS('',2,(#12435,#12436,#12437),
  .UNSPECIFIED.,.F.,.F.,(3,3),(0.,1.),.PIECEWISE_BEZIER_KNOTS.);
#12435 = CARTESIAN_POINT('',(-18.02746212121,8.484848484848,4.01));
#12436 = CARTESIAN_POINT('',(-16.89109848484,8.484848484848,4.01));
#12437 = CARTESIAN_POINT('',(-16.89109848484,9.488399621212,4.01));
#12438 = VECTOR('',#12439,1.);
#12439 = DIRECTION('',(0.,0.,1.));
#12440 = ADVANCED_FACE('',(#12441),#12459,.T.);
#12441 = FACE_BOUND('',#12442,.T.);
#12442 = EDGE_LOOP('',(#12443,#12451,#12457,#12458));
#12443 = ORIENTED_EDGE('',*,*,#12444,.F.);
#12444 = EDGE_CURVE('',#12445,#12385,#12447,.T.);
#12445 = VERTEX_POINT('',#12446);
#12446 = CARTESIAN_POINT('',(-19.40175189393,8.484848484848,3.1));
#12447 = LINE('',#12448,#12449);
#12448 = CARTESIAN_POINT('',(-9.70087594697,8.484848484848,3.1));
#12449 = VECTOR('',#12450,1.);
#12450 = DIRECTION('',(1.,0.,-0.));
#12451 = ORIENTED_EDGE('',*,*,#12452,.T.);
#12452 = EDGE_CURVE('',#12445,#11868,#12453,.T.);
#12453 = LINE('',#12454,#12455);
#12454 = CARTESIAN_POINT('',(-19.40175189393,8.484848484848,4.01));
#12455 = VECTOR('',#12456,1.);
#12456 = DIRECTION('',(-0.,-0.,-1.));
#12457 = ORIENTED_EDGE('',*,*,#11867,.T.);
#12458 = ORIENTED_EDGE('',*,*,#12426,.F.);
#12459 = PLANE('',#12460);
#12460 = AXIS2_PLACEMENT_3D('',#12461,#12462,#12463);
#12461 = CARTESIAN_POINT('',(-19.40175189393,8.484848484848,4.01));
#12462 = DIRECTION('',(0.,-1.,0.));
#12463 = DIRECTION('',(1.,0.,0.));
#12464 = ADVANCED_FACE('',(#12465),#12483,.T.);
#12465 = FACE_BOUND('',#12466,.T.);
#12466 = EDGE_LOOP('',(#12467,#12475,#12481,#12482));
#12467 = ORIENTED_EDGE('',*,*,#12468,.F.);
#12468 = EDGE_CURVE('',#12469,#12445,#12471,.T.);
#12469 = VERTEX_POINT('',#12470);
#12470 = CARTESIAN_POINT('',(-19.40175189393,10.456676136364,3.1));
#12471 = LINE('',#12472,#12473);
#12472 = CARTESIAN_POINT('',(-19.40175189393,33.25502551419,3.1));
#12473 = VECTOR('',#12474,1.);
#12474 = DIRECTION('',(0.,-1.,0.));
#12475 = ORIENTED_EDGE('',*,*,#12476,.T.);
#12476 = EDGE_CURVE('',#12469,#11876,#12477,.T.);
#12477 = LINE('',#12478,#12479);
#12478 = CARTESIAN_POINT('',(-19.40175189393,10.456676136364,4.01));
#12479 = VECTOR('',#12480,1.);
#12480 = DIRECTION('',(-0.,-0.,-1.));
#12481 = ORIENTED_EDGE('',*,*,#11875,.T.);
#12482 = ORIENTED_EDGE('',*,*,#12452,.F.);
#12483 = PLANE('',#12484);
#12484 = AXIS2_PLACEMENT_3D('',#12485,#12486,#12487);
#12485 = CARTESIAN_POINT('',(-19.40175189393,10.456676136364,4.01));
#12486 = DIRECTION('',(-1.,0.,0.));
#12487 = DIRECTION('',(0.,-1.,0.));
#12488 = ADVANCED_FACE('',(#12489),#12500,.T.);
#12489 = FACE_BOUND('',#12490,.T.);
#12490 = EDGE_LOOP('',(#12491,#12497,#12498,#12499));
#12491 = ORIENTED_EDGE('',*,*,#12492,.F.);
#12492 = EDGE_CURVE('',#12318,#12469,#12493,.T.);
#12493 = LINE('',#12494,#12495);
#12494 = CARTESIAN_POINT('',(-9.027935606061,10.456676136364,3.1));
#12495 = VECTOR('',#12496,1.);
#12496 = DIRECTION('',(-1.,0.,0.));
#12497 = ORIENTED_EDGE('',*,*,#12368,.T.);
#12498 = ORIENTED_EDGE('',*,*,#11883,.T.);
#12499 = ORIENTED_EDGE('',*,*,#12476,.F.);
#12500 = PLANE('',#12501);
#12501 = AXIS2_PLACEMENT_3D('',#12502,#12503,#12504);
#12502 = CARTESIAN_POINT('',(-18.05587121212,10.456676136364,4.01));
#12503 = DIRECTION('',(0.,1.,-0.));
#12504 = DIRECTION('',(-1.,0.,0.));
#12505 = ADVANCED_FACE('',(#12506),#12540,.T.);
#12506 = FACE_BOUND('',#12507,.T.);
#12507 = EDGE_LOOP('',(#12508,#12527,#12533,#12534));
#12508 = ORIENTED_EDGE('',*,*,#12509,.T.);
#12509 = EDGE_CURVE('',#12510,#12512,#12514,.T.);
#12510 = VERTEX_POINT('',#12511);
#12511 = CARTESIAN_POINT('',(14.497869318182,9.158143939394,3.1));
#12512 = VERTEX_POINT('',#12513);
#12513 = CARTESIAN_POINT('',(14.806818181818,8.272727272727,3.1));
#12514 = B_SPLINE_CURVE_WITH_KNOTS('',6,(#12515,#12516,#12517,#12518,
    #12519,#12520,#12521,#12522,#12523,#12524,#12525,#12526),
  .UNSPECIFIED.,.F.,.F.,(7,5,7),(0.,0.472421181225,1.),.UNSPECIFIED.);
#12515 = CARTESIAN_POINT('',(14.497869318182,9.158143939394,3.1));
#12516 = CARTESIAN_POINT('',(14.542367445896,9.109649220579,3.1));
#12517 = CARTESIAN_POINT('',(14.582718479247,9.055701955182,3.1));
#12518 = CARTESIAN_POINT('',(14.618855900641,8.996768616185,3.1));
#12519 = CARTESIAN_POINT('',(14.650899411872,8.933421333982,3.1));
#12520 = CARTESIAN_POINT('',(14.679054482528,8.866227037039,3.1));
#12521 = CARTESIAN_POINT('',(14.730936256031,8.71692736629,3.1));
#12522 = CARTESIAN_POINT('',(14.753761432825,8.633998694513,3.1));
#12523 = CARTESIAN_POINT('',(14.772392762652,8.547580361638,3.1));
#12524 = CARTESIAN_POINT('',(14.787214032028,8.458268052433,3.1));
#12525 = CARTESIAN_POINT('',(14.798582923235,8.366536018275,3.1));
#12526 = CARTESIAN_POINT('',(14.806818181818,8.272727272727,3.1));
#12527 = ORIENTED_EDGE('',*,*,#12528,.T.);
#12528 = EDGE_CURVE('',#12512,#12099,#12529,.T.);
#12529 = LINE('',#12530,#12531);
#12530 = CARTESIAN_POINT('',(14.806818181818,8.272727272727,4.01));
#12531 = VECTOR('',#12532,1.);
#12532 = DIRECTION('',(-0.,-0.,-1.));
#12533 = ORIENTED_EDGE('',*,*,#12098,.T.);
#12534 = ORIENTED_EDGE('',*,*,#12535,.F.);
#12535 = EDGE_CURVE('',#12510,#12101,#12536,.T.);
#12536 = LINE('',#12537,#12538);
#12537 = CARTESIAN_POINT('',(14.497869318182,9.158143939394,4.01));
#12538 = VECTOR('',#12539,1.);
#12539 = DIRECTION('',(-0.,-0.,-1.));
#12540 = SURFACE_OF_LINEAR_EXTRUSION('',#12541,#12545);
#12541 = B_SPLINE_CURVE_WITH_KNOTS('',2,(#12542,#12543,#12544),
  .UNSPECIFIED.,.F.,.F.,(3,3),(0.,1.),.PIECEWISE_BEZIER_KNOTS.);
#12542 = CARTESIAN_POINT('',(14.806818181818,8.272727272727,4.01));
#12543 = CARTESIAN_POINT('',(14.753551136364,8.879498106061,4.01));
#12544 = CARTESIAN_POINT('',(14.497869318182,9.158143939394,4.01));
#12545 = VECTOR('',#12546,1.);
#12546 = DIRECTION('',(0.,0.,1.));
#12547 = ADVANCED_FACE('',(#12548),#12566,.T.);
#12548 = FACE_BOUND('',#12549,.T.);
#12549 = EDGE_LOOP('',(#12550,#12558,#12564,#12565));
#12550 = ORIENTED_EDGE('',*,*,#12551,.F.);
#12551 = EDGE_CURVE('',#12552,#12512,#12554,.T.);
#12552 = VERTEX_POINT('',#12553);
#12553 = CARTESIAN_POINT('',(12.732954545455,8.272727272727,3.1));
#12554 = LINE('',#12555,#12556);
#12555 = CARTESIAN_POINT('',(6.366477272727,8.272727272727,3.1));
#12556 = VECTOR('',#12557,1.);
#12557 = DIRECTION('',(1.,0.,-0.));
#12558 = ORIENTED_EDGE('',*,*,#12559,.T.);
#12559 = EDGE_CURVE('',#12552,#12109,#12560,.T.);
#12560 = LINE('',#12561,#12562);
#12561 = CARTESIAN_POINT('',(12.732954545455,8.272727272727,4.01));
#12562 = VECTOR('',#12563,1.);
#12563 = DIRECTION('',(-0.,-0.,-1.));
#12564 = ORIENTED_EDGE('',*,*,#12108,.T.);
#12565 = ORIENTED_EDGE('',*,*,#12528,.F.);
#12566 = PLANE('',#12567);
#12567 = AXIS2_PLACEMENT_3D('',#12568,#12569,#12570);
#12568 = CARTESIAN_POINT('',(12.732954545455,8.272727272727,4.01));
#12569 = DIRECTION('',(0.,-1.,0.));
#12570 = DIRECTION('',(1.,0.,0.));
#12571 = ADVANCED_FACE('',(#12572),#12599,.T.);
#12572 = FACE_BOUND('',#12573,.T.);
#12573 = EDGE_LOOP('',(#12574,#12591,#12597,#12598));
#12574 = ORIENTED_EDGE('',*,*,#12575,.T.);
#12575 = EDGE_CURVE('',#12552,#12576,#12578,.T.);
#12576 = VERTEX_POINT('',#12577);
#12577 = CARTESIAN_POINT('',(13.025804924242,9.126183712121,3.1));
#12578 = B_SPLINE_CURVE_WITH_KNOTS('',6,(#12579,#12580,#12581,#12582,
    #12583,#12584,#12585,#12586,#12587,#12588,#12589,#12590),
  .UNSPECIFIED.,.F.,.F.,(7,5,7),(0.,0.516869374354,1.),.UNSPECIFIED.);
#12579 = CARTESIAN_POINT('',(12.732954545455,8.272727272727,3.1));
#12580 = CARTESIAN_POINT('',(12.736335024185,8.358891919483,3.1));
#12581 = CARTESIAN_POINT('',(12.743566328679,8.443363214221,3.1));
#12582 = CARTESIAN_POINT('',(12.75494762477,8.525847535705,3.1));
#12583 = CARTESIAN_POINT('',(12.770781385245,8.605989807164,3.1));
#12584 = CARTESIAN_POINT('',(12.791344255964,8.683389157194,3.1));
#12585 = CARTESIAN_POINT('',(12.840633872533,8.827034321082,3.1));
#12586 = CARTESIAN_POINT('',(12.868742677807,8.893685716183,3.1));
#12587 = CARTESIAN_POINT('',(12.901292271266,8.957234190879,3.1));
#12588 = CARTESIAN_POINT('',(12.938358881214,9.017346081056,3.1));
#12589 = CARTESIAN_POINT('',(12.979916699713,9.073734311635,3.1));
#12590 = CARTESIAN_POINT('',(13.025804924242,9.126183712121,3.1));
#12591 = ORIENTED_EDGE('',*,*,#12592,.T.);
#12592 = EDGE_CURVE('',#12576,#12117,#12593,.T.);
#12593 = LINE('',#12594,#12595);
#12594 = CARTESIAN_POINT('',(13.025804924242,9.126183712121,4.01));
#12595 = VECTOR('',#12596,1.);
#12596 = DIRECTION('',(-0.,-0.,-1.));
#12597 = ORIENTED_EDGE('',*,*,#12116,.T.);
#12598 = ORIENTED_EDGE('',*,*,#12559,.F.);
#12599 = SURFACE_OF_LINEAR_EXTRUSION('',#12600,#12604);
#12600 = B_SPLINE_CURVE_WITH_KNOTS('',2,(#12601,#12602,#12603),
  .UNSPECIFIED.,.F.,.F.,(3,3),(0.,1.),.PIECEWISE_BEZIER_KNOTS.);
#12601 = CARTESIAN_POINT('',(13.025804924242,9.126183712121,4.01));
#12602 = CARTESIAN_POINT('',(12.754261363636,8.815814393939,4.01));
#12603 = CARTESIAN_POINT('',(12.732954545455,8.272727272727,4.01));
#12604 = VECTOR('',#12605,1.);
#12605 = DIRECTION('',(0.,0.,1.));
#12606 = ADVANCED_FACE('',(#12607),#12634,.T.);
#12607 = FACE_BOUND('',#12608,.T.);
#12608 = EDGE_LOOP('',(#12609,#12626,#12632,#12633));
#12609 = ORIENTED_EDGE('',*,*,#12610,.T.);
#12610 = EDGE_CURVE('',#12576,#12611,#12613,.T.);
#12611 = VERTEX_POINT('',#12612);
#12612 = CARTESIAN_POINT('',(13.762784090909,9.436789772727,3.1));
#12613 = B_SPLINE_CURVE_WITH_KNOTS('',6,(#12614,#12615,#12616,#12617,
    #12618,#12619,#12620,#12621,#12622,#12623,#12624,#12625),
  .UNSPECIFIED.,.F.,.F.,(7,5,7),(0.,0.324021569872,1.),.UNSPECIFIED.);
#12614 = CARTESIAN_POINT('',(13.025804924242,9.126183712121,3.1));
#12615 = CARTESIAN_POINT('',(13.055177521869,9.159752395123,3.1));
#12616 = CARTESIAN_POINT('',(13.086105720165,9.191373022511,3.1));
#12617 = CARTESIAN_POINT('',(13.118579446918,9.220938849506,3.1));
#12618 = CARTESIAN_POINT('',(13.152571636618,9.248360566828,3.1));
#12619 = CARTESIAN_POINT('',(13.188035458643,9.273570206133,3.1));
#12620 = CARTESIAN_POINT('',(13.301812102668,9.344413759327,3.1));
#12621 = CARTESIAN_POINT('',(13.384857567421,9.382508858983,3.1));
#12622 = CARTESIAN_POINT('',(13.473363738435,9.410372140446,3.1));
#12623 = CARTESIAN_POINT('',(13.566461110001,9.428254170394,3.1));
#12624 = CARTESIAN_POINT('',(13.663226805777,9.436789772727,3.1));
#12625 = CARTESIAN_POINT('',(13.762784090909,9.436789772727,3.1));
#12626 = ORIENTED_EDGE('',*,*,#12627,.T.);
#12627 = EDGE_CURVE('',#12611,#12125,#12628,.T.);
#12628 = LINE('',#12629,#12630);
#12629 = CARTESIAN_POINT('',(13.762784090909,9.436789772727,4.01));
#12630 = VECTOR('',#12631,1.);
#12631 = DIRECTION('',(-0.,-0.,-1.));
#12632 = ORIENTED_EDGE('',*,*,#12124,.T.);
#12633 = ORIENTED_EDGE('',*,*,#12592,.F.);
#12634 = SURFACE_OF_LINEAR_EXTRUSION('',#12635,#12639);
#12635 = B_SPLINE_CURVE_WITH_KNOTS('',2,(#12636,#12637,#12638),
  .UNSPECIFIED.,.F.,.F.,(3,3),(0.,1.),.PIECEWISE_BEZIER_KNOTS.);
#12636 = CARTESIAN_POINT('',(13.762784090909,9.436789772727,4.01));
#12637 = CARTESIAN_POINT('',(13.297585227273,9.436789772727,4.01));
#12638 = CARTESIAN_POINT('',(13.025804924242,9.126183712121,4.01));
#12639 = VECTOR('',#12640,1.);
#12640 = DIRECTION('',(0.,0.,1.));
#12641 = ADVANCED_FACE('',(#12642),#12662,.T.);
#12642 = FACE_BOUND('',#12643,.T.);
#12643 = EDGE_LOOP('',(#12644,#12659,#12660,#12661));
#12644 = ORIENTED_EDGE('',*,*,#12645,.T.);
#12645 = EDGE_CURVE('',#12611,#12510,#12646,.T.);
#12646 = B_SPLINE_CURVE_WITH_KNOTS('',6,(#12647,#12648,#12649,#12650,
    #12651,#12652,#12653,#12654,#12655,#12656,#12657,#12658),
  .UNSPECIFIED.,.F.,.F.,(7,5,7),(0.,0.844676190577,1.),.UNSPECIFIED.);
#12647 = CARTESIAN_POINT('',(13.762784090909,9.436789772727,3.1));
#12648 = CARTESIAN_POINT('',(13.888213842954,9.436789772727,3.1));
#12649 = CARTESIAN_POINT('',(14.009007017699,9.425345033322,3.1));
#12650 = CARTESIAN_POINT('',(14.123465117993,9.400898366729,3.1));
#12651 = CARTESIAN_POINT('',(14.229645593753,9.362070042492,3.1));
#12652 = CARTESIAN_POINT('',(14.325666979583,9.308158565877,3.1));
#12653 = CARTESIAN_POINT('',(14.425891047691,9.227676490132,3.1));
#12654 = CARTESIAN_POINT('',(14.44107535649,9.214698796186,3.1));
#12655 = CARTESIAN_POINT('',(14.455870192061,9.201249534482,3.1));
#12656 = CARTESIAN_POINT('',(14.470270118996,9.187335259322,3.1));
#12657 = CARTESIAN_POINT('',(14.48427086446,9.172963735719,3.1));
#12658 = CARTESIAN_POINT('',(14.497869318182,9.158143939394,3.1));
#12659 = ORIENTED_EDGE('',*,*,#12535,.T.);
#12660 = ORIENTED_EDGE('',*,*,#12132,.T.);
#12661 = ORIENTED_EDGE('',*,*,#12627,.F.);
#12662 = SURFACE_OF_LINEAR_EXTRUSION('',#12663,#12667);
#12663 = B_SPLINE_CURVE_WITH_KNOTS('',2,(#12664,#12665,#12666),
  .UNSPECIFIED.,.F.,.F.,(3,3),(0.,1.),.PIECEWISE_BEZIER_KNOTS.);
#12664 = CARTESIAN_POINT('',(14.497869318182,9.158143939394,4.01));
#12665 = CARTESIAN_POINT('',(14.2421875,9.436789772727,4.01));
#12666 = CARTESIAN_POINT('',(13.762784090909,9.436789772727,4.01));
#12667 = VECTOR('',#12668,1.);
#12668 = DIRECTION('',(0.,0.,1.));
#12669 = ADVANCED_FACE('',(#12670),#12704,.T.);
#12670 = FACE_BOUND('',#12671,.T.);
#12671 = EDGE_LOOP('',(#12672,#12691,#12697,#12698));
#12672 = ORIENTED_EDGE('',*,*,#12673,.T.);
#12673 = EDGE_CURVE('',#12674,#12676,#12678,.T.);
#12674 = VERTEX_POINT('',#12675);
#12675 = CARTESIAN_POINT('',(26.639441287879,9.076231060606,3.1));
#12676 = VERTEX_POINT('',#12677);
#12677 = CARTESIAN_POINT('',(26.875710227273,7.92021780303,3.1));
#12678 = B_SPLINE_CURVE_WITH_KNOTS('',6,(#12679,#12680,#12681,#12682,
    #12683,#12684,#12685,#12686,#12687,#12688,#12689,#12690),
  .UNSPECIFIED.,.F.,.F.,(7,5,7),(0.,0.456493072047,1.),.UNSPECIFIED.);
#12679 = CARTESIAN_POINT('',(26.639441287879,9.076231060606,3.1));
#12680 = CARTESIAN_POINT('',(26.682050700041,9.011249572319,3.1));
#12681 = CARTESIAN_POINT('',(26.718964670891,8.93942605525,3.1));
#12682 = CARTESIAN_POINT('',(26.750432302302,8.861867316007,3.1));
#12683 = CARTESIAN_POINT('',(26.776949156657,8.779688625741,3.1));
#12684 = CARTESIAN_POINT('',(26.799019619543,8.693777250725,3.1));
#12685 = CARTESIAN_POINT('',(26.838658700161,8.498759488561,3.1));
#12686 = CARTESIAN_POINT('',(26.854557427672,8.38840249656,3.1));
#12687 = CARTESIAN_POINT('',(26.86561407111,8.274713232723,3.1));
#12688 = CARTESIAN_POINT('',(26.872487250615,8.158467910999,3.1));
#12689 = CARTESIAN_POINT('',(26.875710227273,8.040200887328,3.1));
#12690 = CARTESIAN_POINT('',(26.875710227273,7.92021780303,3.1));
#12691 = ORIENTED_EDGE('',*,*,#12692,.T.);
#12692 = EDGE_CURVE('',#12676,#12224,#12693,.T.);
#12693 = LINE('',#12694,#12695);
#12694 = CARTESIAN_POINT('',(26.875710227273,7.92021780303,4.01));
#12695 = VECTOR('',#12696,1.);
#12696 = DIRECTION('',(-0.,-0.,-1.));
#12697 = ORIENTED_EDGE('',*,*,#12223,.T.);
#12698 = ORIENTED_EDGE('',*,*,#12699,.F.);
#12699 = EDGE_CURVE('',#12674,#12226,#12700,.T.);
#12700 = LINE('',#12701,#12702);
#12701 = CARTESIAN_POINT('',(26.639441287879,9.076231060606,4.01));
#12702 = VECTOR('',#12703,1.);
#12703 = DIRECTION('',(-0.,-0.,-1.));
#12704 = SURFACE_OF_LINEAR_EXTRUSION('',#12705,#12709);
#12705 = B_SPLINE_CURVE_WITH_KNOTS('',2,(#12706,#12707,#12708),
  .UNSPECIFIED.,.F.,.F.,(3,3),(0.,1.),.PIECEWISE_BEZIER_KNOTS.);
#12706 = CARTESIAN_POINT('',(26.875710227273,7.92021780303,4.01));
#12707 = CARTESIAN_POINT('',(26.875710227273,8.715909090909,4.01));
#12708 = CARTESIAN_POINT('',(26.639441287879,9.076231060606,4.01));
#12709 = VECTOR('',#12710,1.);
#12710 = DIRECTION('',(0.,0.,1.));
#12711 = ADVANCED_FACE('',(#12712),#12739,.T.);
#12712 = FACE_BOUND('',#12713,.T.);
#12713 = EDGE_LOOP('',(#12714,#12731,#12737,#12738));
#12714 = ORIENTED_EDGE('',*,*,#12715,.T.);
#12715 = EDGE_CURVE('',#12676,#12716,#12718,.T.);
#12716 = VERTEX_POINT('',#12717);
#12717 = CARTESIAN_POINT('',(26.628787878788,6.765861742424,3.1));
#12718 = B_SPLINE_CURVE_WITH_KNOTS('',6,(#12719,#12720,#12721,#12722,
    #12723,#12724,#12725,#12726,#12727,#12728,#12729,#12730),
  .UNSPECIFIED.,.F.,.F.,(7,5,7),(0.,0.542576238722,1.),.UNSPECIFIED.);
#12719 = CARTESIAN_POINT('',(26.875710227273,7.92021780303,3.1));
#12720 = CARTESIAN_POINT('',(26.875710227273,7.800883765993,3.1));
#12721 = CARTESIAN_POINT('',(26.872286849063,7.683243986578,3.1));
#12722 = CARTESIAN_POINT('',(26.865002152548,7.567606999086,3.1));
#12723 = CARTESIAN_POINT('',(26.853311826845,7.454501080309,3.1));
#12724 = CARTESIAN_POINT('',(26.836560931909,7.344676846192,3.1));
#12725 = CARTESIAN_POINT('',(26.794942279735,7.150110644849,3.1));
#12726 = CARTESIAN_POINT('',(26.771766877947,7.064163970191,3.1));
#12727 = CARTESIAN_POINT('',(26.743999729452,6.981871790075,3.1));
#12728 = CARTESIAN_POINT('',(26.71116752369,6.904059496009,3.1));
#12729 = CARTESIAN_POINT('',(26.672827377248,6.83173098269,3.1));
#12730 = CARTESIAN_POINT('',(26.628787878788,6.765861742424,3.1));
#12731 = ORIENTED_EDGE('',*,*,#12732,.T.);
#12732 = EDGE_CURVE('',#12716,#12234,#12733,.T.);
#12733 = LINE('',#12734,#12735);
#12734 = CARTESIAN_POINT('',(26.628787878788,6.765861742424,4.01));
#12735 = VECTOR('',#12736,1.);
#12736 = DIRECTION('',(-0.,-0.,-1.));
#12737 = ORIENTED_EDGE('',*,*,#12233,.T.);
#12738 = ORIENTED_EDGE('',*,*,#12692,.F.);
#12739 = SURFACE_OF_LINEAR_EXTRUSION('',#12740,#12744);
#12740 = B_SPLINE_CURVE_WITH_KNOTS('',2,(#12741,#12742,#12743),
  .UNSPECIFIED.,.F.,.F.,(3,3),(0.,1.),.PIECEWISE_BEZIER_KNOTS.);
#12741 = CARTESIAN_POINT('',(26.628787878788,6.765861742424,4.01));
#12742 = CARTESIAN_POINT('',(26.875710227273,7.135179924242,4.01));
#12743 = CARTESIAN_POINT('',(26.875710227273,7.92021780303,4.01));
#12744 = VECTOR('',#12745,1.);
#12745 = DIRECTION('',(0.,0.,1.));
#12746 = ADVANCED_FACE('',(#12747),#12779,.T.);
#12747 = FACE_BOUND('',#12748,.T.);
#12748 = EDGE_LOOP('',(#12749,#12771,#12777,#12778));
#12749 = ORIENTED_EDGE('',*,*,#12750,.T.);
#12750 = EDGE_CURVE('',#12716,#12751,#12753,.T.);
#12751 = VERTEX_POINT('',#12752);
#12752 = CARTESIAN_POINT('',(25.806818181818,6.396543560606,3.1));
#12753 = B_SPLINE_CURVE_WITH_KNOTS('',6,(#12754,#12755,#12756,#12757,
    #12758,#12759,#12760,#12761,#12762,#12763,#12764,#12765,#12766,
    #12767,#12768,#12769,#12770),.UNSPECIFIED.,.F.,.F.,(7,5,5,7),(0.,
    0.217823247425,0.704297186366,1.),.UNSPECIFIED.);
#12754 = CARTESIAN_POINT('',(26.628787878788,6.765861742424,3.1));
#12755 = CARTESIAN_POINT('',(26.610378729547,6.738301019953,3.1));
#12756 = CARTESIAN_POINT('',(26.590769139161,6.711820949488,3.1));
#12757 = CARTESIAN_POINT('',(26.569959522204,6.686482246964,3.1));
#12758 = CARTESIAN_POINT('',(26.547960903134,6.662337655466,3.1));
#12759 = CARTESIAN_POINT('',(26.524796363412,6.639430496238,3.1));
#12760 = CARTESIAN_POINT('',(26.446245943047,6.569469768131,3.1));
#12761 = CARTESIAN_POINT('',(26.386336637207,6.527462513382,3.1));
#12762 = CARTESIAN_POINT('',(26.321210332123,6.492174761188,3.1));
#12763 = CARTESIAN_POINT('',(26.251508676714,6.463571247197,3.1));
#12764 = CARTESIAN_POINT('',(26.177957963921,6.441353642635,3.1));
#12765 = CARTESIAN_POINT('',(26.054672533409,6.415197640537,3.1));
#12766 = CARTESIAN_POINT('',(26.006895684076,6.407504947774,3.1));
#12767 = CARTESIAN_POINT('',(25.958095519153,6.401908347415,3.1));
#12768 = CARTESIAN_POINT('',(25.908406491893,6.398294028731,3.1));
#12769 = CARTESIAN_POINT('',(25.857947661482,6.396543560606,3.1));
#12770 = CARTESIAN_POINT('',(25.806818181818,6.396543560606,3.1));
#12771 = ORIENTED_EDGE('',*,*,#12772,.T.);
#12772 = EDGE_CURVE('',#12751,#12242,#12773,.T.);
#12773 = LINE('',#12774,#12775);
#12774 = CARTESIAN_POINT('',(25.806818181818,6.396543560606,4.01));
#12775 = VECTOR('',#12776,1.);
#12776 = DIRECTION('',(-0.,-0.,-1.));
#12777 = ORIENTED_EDGE('',*,*,#12241,.T.);
#12778 = ORIENTED_EDGE('',*,*,#12732,.F.);
#12779 = SURFACE_OF_LINEAR_EXTRUSION('',#12780,#12784);
#12780 = B_SPLINE_CURVE_WITH_KNOTS('',2,(#12781,#12782,#12783),
  .UNSPECIFIED.,.F.,.F.,(3,3),(0.,1.),.PIECEWISE_BEZIER_KNOTS.);
#12781 = CARTESIAN_POINT('',(25.806818181818,6.396543560606,4.01));
#12782 = CARTESIAN_POINT('',(26.382102272727,6.396543560606,4.01));
#12783 = CARTESIAN_POINT('',(26.628787878788,6.765861742424,4.01));
#12784 = VECTOR('',#12785,1.);
#12785 = DIRECTION('',(0.,0.,1.));
#12786 = ADVANCED_FACE('',(#12787),#12816,.T.);
#12787 = FACE_BOUND('',#12788,.T.);
#12788 = EDGE_LOOP('',(#12789,#12808,#12814,#12815));
#12789 = ORIENTED_EDGE('',*,*,#12790,.T.);
#12790 = EDGE_CURVE('',#12751,#12791,#12793,.T.);
#12791 = VERTEX_POINT('',#12792);
#12792 = CARTESIAN_POINT('',(25.030776515152,6.778409090909,3.1));
#12793 = B_SPLINE_CURVE_WITH_KNOTS('',5,(#12794,#12795,#12796,#12797,
    #12798,#12799,#12800,#12801,#12802,#12803,#12804,#12805,#12806,
    #12807),.UNSPECIFIED.,.F.,.F.,(6,4,4,6),(0.,0.236802728457,
    0.667920984686,1.),.UNSPECIFIED.);
#12794 = CARTESIAN_POINT('',(25.806818181818,6.396543560606,3.1));
#12795 = CARTESIAN_POINT('',(25.760361139751,6.396543560606,3.1));
#12796 = CARTESIAN_POINT('',(25.71454542293,6.398383464423,3.1));
#12797 = CARTESIAN_POINT('',(25.669475043514,6.402176833028,3.1));
#12798 = CARTESIAN_POINT('',(25.625272459436,6.408035428972,3.1));
#12799 = CARTESIAN_POINT('',(25.503415749948,6.430634747434,3.1));
#12800 = CARTESIAN_POINT('',(25.428049143498,6.452365349535,3.1));
#12801 = CARTESIAN_POINT('',(25.356835232307,6.48176760372,3.1));
#12802 = CARTESIAN_POINT('',(25.290607721388,6.519086784173,3.1));
#12803 = CARTESIAN_POINT('',(25.183200993994,6.5984075292,3.1));
#12804 = CARTESIAN_POINT('',(25.139748530437,6.637374166919,3.1));
#12805 = CARTESIAN_POINT('',(25.099833625934,6.680608386727,3.1));
#12806 = CARTESIAN_POINT('',(25.063525407505,6.727762913185,3.1));
#12807 = CARTESIAN_POINT('',(25.030776515152,6.778409090909,3.1));
#12808 = ORIENTED_EDGE('',*,*,#12809,.T.);
#12809 = EDGE_CURVE('',#12791,#12250,#12810,.T.);
#12810 = LINE('',#12811,#12812);
#12811 = CARTESIAN_POINT('',(25.030776515152,6.778409090909,4.01));
#12812 = VECTOR('',#12813,1.);
#12813 = DIRECTION('',(-0.,-0.,-1.));
#12814 = ORIENTED_EDGE('',*,*,#12249,.T.);
#12815 = ORIENTED_EDGE('',*,*,#12772,.F.);
#12816 = SURFACE_OF_LINEAR_EXTRUSION('',#12817,#12821);
#12817 = B_SPLINE_CURVE_WITH_KNOTS('',2,(#12818,#12819,#12820),
  .UNSPECIFIED.,.F.,.F.,(3,3),(0.,1.),.PIECEWISE_BEZIER_KNOTS.);
#12818 = CARTESIAN_POINT('',(25.030776515152,6.778409090909,4.01));
#12819 = CARTESIAN_POINT('',(25.277698863636,6.396543560606,4.01));
#12820 = CARTESIAN_POINT('',(25.806818181818,6.396543560606,4.01));
#12821 = VECTOR('',#12822,1.);
#12822 = DIRECTION('',(0.,0.,1.));
#12823 = ADVANCED_FACE('',(#12824),#12851,.T.);
#12824 = FACE_BOUND('',#12825,.T.);
#12825 = EDGE_LOOP('',(#12826,#12843,#12849,#12850));
#12826 = ORIENTED_EDGE('',*,*,#12827,.T.);
#12827 = EDGE_CURVE('',#12791,#12828,#12830,.T.);
#12828 = VERTEX_POINT('',#12829);
#12829 = CARTESIAN_POINT('',(24.784090909091,7.92021780303,3.1));
#12830 = B_SPLINE_CURVE_WITH_KNOTS('',6,(#12831,#12832,#12833,#12834,
    #12835,#12836,#12837,#12838,#12839,#12840,#12841,#12842),
  .UNSPECIFIED.,.F.,.F.,(7,5,7),(0.,0.46374154839,1.),.UNSPECIFIED.);
#12831 = CARTESIAN_POINT('',(25.030776515152,6.778409090909,3.1));
#12832 = CARTESIAN_POINT('',(24.986938829534,6.846269155114,3.1));
#12833 = CARTESIAN_POINT('',(24.948637260182,6.91995894072,3.1));
#12834 = CARTESIAN_POINT('',(24.915712692312,6.998661139648,3.1));
#12835 = CARTESIAN_POINT('',(24.887788145307,7.081531778614,3.1));
#12836 = CARTESIAN_POINT('',(24.864444410001,7.167853718587,3.1));
#12837 = CARTESIAN_POINT('',(24.823097060532,7.360257106958,3.1));
#12838 = CARTESIAN_POINT('',(24.806505011286,7.467293513601,3.1));
#12839 = CARTESIAN_POINT('',(24.794845259835,7.577370075043,3.1));
#12840 = CARTESIAN_POINT('',(24.787539800661,7.68983674127,3.1));
#12841 = CARTESIAN_POINT('',(24.784090909091,7.80421777455,3.1));
#12842 = CARTESIAN_POINT('',(24.784090909091,7.92021780303,3.1));
#12843 = ORIENTED_EDGE('',*,*,#12844,.T.);
#12844 = EDGE_CURVE('',#12828,#12258,#12845,.T.);
#12845 = LINE('',#12846,#12847);
#12846 = CARTESIAN_POINT('',(24.784090909091,7.92021780303,4.01));
#12847 = VECTOR('',#12848,1.);
#12848 = DIRECTION('',(-0.,-0.,-1.));
#12849 = ORIENTED_EDGE('',*,*,#12257,.T.);
#12850 = ORIENTED_EDGE('',*,*,#12809,.F.);
#12851 = SURFACE_OF_LINEAR_EXTRUSION('',#12852,#12856);
#12852 = B_SPLINE_CURVE_WITH_KNOTS('',2,(#12853,#12854,#12855),
  .UNSPECIFIED.,.F.,.F.,(3,3),(0.,1.),.PIECEWISE_BEZIER_KNOTS.);
#12853 = CARTESIAN_POINT('',(24.784090909091,7.92021780303,4.01));
#12854 = CARTESIAN_POINT('',(24.784090909091,7.160274621212,4.01));
#12855 = CARTESIAN_POINT('',(25.030776515152,6.778409090909,4.01));
#12856 = VECTOR('',#12857,1.);
#12857 = DIRECTION('',(0.,0.,1.));
#12858 = ADVANCED_FACE('',(#12859),#12886,.T.);
#12859 = FACE_BOUND('',#12860,.T.);
#12860 = EDGE_LOOP('',(#12861,#12878,#12884,#12885));
#12861 = ORIENTED_EDGE('',*,*,#12862,.T.);
#12862 = EDGE_CURVE('',#12828,#12863,#12865,.T.);
#12863 = VERTEX_POINT('',#12864);
#12864 = CARTESIAN_POINT('',(25.034327651515,9.069128787879,3.1));
#12865 = B_SPLINE_CURVE_WITH_KNOTS('',6,(#12866,#12867,#12868,#12869,
    #12870,#12871,#12872,#12873,#12874,#12875,#12876,#12877),
  .UNSPECIFIED.,.F.,.F.,(7,5,7),(0.,0.542160073777,1.),.UNSPECIFIED.);
#12866 = CARTESIAN_POINT('',(24.784090909091,7.92021780303,3.1));
#12867 = CARTESIAN_POINT('',(24.784090909091,8.039053820548,3.1));
#12868 = CARTESIAN_POINT('',(24.787562908124,8.156190366747,3.1));
#12869 = CARTESIAN_POINT('',(24.794949457655,8.271316255451,3.1));
#12870 = CARTESIAN_POINT('',(24.806801653872,8.383898354191,3.1));
#12871 = CARTESIAN_POINT('',(24.823779137678,8.493181584208,3.1));
#12872 = CARTESIAN_POINT('',(24.865964016508,8.68686485475,3.1));
#12873 = CARTESIAN_POINT('',(24.889475160579,8.772466356425,3.1));
#12874 = CARTESIAN_POINT('',(24.917637998674,8.854384666361,3.1));
#12875 = CARTESIAN_POINT('',(24.950922850503,8.931792874011,3.1));
#12876 = CARTESIAN_POINT('',(24.989762615376,9.003693654399,3.1));
#12877 = CARTESIAN_POINT('',(25.034327651515,9.069128787879,3.1));
#12878 = ORIENTED_EDGE('',*,*,#12879,.T.);
#12879 = EDGE_CURVE('',#12863,#12266,#12880,.T.);
#12880 = LINE('',#12881,#12882);
#12881 = CARTESIAN_POINT('',(25.034327651515,9.069128787879,4.01));
#12882 = VECTOR('',#12883,1.);
#12883 = DIRECTION('',(-0.,-0.,-1.));
#12884 = ORIENTED_EDGE('',*,*,#12265,.T.);
#12885 = ORIENTED_EDGE('',*,*,#12844,.F.);
#12886 = SURFACE_OF_LINEAR_EXTRUSION('',#12887,#12891);
#12887 = B_SPLINE_CURVE_WITH_KNOTS('',2,(#12888,#12889,#12890),
  .UNSPECIFIED.,.F.,.F.,(3,3),(0.,1.),.PIECEWISE_BEZIER_KNOTS.);
#12888 = CARTESIAN_POINT('',(25.034327651515,9.069128787879,4.01));
#12889 = CARTESIAN_POINT('',(24.784090909091,8.701704545455,4.01));
#12890 = CARTESIAN_POINT('',(24.784090909091,7.92021780303,4.01));
#12891 = VECTOR('',#12892,1.);
#12892 = DIRECTION('',(0.,0.,1.));
#12893 = ADVANCED_FACE('',(#12894),#12926,.T.);
#12894 = FACE_BOUND('',#12895,.T.);
#12895 = EDGE_LOOP('',(#12896,#12918,#12924,#12925));
#12896 = ORIENTED_EDGE('',*,*,#12897,.T.);
#12897 = EDGE_CURVE('',#12863,#12898,#12900,.T.);
#12898 = VERTEX_POINT('',#12899);
#12899 = CARTESIAN_POINT('',(25.845880681818,9.436789772727,3.1));
#12900 = B_SPLINE_CURVE_WITH_KNOTS('',6,(#12901,#12902,#12903,#12904,
    #12905,#12906,#12907,#12908,#12909,#12910,#12911,#12912,#12913,
    #12914,#12915,#12916,#12917),.UNSPECIFIED.,.F.,.F.,(7,5,5,7),(0.,
    0.240285665548,0.718294322265,1.),.UNSPECIFIED.);
#12901 = CARTESIAN_POINT('',(25.034327651515,9.069128787879,3.1));
#12902 = CARTESIAN_POINT('',(25.05481272401,9.099198086163,3.1));
#12903 = CARTESIAN_POINT('',(25.076673806922,9.127981873221,3.1));
#12904 = CARTESIAN_POINT('',(25.09991123553,9.155402271975,3.1));
#12905 = CARTESIAN_POINT('',(25.124511605373,9.181391952446,3.1));
#12906 = CARTESIAN_POINT('',(25.150445632738,9.205896371928,3.1));
#12907 = CARTESIAN_POINT('',(25.231816471456,9.27459022105,3.1));
#12908 = CARTESIAN_POINT('',(25.291075910297,9.314285688952,3.1));
#12909 = CARTESIAN_POINT('',(25.355050123402,9.347618912152,3.1));
#12910 = CARTESIAN_POINT('',(25.423179202038,9.37461741056,3.1));
#12911 = CARTESIAN_POINT('',(25.494829441729,9.395540622673,3.1));
#12912 = CARTESIAN_POINT('',(25.613288955492,9.41975397968,3.1));
#12913 = CARTESIAN_POINT('',(25.658226512272,9.426758900313,3.1));
#12914 = CARTESIAN_POINT('',(25.704058485473,9.431870591832,3.1));
#12915 = CARTESIAN_POINT('',(25.750674915689,9.435181701438,3.1));
#12916 = CARTESIAN_POINT('',(25.797977044147,9.436789772727,3.1));
#12917 = CARTESIAN_POINT('',(25.845880681818,9.436789772727,3.1));
#12918 = ORIENTED_EDGE('',*,*,#12919,.T.);
#12919 = EDGE_CURVE('',#12898,#12274,#12920,.T.);
#12920 = LINE('',#12921,#12922);
#12921 = CARTESIAN_POINT('',(25.845880681818,9.436789772727,4.01));
#12922 = VECTOR('',#12923,1.);
#12923 = DIRECTION('',(-0.,-0.,-1.));
#12924 = ORIENTED_EDGE('',*,*,#12273,.T.);
#12925 = ORIENTED_EDGE('',*,*,#12879,.F.);
#12926 = SURFACE_OF_LINEAR_EXTRUSION('',#12927,#12931);
#12927 = B_SPLINE_CURVE_WITH_KNOTS('',2,(#12928,#12929,#12930),
  .UNSPECIFIED.,.F.,.F.,(3,3),(0.,1.),.PIECEWISE_BEZIER_KNOTS.);
#12928 = CARTESIAN_POINT('',(25.845880681818,9.436789772727,4.01));
#12929 = CARTESIAN_POINT('',(25.284801136364,9.436789772727,4.01));
#12930 = CARTESIAN_POINT('',(25.034327651515,9.069128787879,4.01));
#12931 = VECTOR('',#12932,1.);
#12932 = DIRECTION('',(0.,0.,1.));
#12933 = ADVANCED_FACE('',(#12934),#12959,.T.);
#12934 = FACE_BOUND('',#12935,.T.);
#12935 = EDGE_LOOP('',(#12936,#12956,#12957,#12958));
#12936 = ORIENTED_EDGE('',*,*,#12937,.T.);
#12937 = EDGE_CURVE('',#12898,#12674,#12938,.T.);
#12938 = B_SPLINE_CURVE_WITH_KNOTS('',6,(#12939,#12940,#12941,#12942,
    #12943,#12944,#12945,#12946,#12947,#12948,#12949,#12950,#12951,
    #12952,#12953,#12954,#12955),.UNSPECIFIED.,.F.,.F.,(7,5,5,7),(0.,
    0.293106241084,0.776036693517,1.),.UNSPECIFIED.);
#12939 = CARTESIAN_POINT('',(25.845880681818,9.436789772727,3.1));
#12940 = CARTESIAN_POINT('',(25.89512916077,9.436789772727,3.1));
#12941 = CARTESIAN_POINT('',(25.943706332388,9.435101659378,3.1));
#12942 = CARTESIAN_POINT('',(25.991516694379,9.431618666708,3.1));
#12943 = CARTESIAN_POINT('',(26.038446632561,9.426229839942,3.1));
#12944 = CARTESIAN_POINT('',(26.084368728673,9.418829024048,3.1));
#12945 = CARTESIAN_POINT('',(26.202922528034,9.393662852054,3.1));
#12946 = CARTESIAN_POINT('',(26.273624346589,9.372282415496,3.1));
#12947 = CARTESIAN_POINT('',(26.340570948567,9.344775830323,3.1));
#12948 = CARTESIAN_POINT('',(26.403083612896,9.310867238134,3.1));
#12949 = CARTESIAN_POINT('',(26.460566857138,9.270525960522,3.1));
#12950 = CARTESIAN_POINT('',(26.536757381556,9.202604077955,3.1));
#12951 = CARTESIAN_POINT('',(26.55973231164,9.179777455986,3.1));
#12952 = CARTESIAN_POINT('',(26.581505226417,9.155677061622,3.1));
#12953 = CARTESIAN_POINT('',(26.602052819856,9.130347828256,3.1));
#12954 = CARTESIAN_POINT('',(26.621364596503,9.103844702496,3.1));
#12955 = CARTESIAN_POINT('',(26.639441287879,9.076231060606,3.1));
#12956 = ORIENTED_EDGE('',*,*,#12699,.T.);
#12957 = ORIENTED_EDGE('',*,*,#12281,.T.);
#12958 = ORIENTED_EDGE('',*,*,#12919,.F.);
#12959 = SURFACE_OF_LINEAR_EXTRUSION('',#12960,#12964);
#12960 = B_SPLINE_CURVE_WITH_KNOTS('',2,(#12961,#12962,#12963),
  .UNSPECIFIED.,.F.,.F.,(3,3),(0.,1.),.PIECEWISE_BEZIER_KNOTS.);
#12961 = CARTESIAN_POINT('',(26.639441287879,9.076231060606,4.01));
#12962 = CARTESIAN_POINT('',(26.403409090909,9.436789772727,4.01));
#12963 = CARTESIAN_POINT('',(25.845880681818,9.436789772727,4.01));
#12964 = VECTOR('',#12965,1.);
#12965 = DIRECTION('',(0.,0.,1.));
#12966 = ADVANCED_FACE('',(#12967),#12974,.T.);
#12967 = FACE_BOUND('',#12968,.T.);
#12968 = EDGE_LOOP('',(#12969,#12970,#12971,#12972,#12973));
#12969 = ORIENTED_EDGE('',*,*,#12317,.F.);
#12970 = ORIENTED_EDGE('',*,*,#12492,.T.);
#12971 = ORIENTED_EDGE('',*,*,#12468,.T.);
#12972 = ORIENTED_EDGE('',*,*,#12444,.T.);
#12973 = ORIENTED_EDGE('',*,*,#12384,.F.);
#12974 = PLANE('',#12975);
#12975 = AXIS2_PLACEMENT_3D('',#12976,#12977,#12978);
#12976 = CARTESIAN_POINT('',(-3.757712744111E-16,56.053374892016,3.1));
#12977 = DIRECTION('',(0.,0.,1.));
#12978 = DIRECTION('',(1.,0.,0.));
#12979 = ADVANCED_FACE('',(#12980),#12987,.T.);
#12980 = FACE_BOUND('',#12981,.T.);
#12981 = EDGE_LOOP('',(#12982,#12983,#12984,#12985,#12986));
#12982 = ORIENTED_EDGE('',*,*,#12509,.F.);
#12983 = ORIENTED_EDGE('',*,*,#12645,.F.);
#12984 = ORIENTED_EDGE('',*,*,#12610,.F.);
#12985 = ORIENTED_EDGE('',*,*,#12575,.F.);
#12986 = ORIENTED_EDGE('',*,*,#12551,.T.);
#12987 = PLANE('',#12988);
#12988 = AXIS2_PLACEMENT_3D('',#12989,#12990,#12991);
#12989 = CARTESIAN_POINT('',(-3.757712744111E-16,56.053374892016,3.1));
#12990 = DIRECTION('',(0.,0.,1.));
#12991 = DIRECTION('',(1.,0.,0.));
#12992 = ADVANCED_FACE('',(#12993),#13003,.T.);
#12993 = FACE_BOUND('',#12994,.T.);
#12994 = EDGE_LOOP('',(#12995,#12996,#12997,#12998,#12999,#13000,#13001,
    #13002));
#12995 = ORIENTED_EDGE('',*,*,#12673,.F.);
#12996 = ORIENTED_EDGE('',*,*,#12937,.F.);
#12997 = ORIENTED_EDGE('',*,*,#12897,.F.);
#12998 = ORIENTED_EDGE('',*,*,#12862,.F.);
#12999 = ORIENTED_EDGE('',*,*,#12827,.F.);
#13000 = ORIENTED_EDGE('',*,*,#12790,.F.);
#13001 = ORIENTED_EDGE('',*,*,#12750,.F.);
#13002 = ORIENTED_EDGE('',*,*,#12715,.F.);
#13003 = PLANE('',#13004);
#13004 = AXIS2_PLACEMENT_3D('',#13005,#13006,#13007);
#13005 = CARTESIAN_POINT('',(-3.757712744111E-16,56.053374892016,3.1));
#13006 = DIRECTION('',(0.,0.,1.));
#13007 = DIRECTION('',(1.,0.,0.));
#13008 = ( GEOMETRIC_REPRESENTATION_CONTEXT(3) 
GLOBAL_UNCERTAINTY_ASSIGNED_CONTEXT((#13012)) 
GLOBAL_UNIT_ASSIGNED_CONTEXT((#13009,#13010,#13011)) 
REPRESENTATION_CONTEXT('Context #1',
  '3D Context with UNIT and UNCERTAINTY') );
#13009 = ( LENGTH_UNIT() NAMED_UNIT(*) SI_UNIT(.MILLI.,.METRE.) );
#13010 = ( NAMED_UNIT(*) PLANE_ANGLE_UNIT() SI_UNIT($,.RADIAN.) );
#13011 = ( NAMED_UNIT(*) SI_UNIT($,.STERADIAN.) SOLID_ANGLE_UNIT() );
#13012 = UNCERTAINTY_MEASURE_WITH_UNIT(LENGTH_MEASURE(1.E-05),#13009,
  'distance_accuracy_value','confusion accuracy');
#13013 = PRODUCT_RELATED_PRODUCT_CATEGORY('part',$,(#7));
#13014 = MECHANICAL_DESIGN_GEOMETRIC_PRESENTATION_REPRESENTATION('',(
    #13015),#13008);
#13015 = STYLED_ITEM('color',(#13016),#15);
#13016 = PRESENTATION_STYLE_ASSIGNMENT((#13017,#13023));
#13017 = SURFACE_STYLE_USAGE(.BOTH.,#13018);
#13018 = SURFACE_SIDE_STYLE('',(#13019));
#13019 = SURFACE_STYLE_FILL_AREA(#13020);
#13020 = FILL_AREA_STYLE('',(#13021));
#13021 = FILL_AREA_STYLE_COLOUR('',#13022);
#13022 = COLOUR_RGB('',0.678431390124,0.709803936702,0.741176476869);
#13023 = CURVE_STYLE('',#13024,POSITIVE_LENGTH_MEASURE(0.1),#13025);
#13024 = DRAUGHTING_PRE_DEFINED_CURVE_FONT('continuous');
#13025 = COLOUR_RGB('',9.803921802644E-02,9.803921802644E-02,
  9.803921802644E-02);
ENDSEC;
END-ISO-10303-21;
